t,x,y,z
0.0,0.0,0.0,0.0
0.1,-0.04773,0.03511,0.18392
0.2,0.06993,0.06399,-0.06653
0.3,0.16838,0.20241,-0.29734
0.4,0.0339,0.21625,-0.20287
0.5,0.27782,0.2507,-0.26191
0.6,0.21334,0.19425,-0.35791
0.7,0.09586,0.05279,-0.32728
0.8,0.12251,-0.23585,-0.11007
0.9,0.09761,-0.28787,-0.01217
1.0,0.17002,-0.3518,-0.15582
1.1,0.19655,-0.34775,0.12112
1.2,0.00513,-0.33922,0.02882
1.3,0.3436,-0.63157,-0.00969
1.4,0.42868,-0.62302,-0.01602
1.5,0.60994,-0.61548,-0.08692
1.6,0.57947,-0.78873,0.00481
1.7,0.38824,-0.61467,0.05942
1.8,0.32983,-0.42317,-0.06363
1.9,0.41942,-0.14724,0.02385
2.0,0.34929,-0.18298,-0.07598
2.1,0.16306,-0.26429,0.09938
2.2,0.18366,-0.22801,0.31032
2.3,0.16717,-0.23922,0.41877
2.4,-0.02047,-0.1248,0.46628
2.5,-0.26596,-0.20229,0.38004
2.6,0.00659,0.05754,0.41587
2.7,-0.0355,-0.06694,0.26341
2.8,0.08988,-0.14358,0.18903
2.9,-0.02388,0.06411,0.38405
3.0,-0.31005,-0.01907,0.40723
3.1,-0.07228,-0.21817,0.45416
3.2,-0.24749,-0.11095,0.41031
3.3,-0.21393,0.1087,0.52801
3.4,-0.15541,-0.01469,0.56789
3.5,-0.36317,-0.07589,0.54421
3.6,-0.5159,-0.10105,0.35559
3.7,-0.84348,-0.30849,0.33201
3.8,-0.87333,-0.40463,0.47666
3.9,-0.87999,-0.4103,0.44175
4.0,-0.86333,-0.33358,0.63426
4.1,-0.61151,-0.31072,0.6545
4.2,-0.74279,-0.4655,0.60966
4.3,-0.59981,-0.35294,0.50418
4.4,-0.38689,0.11045,0.52358
4.5,-0.29898,0.23974,0.50339
4.6,-0.2681,0.23392,0.43028
4.7,-0.26229,0.16379,0.41582
4.8,-0.25057,0.3358,0.44958
4.9,-0.32133,0.24194,0.55287
5.0,-0.05679,0.0784,0.9954
5.1,-0.30947,0.22597,0.97161
5.2,-0.49802,0.13567,0.62228
5.3,-0.64136,0.06627,0.60468
5.4,-0.71064,0.18054,0.51542
5.5,-0.72307,0.16278,0.58991
5.6,-0.43301,0.37079,0.57352
5.7,-0.5376,0.47502,0.57198
5.8,-0.56935,0.47388,0.57769
5.9,-0.63092,0.50828,0.54723
6.0,-0.48076,0.42228,0.2302
6.1,-0.5655,0.30579,0.22728
6.2,-0.46552,0.27314,0.07768
6.3,-0.24212,0.35093,0.12243
6.4,-0.64723,0.68086,-0.1322
6.5,-0.5559,0.84452,0.0522
6.6,-0.40714,0.54767,0.1668
6.7,-0.22207,0.63918,0.26169
6.8,-0.05125,0.84362,0.43832
6.9,-0.14858,1.08,0.29068
7.0,-0.09537,1.13229,0.20046
7.1,-0.16555,1.01268,0.39823
7.2,-0.01123,0.71244,0.29725
7.3,-0.05281,0.79836,0.08818
7.4,0.11343,0.95467,-0.06618
7.5,-0.12127,0.76367,-0.01306
7.6,-0.11836,0.76357,-0.0176
7.7,-0.0182,0.67692,0.13725
7.8,0.07558,0.5316,0.18862
7.9,-0.0299,0.629,0.09521
8.0,-0.30974,0.61929,-0.01358
8.1,-0.37067,0.50251,0.24708
8.2,-0.32335,0.45773,0.08656
8.3,-0.23837,0.71781,0.29257
8.4,-0.38796,0.5024,0.25693
8.5,-0.15875,0.3138,0.18927
8.6,0.19137,0.08438,0.08147
8.7,0.13246,0.14337,0.16165
8.8,-0.20875,0.2467,0.05769
8.9,-0.00817,0.01346,0.17056
9.0,-0.0347,-0.17879,0.18123
9.1,0.02097,-0.42883,0.1295
9.2,0.3043,-0.30177,0.23085
9.3,0.43528,-0.35059,0.59495
9.4,0.50768,-0.41926,0.64812
9.5,0.4124,-0.27263,0.68814
9.6,0.44864,-0.21918,0.53637
9.7,0.45418,-0.13683,0.53983
9.8,0.52529,-0.11418,0.35691
9.9,0.47501,0.21708,0.34431
10.0,0.40544,0.26129,0.41234
10.1,0.73149,0.05168,0.53047
10.2,0.83088,0.01332,0.63668
10.3,0.89084,-0.15532,0.51358
10.4,0.89091,-0.2102,0.42146
10.5,0.81122,-0.15702,0.56186
10.6,0.84163,-0.09365,0.5024
10.7,0.76318,0.00428,0.38059
10.8,0.98932,0.06073,0.3348
10.9,1.01935,0.15305,0.44357
11.0,1.00695,0.06901,0.53171
11.1,1.14674,-0.03296,0.61561
11.2,1.03504,-0.11854,0.55582
11.3,0.83885,-0.24114,0.77772
11.4,0.68588,-0.31012,1.03036
11.5,0.5724,-0.23871,1.01762
11.6,0.49998,-0.23914,0.95639
11.7,0.49771,-0.01406,1.07033
11.8,0.55272,0.2419,0.73467
11.9,0.44117,0.47512,0.72092
12.0,0.48737,0.46127,0.70761
12.1,0.44197,0.31665,0.65235
12.2,0.59054,0.50564,0.6116
12.3,0.4683,0.65288,0.56066
12.4,0.34528,0.78982,0.60307
12.5,0.68026,0.56183,0.45296
12.6,0.69273,0.34936,0.54023
12.7,0.7022,0.11503,0.64255
12.8,0.58205,0.12802,0.5681
12.9,0.42469,-0.01228,0.4893
13.0,0.31396,-0.04536,0.54954
13.1,0.48355,0.07415,0.36886
13.2,0.38953,-0.11184,0.27043
13.3,0.33273,0.17075,0.27704
13.4,0.10929,0.16296,0.13195
13.5,-0.15912,0.02514,0.36877
13.6,-0.19762,0.13716,0.42647
13.7,0.13646,0.24691,0.07619
13.8,0.08651,0.47265,0.20693
13.9,0.20755,0.31047,0.31911
14.0,0.33485,0.26704,0.08866
14.1,0.26031,0.54437,0.22158
14.2,0.24583,0.44562,0.18106
14.3,0.13559,0.27003,0.30449
14.4,-0.00891,0.23833,0.3438
14.5,0.27054,0.19843,0.34773
14.6,0.0815,0.33763,0.13393
14.7,0.23628,0.29859,-0.06331
14.8,0.27698,0.31564,-0.12273
14.9,0.1119,0.26303,0.20251
15.0,0.26909,0.01615,0.14654
15.1,-0.10646,0.369,0.37662
15.2,0.00703,0.34737,0.45343
15.3,0.09407,0.35789,0.67423
15.4,-0.22942,0.53168,0.62523
15.5,-0.08839,0.77139,0.45698
15.6,0.05887,0.78443,0.45574
15.7,0.04249,0.88719,0.45315
15.8,0.16926,0.82574,0.34796
15.9,0.21251,0.95581,0.29354
16.0,0.2495,0.96168,0.20606
16.1,0.28454,1.16267,0.2138
16.2,0.45222,0.78516,0.42749
16.3,0.23196,0.64924,0.66599
16.4,0.31139,0.4192,0.80782
16.5,0.2307,0.45648,0.9141
16.6,0.35475,0.21917,0.8086
16.7,0.26621,0.18029,0.49448
16.8,0.0641,0.36342,0.19146
16.9,0.03167,0.12265,0.24107
17.0,0.07043,0.25227,0.42636
17.1,0.07767,0.41195,0.25988
17.2,0.12442,0.33005,0.26344
17.3,0.1076,0.13338,0.33907
17.4,0.23043,0.10246,0.10647
17.5,0.20613,0.30394,-0.16684
17.6,0.32323,0.25865,-0.54346
17.7,0.35508,0.10875,-0.43728
17.8,0.56418,0.38316,-0.30951
17.9,0.57617,0.2497,-0.5247
18.0,0.56422,0.3338,-0.58114
18.1,0.48683,0.55564,-0.61108
18.2,0.47821,0.43203,-0.73755
18.3,0.1986,0.30197,-0.58792
18.4,0.40976,0.25084,-0.7165
18.5,0.41855,0.23314,-0.98707
18.6,0.80426,0.3121,-0.98387
18.7,0.78444,0.25773,-1.02807
18.8,0.78736,0.03664,-0.88514
18.9,0.64175,0.07492,-0.77953
19.0,0.61785,-0.03196,-0.65249
19.1,0.75716,0.0981,-0.58611
19.2,0.69839,-0.04521,-0.74435
19.3,0.81432,-0.20714,-0.715
19.4,0.58638,-0.18675,-0.74247
19.5,0.64999,-0.40241,-0.63218
19.6,0.74661,-0.65245,-0.58125
19.7,0.82009,-0.68187,-0.58437
19.8,0.7872,-0.79885,-0.56728
19.9,0.38843,-0.70168,-0.65379
20.0,0.64605,-0.71247,-0.76418
20.1,0.58452,-1.1242,-0.66661
20.2,0.50084,-0.8535,-0.46551
20.3,0.35128,-0.54528,-0.32453
20.4,0.4687,-0.43771,-0.55282
20.5,0.62297,-0.20645,-0.55845
20.6,0.32904,-0.23126,-0.07607
20.7,0.17175,-0.2148,-0.20311
20.8,0.0593,-0.17544,-0.12076
20.9,0.2343,-0.19085,-0.12424
21.0,0.05807,-0.03465,0.01065
21.1,-0.02636,-0.18685,0.20419
21.2,-0.15217,-0.10776,0.23555
21.3,-0.38656,0.05783,0.12934
21.4,-0.17656,0.16385,-0.00247
21.5,-0.0583,0.50417,0.05174
21.6,0.10402,0.31404,0.17751
21.7,0.23635,0.34482,0.31713
21.8,0.41113,0.45302,0.37504
21.9,0.62473,0.5456,0.2093
22.0,0.48921,0.29773,-0.03864
22.1,0.36295,0.31039,-0.06666
22.2,0.354,0.48219,-0.15199
22.3,0.165,0.30625,-0.38226
22.4,-0.03536,0.16189,-0.34161
22.5,0.00814,0.20305,-0.19687
22.6,-0.04693,0.51471,-0.11515
22.7,0.06735,0.6228,-0.06569
22.8,0.2336,0.41378,-0.14556
22.9,0.09949,0.70444,-0.08035
23.0,0.05729,0.58446,-0.08755
23.1,0.20865,0.57819,-0.05792
23.2,0.3477,0.42609,-0.23535
23.3,0.03096,0.29763,-0.11697
23.4,0.27682,0.44505,0.07586
23.5,0.36878,0.20132,-0.05254
23.6,0.25355,0.19257,0.02036
23.7,0.14026,0.02211,0.03913
23.8,0.06468,-0.01015,0.05466
23.9,8e-05,-0.22777,0.38454
24.0,-0.31643,-0.11165,0.52086
24.1,-0.31357,0.03501,0.50728
24.2,-0.08389,0.05435,0.47732
24.3,-0.1406,0.21522,0.66927
24.4,-0.25709,0.59449,0.50132
24.5,-0.41207,0.3983,0.39921
24.6,-0.45495,0.35282,0.29027
24.7,-0.48526,0.18283,0.09142
24.8,-0.4521,0.01558,0.3234
24.9,-0.61472,-0.12629,0.13044
25.0,-0.47453,-0.01439,0.14875
25.1,-0.72517,0.12404,0.2244
25.2,-0.69388,0.21498,0.23109
25.3,-0.86873,-0.02135,0.20004
25.4,-1.04599,-0.09242,0.26088
25.5,-1.11247,0.06468,0.49451
25.6,-0.93799,-0.05617,0.42027
25.7,-0.76433,0.05327,0.4438
25.8,-0.67675,0.05672,0.30606
25.9,-0.93899,0.08305,0.29642
26.0,-1.00738,-0.00923,0.60367
26.1,-0.87255,-0.25825,0.49681
26.2,-0.79553,-0.18901,0.55446
26.3,-0.68641,-0.15213,0.32627
26.4,-0.69967,-0.2864,0.31231
26.5,-0.51303,-0.23507,0.62764
26.6,-0.5567,-0.25554,0.69964
26.7,-0.24167,-0.07448,0.71327
26.8,0.20277,0.25118,0.92425
26.9,0.28886,0.12761,0.9995
27.0,0.52651,0.22762,0.79374
27.1,0.6128,0.1562,0.74607
27.2,0.68337,0.2744,0.5778
27.3,0.96414,0.03154,0.55966
27.4,0.99868,0.00563,0.70924
27.5,0.82896,0.00443,0.5702
27.6,0.6349,-0.01565,0.60039
27.7,0.36979,-0.0422,0.67761
27.8,0.59179,-0.09269,0.80073
27.9,0.41875,-0.21927,0.66457
28.0,0.34733,-0.15848,0.57104
28.1,0.39987,-0.10277,0.66165
28.2,0.43224,0.18875,0.65688
28.3,0.27066,0.43024,0.72933
28.4,0.1152,0.38287,0.65622
28.5,0.17982,0.22009,0.63761
28.6,0.26716,-0.04623,0.27039
28.7,0.43969,-0.00476,0.22734
28.8,0.74256,0.06596,0.20851
28.9,0.61559,0.13357,0.10476
29.0,0.56462,0.11079,0.25957
29.1,0.22832,-0.17372,0.34317
29.2,0.39592,-0.04657,0.54866
29.3,0.42343,0.21963,0.64279
29.4,0.15234,0.14849,0.71435
29.5,0.2037,0.03793,0.53666
29.6,0.00561,0.04627,0.46344
29.7,-0.04097,0.11924,0.39404
29.8,0.12072,0.36118,0.18956
29.9,0.26569,0.39429,0.13642
30.0,0.5069,0.41153,0.11117
30.1,0.44178,0.34699,-0.09007
30.2,0.28452,0.53352,0.15465
30.3,0.40952,0.40709,0.33609
30.4,0.42477,0.52745,0.46268
30.5,0.55466,0.37393,0.46184
30.6,0.58929,0.42349,0.22517
30.7,0.28698,0.38721,0.17369
30.8,0.20073,0.37212,0.03985
30.9,0.33649,0.29702,-0.21774
31.0,0.168,0.05914,0.08855
31.1,-0.14,0.36494,-0.07168
31.2,-0.30992,0.17567,-0.05828
31.3,-0.18395,0.27966,-0.23511
31.4,-0.15948,0.41379,-0.33496
31.5,0.0627,0.43325,-0.26985
31.6,0.1481,0.5138,-0.10116
31.7,0.13499,0.70822,-0.09627
31.8,0.14172,0.56368,0.09957
31.9,0.21283,0.5924,0.05052
32.0,0.17029,0.80984,0.1676
32.1,0.36941,0.89289,-0.01883
32.2,0.33057,0.75438,0.00096
32.3,0.11414,1.0826,0.12422
32.4,-0.1748,0.96242,0.24382
32.5,-0.49457,0.9045,0.43075
32.6,-0.61483,0.96165,0.51926
32.7,-0.93667,1.01965,0.70786
32.8,-0.90075,1.0817,0.57763
32.9,-0.5755,0.95453,0.61433
33.0,-0.46865,0.91966,0.87499
33.1,-0.30017,0.58949,0.76054
33.2,-0.34226,0.17623,0.71546
33.3,-0.20043,0.13291,0.86046
33.4,-0.27814,0.03032,0.61459
33.5,-0.19284,-0.10751,0.66924
33.6,-0.10533,-0.29717,0.67939
33.7,0.12972,-0.41366,0.5094
33.8,0.13268,-0.32559,0.68444
33.9,0.08455,-0.49112,0.58598
34.0,-0.04665,-0.47508,0.32571
34.1,-0.03522,-0.50196,0.34874
34.2,-0.10673,-0.48143,0.17191
34.3,-0.26614,-0.34836,0.52472
34.4,-0.13421,-0.38903,0.67611
34.5,-0.13396,-0.31376,0.66372
34.6,-0.01073,-0.0308,0.52056
34.7,-0.0839,0.06933,0.35832
34.8,-0.14133,0.15533,0.25514
34.9,-0.21737,-0.08526,0.19124
35.0,-0.36379,0.01755,-0.0578
35.1,-0.28805,0.1572,-0.0929
35.2,-0.20966,0.25674,-0.26665
35.3,-0.33539,0.09878,-0.03299
35.4,-0.22083,-0.06894,-0.11988
35.5,-0.34089,0.13752,-0.22724
35.6,-0.13005,0.28515,-0.47006
35.7,0.09777,0.32507,-0.45254
35.8,0.3473,0.51277,-0.44236
35.9,0.42005,0.36661,-0.73488
36.0,0.53442,0.38046,-0.66922
36.1,0.65022,0.44501,-0.65405
36.2,0.64968,0.46516,-0.80727
36.3,0.54775,0.39296,-0.67666
36.4,0.5125,0.60026,-0.63911
36.5,0.63597,0.84812,-0.67645
36.6,0.87445,1.06202,-0.61285
36.7,0.90964,0.77232,-0.25721
36.8,0.7688,0.78661,-0.28819
36.9,0.59554,0.7513,-0.31962
37.0,0.76722,0.86825,-0.47214
37.1,0.8618,1.15179,-0.59496
37.2,0.88778,1.23077,-0.57868
37.3,0.91212,1.18699,-0.59475
37.4,0.77106,1.11411,-0.86861
37.5,0.68671,0.99822,-1.02363
37.6,0.70527,0.99694,-0.75656
37.7,0.60824,1.11309,-0.70747
37.8,0.46221,1.17779,-0.77865
37.9,0.44703,1.17449,-0.43939
38.0,0.43135,0.8681,-0.34197
38.1,0.0289,0.81358,-0.45444
38.2,-0.05153,0.70992,-0.3249
38.3,-0.14534,0.36568,-0.22804
38.4,-0.07456,0.0837,-0.13702
38.5,-0.3969,-0.01808,-0.16121
38.6,-0.60004,-0.17442,-0.16984
38.7,-0.82732,-0.1702,0.01464
38.8,-0.6732,0.06051,0.11872
38.9,-0.58769,0.17844,0.00607
39.0,-0.5881,0.0806,-0.08137
39.1,-0.43857,0.17227,0.0377
39.2,-0.53215,-0.02751,0.27387
39.3,-0.8867,0.18658,0.30478
39.4,-1.09758,0.22818,0.1345
39.5,-1.00565,0.23081,0.2955
39.6,-1.10855,0.2857,0.32339
39.7,-0.85588,-0.02649,0.38176
39.8,-0.90181,0.02751,0.66685
39.9,-0.82045,0.14698,0.48248
40.0,-0.61668,-0.00699,0.57002
40.1,-0.47093,0.08276,0.61398
40.2,-0.49728,0.18786,0.53396
40.3,-0.38327,0.45937,0.7099
40.4,-0.29026,0.36043,0.30841
40.5,-0.04978,0.43269,0.36709
40.6,0.02837,0.56399,0.19113
40.7,-0.00234,0.64871,0.20821
40.8,-0.20718,0.64944,0.36522
40.9,-0.08311,0.86037,0.23496
41.0,-0.07736,1.08675,0.39665
41.1,-0.20807,0.85404,0.30767
41.2,-0.19952,0.94881,0.23948
41.3,-0.37886,0.9856,0.47316
41.4,-0.21449,1.10801,0.3942
41.5,-0.25568,0.90289,0.65767
41.6,-0.29243,0.71842,0.63435
41.7,-0.22439,0.60795,0.54434
41.8,-0.18551,0.38854,0.36382
41.9,-0.21254,0.28887,0.36349
42.0,-0.24714,0.02804,0.48444
42.1,-0.44546,0.45612,0.66732
42.2,-0.36505,0.34817,0.63506
42.3,-0.45849,0.58438,0.58667
42.4,-0.64471,0.60788,0.79146
42.5,-0.64123,0.30606,1.18113
42.6,-0.8617,0.30528,1.22913
42.7,-0.629,0.26567,1.18225
42.8,-0.60738,0.12215,0.98356
42.9,-0.92016,0.0746,0.73456
43.0,-0.90493,-0.01193,0.70144
43.1,-0.97603,-0.14542,0.64113
43.2,-0.89853,-0.20312,0.70342
43.3,-0.67471,-0.23041,0.58899
43.4,-0.93177,-0.30654,0.25091
43.5,-0.59138,-0.21715,0.3631
43.6,-0.47251,-0.45358,0.2315
43.7,-0.44389,-0.22454,0.07674
43.8,-0.42413,-0.44804,0.31544
43.9,-0.18107,-0.61349,0.06592
44.0,-0.15934,-0.41349,0.22839
44.1,-0.2536,-0.48002,0.40853
44.2,-0.12051,-0.35227,0.56622
44.3,-0.25272,-0.41723,0.48247
44.4,-0.32031,-0.15802,0.44449
44.5,-0.27544,-0.03243,0.24492
44.6,-0.32279,0.03318,0.04048
44.7,-0.61968,-0.05803,0.08886
44.8,-0.66021,-0.01054,-0.34892
44.9,-0.4525,-0.07011,-0.36686
45.0,-0.21484,-0.18322,-0.56129
45.1,-0.22781,-0.01057,-0.46704
45.2,-0.105,-0.08875,-0.39075
45.3,0.04911,0.0265,-0.28182
45.4,-0.09861,0.08202,-0.29251
45.5,-0.08568,-0.0251,-0.2451
45.6,-0.14593,0.00918,-0.08574
45.7,-0.05679,-0.11748,-0.15626
45.8,-0.00891,-0.07724,-0.05169
45.9,0.04893,-0.09988,-0.06139
46.0,0.05569,-0.22831,0.35868
46.1,0.05678,-0.23792,0.42433
46.2,0.00759,0.01487,0.40353
46.3,0.07728,0.00849,0.50645
46.4,-0.08178,0.05398,0.37376
46.5,-0.30334,-0.19259,0.09023
46.6,-0.14565,-0.19844,-0.12839
46.7,-0.13111,-0.19304,-0.09911
46.8,0.09747,-0.27898,-0.10642
46.9,0.09454,-0.37659,-0.19755
47.0,0.01892,-0.43215,-0.31702
47.1,0.05229,-0.3517,-0.31082
47.2,-0.04799,-0.46825,-0.30321
47.3,-0.01181,-0.15553,-0.2655
47.4,-0.02318,-0.27729,-0.24181
47.5,-0.05172,-0.5418,-0.21245
47.6,-0.08068,-0.73955,0.00865
47.7,-0.09453,-0.61761,0.06414
47.8,-0.03106,-0.43667,0.05074
47.9,0.10169,-0.59801,0.09318
48.0,-0.06246,-0.49272,0.20841
48.1,-0.5343,-0.57843,0.34775
48.2,-0.55094,-0.61188,0.49895
48.3,-0.31884,-0.5121,0.73977
48.4,-0.32388,-0.26321,0.61745
48.5,-0.49644,-0.1612,0.47578
48.6,-0.29459,-0.12151,0.46172
48.7,-0.23045,-0.2524,0.56745
48.8,-0.38993,0.09527,0.49768
48.9,-0.48769,0.16092,0.53264
49.0,-0.60015,0.00656,0.60782
49.1,-0.81415,-0.19284,0.80934
49.2,-0.6752,-0.23424,0.72718
49.3,-0.55748,0.01207,0.56475
49.4,-0.58291,-0.03623,0.52939
49.5,-0.6321,0.03249,0.51128
49.6,-0.33543,-0.20321,0.43253
49.7,-0.17906,-0.28965,0.43094
49.8,-0.15418,-0.27427,0.08566
49.9,-0.24595,-0.44631,0.18664
50.0,-0.16771,-0.08197,-0.03188
50.1,-0.4662,0.14935,0.06892
50.2,-0.73257,0.25825,-0.08229
50.3,-0.76585,0.25598,-0.08059
50.4,-0.70145,0.40607,0.20354
50.5,-0.77255,0.49864,0.26667
50.6,-0.79863,0.40523,0.56921
50.7,-0.50603,0.14799,0.858
50.8,-0.42329,0.01377,0.71203
50.9,-0.40127,0.09935,0.72361
51.0,-0.36992,0.07124,0.82327
51.1,-0.19459,0.03926,0.64509
51.2,-0.16321,-0.27813,0.92735
51.3,-0.22886,-0.49106,0.79975
51.4,-0.11785,-0.64791,0.8502
51.5,-0.21049,-0.60226,0.62185
51.6,-0.25673,-0.69954,0.6454
51.7,-0.28522,-0.74865,0.58685
51.8,-0.04773,-0.60806,0.698
51.9,-0.17043,-0.60137,0.79165
52.0,-0.30824,-0.11028,0.81335
52.1,-0.348,-0.08749,0.55523
52.2,-0.32271,0.06672,0.78121
52.3,-0.28088,-0.05272,0.76664
52.4,-0.50851,0.21512,0.83993
52.5,-0.20294,0.01961,0.85107
52.6,-0.50099,-0.17224,0.91113
52.7,-0.41725,-0.01202,0.60577
52.8,-0.31682,-0.2426,0.95033
52.9,-0.38111,-0.03842,0.75158
53.0,-0.65724,0.03119,0.63614
53.1,-0.62107,0.27235,0.81092
53.2,-0.66409,0.51673,0.80714
53.3,-0.45378,0.17803,0.74274
53.4,-0.3547,0.14881,0.85324
53.5,-0.2199,0.24158,0.76078
53.6,-0.244,0.1998,1.13605
53.7,0.03756,0.32787,1.00291
53.8,-0.10431,0.12965,0.89087
53.9,-0.22119,0.07157,0.7824
54.0,-0.18361,0.38255,0.60221
54.1,-0.21777,0.45808,0.71669
54.2,-0.15089,0.53065,0.69872
54.3,-0.13338,0.63672,0.62384
54.4,-0.18157,0.51826,0.71299
54.5,-0.11867,0.51844,0.93833
54.6,-0.15528,0.67452,0.91365
54.7,-0.2818,0.35962,1.13077
54.8,-0.34726,0.22646,0.97872
54.9,-0.29326,-0.00681,0.96567
55.0,-0.31615,-0.14731,0.77475
55.1,-0.3373,-0.14596,0.68411
55.2,-0.38817,-0.30132,0.95897
55.3,-0.15116,-0.22881,0.88144
55.4,-0.21065,-0.33562,0.87771
55.5,-0.25652,-0.04329,0.74408
55.6,-0.52172,-0.07468,0.70585
55.7,-0.54559,-0.12184,0.78034
55.8,-0.21446,-0.36517,0.79957
55.9,-0.32055,-0.16544,0.99596
56.0,-0.22885,-0.19568,1.03441
56.1,-0.29762,-0.29505,1.0229
56.2,-0.21104,-0.18188,1.03477
56.3,-0.24047,-0.31918,0.93931
56.4,-0.15777,-0.28719,0.97347
56.5,-0.01131,-0.37564,1.02261
56.6,-0.08656,-0.17038,0.76343
56.7,0.04525,-0.24994,0.69009
56.8,-0.15069,-0.08637,0.67385
56.9,-0.05243,-0.16625,0.56278
57.0,0.01664,-0.32998,0.32737
57.1,0.19305,-0.3545,0.32141
57.2,0.12516,-0.50961,0.62385
57.3,-0.04215,-0.6788,0.53365
57.4,-0.06279,-0.78675,0.51597
57.5,0.06354,-1.06339,0.39155
57.6,0.03954,-1.29208,0.2575
57.7,0.12003,-1.24457,0.54241
57.8,-0.07041,-1.39244,0.69284
57.9,-0.06438,-1.56765,0.26007
58.0,-0.33862,-1.40333,0.2065
58.1,-0.52479,-1.08963,0.26727
58.2,-0.65776,-0.97429,0.37889
58.3,-0.43469,-0.85859,0.08794
58.4,-0.34441,-0.62637,0.08547
58.5,0.0158,-0.59221,-0.08057
58.6,0.03867,-0.47944,0.06919
58.7,-0.05017,-0.43996,0.16623
58.8,-0.24301,-0.27553,0.38186
58.9,-0.27511,-0.40747,0.30348
59.0,-0.31575,-0.3702,0.49071
59.1,-0.32498,-0.39108,0.42339
59.2,-0.09963,-0.1177,0.31726
59.3,-0.4508,0.0057,0.31574
59.4,-0.4143,0.07769,0.09589
59.5,-0.49895,-0.12592,-0.0377
59.6,-0.47793,-0.10919,0.2378
59.7,-0.58469,-0.0985,0.27205
59.8,-0.68128,0.11552,0.18421
59.9,-0.78771,0.08353,0.00294
60.0,-0.81418,0.17119,-0.20309
60.1,-0.77784,0.53023,-0.41351
60.2,-0.62107,0.41882,-0.33214
60.3,-0.50217,0.10744,-0.03383
60.4,-0.29416,0.30265,0.04803
60.5,-0.18894,0.35263,-0.02244
60.6,-0.12573,0.71838,-0.08123
60.7,0.03409,0.71253,0.1898
60.8,0.19389,0.43801,0.2332
60.9,0.41547,0.3213,0.11854
61.0,0.23078,0.43039,0.00019
61.1,0.31387,0.34633,0.02187
61.2,0.45011,0.50373,-0.0917
61.3,0.47873,0.54747,-0.07895
61.4,0.28865,0.46374,-0.36097
61.5,0.39714,0.51642,-0.18551
61.6,0.7178,0.52213,-0.36802
61.7,0.7931,0.49711,0.03517
61.8,0.54869,0.47616,-0.07682
61.9,0.78916,0.47462,-0.20186
62.0,0.64714,0.41545,-0.59765
62.1,0.59816,0.31529,-0.43928
62.2,0.42018,0.38778,-0.51308
62.3,0.6407,0.48816,-0.64615
62.4,0.58534,0.42448,-0.74787
62.5,0.5533,0.57835,-0.57075
62.6,0.54587,0.36522,-0.59005
62.7,0.6724,0.2611,-0.40818
62.8,0.67032,0.42428,-0.46616
62.9,0.73275,0.13338,-0.65698
63.0,0.62718,-0.06066,-0.68531
63.1,0.59238,-0.13562,-0.58659
63.2,0.74348,-0.46822,-0.32874
63.3,0.41729,-0.43415,-0.23509
63.4,0.56644,-0.53522,-0.18996
63.5,0.58987,-0.60955,-0.16587
63.6,0.40038,-0.59008,-0.21622
63.7,0.42074,-0.66519,-0.2673
63.8,0.01853,-0.61997,-0.17383
63.9,0.13708,-0.29569,-0.13019
64.0,0.13222,-0.21483,-0.09091
64.1,0.34505,-0.27718,-0.08516
64.2,0.21502,-0.07251,0.05769
64.3,0.32215,0.01947,0.00546
64.4,0.26929,-0.17369,-0.16
64.5,0.09226,-0.13511,-0.09971
64.6,0.09381,0.07066,-0.10283
64.7,-0.04357,0.1217,0.02635
64.8,-0.05399,0.14611,-0.12607
64.9,-0.02313,0.13801,-0.27837
65.0,-0.34914,-0.00827,-0.22536
65.1,-0.40577,0.09056,-0.17895
65.2,-0.34877,0.278,-0.2212
65.3,-0.32689,0.48209,-0.29893
65.4,-0.27782,0.59588,-0.25899
65.5,-0.24598,0.62671,-0.35472
65.6,0.00698,0.7072,-0.2646
65.7,-0.07769,0.8759,-0.26054
65.8,0.05316,0.7635,-0.24993
65.9,0.1681,0.77925,0.14095
66.0,-0.04163,0.70821,0.11479
66.1,-0.09436,0.75436,0.34751
66.2,-0.2448,0.79679,0.25032
66.3,-0.35209,0.82304,0.29822
66.4,-0.08994,0.70436,0.10298
66.5,-0.36653,0.78053,0.12505
66.6,-0.42269,0.667,0.19724
66.7,-0.41962,0.46199,0.21964
66.8,-0.37446,0.46024,0.15521
66.9,-0.38657,0.27211,0.11317
67.0,-0.40987,0.37165,0.05024
67.1,-0.5269,0.36901,-0.20942
67.2,-0.47091,0.2215,-0.21726
67.3,-0.56758,0.17498,-0.3644
67.4,-0.64092,0.49751,-0.301
67.5,-0.58673,0.70446,-0.29759
67.6,-0.40076,0.67436,-0.17903
67.7,-0.55292,0.77058,-0.10152
67.8,-0.62534,0.58817,-0.09825
67.9,-0.58304,0.64937,0.14429
68.0,-0.44861,0.68114,0.14563
68.1,-0.26394,0.6418,0.0934
68.2,-0.34174,0.69047,0.06559
68.3,-0.10602,0.50696,-0.12331
68.4,-0.15995,0.44749,0.09692
68.5,-0.13072,0.6086,0.04717
68.6,0.04829,0.6149,-0.03032
68.7,-0.07184,0.57363,0.06008
68.8,-0.32906,0.65666,-0.05105
68.9,-0.18047,0.67386,-0.34713
69.0,-0.14348,0.79773,-0.35025
69.1,-0.15756,0.64732,-0.0686
69.2,-0.1529,0.34589,-0.20386
69.3,-0.25142,0.23482,-0.27608
69.4,-0.09267,0.2886,-0.24819
69.5,0.04927,0.44062,0.03992
69.6,0.02414,0.75452,0.07091
69.7,0.19104,0.64307,-0.23941
69.8,0.0161,0.69003,-0.28626
69.9,-0.20201,0.47354,-0.33035
70.0,-0.22177,0.46699,-0.3046
70.1,-0.23634,0.34324,-0.36734
70.2,-0.62358,0.33452,-0.41424
70.3,-0.36787,0.36824,-0.47893
70.4,-0.04994,0.47895,-0.23121
70.5,-0.02014,0.56998,-0.30517
70.6,-0.2149,0.32435,-0.50268
70.7,-0.02924,0.32821,-0.26754
70.8,0.01511,0.309,-0.27361
70.9,0.1312,0.13858,-0.22237
71.0,-0.04416,-0.06992,-0.25448
71.1,0.00719,-0.00794,-0.31524
71.2,-0.15894,-0.09285,-0.35195
71.3,-0.09266,-0.19492,-0.4392
71.4,0.0301,-0.16596,-0.56683
71.5,0.06529,-0.28656,-0.27656
71.6,0.36043,-0.38455,-0.07019
71.7,0.50156,-0.44068,-0.03064
71.8,0.38603,-0.43396,-0.16467
71.9,0.6955,-0.45753,-0.04365
72.0,0.51804,-0.15383,0.25387
72.1,0.61848,-0.36555,0.39028
72.2,0.52195,-0.23601,0.83221
72.3,0.5621,-0.30367,0.92852
72.4,0.65338,-0.44546,1.0796
72.5,0.54218,-0.4434,1.21799
72.6,0.44802,-0.15082,1.15872
72.7,0.36107,-0.27142,1.21196
72.8,0.30393,-0.37386,1.17436
72.9,0.25878,-0.41915,1.17825
73.0,0.06634,-0.48132,0.92063
73.1,-0.06442,-0.30047,0.81976
73.2,-0.0025,-0.6715,0.80968
73.3,-0.25676,-0.59183,0.85896
73.4,-0.29921,-0.56867,0.62999
73.5,-0.22861,-0.47763,0.61106
73.6,-0.13848,-0.45426,0.53777
73.7,-0.09331,-0.2039,0.66713
73.8,0.01043,0.01752,0.42754
73.9,-0.04025,0.13702,0.10607
74.0,0.05537,0.25446,-0.04637
74.1,0.02357,0.25908,-0.05758
74.2,0.0009,0.41122,-0.12409
74.3,0.14209,0.39289,-0.47805
74.4,0.03281,0.41031,-0.31183
74.5,0.17763,0.17598,-0.01927
74.6,0.04638,0.06014,-0.06377
74.7,0.1993,0.30397,-0.27378
74.8,0.08065,0.37704,-0.31432
74.9,0.21465,0.63758,-0.47745
75.0,0.22454,0.16786,-0.58009
75.1,-0.1397,0.09638,-0.26707
75.2,0.07841,0.10416,-0.25645
75.3,0.41413,0.02204,-0.51329
75.4,0.37323,0.12749,-0.72286
75.5,0.45079,0.04738,-0.76356
75.6,0.73176,-0.10199,-0.80633
75.7,0.80199,-0.08841,-0.89416
75.8,0.72461,-0.28329,-0.82634
75.9,0.63231,-0.3311,-0.87845
76.0,0.26453,-0.20545,-1.00622
76.1,0.53151,-0.17174,-0.77348
76.2,0.72286,-0.05314,-0.69506
76.3,0.65505,0.10535,-0.48237
76.4,0.61488,0.11542,-0.5857
76.5,0.67541,-0.11367,-0.4262
76.6,0.65255,-0.05498,-0.287
76.7,0.47198,0.14531,-0.14028
76.8,0.42069,0.12689,-0.04665
76.9,0.2932,-0.05313,-0.0549
77.0,0.30887,-0.18129,0.01772
77.1,0.08412,-0.33889,-0.06376
77.2,0.15462,-0.49705,0.14785
77.3,0.31872,-0.57391,0.26174
77.4,0.33689,-0.6333,0.37959
77.5,0.27072,-0.70946,0.32566
77.6,0.26768,-0.58825,0.07016
77.7,0.14326,-0.46816,0.15112
77.8,0.15141,-0.76042,0.26052
77.9,0.27804,-0.6678,0.30588
78.0,0.14326,-0.5096,0.08232
78.1,-0.17715,-0.40961,0.19232
78.2,-0.34878,-0.44713,0.49228
78.3,-0.39485,-0.46581,0.43472
78.4,-0.51215,-0.48284,0.49544
78.5,-0.7458,-0.61343,0.4903
78.6,-0.70695,-0.55853,0.39468
78.7,-0.61209,-0.48259,0.43049
78.8,-0.50741,-0.34731,0.43281
78.9,-0.57667,-0.09145,0.41611
79.0,-0.67495,-0.16393,0.32262
79.1,-0.69223,-0.11892,0.47627
79.2,-0.47592,-0.06378,0.60178
79.3,-0.5416,0.26281,0.59827
79.4,-0.95769,0.12726,0.69692
79.5,-1.16731,0.21931,0.70126
79.6,-1.30941,-0.00491,0.42196
79.7,-1.23152,0.08325,0.54992
79.8,-1.00164,0.13493,0.49225
79.9,-0.92792,0.17055,0.50391
80.0,-0.85279,0.10582,0.60038
80.1,-0.52628,0.02923,0.639
80.2,-0.44555,-0.06371,0.61558
80.3,-0.58691,-0.15759,0.38043
80.4,-0.53687,-0.11975,0.68058
80.5,-0.5754,-0.29751,0.61701
80.6,-0.82657,-0.1381,0.45023
80.7,-0.77822,-0.17783,0.12374
80.8,-0.86548,0.18994,0.14483
80.9,-0.79953,0.2631,-0.14253
81.0,-0.7378,0.56996,-0.05985
81.1,-0.72828,0.23532,-0.12511
81.2,-0.94327,0.12638,-0.21921
81.3,-0.95003,0.24835,-0.22904
81.4,-0.94048,0.279,-0.1458
81.5,-0.88124,0.39971,-0.25165
81.6,-1.07938,0.48126,-0.25034
81.7,-1.21508,0.51715,-0.12844
81.8,-1.36915,0.34083,-0.20818
81.9,-1.55003,0.33796,-0.17133
82.0,-1.64973,0.39109,0.07042
82.1,-1.56087,0.30091,0.01147
82.2,-1.61625,0.43014,-0.11821
82.3,-1.41764,0.20049,-0.03285
82.4,-1.35944,0.15137,0.09007
82.5,-1.31505,0.07407,0.02466
82.6,-1.14829,0.10129,0.05589
82.7,-1.1818,0.05542,0.14188
82.8,-0.96094,0.02406,0.02453
82.9,-0.78569,-0.15637,0.18678
83.0,-0.86878,-0.14223,0.20427
83.1,-0.85367,-0.0041,0.4253
83.2,-0.99449,-0.23458,0.60319
83.3,-0.92786,-0.09887,0.80051
83.4,-0.96295,0.09569,0.70996
83.5,-1.06518,0.03211,0.64649
83.6,-1.25324,0.14884,0.5114
83.7,-1.12092,0.1945,0.22986
83.8,-1.2853,0.28842,0.05454
83.9,-1.5511,0.41227,0.19529
84.0,-1.27357,0.46711,0.35299
84.1,-1.3459,0.22532,0.15431
84.2,-1.44335,0.45329,0.15523
84.3,-1.53068,0.57945,-0.11431
84.4,-1.34618,0.66137,-0.22457
84.5,-1.17417,0.44935,-0.2385
84.6,-1.15762,0.417,-0.04726
84.7,-0.94673,0.4932,-0.05342
84.8,-0.98862,0.52888,-0.13813
84.9,-1.21813,0.60276,-0.23826
85.0,-1.13933,0.36015,-0.09662
85.1,-1.08631,0.3763,-0.16816
85.2,-1.2171,0.1766,-0.28816
85.3,-1.06506,0.23264,-0.30988
85.4,-1.11726,0.38853,-0.09813
85.5,-1.19197,0.41679,0.21756
85.6,-1.2335,0.49417,0.45079
85.7,-1.15546,0.41121,0.54621
85.8,-0.69183,0.5114,0.70032
85.9,-0.82681,0.51182,0.42379
86.0,-0.8871,0.38361,0.49202
86.1,-1.07396,0.21201,0.16047
86.2,-1.28759,0.19422,0.09991
86.3,-1.25283,0.08253,0.04276
86.4,-1.03778,0.04943,0.07205
86.5,-1.24412,-0.07163,-0.02097
86.6,-1.05302,-0.2075,0.03405
86.7,-0.72617,-0.37159,-0.25954
86.8,-0.43702,-0.03608,-0.28257
86.9,-0.44185,0.13665,-0.29939
87.0,-0.6962,0.14106,-0.05816
87.1,-0.79121,0.09256,-0.09936
87.2,-0.86514,0.27684,-0.1377
87.3,-0.80558,0.15578,-0.25686
87.4,-0.82155,0.06652,-0.36665
87.5,-0.77697,-0.09026,-0.33764
87.6,-0.75377,-0.37651,-0.25994
87.7,-0.44696,-0.31152,-0.13526
87.8,-0.31651,-0.49954,-0.33651
87.9,-0.37563,-0.46574,-0.2088
88.0,-0.35048,-0.49879,-0.34687
88.1,-0.09445,-0.76459,-0.37607
88.2,-0.09003,-0.67109,-0.20225
88.3,-0.10456,-0.72578,-0.15705
88.4,-0.02406,-0.73484,-0.02365
88.5,-0.11335,-0.4768,-0.19195
88.6,0.00321,-0.33048,-0.18268
88.7,0.00416,-0.24159,-0.09817
88.8,-0.0041,-0.51599,-0.29344
88.9,0.02234,-0.17619,-0.24244
89.0,0.00676,-0.21916,-0.28723
89.1,0.10036,-0.3326,-0.32057
89.2,0.0072,-0.30335,-0.2214
89.3,-0.2614,-0.27234,-0.41258
89.4,-0.45295,-0.25691,-0.38977
89.5,-0.45382,0.00614,-0.24177
89.6,-0.20089,-0.24473,-0.0186
89.7,-0.04841,-0.26874,-0.02893
89.8,0.09008,-0.4192,0.15307
89.9,0.12704,-0.46558,0.15265
90.0,0.10197,-0.24498,0.12208
90.1,0.33052,0.05662,0.14868
90.2,0.25489,0.09322,0.31098
90.3,0.47353,0.22587,0.06623
90.4,0.29697,0.09557,-0.03214
90.5,0.01217,0.42665,-0.09034
90.6,-0.20858,0.58138,-0.13125
90.7,-0.20685,0.60235,0.00993
90.8,-0.34265,0.49813,-0.04874
90.9,-0.46569,0.71626,-0.03766
91.0,-0.56105,0.5311,-0.09627
91.1,-0.78107,0.42641,0.06895
91.2,-0.91425,0.4765,0.02225
91.3,-0.77676,0.3476,0.0359
91.4,-0.62265,0.37247,-0.04022
91.5,-0.58794,0.43565,0.07754
91.6,-0.52241,0.62751,0.09718
91.7,-0.48793,0.57453,0.01945
91.8,-0.63106,0.70797,0.24101
91.9,-0.63053,0.55184,0.14017
92.0,-0.80929,0.33228,-0.19306
92.1,-1.09658,0.62716,-0.06136
92.2,-0.926,0.71322,0.01047
92.3,-0.93344,0.87255,0.03997
92.4,-0.93271,0.87261,0.26425
92.5,-0.98773,0.75472,0.19736
92.6,-0.89959,0.60367,0.07293
92.7,-0.95898,0.41699,0.14874
92.8,-0.6368,0.49549,0.40557
92.9,-0.54246,0.23712,0.23716
93.0,-0.39079,0.01614,0.28586
93.1,-0.10744,0.02425,0.5456
93.2,-0.09247,0.05947,0.51516
93.3,-0.23516,0.05165,0.53667
93.4,-0.34335,0.09905,0.56898
93.5,-0.29472,0.05746,0.63118
93.6,-0.32021,-0.11095,0.49779
93.7,-0.35613,-0.16379,0.51002
93.8,0.08061,-0.08205,0.69659
93.9,0.12292,-0.05197,0.65163
94.0,0.22095,-0.02671,0.73533
94.1,0.1765,-0.09037,0.67177
94.2,0.22899,-0.09547,0.86282
94.3,0.44316,-0.37098,0.815
94.4,0.22971,-0.37022,0.63147
94.5,0.0575,-0.33561,0.76976
94.6,0.45502,-0.25696,0.66422
94.7,0.313,-0.29266,0.64039
94.8,0.06652,-0.04853,0.58102
94.9,0.07495,0.11238,0.4301
95.0,0.2464,-0.2188,0.20093
95.1,0.19478,-0.31428,0.37705
95.2,0.31977,-0.27209,0.31959
95.3,0.32324,-0.30354,0.26693
95.4,0.06078,-0.34656,0.22066
95.5,-0.18559,-0.32079,0.25296
95.6,-0.34462,-0.05753,0.18756
95.7,-0.37119,0.00253,0.50329
95.8,-0.36826,-0.04146,0.62234
95.9,-0.45794,-0.03646,0.75219
96.0,-0.28104,-0.00748,1.13809
96.1,-0.37088,-0.03188,1.3224
96.2,-0.50566,-0.05109,1.39004
96.3,-0.27122,-0.10933,1.22403
96.4,-0.32399,-0.12837,1.22799
96.5,-0.47909,-0.15731,1.062
96.6,-0.53487,-0.31399,0.86597
96.7,-0.79268,-0.2166,0.62309
96.8,-0.85665,0.17975,0.41541
96.9,-0.68186,0.17364,0.58397
97.0,-0.74306,0.4352,0.34139
97.1,-0.90543,0.48448,0.44605
97.2,-1.03393,0.44107,0.47298
97.3,-0.68322,0.32133,0.1521
97.4,-0.58927,0.54669,0.24238
97.5,-0.41289,0.5531,0.38875
97.6,-0.50889,0.35789,0.55865
97.7,-0.503,0.4154,0.54541
97.8,-0.45991,0.54524,0.28485
97.9,-0.506,0.38513,0.27246
98.0,-0.28923,0.39226,0.24849
98.1,-0.42815,0.36479,0.35936
98.2,-0.49,0.36624,0.51694
98.3,-0.40733,0.38443,0.4394
98.4,-0.53216,0.41599,0.42495
98.5,-0.73789,0.20695,0.39612
98.6,-0.70912,0.28201,0.35767
98.7,-0.7008,0.45535,0.24945
98.8,-0.47215,0.50507,0.41081
98.9,-0.33401,0.47279,0.35978
99.0,-0.46458,0.32014,0.08684
99.1,-0.29796,0.30882,0.10367
99.2,-0.309,0.49074,-0.21094
99.3,-0.2991,0.48659,-0.20512
99.4,-0.27284,0.57627,-0.31916
99.5,-0.12842,0.69775,-0.56577
99.6,-0.11938,0.62376,-0.82143
99.7,-0.09082,0.70906,-0.66775
99.8,-0.18744,0.57937,-0.73221
99.9,-0.24423,0.45048,-0.72459
100.0,-0.28464,0.38387,-0.83197
100.1,0.15518,0.52586,-0.70601
100.2,0.2585,0.53902,-0.69785
100.3,0.06552,0.76272,-0.57746
100.4,0.0859,0.4536,-0.47777
100.5,0.29709,0.40914,-0.27586
100.6,0.24861,0.48228,-0.10912
100.7,0.05748,0.48187,-0.17793
100.8,0.19522,0.28981,-0.1905
100.9,0.36049,0.19283,-0.19575
101.0,0.43813,0.48688,0.01982
101.1,0.31338,0.4685,-0.36585
101.2,0.06039,0.40672,-0.22004
101.3,0.18014,-0.11997,-0.03825
101.4,0.54342,0.09622,-0.22854
101.5,0.24489,0.0782,-0.01903
101.6,0.16344,0.05619,-0.30431
101.7,-0.05143,-0.19824,-0.51653
101.8,0.0448,-0.10287,-0.28537
101.9,0.03044,-0.08427,-0.18502
102.0,-0.12646,-0.06573,-0.19012
102.1,-0.04745,-0.05147,-0.14759
102.2,-0.05718,-0.05555,-0.1433
102.3,-0.2213,-0.0045,-0.02668
102.4,-0.05188,0.00418,-0.12764
102.5,-0.04683,-0.15407,0.0326
102.6,0.03545,0.01908,-0.01807
102.7,-0.08323,0.01646,0.3681
102.8,0.0569,0.3356,0.20305
102.9,0.01317,0.39198,0.4049
103.0,-0.07329,0.51319,0.24522
103.1,0.01085,0.38634,0.04949
103.2,0.36062,0.42822,0.17412
103.3,0.27259,0.5268,0.1154
103.4,0.03065,0.54564,0.12411
103.5,0.09358,0.68608,0.05625
103.6,0.1424,0.75003,-0.15527
103.7,0.24735,0.78963,-0.16615
103.8,0.56644,0.89581,-0.30953
103.9,0.56181,0.81411,-0.12399
104.0,0.55756,0.92045,0.07692
104.1,0.44138,0.94452,-0.10466
104.2,0.82267,0.61535,-0.15496
104.3,0.92686,0.28216,-0.3585
104.4,0.88563,0.12893,-0.44362
104.5,1.02759,0.14261,-0.27671
104.6,0.99823,0.20457,-0.31295
104.7,0.9508,-0.13225,-0.52574
104.8,0.64271,-0.2106,-0.67689
104.9,0.62626,-0.29319,-0.88705
105.0,0.51375,-0.50069,-0.7001
105.1,0.51084,-0.1697,-0.25231
105.2,0.52533,-0.22755,-0.18372
105.3,0.53631,-0.30617,-0.02975
105.4,0.49047,-0.29581,0.08011
105.5,0.22076,-0.25873,0.06225
105.6,0.05059,-0.1088,-0.03539
105.7,0.0934,-0.18448,-0.24762
105.8,0.17255,-0.16024,-0.2743
105.9,0.08312,-0.21063,-0.28773
106.0,-0.22607,-0.33938,-0.29019
106.1,-0.03438,-0.37355,-0.16293
106.2,0.16731,-0.36125,0.21398
106.3,0.09266,-0.4313,0.19536
106.4,0.07131,0.1131,0.12214
106.5,0.09058,-0.03708,-0.04773
106.6,0.0002,0.13437,-0.04255
106.7,0.12776,-0.16265,-0.11345
106.8,0.25631,-0.17988,0.24784
106.9,0.23193,-0.16859,0.17712
107.0,0.06856,-0.05833,0.01134
107.1,0.12811,0.11328,0.24004
107.2,-0.00628,-0.29579,0.25183
107.3,-0.00632,-0.35162,0.03885
107.4,-0.34364,-0.22045,0.12041
107.5,-0.28341,-0.1222,0.41159
107.6,-0.29135,-0.11688,0.1768
107.7,-0.15199,-0.39766,0.49045
107.8,0.02218,-0.25632,0.52244
107.9,0.05162,-0.30294,0.38027
108.0,0.18518,-0.6127,0.51549
108.1,0.32909,-0.43213,0.46065
108.2,0.20795,-0.31097,0.23904
108.3,0.14039,-0.32081,0.15578
108.4,-0.09727,0.01769,0.11455
108.5,-0.19567,0.03177,0.11243
108.6,-0.13353,-0.07891,0.21768
108.7,-0.30923,0.02954,0.44519
108.8,-0.28939,0.19732,0.80118
108.9,-0.12135,0.2996,0.68186
109.0,-0.33699,0.27087,0.3768
109.1,-0.28032,0.15798,0.33319
109.2,-0.25358,-0.14253,0.15303
109.3,-0.3272,0.01001,0.23074
109.4,-0.11958,0.01654,0.51823
109.5,-0.1274,0.16782,0.68018
109.6,-0.02261,0.08769,0.82137
109.7,-0.03342,0.30819,0.81409
109.8,0.01098,0.46343,1.05908
109.9,0.16614,0.35267,0.93036
110.0,0.07134,0.53726,1.00551
110.1,0.2192,0.54774,0.98738
110.2,0.28674,0.40399,0.80076
110.3,0.46495,0.30835,0.79272
110.4,0.41159,0.15637,0.83182
110.5,0.51557,0.09878,0.74716
110.6,0.52826,0.29596,0.31027
110.7,0.60177,0.47271,0.14689
110.8,0.69184,0.41521,-0.09175
110.9,0.7445,0.4041,0.25477
111.0,0.92872,0.13338,0.28702
111.1,1.09768,0.10812,0.24368
111.2,0.72618,0.22292,0.286
111.3,0.56299,0.22148,0.28913
111.4,0.33381,0.27097,0.2406
111.5,0.3182,0.24413,0.45611
111.6,0.20227,0.23518,0.4232
111.7,0.21927,0.12102,0.5395
111.8,0.29284,0.00214,0.42223
111.9,0.08385,-0.11705,0.55325
112.0,0.21943,-0.00552,0.51451
112.1,0.33572,-0.07599,0.3288
112.2,0.59069,-0.24506,0.38319
112.3,0.51449,0.02342,0.07543
112.4,0.46188,0.09551,0.1922
112.5,0.26499,0.05014,0.16829
112.6,0.0682,-0.11383,0.17926
112.7,0.26217,0.02433,0.14724
112.8,-0.26988,0.06644,0.09006
112.9,-0.22529,0.05537,0.14319
113.0,-0.23636,-0.09458,0.33154
113.1,-0.32318,0.10733,0.29233
113.2,-0.17228,0.06197,0.0873
113.3,0.018,-0.07943,0.29953
113.4,0.04551,-0.22797,1e-05
113.5,0.0358,-0.43722,-0.07672
113.6,0.07566,-0.37075,-0.40164
113.7,0.34669,-0.46008,-0.57068
113.8,0.54736,-0.55108,-0.65959
113.9,0.64443,-0.20923,-0.54815
114.0,0.69742,-0.28117,-0.62567
114.1,0.63704,-0.28367,-0.50348
114.2,0.43276,-0.28937,-0.4897
114.3,0.20799,-0.19837,-0.73381
114.4,0.32872,-0.22601,-0.66052
114.5,0.43093,-0.15894,-0.56287
114.6,0.44531,-0.17265,-0.66759
114.7,0.5768,-0.31648,-0.69095
114.8,0.58817,-0.19807,-0.65258
114.9,0.77065,-0.01817,-0.58361
115.0,0.56325,0.21563,-0.74375
115.1,0.51375,0.39483,-0.74671
115.2,0.58171,0.19384,-0.53192
115.3,0.42518,0.17754,-0.50965
115.4,0.45321,0.47429,-0.54416
115.5,0.50247,0.15985,-0.25265
115.6,0.53225,0.55341,-0.32569
115.7,0.66635,0.42722,-0.54642
115.8,0.63843,0.46175,-0.08903
115.9,0.56144,0.54544,-0.10481
116.0,0.63519,0.4364,-0.34881
116.1,0.82487,0.32773,-0.40683
116.2,0.86442,0.47773,-0.46087
116.3,0.94644,0.83659,-0.51758
116.4,0.91082,0.87764,-0.67465
116.5,0.79504,0.72573,-0.8719
116.6,0.76069,0.53938,-0.6431
116.7,0.56176,0.38316,-0.68252
116.8,0.6294,0.20164,-0.85982
116.9,0.59465,0.15609,-1.069
117.0,0.51965,0.22349,-0.77926
117.1,0.62157,0.29523,-0.80716
117.2,0.70771,0.4903,-0.8866
117.3,0.62133,0.44892,-0.96477
117.4,0.7541,0.4353,-0.77332
117.5,0.7106,0.25539,-0.80515
117.6,0.56313,0.27453,-0.52064
117.7,0.48525,0.23163,-0.53878
117.8,0.52123,0.24328,-0.55434
117.9,0.61503,0.13131,-0.32142
118.0,0.73779,0.28701,-0.34454
118.1,0.6956,0.39204,-0.29236
118.2,0.70158,0.40181,-0.25539
118.3,0.25165,0.56016,-0.23515
118.4,0.27107,0.53768,0.01833
118.5,0.43758,0.43139,0.00475
118.6,0.34002,0.10355,-0.16179
118.7,0.47404,0.29769,-0.11348
118.8,0.53961,0.09482,-0.15156
118.9,0.39117,0.10652,-0.26688
119.0,0.18214,0.34157,-0.43139
119.1,0.02308,0.21068,-0.26894
119.2,0.19326,0.36348,-0.37305
119.3,0.22687,0.40584,-0.41025
119.4,0.04619,0.58174,-0.51234
119.5,0.04642,0.61013,-0.47778
119.6,0.1558,0.5649,-0.66525
119.7,0.12365,0.40566,-0.85554
119.8,0.06211,0.36374,-0.74
119.9,0.41131,0.49438,-0.50471
120.0,0.66193,0.64617,-0.43536
120.1,0.71048,0.49239,-0.14136
120.2,0.68459,0.56313,0.15471
120.3,0.61831,0.68098,0.05528
120.4,0.63293,0.3173,0.07951
120.5,0.59633,0.4245,0.05948
120.6,0.53147,0.27908,0.14088
120.7,0.61333,0.0318,0.40392
120.8,0.44243,0.41013,0.55138
120.9,0.13239,0.29437,0.55987
121.0,0.22006,0.34262,0.50925
121.1,0.03636,0.37694,0.69165
121.2,0.33849,0.76887,0.80363
121.3,-0.07302,0.48127,0.81917
121.4,0.00652,0.35361,0.71443
121.5,-0.18224,0.19978,0.80361
121.6,-0.22734,0.2801,0.75835
121.7,-0.49927,0.25636,0.47707
121.8,-0.56077,0.38705,0.4648
121.9,-0.52317,0.36786,0.52724
122.0,-0.67434,0.25265,0.57225
122.1,-0.87011,0.43997,0.45314
122.2,-0.89295,0.45686,0.70428
122.3,-0.8027,0.56402,0.46428
122.4,-0.79757,0.60102,0.61127
122.5,-0.58089,0.42066,0.61426
122.6,-0.68607,0.50314,0.62062
122.7,-0.54273,0.16371,0.73584
122.8,-0.47396,0.03979,0.822
122.9,-0.60388,0.15141,0.86482
123.0,-0.73902,0.14501,0.83207
123.1,-0.80844,0.24658,0.89829
123.2,-0.83053,0.28743,1.24916
123.3,-0.69378,0.417,1.25326
123.4,-0.70198,0.58383,1.3564
123.5,-0.6634,0.01189,1.13657
123.6,-0.69357,-0.18831,1.14822
123.7,-0.66268,-0.01228,1.01474
123.8,-0.70451,-0.09085,0.98872
123.9,-0.45307,0.0887,1.09962
124.0,-0.5578,0.05398,1.19005
124.1,-0.41323,0.01063,1.31857
124.2,-0.4556,-0.05925,1.16415
124.3,-0.68139,0.10848,1.02966
124.4,-0.82069,0.16308,0.92748
124.5,-0.7705,0.05305,0.90572
124.6,-0.90318,-0.26978,0.74466
124.7,-0.84875,-0.41337,0.70275
124.8,-0.75892,-0.41933,0.63825
124.9,-0.57085,-0.01274,0.67245
125.0,-0.4039,0.02319,0.68919
125.1,0.07728,0.1238,0.52612
125.2,0.39963,0.18195,0.57309
125.3,0.30124,0.40471,0.45212
125.4,0.04128,0.4201,0.20649
125.5,0.11716,0.21155,0.00862
125.6,0.37191,0.03235,0.06386
125.7,0.25529,-0.00184,0.02202
125.8,0.43151,-0.00173,0.03713
125.9,0.52765,-0.10739,-0.04944
126.0,0.46353,-0.00845,0.25764
126.1,0.56352,-0.03624,0.43268
126.2,0.40713,-0.05363,0.69704
126.3,0.34911,-0.04113,0.46383
126.4,0.31067,0.19275,0.55823
126.5,0.24335,0.16637,0.7502
126.6,0.22074,0.20982,0.65129
126.7,0.09992,0.31563,0.76344
126.8,0.16242,0.4006,0.83026
126.9,0.22647,0.50136,0.7934
127.0,0.33097,0.41043,0.72915
127.1,0.42007,0.1453,0.68746
127.2,0.2377,0.05705,0.70758
127.3,0.26212,-0.10816,0.88629
127.4,0.43792,-0.11682,0.65835
127.5,0.73429,-0.19112,0.60444
127.6,0.64688,-0.15377,0.68201
127.7,0.42199,-0.2067,0.76634
127.8,0.55473,-0.32997,0.8314
127.9,0.49232,-0.12566,0.76804
128.0,0.69739,-0.08295,0.62193
128.1,0.63029,0.15369,0.62132
128.2,0.71972,0.06286,0.46143
128.3,0.8476,0.18694,0.43994
128.4,0.78076,0.40805,0.42866
128.5,0.2566,0.41397,0.46401
128.6,0.03483,0.79842,0.50705
128.7,0.17972,0.69615,0.44055
128.8,0.16688,0.90263,0.39961
128.9,-0.08688,0.99504,0.17136
129.0,-0.24255,1.33853,0.01078
129.1,0.07466,0.98425,0.01737
129.2,0.10718,1.12385,0.1495
129.3,0.02309,1.12031,0.25663
129.4,-0.02999,1.18793,0.216
129.5,-0.01916,1.28742,0.08861
129.6,-0.05696,1.42187,0.06347
129.7,-0.13033,1.7272,0.26637
129.8,0.03583,1.49383,0.32232
129.9,-0.05163,1.52237,0.39397
130.0,-0.17593,1.6838,0.65843
130.1,-0.29426,1.69102,0.8582
130.2,-0.29875,1.4664,0.60472
130.3,-0.26708,1.45562,0.75167
130.4,-0.26151,1.54296,0.69829
130.5,-0.27565,1.40563,0.58326
130.6,-0.20861,1.49545,0.34593
130.7,-0.04927,1.47657,0.45077
130.8,0.18607,1.29058,0.45174
130.9,-0.0699,1.38164,0.29592
131.0,-0.16089,1.23867,0.25936
131.1,-0.33137,1.03546,0.54023
131.2,-0.44479,0.90623,0.18582
131.3,-0.12957,1.04643,0.40739
131.4,-0.20539,0.78637,0.35463
131.5,-0.08902,0.79073,0.32695
131.6,-0.05432,0.8717,0.08355
131.7,0.31324,1.11098,-0.06621
131.8,0.12451,0.99302,0.19301
131.9,0.1557,0.82729,0.17996
132.0,0.16746,0.94128,0.03745
132.1,0.1319,0.77864,0.12346
132.2,0.2473,0.76159,0.04601
132.3,0.30262,0.65262,0.10598
132.4,0.38256,0.4064,-0.10842
132.5,0.21647,0.35458,-0.0296
132.6,-0.1837,0.21113,-0.23319
132.7,-0.38857,-0.01726,-0.21562
132.8,-0.26713,-0.01352,-0.17946
132.9,-0.21154,0.07909,-0.20413
133.0,-0.2729,-0.07913,-0.28289
133.1,-0.32873,0.05674,-0.17452
133.2,-0.37999,-0.07855,-0.25002
133.3,-0.28839,-0.37167,-0.46401
133.4,-0.1574,-0.3709,-0.37726
133.5,-0.25758,-0.23239,-0.41264
133.6,-0.42463,0.06512,0.03548
133.7,-0.41689,-0.01935,0.14726
133.8,-0.35156,0.08203,0.37792
133.9,-0.02214,-0.03449,0.54759
134.0,-0.09702,-0.07364,0.74644
134.1,-0.1886,-0.06833,0.65608
134.2,-0.40728,-0.12435,0.49838
134.3,-0.404,-0.19452,0.52766
134.4,-0.5409,-0.41565,0.24571
134.5,-0.48336,-0.1305,0.55583
134.6,-0.61607,-0.02511,0.59792
134.7,-0.52927,-0.03072,0.88335
134.8,-0.45591,-0.03973,0.76366
134.9,-0.41239,-0.02908,0.86858
135.0,-0.54716,-0.21791,0.9699
135.1,-0.82147,-0.45201,0.96364
135.2,-0.61405,-0.16526,0.73107
135.3,-0.57011,-0.16871,0.82156
135.4,-0.42321,0.08658,0.68349
135.5,-0.40651,0.22561,0.71552
135.6,-0.52656,0.43364,0.80334
135.7,-0.47738,0.42902,0.92478
135.8,-0.56779,0.43849,0.8097
135.9,-0.61641,0.3903,0.60046
136.0,-0.71318,0.20303,0.92339
136.1,-0.72926,-0.06691,0.74198
136.2,-0.51132,-0.21129,0.35705
136.3,-0.51091,-0.44139,0.56608
136.4,-0.54292,-0.13632,0.75149
136.5,-0.70557,0.02442,0.79241
136.6,-0.8333,0.09258,0.98075
136.7,-0.70046,-0.15477,0.85376
136.8,-0.67943,-0.47922,0.76603
136.9,-0.55012,-0.55048,0.64152
137.0,-0.1781,-0.61694,0.69294
137.1,-0.3485,-0.77486,0.70564
137.2,-0.30473,-0.76739,0.81836
137.3,-0.43092,-0.87471,0.69051
137.4,-0.54282,-0.7853,0.56016
137.5,-0.708,-0.67245,0.45488
137.6,-0.67752,-0.47941,0.4173
137.7,-0.91698,-0.32355,0.27802
137.8,-0.73083,-0.38762,0.33568
137.9,-0.66913,-0.73402,0.33654
138.0,-0.65684,-0.49607,0.58453
138.1,-0.60682,-0.53659,0.62661
138.2,-0.56557,-0.4126,0.64478
138.3,-0.59942,-0.06464,0.60798
138.4,-0.81346,0.11965,0.5788
138.5,-0.82331,0.05285,0.41421
138.6,-0.6232,0.06155,0.45644
138.7,-0.8496,0.05575,0.39071
138.8,-0.67863,-0.13109,0.12311
138.9,-0.44561,0.07802,0.34479
139.0,-0.60235,0.11844,0.36796
139.1,-0.63257,-0.16407,0.5125
139.2,-0.65419,-0.24219,0.18434
139.3,-0.54622,-0.1618,0.32429
139.4,-0.93214,-0.20327,0.4712
139.5,-0.98534,0.05747,0.46607
139.6,-0.79294,-0.06142,0.41043
139.7,-0.86046,-0.36564,0.64396
139.8,-0.96993,-0.17873,0.60743
139.9,-1.03219,-0.22454,0.37869
140.0,-1.16292,-0.15139,0.13567
140.1,-1.22236,-0.31803,0.08309
140.2,-1.04584,-0.30225,0.13016
140.3,-0.85345,-0.43118,0.04498
140.4,-0.99248,-0.49696,-0.20102
140.5,-0.92066,-0.56926,-0.46639
140.6,-0.9521,-0.50908,-0.5929
140.7,-1.10821,-0.29994,-0.67663
140.8,-1.44604,-0.01005,-0.42489
140.9,-1.45404,-0.00827,-0.24755
141.0,-1.40757,-0.03926,-0.07687
141.1,-1.34451,-0.26262,0.19439
141.2,-0.96747,-0.18774,-0.10159
141.3,-0.80423,-0.48121,-0.3156
141.4,-0.87598,-0.22504,-0.43666
141.5,-0.663,-0.2778,-0.41968
141.6,-0.50717,-0.33666,-0.33449
141.7,-0.21713,-0.57946,-0.52612
141.8,0.07653,-0.82587,-0.68539
141.9,0.07913,-0.82534,-1.02067
142.0,0.23672,-0.96023,-1.17823
142.1,0.01197,-0.84276,-1.11188
142.2,0.09118,-0.71882,-1.02603
142.3,-0.09545,-0.54913,-0.96309
142.4,-0.1793,-0.44346,-0.99655
142.5,-0.10712,-0.24286,-0.9351
142.6,-0.19422,-0.27768,-0.9379
142.7,-0.25204,-0.34801,-0.91647
142.8,-0.25623,0.09433,-0.97065
142.9,-0.49092,0.22329,-0.91986
143.0,-0.55653,0.12506,-0.76087
143.1,-0.76116,-0.03159,-0.48463
143.2,-0.85409,-0.00665,-0.29905
143.3,-0.74711,-0.15396,-0.37043
143.4,-0.85894,0.10677,-0.43176
143.5,-0.77818,-0.22334,-0.20649
143.6,-0.50916,-0.26641,-0.49162
143.7,-0.52615,-0.30687,-0.31776
143.8,-0.3572,-0.06623,-0.2384
143.9,-0.39151,-0.13747,-0.43868
144.0,-0.35349,-0.31636,-0.4845
144.1,-0.41684,-0.44759,-0.56162
144.2,-0.38524,-0.52205,-0.57046
144.3,-0.42214,-0.42979,-0.56678
144.4,-0.41375,-0.47827,-0.63281
144.5,-0.35946,-0.68801,-0.91496
144.6,-0.1933,-0.96216,-0.75269
144.7,-0.24534,-1.10329,-0.93092
144.8,0.00561,-0.8525,-0.86302
144.9,-0.20214,-0.88664,-0.59973
145.0,-0.11777,-0.76938,-0.32517
145.1,0.05644,-0.69934,-0.22712
145.2,-0.08901,-0.70402,-0.28749
145.3,0.21725,-0.66287,-0.18044
145.4,0.1662,-0.79974,-0.3262
145.5,0.17989,-0.92403,-0.20546
145.6,0.32206,-0.95687,-0.35558
145.7,0.49016,-0.74171,-0.34282
145.8,0.43597,-0.68051,-0.21035
145.9,0.58403,-0.4082,0.09724
146.0,0.39449,-0.35604,0.4094
146.1,0.41552,-0.31854,0.2145
146.2,0.05833,-0.56863,0.36845
146.3,0.13293,-0.61418,0.24623
146.4,0.22894,-0.56048,0.1783
146.5,0.40229,-0.50447,0.01801
146.6,0.48256,-0.53325,-0.15292
146.7,0.43424,-0.46148,-0.27011
146.8,0.65034,-0.56957,-0.42191
146.9,0.73753,-0.37224,-0.59826
147.0,0.58977,-0.30517,-0.57188
147.1,0.523,-0.22687,-0.73181
147.2,0.39757,-0.42173,-0.68883
147.3,0.50355,-0.41985,-0.75115
147.4,0.49813,-0.3173,-0.59009
147.5,0.4324,-0.40121,-0.31815
147.6,0.37993,-0.25043,-0.34299
147.7,0.4615,-0.44924,-0.30012
147.8,0.32148,-0.18419,-0.35599
147.9,0.44753,-0.32637,-0.47772
148.0,0.32791,-0.29046,-0.48052
148.1,0.29664,-0.24488,-0.42565
148.2,0.38204,-0.30912,-0.491
148.3,0.42718,-0.29632,-0.59102
148.4,0.44046,-0.33957,-0.57653
148.5,0.09631,-0.20121,-0.64994
148.6,0.14026,-0.09252,-0.59309
148.7,-0.10102,0.16872,-0.2558
148.8,0.28527,-0.04787,-0.10969
148.9,0.2009,-0.31006,0.37975
149.0,0.43603,-0.35724,0.39837
149.1,0.3371,-0.31237,0.38167
149.2,0.32912,-0.2981,0.31736
149.3,0.14249,0.00018,0.38937
149.4,0.22723,0.09872,0.26406
149.5,0.06269,0.26946,0.25379
149.6,0.26635,0.37095,0.49911
149.7,0.05969,0.31403,0.48498
149.8,-0.10016,0.17607,0.4357
149.9,-0.28848,0.2922,0.53541
150.0,-0.29784,0.20613,0.24741
150.1,-0.35929,0.28345,0.26978
150.2,-0.60793,0.24979,0.47621
150.3,-0.29955,0.2112,0.57385
150.4,-0.45849,0.2095,0.56387
150.5,-0.29013,0.34043,0.72361
150.6,-0.23555,0.4389,0.68753
150.7,-0.33666,0.42522,0.58738
150.8,-0.37763,0.50509,0.45978
150.9,-0.21966,0.177,0.5979
151.0,-0.28465,0.38488,0.47054
151.1,-0.25004,0.23684,0.44922
151.2,-0.41156,0.25854,0.48289
151.3,-0.61477,0.47178,0.48014
151.4,-0.63918,0.45412,0.44093
151.5,-0.57543,0.60982,0.10098
151.6,-0.71547,0.59879,0.42314
151.7,-0.78015,0.44754,0.38429
151.8,-0.7213,0.42608,0.30943
151.9,-0.72921,0.18317,0.24487
152.0,-0.7174,-0.00976,-0.07305
152.1,-0.62691,-0.10267,0.04223
152.2,-0.59989,0.07312,0.14358
152.3,-0.37648,0.22075,-0.00946
152.4,-0.44685,0.58371,-0.11487
152.5,-0.36776,0.58655,-0.2933
152.6,-0.38166,0.48369,-0.40378
152.7,-0.24823,0.3334,-0.59956
152.8,-0.25265,0.33823,-0.42944
152.9,-0.45739,0.26939,-0.38478
153.0,-0.34714,0.40043,-0.30526
153.1,-0.15327,0.56634,-0.35838
153.2,0.06724,0.64608,-0.25374
153.3,0.11175,0.58988,-0.41023
153.4,0.0172,0.87605,-0.57256
153.5,-0.07682,1.13677,-0.5499
153.6,-0.02092,0.96292,-0.53963
153.7,0.16966,0.87681,-0.62448
153.8,-0.12419,0.869,-0.60819
153.9,-0.1979,0.86081,-0.43369
154.0,-0.19794,0.96359,-0.4399
154.1,-0.20631,0.7115,-0.30874
154.2,-0.32658,0.4893,-0.10871
154.3,-0.23393,0.57303,-0.16905
154.4,-0.22719,0.57294,0.25814
154.5,-0.18792,0.34075,0.09415
154.6,0.29995,0.23614,-0.06834
154.7,0.16383,0.26837,-0.15075
154.8,-0.13187,0.29594,0.06692
154.9,-0.29828,0.36792,0.12381
155.0,-0.41283,0.42762,-0.01667
155.1,-0.12409,0.3308,-0.09223
155.2,0.12587,0.12381,-0.02018
155.3,0.26662,0.08394,-0.23567
155.4,0.12067,-0.08157,-0.1264
155.5,0.40086,0.01334,-0.04211
155.6,0.32293,-0.07601,-0.19526
155.7,0.41018,-0.08672,-0.31113
155.8,0.50519,-0.05376,-0.24427
155.9,0.64375,-0.11887,-0.17656
156.0,0.56906,-0.04893,-0.36373
156.1,0.50189,-0.11813,-0.45473
156.2,0.36576,-0.25842,-0.72678
156.3,0.33757,-0.08395,-0.59821
156.4,0.29368,-0.02806,-0.50139
156.5,0.62359,0.14924,-0.38994
156.6,0.62925,0.28618,-0.58544
156.7,0.65697,0.52512,-0.35697
156.8,0.53461,0.47008,-0.40524
156.9,0.04326,0.22248,-0.45345
157.0,-0.10327,0.19572,-0.49818
157.1,-0.09431,0.14892,-0.61446
157.2,-0.07564,0.05394,-1.00484
157.3,-0.28899,-0.0229,-1.18741
157.4,-0.16118,-0.18679,-0.87867
157.5,-0.20654,-0.20662,-0.68205
157.6,-0.4789,-0.35047,-0.88577
157.7,-0.27772,-0.28659,-1.10829
157.8,-0.11158,-0.2114,-1.09336
157.9,-0.31675,-0.26572,-0.88058
158.0,-0.15115,-0.2664,-0.78025
158.1,-0.22324,-0.29685,-0.5552
158.2,-0.24579,-0.01412,-0.69443
158.3,-0.34533,-0.03442,-0.49374
158.4,-0.54891,0.10428,-0.44329
158.5,-0.41845,0.25107,-0.26306
158.6,-0.52165,0.45411,-0.21882
158.7,-0.47038,0.18727,0.01036
158.8,-0.42144,0.4228,-0.12996
158.9,-0.28192,0.57188,-0.16905
159.0,-0.36492,0.15382,-0.27583
159.1,-0.21321,0.05366,-0.22385
159.2,-0.09348,0.09994,-0.3273
159.3,-0.01116,-0.00981,-0.21216
159.4,0.17613,-0.13868,-0.32389
159.5,0.03051,-0.3562,0.00712
159.6,0.05182,-0.59105,-0.03999
159.7,0.13027,-0.63366,0.00627
159.8,0.06923,-0.55682,-0.1367
159.9,-0.06136,-0.70326,0.01473
160.0,-0.38484,-0.63433,-0.04563
160.1,-0.22675,-0.48826,0.01665
160.2,-0.48922,-0.40326,0.14312
160.3,-0.63837,-0.45208,-0.19913
160.4,-0.52132,-0.56367,-0.19545
160.5,-0.39058,-0.4451,-0.07979
160.6,-0.3917,-0.4985,-0.14707
160.7,-0.50008,-0.63324,-0.12081
160.8,-0.42631,-0.68087,-0.12641
160.9,-0.21072,-0.90671,0.0019
161.0,-0.21754,-0.74917,0.06248
161.1,0.0481,-0.57896,-0.09134
161.2,0.21416,-0.40628,-0.04516
161.3,0.21196,-0.32545,-0.21602
161.4,0.41954,-0.06494,-0.14204
161.5,0.33149,-0.01358,-0.11757
161.6,0.16915,0.1072,-0.2057
161.7,-0.036,0.2673,-0.23416
161.8,-0.0849,0.10976,-0.13975
161.9,-0.08652,0.07226,-0.01138
162.0,-0.2845,0.01868,0.25522
162.1,-0.35699,-0.01104,0.12627
162.2,-0.21587,0.17226,-0.03567
162.3,-0.06874,0.28389,-0.12025
162.4,-0.04078,-0.04366,-0.04275
162.5,0.00602,-0.06632,0.09804
162.6,0.15983,-0.11559,-0.08038
162.7,0.16318,-0.1986,-0.05619
162.8,0.30773,-0.16664,0.17888
162.9,0.26312,-0.33538,0.34309
163.0,0.15156,-0.07435,0.34374
163.1,0.34094,-0.04875,0.21376
163.2,0.03962,-0.20171,0.29008
163.3,0.11882,-0.02356,0.36543
163.4,-0.23579,-0.1476,0.34052
163.5,-0.30924,-0.14612,0.57292
163.6,-0.11437,-0.14195,0.39091
163.7,-0.09981,-0.11991,0.14689
163.8,-0.24954,-0.04483,0.16563
163.9,-0.35079,0.23896,0.06682
164.0,-0.20688,0.32084,0.05824
164.1,-0.16853,0.38043,0.03841
164.2,-0.38609,0.36976,-0.07231
164.3,-0.15292,0.25941,0.16749
164.4,-0.02913,-0.01629,0.06164
164.5,-0.26579,-0.32703,-0.11412
164.6,-0.45085,-0.30488,-0.18375
164.7,-0.8206,-0.15394,-0.43779
164.8,-0.80778,-0.23591,-0.30199
164.9,-0.87466,-0.11456,0.06671
165.0,-0.85292,-0.06872,-0.00693
165.1,-0.78839,-0.07067,0.06808
165.2,-0.46021,0.19803,-0.05223
165.3,-0.28504,0.11499,0.15514
165.4,-0.08666,0.51332,0.05902
165.5,-0.03411,0.57386,0.23517
165.6,-0.20181,0.44383,0.24846
165.7,-0.22269,0.42467,0.22729
165.8,-0.27292,0.26621,0.18974
165.9,-0.34833,0.21694,0.30329
166.0,-0.35522,0.05629,0.07808
166.1,-0.38777,0.04592,-0.43201
166.2,-0.40884,0.16971,-0.29661
166.3,-0.25464,-0.04899,-0.13397
166.4,-0.21355,0.02872,-0.15679
166.5,-0.03005,0.14067,-0.19444
166.6,0.38378,-0.06708,-0.03063
166.7,0.56152,-0.11865,0.06269
166.8,0.69435,0.11769,0.14201
166.9,0.39639,0.0089,0.009
167.0,0.23937,0.01735,0.0493
167.1,0.2771,0.02623,-0.00183
167.2,0.21087,0.18854,0.03074
167.3,0.3025,0.20756,-0.23644
167.4,0.14121,0.19743,-0.13825
167.5,0.10284,0.41046,-0.09832
167.6,0.3026,0.46492,-0.11654
167.7,0.29596,0.62746,-0.17136
167.8,0.38971,0.60692,0.15836
167.9,0.64569,0.27089,0.11447
168.0,0.77919,0.10758,-0.11131
168.1,0.83101,0.05621,0.077
168.2,0.99948,0.23433,0.3313
168.3,1.30492,0.27258,0.32691
168.4,1.15083,0.18887,0.388
168.5,0.94187,0.26229,-0.13499
168.6,0.95807,0.13909,-0.12126
168.7,0.88551,0.08099,0.31565
168.8,0.77124,-0.00859,0.26762
168.9,0.75519,-0.06625,0.25166
169.0,1.16735,-0.21513,0.36369
169.1,1.08385,-0.39306,0.33511
169.2,0.90746,-0.17824,0.18103
169.3,0.93756,0.15357,0.33348
169.4,0.75855,-0.03842,0.30009
169.5,0.67874,-0.14861,0.23582
169.6,0.73573,-0.57172,0.26333
169.7,0.59508,-0.62747,0.22572
169.8,0.44652,-0.79937,-0.04643
169.9,0.6017,-1.01691,-0.19827
170.0,0.45194,-0.78228,-0.15544
170.1,0.50726,-0.40086,-0.10708
170.2,0.59912,-0.19995,0.19358
170.3,0.655,-0.2245,0.06431
170.4,0.40689,-0.25893,-0.027
170.5,0.5428,-0.38105,0.1142
170.6,0.44621,-0.15788,0.00129
170.7,0.42368,-0.34352,-0.23502
170.8,0.42278,-0.77296,-0.13478
170.9,0.68984,-0.62379,-0.07349
171.0,0.6985,-0.41196,0.09058
171.1,0.63913,-0.24514,-0.0631
171.2,0.68009,-0.22135,0.19072
171.3,0.87736,-0.31625,0.35922
171.4,0.72032,-0.35187,0.48502
171.5,0.43039,-0.11535,0.49799
171.6,0.22967,-0.08038,0.47446
171.7,-0.01869,0.03961,0.64373
171.8,0.17118,0.02118,0.7036
171.9,0.031,-0.13736,0.56504
172.0,0.0208,-0.21041,0.56424
172.1,-0.11537,0.00316,0.49491
172.2,-0.39173,-0.0873,0.48232
172.3,-0.48842,-0.16339,0.25313
172.4,-0.52866,-0.2259,0.1434
172.5,-0.57754,0.09461,-0.20869
172.6,-0.56533,0.03429,-0.11956
172.7,-0.54913,0.20007,-0.37067
172.8,-0.55664,0.29777,-0.66649
172.9,-0.50765,0.28339,-0.7278
173.0,-0.57779,0.20633,-0.9852
173.1,-0.26145,0.1884,-0.98046
173.2,0.01295,0.31881,-0.70839
173.3,0.02232,0.41045,-0.96603
173.4,0.03168,0.32306,-0.93541
173.5,0.09051,0.01258,-1.04244
173.6,0.27242,0.16269,-0.67337
173.7,0.20422,0.18741,-0.8012
173.8,0.15646,0.36402,-0.69199
173.9,0.12705,0.30954,-0.70724
174.0,0.0278,0.72117,-0.65711
174.1,-0.02312,0.60995,-0.7872
174.2,-0.21988,0.62238,-0.74221
174.3,-0.1274,0.48953,-0.59208
174.4,0.11604,0.62289,-0.52227
174.5,-0.06046,0.61811,-0.59398
174.6,-0.0655,0.6238,-0.6942
174.7,0.08618,0.70014,-0.80176
174.8,0.1905,0.75114,-0.5306
174.9,0.07529,0.68389,-0.5509
175.0,0.0223,0.56953,-0.59232
175.1,0.0493,0.4288,-0.77653
175.2,0.20237,0.51602,-0.81893
175.3,-0.02487,0.69539,-0.60097
175.4,-0.25402,0.52919,-0.74268
175.5,-0.27691,0.65111,-0.41571
175.6,-0.25126,0.26808,-0.28728
175.7,-0.03132,0.35538,-0.36711
175.8,-0.06419,0.21738,-0.45976
175.9,-0.25564,0.1907,-0.48076
176.0,-0.37459,0.38252,-0.20894
176.1,-0.59581,0.36012,-0.3218
176.2,-0.63105,0.29129,-0.44302
176.3,-0.74264,0.10563,-0.28242
176.4,-0.58212,0.15643,-0.45401
176.5,-0.38965,0.09707,-0.32095
176.6,-0.48185,-0.22144,-0.22974
176.7,-0.04612,-0.25087,-0.16276
176.8,0.1814,-0.12107,-0.19369
176.9,-0.04916,-0.27193,-0.19573
177.0,-0.14733,-0.27887,-0.3677
177.1,-0.30695,-0.27674,-0.37294
177.2,-0.0955,0.01209,-0.24533
177.3,0.01732,-0.03439,-0.09028
177.4,0.13171,0.06851,-0.10499
177.5,0.09774,0.13588,-0.23742
177.6,0.02143,0.08437,-0.24666
177.7,-0.05115,-0.05621,-0.35628
177.8,-0.10405,0.22131,-0.53274
177.9,-0.23378,0.4258,-0.52848
178.0,-0.01747,0.55048,-0.43904
178.1,0.00724,0.54532,-0.50803
178.2,-0.02795,0.68252,-0.61627
178.3,-0.13157,0.65156,-0.75247
178.4,-0.01929,0.67374,-0.73464
178.5,-0.16875,0.61873,-0.81079
178.6,-0.06168,0.5954,-0.71138
178.7,0.28925,0.39305,-0.72264
178.8,0.45191,0.40695,-0.4921
178.9,0.45094,0.39996,-0.5532
179.0,0.34148,0.39197,-0.64601
179.1,0.1553,0.36346,-0.52173
179.2,0.52488,0.4267,-0.44197
179.3,0.5101,0.16449,-0.74581
179.4,0.36812,0.24386,-0.33387
179.5,0.56147,0.52414,-0.49951
179.6,0.35569,0.29455,-0.54738
179.7,0.31464,0.30347,-0.34085
179.8,0.09866,0.35362,-0.30545
179.9,0.14368,0.36568,-0.43547
180.0,-0.07591,0.59509,-0.68834
180.1,0.20151,0.51492,-0.66301
180.2,0.29386,0.62565,-0.79021
180.3,0.3196,0.80567,-0.50206
180.4,-0.01361,0.69467,-0.57182
180.5,-0.04304,0.43846,-0.69559
180.6,0.15441,0.4332,-0.70818
180.7,0.34584,0.33453,-0.84785
180.8,0.37479,0.036,-0.87753
180.9,0.47818,0.09426,-0.7307
181.0,0.38186,0.23916,-0.62747
181.1,0.56455,-0.2464,-0.49458
181.2,0.64678,-0.12956,-0.37372
181.3,0.45686,-0.14767,-0.52323
181.4,0.30909,-0.18153,-0.34348
181.5,0.49908,0.01125,-0.30759
181.6,0.26644,0.07726,-0.3762
181.7,-0.01926,0.05333,-0.19062
181.8,-0.18558,0.03395,-0.01225
181.9,-0.23258,0.3592,0.01066
182.0,-0.08414,0.07838,-0.15051
182.1,-0.13662,0.37275,-0.10023
182.2,-0.13628,0.28747,-0.25915
182.3,-0.17906,0.22301,-0.0977
182.4,-0.15055,0.44399,-0.32443
182.5,0.10052,0.41919,-0.19926
182.6,0.28953,0.44317,-0.32808
182.7,0.25953,0.59324,-0.04783
182.8,-0.03612,0.53339,0.16184
182.9,0.23057,0.47055,0.10589
183.0,0.26963,0.53756,-0.20333
183.1,0.22415,0.48191,-0.233
183.2,0.1204,0.39995,-0.0696
183.3,0.22852,0.47576,0.28674
183.4,0.35744,0.57949,0.33017
183.5,0.31587,0.74814,0.4413
183.6,0.20002,0.82047,0.64943
183.7,-0.00085,0.89501,0.42825
183.8,-0.12278,1.01215,0.0309
183.9,-0.26187,1.0989,-0.13825
184.0,-0.36291,1.02358,-0.17563
184.1,-0.46841,0.87324,-0.22163
184.2,-0.36352,0.77375,-0.32849
184.3,-0.23355,0.77377,-0.24395
184.4,-0.17414,0.63605,-0.30416
184.5,-0.02117,0.57759,-0.18372
184.6,-0.18556,0.50304,-0.37455
184.7,0.05235,0.31982,-0.2756
184.8,0.16868,0.30321,-0.24918
184.9,0.4376,0.55693,-0.25782
185.0,0.16251,0.69331,-0.30711
185.1,0.27442,0.58218,-0.60459
185.2,0.05095,0.3889,-0.43984
185.3,-0.24968,0.18615,-0.36459
185.4,-0.06444,0.28984,-0.27271
185.5,0.08473,0.54067,-0.2702
185.6,0.26396,0.41588,-0.21059
185.7,0.07545,0.33744,-0.39312
185.8,0.0229,0.45654,-0.25432
185.9,0.17753,0.60831,-0.13188
186.0,0.23962,0.46396,0.00899
186.1,0.29628,0.46946,0.05093
186.2,-0.03687,0.32325,0.03149
186.3,0.03117,-0.10496,0.26442
186.4,-0.06903,0.05995,0.123
186.5,-0.09848,0.19899,-0.05825
186.6,0.05185,0.11441,0.16311
186.7,0.05438,0.15046,-0.19193
186.8,0.37672,0.03042,-0.1615
186.9,0.16019,0.27239,-0.02831
187.0,0.14197,0.14758,0.1329
187.1,0.10453,-0.00415,0.3056
187.2,0.23689,0.1691,0.3888
187.3,0.40053,0.1965,0.20062
187.4,0.59646,0.0936,0.44725
187.5,0.47133,0.43364,0.47605
187.6,0.52128,0.36766,0.45968
187.7,0.70074,0.47084,0.2075
187.8,0.61343,0.60405,-0.14667
187.9,0.5799,0.52013,-0.0212
188.0,0.51257,0.29786,-0.09949
188.1,0.46445,0.20937,0.26265
188.2,0.60449,0.34801,0.28461
188.3,0.62854,0.34794,0.19029
188.4,0.69784,0.47345,-0.00859
188.5,0.49624,0.73252,0.04552
188.6,0.55699,1.00984,-0.13378
188.7,0.7395,1.03764,-0.45093
188.8,0.8351,0.70446,-0.42461
188.9,0.89494,0.73423,-0.1093
189.0,0.61469,0.93206,-0.29572
189.1,0.83458,1.04728,-0.23218
189.2,0.75338,1.02716,-0.19202
189.3,0.5464,0.92354,-0.46867
189.4,0.55285,0.69436,-0.50245
189.5,0.43895,0.38656,-0.39589
189.6,0.27425,0.55358,-0.16507
189.7,0.40565,0.73264,-0.26433
189.8,0.29793,0.6512,-0.13706
189.9,0.67495,0.28637,-0.21683
190.0,0.75562,0.16976,-0.32327
190.1,0.57546,0.15376,-0.18877
190.2,0.60103,0.06564,-0.13919
190.3,0.40011,-0.00321,0.02385
190.4,0.46086,0.11185,-0.19521
190.5,0.49314,-0.1987,-0.16566
190.6,0.51612,-0.16225,0.08145
190.7,0.39932,-0.11704,0.21416
190.8,0.44624,-0.21757,0.30511
190.9,0.3664,-0.14097,0.33995
191.0,0.57312,-0.09825,-0.03681
191.1,0.50624,-0.30209,-0.08591
191.2,0.38411,-0.24192,0.07666
191.3,0.43155,-0.27035,0.0894
191.4,0.36777,-0.24593,0.01327
191.5,0.32945,-0.24622,-0.22213
191.6,0.18446,0.08998,-0.0866
191.7,0.29611,-0.17809,-0.26818
191.8,0.51184,-0.2015,0.01604
191.9,0.4815,-0.12604,0.07337
192.0,0.48527,-0.07329,0.09828
192.1,0.20707,-0.27949,0.08837
192.2,0.0558,-0.29703,0.01412
192.3,0.01758,-0.14541,0.06608
192.4,-0.04623,-0.1324,0.09673
192.5,-0.04818,-0.25053,0.05406
192.6,-0.07017,-0.34516,-0.07445
192.7,-0.34682,-0.0588,0.03878
192.8,-0.2589,0.13174,-0.11067
192.9,-0.23859,0.09946,-0.15697
193.0,-0.27164,0.1044,0.01263
193.1,-0.27676,0.38922,0.23527
193.2,-0.13083,0.25988,0.05583
193.3,-0.00644,0.54413,0.02101
193.4,-0.09449,0.40767,0.03415
193.5,-0.04755,0.06427,0.11234
193.6,0.25191,-0.06925,0.23528
193.7,0.32419,0.00432,0.08835
193.8,0.46476,0.07423,0.10053
193.9,0.33301,0.27423,0.09775
194.0,0.25548,0.23272,0.10982
194.1,0.31016,0.34731,0.04256
194.2,0.11985,0.40306,-0.04185
194.3,-0.16427,0.52506,0.06653
194.4,-0.24845,0.3574,0.11685
194.5,-0.06707,0.68651,-0.12489
194.6,-0.03308,0.61219,-0.07304
194.7,-0.17844,0.47557,-0.0801
194.8,-0.17257,0.56215,-0.01554
194.9,0.0737,0.53096,-0.21112
195.0,0.24723,0.47478,-0.09774
195.1,0.39597,0.48715,-0.03261
195.2,0.59571,0.24229,0.06559
195.3,0.69387,0.25143,0.13156
195.4,0.57697,0.21601,0.21857
195.5,0.70701,0.26022,0.24953
195.6,0.79916,0.65629,0.2071
195.7,0.56956,0.76328,0.36595
195.8,0.76484,0.64083,0.29556
195.9,0.77912,0.55872,0.30083
196.0,0.70956,0.41254,0.40086
196.1,0.87761,0.38734,0.41332
196.2,0.67908,0.61635,0.57532
196.3,0.48888,0.31207,0.7956
196.4,0.78842,0.53471,0.80538
196.5,0.85412,0.37769,0.68254
196.6,0.99962,0.35814,0.51571
196.7,1.04436,0.50158,0.58562
196.8,0.9434,0.51141,0.60401
196.9,0.9162,0.74188,0.74371
197.0,0.64264,0.87653,0.57268
197.1,0.4195,0.72316,0.57932
197.2,0.38828,0.59399,0.50742
197.3,-0.0088,0.31032,0.36985
197.4,-0.08437,0.41962,0.38918
197.5,-0.21769,0.0855,0.36349
197.6,-0.18465,0.31446,0.07642
197.7,-0.23335,0.305,0.10892
197.8,0.02284,0.2361,0.19999
197.9,0.14851,0.30267,0.27407
198.0,0.07622,-0.13731,0.10161
198.1,0.04813,-0.26268,0.13619
198.2,0.02261,-0.47623,0.17232
198.3,0.05411,-0.66362,0.07606
198.4,-0.08388,-0.81279,-0.07589
198.5,-0.08129,-0.74094,-0.04641
198.6,-0.01298,-0.78675,-0.12816
198.7,0.2243,-0.65791,-0.10617
198.8,0.3155,-0.78828,-0.30874
198.9,0.11187,-0.77921,0.04595
199.0,0.2298,-0.64637,0.15814
199.1,0.25787,-0.94453,-0.03851
199.2,0.36934,-1.17692,-0.04007
199.3,0.2766,-1.23628,0.23107
199.4,0.45513,-1.3021,0.13394
199.5,0.53152,-1.3316,0.08987
199.6,0.66289,-1.16469,0.09318
199.7,0.64932,-1.24835,0.17699
199.8,0.6909,-1.14961,0.4843
199.9,0.66312,-0.97698,0.54069
200.0,0.55934,-0.56176,0.82029
200.1,0.47871,-0.67731,0.7532
200.2,0.76118,-0.46983,1.02236
200.3,0.80929,-0.68601,1.02221
200.4,0.85637,-0.59847,0.95833
200.5,0.92377,-0.40227,1.24684
200.6,0.78269,-0.29026,1.10642
200.7,0.77665,-0.2267,1.07671
200.8,0.91011,-0.2256,1.16837
200.9,0.82738,-0.21502,1.20895
201.0,0.97109,-0.18042,1.04884
201.1,0.86746,-0.24583,1.11899
201.2,0.66813,-0.40864,1.03345
201.3,0.83268,-0.49304,0.87263
201.4,0.41378,-0.55184,1.07492
201.5,0.55063,-0.68081,1.06079
201.6,0.45132,-0.69552,0.96403
201.7,0.53081,-0.79424,0.88799
201.8,0.38867,-0.73924,0.67567
201.9,0.32801,-0.73565,0.82566
202.0,0.30482,-0.61495,0.70054
202.1,0.09304,-0.71623,0.91811
202.2,0.26843,-0.54102,0.7842
202.3,0.3496,-0.42359,0.63575
202.4,0.33014,-0.57363,0.58915
202.5,0.08577,-0.70911,0.82691
202.6,-0.0402,-0.80628,0.77765
202.7,-0.14916,-0.83019,0.5421
202.8,-0.24927,-0.8027,0.80138
202.9,-0.42305,-0.84405,0.80567
203.0,-0.41114,-0.81218,0.8143
203.1,-0.371,-0.85945,0.72098
203.2,-0.28872,-0.9244,0.89539
203.3,-0.0848,-1.08998,1.17489
203.4,0.12592,-1.0382,0.97684
203.5,0.08704,-0.95186,1.02286
203.6,0.32785,-0.98998,0.72026
203.7,0.15803,-1.30916,0.6591
203.8,0.01407,-1.48833,0.83877
203.9,-0.09186,-1.49422,0.66574
204.0,0.31423,-1.51169,0.39131
204.1,0.22235,-1.40343,0.19185
204.2,0.4934,-1.36816,0.18632
204.3,0.45465,-1.19686,-0.02866
204.4,0.32157,-1.23317,-0.11601
204.5,0.30741,-1.37968,-0.0332
204.6,0.56016,-1.09333,0.03673
204.7,0.6794,-1.02974,0.03369
204.8,0.58634,-1.16562,-0.09968
204.9,0.55651,-1.08498,-0.07791
205.0,0.42815,-1.04047,0.0212
205.1,0.27401,-0.84668,-0.04526
205.2,0.18774,-0.92652,-0.23683
205.3,0.35393,-0.70895,-0.17302
205.4,0.21518,-0.79719,0.06636
205.5,0.47884,-0.79551,-0.09231
205.6,0.73466,-0.89942,-0.13372
205.7,0.82356,-0.90695,-0.31659
205.8,0.76301,-0.9802,-0.24035
205.9,0.66965,-1.05755,-0.13082
206.0,0.68189,-1.08144,-0.08391
206.1,0.35967,-1.07126,-0.16863
206.2,0.11582,-1.24386,-0.01632
206.3,0.2117,-1.64768,0.02419
206.4,0.41492,-1.35787,-0.13293
206.5,0.28763,-1.09398,-0.00629
206.6,-0.00123,-0.77665,0.12045
206.7,-0.1283,-0.85341,0.27428
206.8,-0.2522,-0.77624,0.28223
206.9,-0.38669,-0.82445,0.39391
207.0,-0.36308,-0.604,0.30854
207.1,-0.25219,-0.44148,0.35567
207.2,-0.0669,-0.42257,0.07266
207.3,-0.25247,-0.48455,-0.14399
207.4,-0.43903,-0.30305,-0.11703
207.5,-0.29297,-0.10653,0.02026
207.6,-0.55477,0.00844,-0.00727
207.7,-0.36214,0.01787,0.09066
207.8,-0.04038,0.21006,0.17008
207.9,0.05126,0.3269,0.26203
208.0,0.09478,0.48374,0.31703
208.1,-0.01036,0.63502,0.37719
208.2,-0.22451,0.67612,0.40172
208.3,-0.3179,0.52834,0.45064
208.4,-0.12678,0.81689,0.34182
208.5,-0.26449,0.47517,0.11599
208.6,-0.30317,0.03609,0.07064
208.7,-0.36467,0.08731,0.04622
208.8,-0.52709,0.2447,0.07402
208.9,-0.72126,0.10882,-0.06769
209.0,-0.63206,0.38784,-0.19317
209.1,-0.76354,0.75222,-0.18615
209.2,-0.86298,0.56396,-0.35624
209.3,-1.02859,0.98006,-0.35415
209.4,-0.85417,1.11311,-0.41604
209.5,-0.81796,1.03062,-0.42149
209.6,-0.98378,1.35649,-0.36665
209.7,-0.90516,1.45952,-0.29267
209.8,-0.99827,1.61712,-0.00564
209.9,-0.76232,1.48382,0.24599
210.0,-0.59483,1.28064,0.28853
210.1,-0.2911,0.98975,0.30977
210.2,-0.38052,1.055,0.23149
210.3,-0.54052,0.98199,0.22937
210.4,-0.55124,1.14208,0.3174
210.5,-0.26786,1.04258,0.38468
210.6,-0.19439,0.90013,0.39826
210.7,-0.27748,0.98898,0.33876
210.8,-0.12968,1.04704,0.36416
210.9,-0.03768,1.30572,0.25228
211.0,-0.33772,1.12913,0.34391
211.1,-0.29077,1.28286,0.34596
211.2,-0.33622,1.06407,0.41092
211.3,-0.43103,1.09311,0.37791
211.4,-0.30824,0.91393,0.21755
211.5,-0.41366,0.94382,0.22547
211.6,-0.21246,1.12004,0.29963
211.7,-0.33686,0.92399,0.0206
211.8,-0.43541,1.00242,0.04844
211.9,-0.34642,1.07453,-0.30364
212.0,-0.3063,1.06702,-0.33893
212.1,-0.27327,0.84899,-0.52701
212.2,-0.15303,0.7693,-0.26466
212.3,-0.13762,0.61066,-0.16631
212.4,-0.16683,0.78609,0.0204
212.5,-0.23902,0.84771,-0.07321
212.6,-0.46252,0.95564,-0.03743
212.7,-0.31055,0.91144,-0.04444
212.8,-0.5089,0.93527,-0.32705
212.9,-0.41574,0.87791,-0.30827
213.0,-0.2152,0.87334,-0.34747
213.1,0.07128,1.01863,-0.19506
213.2,0.23429,0.94686,-0.19015
213.3,0.04712,0.87203,0.00625
213.4,0.24846,1.00457,0.18599
213.5,0.19181,1.21881,0.24644
213.6,0.43933,1.2586,0.05521
213.7,0.33505,1.07067,0.14331
213.8,0.60307,0.72381,-0.13778
213.9,0.52235,0.83388,0.10714
214.0,0.37628,0.4922,0.32158
214.1,0.52045,0.51763,0.32636
214.2,0.53933,0.64259,0.13132
214.3,0.19354,0.66527,-0.02219
214.4,0.48811,0.71549,0.10697
214.5,0.7573,0.8391,-0.02102
214.6,0.71477,0.54196,0.09863
214.7,0.68266,0.26587,-0.05588
214.8,0.79614,0.18701,-0.07531
214.9,0.80108,0.1873,0.00527
215.0,0.50914,0.39076,0.04507
215.1,0.76878,0.40475,0.05821
215.2,0.87957,0.47231,0.11528
215.3,1.05776,0.4205,0.1379
215.4,0.89883,0.4886,0.37965
215.5,0.87413,0.69829,0.4519
215.6,0.81697,0.6281,0.4176
215.7,0.73826,0.73379,0.21831
215.8,0.36329,0.69242,0.22125
215.9,0.39616,0.90871,0.21975
216.0,0.28555,0.86421,0.09702
216.1,0.22847,0.75595,0.09623
216.2,0.27486,0.90489,0.00057
216.3,0.49157,0.93969,-0.02103
216.4,0.17894,0.98522,-0.09094
216.5,0.37293,0.96653,-0.22209
216.6,0.22001,1.00809,-0.00599
216.7,0.04652,0.74018,-0.00724
216.8,0.10143,0.87087,-0.19144
216.9,0.40441,0.88519,-0.38404
217.0,0.44974,0.57651,-0.21587
217.1,0.38453,0.50305,-0.17909
217.2,0.5571,0.22166,-0.15696
217.3,0.57311,0.2283,0.08562
217.4,0.74888,0.42395,-0.14164
217.5,0.63635,0.26931,-0.04719
217.6,0.42795,0.15885,-0.01788
217.7,0.3705,0.34626,-0.17993
217.8,0.21771,0.24678,0.01971
217.9,0.18333,0.36927,0.06107
218.0,0.23473,0.35877,-0.0902
218.1,0.21949,0.06697,0.08093
218.2,0.0566,0.26212,-0.09391
218.3,-0.06325,0.41851,-0.1787
218.4,0.06753,0.61167,-0.04502
218.5,0.10386,0.81599,0.13443
218.6,0.28112,0.56199,-0.1552
218.7,0.40755,0.33052,-0.12054
218.8,0.43397,0.39515,-0.19466
218.9,0.53769,0.2598,-0.29064
219.0,0.41519,0.20108,-0.30786
219.1,0.60859,0.38292,-0.13604
219.2,0.35174,0.31158,-0.22511
219.3,0.2134,0.3106,-0.47054
219.4,0.35902,0.38736,-0.35658
219.5,0.45944,0.24885,-0.31831
219.6,0.35627,-0.05607,-0.38293
219.7,0.42064,-0.10567,-0.48437
219.8,0.50968,0.01548,-0.57021
219.9,0.49101,0.04803,-0.381
220.0,0.61959,0.17324,-0.46872
220.1,0.65477,0.18005,-0.59128
220.2,0.65737,0.11031,-0.75408
220.3,0.62098,0.07132,-0.71951
220.4,0.61623,0.27359,-0.97537
220.5,0.70674,0.06205,-1.04698
220.6,0.5817,0.06777,-0.56536
220.7,0.24113,-0.05955,-0.59939
220.8,0.2585,-0.21365,-0.47927
220.9,0.18698,-0.39487,-0.60083
221.0,0.54883,-0.20694,-0.41905
221.1,0.41646,0.21309,-0.32673
221.2,0.11842,0.00523,-0.2991
221.3,0.09108,-0.11553,-0.41416
221.4,0.09938,0.2685,-0.17459
221.5,0.01442,0.40965,-0.42856
221.6,0.09976,0.31848,-0.225
221.7,-0.14669,0.20212,-0.40477
221.8,-0.26591,0.13392,-0.36219
221.9,-0.40526,0.30559,-0.22474
222.0,-0.63237,0.28016,-0.04993
222.1,-0.70217,0.42151,-0.16048
222.2,-0.87562,0.20416,-0.23845
222.3,-0.62702,0.36446,-0.1093
222.4,-0.64852,0.32362,-0.09914
222.5,-0.53453,0.11544,-0.02872
222.6,-0.42459,0.03659,-0.1071
222.7,-0.26726,0.12757,0.17089
222.8,-0.4771,0.17,0.41497
222.9,-0.34645,-0.10589,0.52666
223.0,-0.46891,-0.34797,0.60836
223.1,-0.55942,-0.40669,0.60277
223.2,-0.67941,-0.40045,0.56368
223.3,-0.60339,-0.30959,0.67579
223.4,-0.6133,-0.18315,0.6769
223.5,-0.64206,-0.19885,0.72895
223.6,-0.57757,-0.21301,0.60021
223.7,-0.68085,-0.24929,0.64849
223.8,-0.44231,-0.16547,0.66723
223.9,-0.1735,-0.0747,0.77743
224.0,-0.28978,-0.22962,0.94521
224.1,-0.31702,-0.3826,0.77911
224.2,-0.41588,-0.30655,0.84637
224.3,-0.35967,-0.09316,0.68058
224.4,0.00536,-0.26749,0.58562
224.5,0.24789,-0.45483,0.5971
224.6,0.06022,-0.37433,0.66664
224.7,0.00887,-0.24918,0.51393
224.8,0.17696,-0.31552,0.46022
224.9,0.3898,-0.1165,0.54148
225.0,0.43459,-0.07762,0.63841
225.1,0.55189,-0.06934,0.6173
225.2,0.65836,-0.15952,0.30506
225.3,0.17179,-0.34175,0.46001
225.4,0.00886,-0.29427,0.6506
225.5,-0.00092,-0.32835,0.59963
225.6,-0.22068,-0.22833,0.74195
225.7,-0.5223,-0.51774,0.96796
225.8,-0.37467,-0.25955,0.69915
225.9,-0.408,-0.18067,0.28459
226.0,-0.47387,-0.21075,0.52012
226.1,-0.57729,-0.30897,0.4457
226.2,-0.29714,-0.4048,0.23515
226.3,-0.40318,-0.2972,-0.04842
226.4,-0.33901,-0.21807,0.13419
226.5,-0.42034,-0.14457,0.0994
226.6,-0.26953,-0.2676,0.18995
226.7,-0.14091,-0.1583,0.17913
226.8,-0.10451,-0.24791,0.19332
226.9,-0.00221,-0.2025,0.02983
227.0,-0.08778,-0.08021,0.27779
227.1,-0.0124,0.02796,0.53301
227.2,-0.23247,0.14357,0.46159
227.3,-0.36346,0.23889,0.28645
227.4,-0.37745,0.08214,0.08047
227.5,-0.38058,0.24918,0.07641
227.6,-0.37701,0.01736,0.03377
227.7,-0.37863,0.20228,0.20004
227.8,-0.07584,0.16896,-0.08956
227.9,-0.14801,0.05163,-0.06607
228.0,-0.29256,0.047,0.12009
228.1,-0.16999,-0.10617,0.15509
228.2,-0.20743,-0.2198,0.39962
228.3,0.03008,-0.02349,0.25288
228.4,-0.06372,-0.16548,0.38633
228.5,0.00536,-0.05262,0.26615
228.6,0.27121,-0.26008,0.34765
228.7,0.13015,-0.25898,0.38887
228.8,0.23849,-0.4129,0.53537
228.9,0.1124,-0.36677,0.40304
229.0,0.24766,-0.39397,0.62263
229.1,0.32006,-0.1714,0.65593
229.2,0.3949,-0.43569,0.74265
229.3,0.43212,-0.59221,0.47001
229.4,0.53644,-0.92416,0.5522
229.5,0.70058,-0.88091,0.26918
229.6,0.69962,-1.06989,0.15885
229.7,0.67605,-1.00814,0.31491
229.8,0.7352,-1.01802,0.34759
229.9,0.54314,-1.33313,0.0081
230.0,0.50061,-1.08796,-0.0711
230.1,0.24956,-0.99405,0.07266
230.2,0.21809,-0.77608,-0.04477
230.3,0.13092,-0.63098,0.223
230.4,0.31065,-0.48728,0.23772
230.5,0.23171,-0.15407,0.19118
230.6,0.51834,-0.17998,0.40358
230.7,0.57261,-0.00898,0.3064
230.8,0.7344,0.00612,0.40639
230.9,0.60414,-0.10842,0.33372
231.0,0.58868,-0.10494,0.46805
231.1,0.5312,-0.1218,0.40147
231.2,0.407,-0.10754,0.33719
231.3,0.27081,-0.12908,0.3282
231.4,0.00826,-0.09654,0.38799
231.5,0.11987,-0.26742,0.27651
231.6,-0.04758,-0.14517,0.24157
231.7,-0.20568,-0.15845,0.23054
231.8,-0.31763,-0.0488,0.36512
231.9,-0.26984,-0.18982,0.31436
232.0,-0.45973,-0.52615,0.02671
232.1,-0.41703,-0.63732,-0.04593
232.2,-0.59613,-0.524,0.03201
232.3,-0.40476,-0.50201,-0.13883
232.4,-0.71805,-0.48419,-0.54805
232.5,-0.85223,-0.25048,-0.58121
232.6,-0.71988,-0.36435,-0.45986
232.7,-0.74687,-0.38088,-0.52809
232.8,-0.75318,-0.14372,-0.50817
232.9,-0.7637,-0.03476,-0.85956
233.0,-0.72123,0.12109,-0.83239
233.1,-0.68483,0.19358,-0.74231
233.2,-0.71349,0.11785,-0.87888
233.3,-0.86829,0.21162,-0.67496
233.4,-0.87512,0.21638,-0.49196
233.5,-0.52648,0.18327,-0.38541
233.6,-0.50437,0.25555,-0.42729
233.7,-0.47233,0.3675,-0.75732
233.8,-0.31807,0.23256,-0.74271
233.9,-0.34978,0.20164,-0.51244
234.0,-0.17915,0.13201,-0.72396
234.1,-0.23668,0.12669,-0.84844
234.2,-0.07456,0.03096,-0.81312
234.3,-0.09271,0.00859,-0.89232
234.4,0.04494,-0.26896,-0.91771
234.5,0.02402,-0.32399,-1.10155
234.6,0.11982,-0.25596,-0.823
234.7,0.01682,-0.18894,-0.75517
234.8,-0.27162,-0.01799,-0.58897
234.9,-0.17366,-0.08855,-0.48964
235.0,-0.12278,-0.00341,-0.41074
235.1,0.02208,0.18122,-0.30666
235.2,-0.14364,0.08132,-0.2767
235.3,-0.03881,-0.33945,-0.2367
235.4,-0.04902,-0.4837,-0.41182
235.5,0.12001,-0.38946,-0.49034
235.6,0.02777,-0.42697,-0.36107
235.7,-0.01166,-0.47336,-0.49082
235.8,-0.04082,-0.48038,-0.40959
235.9,0.00086,-0.33547,-0.6049
236.0,0.01841,-0.25147,-0.73701
236.1,0.08201,-0.08069,-0.79422
236.2,0.01662,-0.01183,-0.86153
236.3,0.13993,0.12106,-1.13623
236.4,0.23865,0.42138,-1.18366
236.5,0.39592,0.22575,-1.45542
236.6,0.25344,0.06835,-1.4645
236.7,0.09142,0.18775,-1.3671
236.8,0.16413,0.26936,-1.17664
236.9,0.17402,0.36152,-1.24396
237.0,0.32416,0.71956,-1.26162
237.1,0.49499,0.28858,-1.32441
237.2,0.43731,0.45115,-1.58189
237.3,0.5302,0.51917,-1.7593
237.4,0.49161,0.37547,-1.65729
237.5,0.37353,0.20526,-1.62631
237.6,0.60295,-0.03496,-1.64987
237.7,0.71085,0.16733,-1.54681
237.8,0.93862,0.34153,-1.48241
237.9,0.95405,0.16017,-1.50538
238.0,0.96961,0.13925,-1.45168
238.1,1.17593,0.05917,-1.25421
238.2,0.75353,-0.13086,-1.01664
238.3,0.45543,-0.04381,-1.14031
238.4,0.31864,-0.20016,-1.33908
238.5,0.4007,-0.31319,-1.468
238.6,0.63433,-0.22632,-1.62635
238.7,0.55808,-0.14551,-1.34323
238.8,0.77049,-0.21269,-0.93788
238.9,0.81687,-0.41741,-0.81585
239.0,0.95429,0.01711,-0.85077
239.1,0.55484,-0.02598,-1.02189
239.2,0.46902,-0.09669,-0.93732
239.3,0.38398,-0.06164,-1.05194
239.4,0.25897,-0.08654,-0.96203
239.5,0.35593,-0.12169,-0.80238
239.6,0.28931,-0.09704,-0.83424
239.7,0.40502,-0.01813,-0.71237
239.8,0.35312,-0.0782,-0.518
239.9,0.42835,0.10201,-0.32049
240.0,0.26845,0.34962,-0.37127
240.1,0.21393,0.44188,-0.41166
240.2,0.00363,0.21679,-0.56576
240.3,0.0355,0.13903,-0.65982
240.4,0.174,0.2461,-0.40311
240.5,-0.05002,0.30966,-0.33892
240.6,0.06489,0.21797,-0.32292
240.7,0.01238,0.08817,-0.3875
240.8,0.26715,0.33282,-0.61637
240.9,0.45349,0.4207,-0.52563
241.0,0.60457,0.38623,-0.93719
241.1,0.38843,0.40136,-0.73802
241.2,0.52721,0.46558,-0.74279
241.3,0.39555,0.68596,-0.66613
241.4,0.49131,0.76361,-0.49706
241.5,0.5432,0.6008,-0.78965
241.6,0.56813,0.49327,-0.71383
241.7,0.41957,0.43297,-0.81572
241.8,0.15916,0.43725,-0.94277
241.9,0.28246,0.4371,-0.56222
242.0,0.30504,0.55717,-0.69734
242.1,-0.06426,0.50343,-0.58772
242.2,-0.11872,0.53967,-0.77481
242.3,0.02584,0.45413,-0.86646
242.4,0.12404,0.65083,-0.51981
242.5,0.16285,0.50652,-0.37968
242.6,0.08509,0.40206,-0.48162
242.7,-0.00598,0.32775,-0.48724
242.8,-0.2837,0.08866,-0.54066
242.9,-0.21293,0.02066,-0.6993
243.0,-0.34486,-0.18481,-0.55871
243.1,-0.40271,-0.00598,-0.48847
243.2,-0.30748,-0.04719,-0.46832
243.3,-0.24815,-0.09026,-0.41364
243.4,-0.16785,-0.01051,-0.29263
243.5,0.14824,0.2325,-0.37674
243.6,0.07,0.59424,-0.58025
243.7,0.15751,0.61531,-0.6838
243.8,0.29509,0.64338,-0.64436
243.9,0.13052,0.79514,-0.59946
244.0,-0.16373,0.72728,-0.49222
244.1,-0.21775,0.53394,-0.44653
244.2,-0.29459,0.44367,-0.28788
244.3,-0.23495,0.36424,-0.15508
244.4,-0.30771,0.6329,-0.15234
244.5,-0.29336,0.46157,-0.20007
244.6,-0.10649,0.08216,-0.18563
244.7,-0.01014,0.10662,-0.36454
244.8,0.05223,0.24556,-0.46171
244.9,-0.03947,0.15699,-0.41973
245.0,0.34428,0.17189,-0.14027
245.1,0.50674,-0.16953,-0.01002
245.2,0.68036,-0.04768,-0.05616
245.3,0.31203,-0.09196,-0.22307
245.4,0.24055,-0.07162,-0.3659
245.5,0.29907,0.04533,-0.49271
245.6,0.25423,0.1157,-0.23725
245.7,0.22087,0.23551,-0.20902
245.8,0.24621,0.07908,-0.03178
245.9,0.09022,-0.12728,-0.00345
246.0,0.43589,-0.06647,0.03691
246.1,0.56776,-0.17409,0.00521
246.2,0.49569,-0.33994,-0.03278
246.3,0.52386,-0.42831,0.11096
246.4,0.60529,-0.55879,0.18068
246.5,0.74683,-0.40129,0.14213
246.6,0.79506,-0.53113,0.18478
246.7,0.66282,-0.20315,0.39694
246.8,1.03197,-0.38739,0.40377
246.9,0.77456,-0.51585,0.3592
247.0,0.93733,-0.65443,0.08684
247.1,0.99651,-0.57673,0.09027
247.2,1.02215,-0.54471,0.16776
247.3,1.12789,-0.41371,0.31036
247.4,0.95176,-0.41477,0.24177
247.5,1.06496,-0.2715,0.29031
247.6,0.95903,-0.30885,0.38437
247.7,0.99547,-0.38617,0.42272
247.8,0.85999,-0.48837,0.30849
247.9,0.69921,-0.75897,0.2757
248.0,0.79166,-0.76014,-0.06116
248.1,0.72196,-0.67645,-0.00013
248.2,0.80788,-0.74834,-0.1493
248.3,0.4745,-0.53683,0.08617
248.4,0.52668,-0.60849,0.15612
248.5,0.53693,-0.85632,0.0329
248.6,0.43431,-0.86276,0.06122
248.7,0.44305,-0.9301,0.08443
248.8,0.29971,-0.9103,-0.00126
248.9,0.28252,-0.80697,-0.10497
249.0,0.56315,-0.75115,-0.33574
249.1,0.62865,-0.64915,-0.15395
249.2,0.44251,-1.06279,0.04242
249.3,0.63937,-1.15067,0.22367
249.4,0.31281,-1.00473,0.26179
249.5,0.58551,-0.87214,0.21222
249.6,0.30532,-1.01724,-0.19292
249.7,0.49282,-0.88581,-0.19847
249.8,0.22976,-1.07108,0.00269
249.9,0.0904,-0.84177,-0.10643
250.0,-0.04301,-0.66927,0.06293
250.1,-0.14883,-0.79844,-0.05464
250.2,0.05422,-0.49217,-0.23526
250.3,0.05319,-0.40093,-0.34948
250.4,-0.13221,-0.52193,-0.32626
250.5,-0.11098,-0.7099,-0.41917
250.6,-0.09267,-0.7303,-0.27691
250.7,-0.08369,-0.64422,-0.24133
250.8,-0.11341,-0.73904,-0.37494
250.9,-0.29452,-0.74956,-0.55595
251.0,-0.29278,-0.69684,-0.44591
251.1,-0.07716,-0.888,-0.36344
251.2,-0.2603,-0.65065,-0.25107
251.3,-0.37057,-0.8312,-0.2795
251.4,-0.52177,-0.81351,-0.2923
251.5,-0.49742,-0.54324,-0.55491
251.6,-0.4187,-0.29268,-0.4816
251.7,-0.2999,-0.34375,-0.42861
251.8,-0.47538,-0.1817,-0.39679
251.9,-0.41842,-0.23191,-0.38131
252.0,-0.50306,-0.24831,-0.31839
252.1,-0.67698,-0.38205,-0.53927
252.2,-0.79775,-0.12896,-0.79118
252.3,-0.60192,-0.29548,-0.83049
252.4,-0.51426,-0.52405,-0.77623
252.5,-0.37188,-0.74045,-0.73282
252.6,-0.3185,-0.72731,-0.83846
252.7,-0.35695,-0.59961,-0.82258
252.8,-0.35973,-0.71941,-0.81289
252.9,-0.67666,-0.59533,-0.69447
253.0,-0.48961,-0.65744,-1.09535
253.1,-0.59423,-0.5153,-1.15642
253.2,-0.59246,-0.52793,-1.06389
253.3,-0.92766,-0.38193,-0.93088
253.4,-0.81575,-0.58977,-0.65132
253.5,-0.48638,-0.68798,-0.66852
253.6,-0.47908,-0.58471,-0.78425
253.7,-0.39016,-0.42776,-0.39415
253.8,-0.5564,-0.44281,-0.25659
253.9,-0.54695,-0.70465,-0.1346
254.0,-0.24332,-0.72323,-0.26236
254.1,-0.214,-0.79461,-0.30843
254.2,-0.07336,-0.65754,-0.44262
254.3,-0.42724,-0.52362,-0.31689
254.4,-0.42736,-0.63806,-0.37844
254.5,-0.36534,-0.58122,-0.48744
254.6,-0.32453,-0.37146,-0.36924
254.7,-0.55261,-0.10791,-0.64876
254.8,-0.64371,-0.11443,-0.54208
254.9,-0.6516,-0.3344,-0.57376
255.0,-0.56915,-0.43254,-0.40894
255.1,-0.61434,-0.1745,-0.35925
255.2,-0.62033,-0.02322,-0.62452
255.3,-0.54862,0.0163,-0.69047
255.4,-0.5632,-0.04835,-0.33681
255.5,-0.30544,-0.04016,-0.06971
255.6,-0.07566,0.1634,-0.21406
255.7,-0.08138,0.18761,-0.40261
255.8,-0.2102,0.3467,-0.35942
255.9,-0.12073,0.21155,-0.45716
256.0,-0.1569,0.18181,-0.47054
256.1,-0.05999,0.07508,-0.42129
256.2,-0.17689,-0.08713,-0.51461
256.3,-0.22984,-0.06856,-0.6165
256.4,-0.06287,-0.01275,-0.66237
256.5,-0.13706,0.21651,-0.61035
256.6,-0.13969,0.20453,-0.7378
256.7,-0.22733,0.04079,-0.77976
256.8,0.0028,-0.15674,-0.84769
256.9,0.17694,0.01113,-0.91176
257.0,0.26882,0.07571,-1.18808
257.1,0.4294,0.03841,-1.08289
257.2,0.50063,-0.34229,-0.98486
257.3,0.52177,-0.3441,-0.54903
257.4,0.94226,-0.37677,-0.56085
257.5,0.68448,-0.50688,-0.49169
257.6,0.46987,-0.76831,-0.30612
257.7,0.50912,-0.77242,-0.12403
257.8,0.65403,-0.72138,0.07825
257.9,0.77063,-0.90281,-0.01974
258.0,0.66968,-0.81181,0.11204
258.1,0.80215,-0.52646,0.16442
258.2,0.6776,-0.82583,0.18954
258.3,0.94526,-0.77701,0.33708
258.4,0.94428,-0.47476,0.2725
258.5,0.9169,-0.63934,0.2475
258.6,0.7869,-0.69021,0.22345
258.7,0.60487,-0.85292,0.04654
258.8,0.43421,-0.48471,0.0542
258.9,0.41779,-0.34509,0.01799
259.0,0.50831,-0.43551,0.01871
259.1,0.47028,-0.47511,0.19868
259.2,0.52569,-0.33395,0.06042
259.3,0.6381,-0.23188,-0.13342
259.4,0.19488,-0.54854,0.04984
259.5,0.12237,-0.71467,-0.05325
259.6,0.25796,-0.64826,-0.05296
259.7,0.32385,-0.476,0.27581
259.8,0.29911,-0.59817,0.29435
259.9,0.13765,-0.28753,0.28228
260.0,0.0971,-0.35307,0.12476
260.1,0.01369,-0.41548,0.32443
260.2,0.11702,-0.3752,0.22577
260.3,0.17045,-0.24954,0.08142
260.4,0.36667,-0.31628,0.25634
260.5,0.2657,-0.18058,0.24513
260.6,0.16899,-0.18677,0.14275
260.7,-0.05005,-0.23077,0.11082
260.8,-0.24581,-0.32536,0.14334
260.9,-0.07265,-0.34825,0.14841
261.0,0.04838,-0.07519,0.06152
261.1,0.08845,0.1768,0.06334
261.2,0.1855,0.27538,0.22088
261.3,0.10449,0.18148,0.37889
261.4,0.08962,0.26636,0.39424
261.5,0.27277,0.42892,0.57798
261.6,-0.06641,0.37657,0.50586
261.7,-0.18665,0.33342,0.74384
261.8,-0.01953,0.29619,0.78656
261.9,0.22595,0.38061,0.60954
262.0,0.31938,0.54981,0.48431
262.1,-0.00047,0.40552,0.67585
262.2,-0.00377,0.22452,0.4154
262.3,0.09497,-0.04969,0.31683
262.4,0.07498,0.01235,0.21036
262.5,0.40478,0.0209,-0.04659
262.6,0.34807,0.07621,-0.10523
262.7,0.30099,-0.02364,0.11017
262.8,0.10896,0.0694,0.19272
262.9,0.08671,-0.117,0.18333
263.0,0.02615,0.13652,0.08842
263.1,0.16479,0.31024,0.09771
263.2,0.04113,0.18209,0.37597
263.3,0.26284,0.19607,0.42256
263.4,0.13588,0.14521,0.09736
263.5,-0.02012,0.23939,0.10039
263.6,-0.16348,0.32261,-0.32108
263.7,-0.3273,0.34809,-0.25346
263.8,-0.66132,0.18692,-0.40193
263.9,-0.52986,0.03991,-0.04211
264.0,-0.69771,0.14768,0.06141
264.1,-0.9125,0.19383,0.02976
264.2,-1.04591,0.15844,-0.19241
264.3,-1.05132,0.05285,-0.20422
264.4,-0.85374,0.12995,-0.22273
264.5,-0.65717,0.15454,-0.23997
264.6,-0.73356,0.25261,-0.02637
264.7,-0.7408,0.12286,-0.23957
264.8,-0.87769,-0.0021,-0.20013
264.9,-0.59815,-0.10946,-0.0947
265.0,-0.58855,0.04949,-0.11101
265.1,-0.47426,-0.10344,-0.0346
265.2,-0.51199,-0.13122,-0.00148
265.3,-1.10934,-0.40755,-0.09529
265.4,-0.99317,-0.2297,0.19117
265.5,-1.02635,-0.13759,0.00239
265.6,-1.00326,-0.13708,-0.06561
265.7,-0.92948,-0.10074,0.00971
265.8,-0.61594,0.05976,-0.31023
265.9,-0.58069,0.07837,-0.27103
266.0,-0.52648,0.4454,-0.35565
266.1,-0.55014,0.1601,-0.59119
266.2,-0.50124,0.16934,-0.60021
266.3,-0.36012,0.44681,-0.70296
266.4,-0.14237,0.28837,-0.73572
266.5,0.04331,0.42549,-0.52046
266.6,0.16182,0.62331,-0.51344
266.7,0.29612,0.7634,-0.47376
266.8,0.24043,0.68905,-0.32423
266.9,0.26805,0.74417,-0.15972
267.0,0.18675,0.69918,-0.09608
267.1,0.28617,0.75468,-0.1925
267.2,0.2567,0.90801,-0.04747
267.3,0.49619,1.20045,-0.1027
267.4,0.58815,1.0514,-0.33858
267.5,0.66433,0.94745,-0.22598
267.6,0.70657,1.05947,-0.06324
267.7,0.89553,1.01636,0.1178
267.8,0.78642,1.04771,0.1099
267.9,0.53416,0.95482,0.10406
268.0,0.61984,1.07137,-0.14487
268.1,0.55839,1.23017,-0.25668
268.2,-0.03029,1.06498,-0.228
268.3,0.01396,0.88173,0.11471
268.4,-0.03719,0.94864,0.15631
268.5,0.03332,0.82908,0.38802
268.6,-0.0486,0.72444,0.61746
268.7,0.12357,0.5118,0.70174
268.8,0.38404,0.51656,0.47502
268.9,0.30375,0.78189,0.47246
269.0,0.30363,0.89987,0.44414
269.1,0.04621,0.79507,0.51288
269.2,0.21627,0.70421,0.45535
269.3,0.27743,0.39217,0.55842
269.4,0.33122,0.43355,0.55854
269.5,0.27464,0.22773,0.55003
269.6,0.18578,0.09841,0.54924
269.7,0.30828,0.09355,0.2429
269.8,0.26587,0.12991,0.16349
269.9,0.08543,0.07724,0.07265
270.0,0.11808,-0.22023,-0.01278
270.1,0.11179,-0.1937,0.17242
270.2,0.11932,-0.09243,0.15426
270.3,0.2118,-0.43245,0.0135
270.4,0.05033,-0.45483,-0.06714
270.5,-0.01528,-0.39473,0.09006
270.6,0.38336,-0.43745,0.16818
270.7,0.44775,-0.4315,0.24512
270.8,0.3532,-0.27365,0.08717
270.9,0.35161,-0.02986,0.08586
271.0,0.35113,0.1074,-0.02917
271.1,0.08653,-0.12314,-0.08497
271.2,-0.13762,-0.30516,-0.03432
271.3,0.15178,-0.01445,-0.08694
271.4,0.20689,0.05615,-0.01751
271.5,0.11993,0.07377,-0.1493
271.6,0.15122,-0.06133,-0.01149
271.7,0.37925,-0.29228,0.06109
271.8,0.30589,-0.13027,0.20936
271.9,0.46716,-0.13709,-0.12647
272.0,0.72651,-0.22526,-0.51246
272.1,0.56993,-0.08095,-0.64656
272.2,0.50239,-0.03769,-0.84267
272.3,0.28736,-0.22371,-0.92238
272.4,0.31,-0.1745,-0.75683
272.5,0.36013,-0.40884,-0.6299
272.6,0.45002,-0.33306,-0.48617
272.7,0.37739,-0.38584,-0.41736
272.8,0.43314,-0.3737,-0.3695
272.9,0.19487,-0.32773,-0.18
273.0,0.23664,-0.54706,-0.07207
273.1,0.12846,-0.3638,-0.04181
273.2,-0.15904,-0.23779,0.03446
273.3,-0.24447,-0.15389,0.13865
273.4,-0.39937,-0.56368,0.03055
273.5,-0.46459,-0.602,0.09476
273.6,-0.03628,-0.73638,-0.09128
273.7,0.00245,-0.53254,-0.01999
273.8,0.13653,-0.61964,-0.14017
273.9,0.14235,-0.41244,0.18697
274.0,0.12924,-0.33591,0.27757
274.1,0.22461,-0.19384,0.19031
274.2,0.01977,-0.02535,0.22731
274.3,-0.20429,-0.1164,0.35527
274.4,-0.54789,-0.25008,0.57822
274.5,-0.51923,-0.25052,0.42237
274.6,-0.32738,-0.26363,0.21677
274.7,-0.25945,-0.22634,0.12269
274.8,0.19738,-0.21378,0.03464
274.9,0.26967,-0.43983,0.09823
275.0,0.27236,-0.5087,0.14957
275.1,0.23677,-0.5609,0.00827
275.2,0.32239,-0.33826,-0.085
275.3,0.1875,-0.6004,-0.01074
275.4,0.47945,-0.46354,-0.20549
275.5,0.47548,-0.5606,-0.13772
275.6,0.49357,-0.256,-0.3247
275.7,0.73658,-0.48474,-0.34588
275.8,0.4869,-0.44972,-0.38015
275.9,0.21897,-0.62441,-0.57543
276.0,0.03237,-0.63027,-0.41771
276.1,-0.18498,-0.51689,-0.51025
276.2,-0.06005,-0.54701,-0.52472
276.3,0.03034,-0.49138,-0.54559
276.4,0.1502,-0.45751,-0.63224
276.5,0.1871,-0.25032,-0.64879
276.6,0.25919,-0.40371,-0.66453
276.7,0.26997,-0.46008,-0.84468
276.8,0.13144,-0.51197,-0.63964
276.9,0.12174,-0.53155,-0.56374
277.0,0.07017,-0.72021,-0.28085
277.1,0.29976,-0.61841,-0.09671
277.2,0.53765,-0.51675,-0.24132
277.3,0.51481,-0.51357,-0.44192
277.4,0.37497,-0.5301,-0.21626
277.5,0.3731,-0.33828,-0.26069
277.6,0.20605,-0.16817,-0.08555
277.7,0.27845,-0.1082,0.04653
277.8,0.05804,0.21586,-0.17368
277.9,0.05286,0.3719,-0.14551
278.0,-0.01715,0.23995,-0.08893
278.1,-0.0745,0.04355,-0.08352
278.2,-0.18066,0.06521,-0.03601
278.3,-0.18172,-0.06651,0.05599
278.4,-0.22454,-0.04073,0.11004
278.5,-0.05309,-0.06913,0.34014
278.6,-0.34637,0.03742,0.21671
278.7,-0.42682,-0.09105,0.19063
278.8,-0.52101,0.1173,0.04112
278.9,-0.53029,0.09538,0.19005
279.0,-0.45736,0.10646,-0.17126
279.1,-0.46829,0.13013,-0.33913
279.2,-0.31401,0.1597,-0.20525
279.3,-0.22052,0.23464,-0.21174
279.4,-0.00695,0.15531,-0.18992
279.5,0.30479,0.48952,-0.19596
279.6,0.47007,0.52838,0.17348
279.7,0.55352,0.63347,0.08683
279.8,0.53165,0.7094,0.1047
279.9,0.7076,0.53775,0.01625
280.0,0.68201,0.43085,0.128
280.1,0.51215,0.50757,0.01547
280.2,0.63666,0.68613,0.196
280.3,0.61721,0.57051,0.07473
280.4,0.44555,0.80035,-0.01473
280.5,0.34783,0.78302,-0.02671
280.6,0.5111,0.60516,-0.19237
280.7,0.49233,0.68197,-0.03783
280.8,0.31985,0.75828,-0.2213
280.9,0.50714,0.61092,-0.1918
281.0,0.32637,0.60412,-0.11423
281.1,0.1343,0.50341,-0.05093
281.2,-0.00518,0.49167,0.07351
281.3,-0.10204,0.26356,0.35751
281.4,-0.1505,0.14745,0.34161
281.5,-0.46888,-0.07086,0.28244
281.6,-0.79728,-0.05541,0.22269
281.7,-0.84349,-0.37274,0.24936
281.8,-0.77146,-0.41438,0.19481
281.9,-0.58075,-0.09323,0.2506
282.0,-0.61706,-0.25109,0.05436
282.1,-0.36386,-0.30388,-0.07667
282.2,-0.65925,-0.27256,-0.1362
282.3,-0.68336,-0.21412,-0.33819
282.4,-0.75313,-0.20972,-0.17135
282.5,-0.95108,-0.41847,-0.04658
282.6,-1.11537,-0.48671,-0.02505
282.7,-0.8921,-0.28454,0.18094
282.8,-0.51339,-0.28397,0.09816
282.9,-0.69978,-0.22756,0.11583
283.0,-0.58301,-0.05972,0.23576
283.1,-0.58333,0.02282,0.66083
283.2,-0.42005,-0.19986,0.39034
283.3,-0.4732,-0.142,0.2405
283.4,-0.49581,-0.18699,0.2231
283.5,-0.78937,-0.04694,0.04296
283.6,-0.60936,0.14661,0.09268
283.7,-0.39018,0.13445,0.09741
283.8,-0.10215,0.17301,0.1631
283.9,-0.01316,0.26494,0.46412
284.0,-0.03071,0.39998,0.34296
284.1,0.03674,0.39683,0.36395
284.2,-0.13046,0.23153,0.38481
284.3,0.08288,0.17236,0.11507
284.4,0.22407,0.00185,0.07631
284.5,0.13561,-0.19839,-0.03495
284.6,0.2945,-0.17962,0.04559
284.7,0.15947,0.03977,0.31719
284.8,0.10755,0.04863,0.32017
284.9,0.28006,0.07223,0.30001
285.0,0.4627,-0.08451,0.47886
285.1,0.3669,-0.0319,0.2837
285.2,0.44471,0.41161,0.15099
285.3,0.43422,0.24092,0.2062
285.4,0.52476,0.24691,0.38109
285.5,0.39025,0.08062,0.48747
285.6,0.19708,0.37914,0.36002
285.7,0.16799,0.43303,0.343
285.8,-0.2359,0.37187,0.21331
285.9,-0.20014,0.51946,-0.12589
286.0,-0.00826,0.49875,-0.262
286.1,-0.06392,0.21818,-0.19581
286.2,-0.03413,0.41151,-0.12413
286.3,-0.0266,0.45611,-0.14456
286.4,-0.10407,0.5306,-0.52938
286.5,0.09123,0.4635,-0.76964
286.6,0.03661,0.26904,-0.98704
286.7,-0.17879,0.0775,-0.89087
286.8,-0.38638,0.18083,-1.06576
286.9,-0.57542,-0.20695,-1.2316
287.0,-0.42543,-0.26844,-1.28449
287.1,-0.61511,-0.29457,-0.98334
287.2,-0.82848,-0.24862,-1.06805
287.3,-0.80379,-0.28685,-1.14497
287.4,-0.94431,-0.38577,-1.29913
287.5,-1.05793,-0.39474,-1.20768
287.6,-1.03311,-0.54745,-1.33574
287.7,-1.2097,-0.32097,-1.06626
287.8,-1.11065,-0.05496,-0.98054
287.9,-1.04966,-0.12992,-0.91194
288.0,-1.11399,-0.23297,-1.05979
288.1,-1.07413,-0.53655,-0.79248
288.2,-0.88224,-0.3836,-0.84219
288.3,-0.78854,-0.22605,-0.97439
288.4,-0.92123,-0.09253,-1.05651
288.5,-1.10841,0.04689,-1.27183
288.6,-1.10859,0.03213,-1.12922
288.7,-1.00438,0.22799,-1.40613
288.8,-0.73722,0.22546,-1.25546
288.9,-0.49201,0.1475,-1.5373
289.0,-0.46676,0.44406,-1.40399
289.1,-0.5701,0.40516,-1.26628
289.2,-0.56076,0.27854,-1.04376
289.3,-0.62379,0.32721,-0.82653
289.4,-0.68519,0.69346,-0.85643
289.5,-0.46058,0.6696,-0.78557
289.6,-0.20448,0.44669,-0.66949
289.7,-0.33154,0.14327,-0.57993
289.8,-0.54327,0.33418,-0.56567
289.9,-0.40976,0.1579,-0.58859
290.0,-0.04478,0.15894,-0.95594
290.1,-0.1088,0.38789,-0.99726
290.2,-0.1869,0.51118,-0.91262
290.3,0.01561,0.53935,-0.76411
290.4,-0.108,0.54267,-0.95617
290.5,-0.005,0.4482,-0.59607
290.6,-0.10053,0.1536,-0.60025
290.7,0.10943,-0.02488,-0.77719
290.8,-0.03148,-0.08535,-0.76056
290.9,0.12553,0.11594,-0.96456
291.0,0.20931,0.08412,-0.95709
291.1,0.21495,0.11516,-0.67673
291.2,0.17554,0.30895,-0.62331
291.3,0.34165,0.40549,-0.5074
291.4,0.33815,0.21633,-0.25144
291.5,0.4911,0.14946,-0.1756
291.6,0.44989,-0.00525,-0.11208
291.7,0.67963,-0.11204,0.09977
291.8,0.50039,-0.08593,0.26406
291.9,0.63735,0.04081,0.2807
292.0,0.63247,0.05304,0.25811
292.1,0.75205,0.02479,0.1806
292.2,0.65016,0.00622,-0.04975
292.3,0.75609,-0.15939,-0.32092
292.4,1.078,-0.35897,-0.25985
292.5,0.9951,-0.51607,-0.59702
292.6,0.84804,-0.38849,-0.52295
292.7,0.54609,-0.23452,-0.47019
292.8,0.66629,-0.08365,-0.46145
292.9,0.57399,0.10057,-0.55061
293.0,0.70001,0.06709,-0.47736
293.1,0.34917,0.04536,-0.24263
293.2,0.39205,0.40323,-0.33177
293.3,0.74552,0.03614,-0.09806
293.4,0.72983,-0.13292,-0.00875
293.5,0.79802,-0.29719,-0.03688
293.6,0.74787,0.15435,0.12777
293.7,0.72113,0.02903,0.17399
293.8,0.69883,0.10395,0.11287
293.9,0.75726,0.11403,0.01419
294.0,0.47206,0.28979,0.13353
294.1,0.49645,0.40429,0.16514
294.2,0.39198,0.2509,0.09485
294.3,0.28549,0.29518,0.11259
294.4,0.34613,0.30355,0.29457
294.5,0.52458,0.29893,0.32974
294.6,0.50783,0.61904,0.35775
294.7,0.41461,0.51994,0.51808
294.8,0.46719,0.56035,0.35091
294.9,0.36435,0.51035,0.42292
295.0,0.12473,0.45075,0.30955
295.1,-0.00465,0.3457,0.31261
295.2,-0.01276,0.24882,0.41948
295.3,-0.10057,0.11031,0.47001
295.4,0.02216,0.13787,0.16875
295.5,0.13902,0.42359,0.38888
295.6,0.15771,0.32441,0.17786
295.7,0.03987,0.2745,0.12772
295.8,-0.12013,0.23771,0.20827
295.9,-0.02406,0.40975,0.31401
296.0,-0.22615,0.14075,0.54546
296.1,-0.16596,0.09546,0.48624
296.2,0.14942,0.00549,0.3516
296.3,0.25982,0.02536,0.26868
296.4,0.2359,0.25828,0.05841
296.5,0.08616,0.22541,0.44821
296.6,0.04134,0.01284,0.42102
296.7,-0.05888,-0.14505,0.6016
296.8,-0.21784,-0.2057,0.74778
296.9,-0.16616,-0.02283,0.66086
297.0,-0.39742,-0.04584,0.6523
297.1,-0.31685,-0.01677,0.5723
297.2,-0.58997,0.11838,0.45414
297.3,-0.54396,0.21894,0.41206
297.4,-0.69214,0.3703,0.47432
297.5,-0.43394,0.11905,0.6192
297.6,-0.37367,-0.08419,0.45893
297.7,-0.37647,-0.08654,0.44462
297.8,-0.39701,-0.20497,0.35852
297.9,-0.13469,-0.12996,0.44618
298.0,0.06279,-0.05472,0.49238
298.1,-0.05451,0.13851,0.37278
298.2,-0.49937,0.22588,0.21689
298.3,-0.51699,0.26225,0.31316
298.4,-0.69988,0.37425,0.3376
298.5,-0.72807,0.22981,0.27245
298.6,-0.63599,0.3805,0.14584
298.7,-0.60854,0.17717,0.0361
298.8,-0.48283,0.03743,0.23491
298.9,-0.54401,0.2374,0.26905
299.0,-0.6286,0.40899,0.36749
299.1,-0.50058,0.19456,0.39258
299.2,-0.73415,0.51263,0.65632
299.3,-0.79326,0.53558,0.40487
299.4,-0.92429,0.32004,0.04115
299.5,-1.18211,0.17236,0.20271
299.6,-1.07257,0.20361,0.18247
299.7,-1.28597,0.03518,-0.02954
299.8,-1.0405,0.1718,-0.00171
299.9,-1.06112,0.04466,0.02145
300.0,-1.2356,0.08085,0.04417
300.1,-1.14294,-0.00757,-0.28435
300.2,-0.97202,0.15282,-0.29996
300.3,-0.84765,-0.04408,-0.35736
300.4,-0.77435,0.11495,-0.22605
300.5,-0.59934,0.28004,-0.24903
300.6,-0.71295,0.42079,-0.29203
300.7,-0.72996,0.31656,-0.19704
300.8,-0.5451,0.30578,-0.22709
300.9,-0.30109,0.42772,-0.25967
301.0,-0.44386,0.19937,-0.37246
301.1,-0.54002,0.05666,-0.18974
301.2,-0.54768,-0.18379,0.08633
301.3,-0.48093,-0.33872,0.23548
301.4,-0.18264,-0.26449,0.17754
301.5,0.06754,-0.09821,0.27637
301.6,-0.27868,0.16562,0.2456
301.7,-0.09123,0.04941,0.04555
301.8,0.26624,0.04742,0.07056
301.9,0.0769,-0.18926,0.03187
302.0,0.19971,-0.25123,0.1987
302.1,-0.04081,0.09946,0.32482
302.2,0.0367,0.39534,0.08199
302.3,-0.17515,0.31178,-0.29344
302.4,-0.00663,0.20502,-0.18856
302.5,0.00746,0.21258,-0.13776
302.6,0.04026,0.35991,-0.18145
302.7,0.03586,0.05415,-0.07086
302.8,-0.02104,-0.27693,0.14197
302.9,-0.05631,-0.16388,-0.06347
303.0,-0.08291,0.1105,-0.02855
303.1,-0.10968,0.5757,-0.23517
303.2,-0.43486,0.40647,-0.32918
303.3,-0.19802,0.17712,-0.28381
303.4,0.16104,0.26697,-0.13892
303.5,0.06673,0.21646,-0.05642
303.6,-0.0568,0.17168,-0.10439
303.7,-0.1026,0.00288,-0.41659
303.8,-0.05936,-0.00641,-0.15138
303.9,0.00331,0.0241,0.08129
304.0,-0.16544,-0.04563,0.0726
304.1,-0.2983,0.14609,-0.0088
304.2,-0.1842,0.10787,0.13001
304.3,-0.53798,-0.03983,0.20388
304.4,-0.40692,-0.16355,-0.06377
304.5,-0.4127,-0.20871,-0.1716
304.6,-0.17433,-0.23971,0.01997
304.7,0.07465,-0.22693,-0.09309
304.8,0.34551,-0.02896,0.16157
304.9,0.45732,-0.50125,0.17832
305.0,0.49447,-0.50658,0.04965
305.1,0.30271,-0.56734,0.10949
305.2,0.35225,-0.48055,-0.0374
305.3,0.21546,-0.43553,-0.17216
305.4,0.38479,-0.14259,-0.20096
305.5,0.29174,0.15715,-0.21719
305.6,0.42835,0.22148,-0.15075
305.7,0.45247,0.33638,0.01714
305.8,0.30331,0.35338,-0.00316
305.9,0.11263,0.11039,-0.05452
306.0,0.00723,0.22449,0.19313
306.1,-0.08847,0.08809,-0.01563
306.2,-0.34235,6e-05,-0.04495
306.3,-0.23454,-0.00573,0.3284
306.4,-0.14067,-0.24851,0.38505
306.5,-0.15639,-0.40177,0.55506
306.6,-0.13945,-0.3913,0.42877
306.7,-0.02185,-0.36221,0.1672
306.8,0.02487,-0.36891,0.27487
306.9,0.0589,-0.38784,0.40589
307.0,0.23252,-0.06281,0.40106
307.1,0.24266,-0.18848,0.58866
307.2,0.28213,-0.21081,0.89141
307.3,0.37586,-0.17289,0.84225
307.4,0.51821,-0.19355,1.05251
307.5,0.62792,-0.04481,1.08951
307.6,0.71495,-0.34764,0.77279
307.7,0.48112,0.3013,0.81997
307.8,0.47037,0.58982,0.98612
307.9,0.21531,0.3737,1.02068
308.0,0.41134,0.2762,0.83815
308.1,0.37923,0.33154,0.69791
308.2,0.27044,0.25647,0.83232
308.3,0.56393,0.09069,0.84498
308.4,0.52959,-0.06517,0.99965
308.5,0.43998,-0.1122,0.75555
308.6,0.48359,-0.31064,0.78269
308.7,0.41371,-0.3876,0.6754
308.8,0.54992,-0.66022,0.58204
308.9,0.55814,-0.63984,0.22447
309.0,0.75466,-0.8073,0.1787
309.1,0.6778,-0.82644,-0.04246
309.2,0.5991,-0.97657,-0.25345
309.3,0.41311,-0.92262,-0.21566
309.4,0.56336,-0.77974,-0.4411
309.5,0.2062,-0.73427,-0.38968
309.6,-0.02014,-0.71884,-0.50715
309.7,0.1361,-0.98263,-0.37513
309.8,0.00465,-1.06489,-0.23849
309.9,0.10017,-1.13941,-0.29648
310.0,-0.17692,-1.214,-0.26867
310.1,-0.43103,-1.02197,-0.38117
310.2,-0.23605,-1.14927,-0.47689
310.3,-0.38133,-1.17028,-0.3546
310.4,-0.16147,-1.02354,-0.07108
310.5,-0.37405,-0.76269,-0.23606
310.6,-0.48969,-0.88996,-0.22245
310.7,-0.64524,-0.91796,-0.34954
310.8,-0.64252,-0.76603,-0.40939
310.9,-0.42681,-0.77668,-0.33007
311.0,-0.55138,-0.90033,-0.49192
311.1,-0.67813,-0.69127,-0.67126
311.2,-0.83186,-0.71606,-0.8785
311.3,-0.59773,-0.7298,-0.88334
311.4,-0.49002,-0.67243,-0.83217
311.5,-0.22949,-0.75229,-0.82074
311.6,-0.24072,-0.71652,-0.97936
311.7,-0.12576,-0.57181,-1.01885
311.8,-0.14119,-0.61725,-0.75665
311.9,-0.27471,-1.04909,-0.76343
312.0,-0.22817,-0.8871,-0.63805
312.1,-0.12744,-0.86361,-0.68304
312.2,0.07255,-0.74875,-0.36561
312.3,-0.10824,-0.90668,-0.34239
312.4,0.04323,-1.01498,-0.11675
312.5,0.2922,-1.19218,-0.08405
312.6,0.32226,-0.80395,-0.10816
312.7,0.31171,-0.76704,-0.12646
312.8,0.20063,-0.90201,-0.04565
312.9,0.1965,-0.91977,0.08671
313.0,0.30131,-0.82557,0.03772
313.1,0.25224,-0.89749,-0.04939
313.2,0.11134,-0.77416,0.11436
313.3,-0.06333,-0.55129,0.23679
313.4,-0.04926,-0.42308,0.10832
313.5,0.14642,-0.50115,0.43521
313.6,-0.05131,-0.27371,0.50575
313.7,0.13339,-0.48612,0.33803
313.8,0.21006,-0.58587,0.28362
313.9,0.07024,-0.78515,0.18143
314.0,0.11648,-0.98627,0.23343
314.1,0.04469,-0.76785,0.32456
314.2,-0.05026,-0.82872,0.22597
314.3,-0.11942,-0.41205,-0.03967
314.4,0.08395,-0.55205,0.09222
314.5,0.12139,-0.5699,0.33272
314.6,0.10006,-0.50314,0.45538
314.7,0.16709,-0.26242,0.4337
314.8,-0.2233,-0.10202,0.1733
314.9,-0.10591,-0.04312,-0.06101
315.0,0.26515,0.02481,-0.00479
315.1,0.29082,0.24634,0.28658
315.2,0.41912,0.21029,0.44501
315.3,0.35526,-0.08469,0.74717
315.4,0.27179,0.05772,0.86507
315.5,0.34771,0.03135,0.65059
315.6,0.49159,-0.02267,0.82209
315.7,0.32798,-0.03422,0.72222
315.8,0.17246,-0.22899,0.54717
315.9,0.14817,-0.01025,0.72749
316.0,0.18513,0.16826,0.93706
316.1,0.28939,0.07044,0.88119
316.2,0.61414,-0.08528,0.95043
316.3,0.80524,0.03943,0.36501
316.4,0.59554,0.20907,0.27707
316.5,0.56588,0.0138,0.12237
316.6,0.64495,-0.14329,-0.11522
316.7,0.6227,-0.49746,-0.33475
316.8,0.90775,-0.44749,-0.34648
316.9,1.07498,-0.39027,-0.50869
317.0,1.2906,-0.59904,-0.61933
317.1,1.06,-0.69579,-0.50989
317.2,0.78859,-0.93361,-0.49576
317.3,0.6172,-0.77051,-0.44813
317.4,0.4643,-0.69625,-0.51583
317.5,0.14595,-0.76556,-0.39655
317.6,-0.02524,-1.02409,-0.44361
317.7,0.1164,-1.18266,-0.55703
317.8,-0.09584,-1.22708,-0.31722
317.9,0.11916,-1.29267,-0.12652
318.0,-0.02242,-1.2899,-0.61937
318.1,-0.06075,-1.1948,-0.65404
318.2,-0.15327,-1.25735,-0.77022
318.3,0.14836,-1.38746,-0.70483
318.4,0.26914,-1.15404,-0.74038
318.5,0.15967,-1.06077,-0.79667
318.6,0.08536,-1.06946,-0.77472
318.7,0.33869,-0.71969,-0.70334
318.8,0.67004,-0.76156,-0.57239
318.9,0.71276,-0.61954,-0.83345
319.0,0.46647,-0.42192,-0.88439
319.1,0.40133,-0.37657,-1.09852
319.2,0.55079,-0.641,-1.11843
319.3,0.67833,-0.35845,-0.9954
319.4,0.61474,-0.05563,-0.73544
319.5,0.68565,-0.01954,-0.46018
319.6,0.75297,0.21113,-0.46326
319.7,0.96773,0.18972,-0.20786
319.8,0.7823,0.15855,-0.14684
319.9,0.7779,0.06233,-0.03384
320.0,0.57752,0.1642,-0.13816
320.1,0.4547,0.07952,-0.19065
320.2,0.24865,-0.19417,-0.24713
320.3,0.25806,-0.35387,-0.33208
320.4,0.30325,-0.27467,-0.28924
320.5,0.32955,-0.19445,-0.27952
320.6,0.54771,-0.16439,-0.18921
320.7,0.67682,-0.08741,-0.12689
320.8,0.63646,-0.11915,-0.14784
320.9,0.76728,-0.10905,-0.00958
321.0,0.84593,-0.22055,0.18212
321.1,0.82083,-0.2001,0.30023
321.2,0.37097,0.27386,0.29112
321.3,0.32043,0.16906,0.15
321.4,0.7069,0.08699,0.48785
321.5,0.66602,0.20385,0.43174
321.6,0.65523,0.09485,0.44503
321.7,0.64784,0.13274,0.47014
321.8,0.78903,0.18557,0.69458
321.9,0.55727,0.14601,0.93407
322.0,0.74444,0.09221,1.06112
322.1,0.90997,0.22547,0.99433
322.2,0.50957,0.33899,1.06466
322.3,0.2378,0.22883,0.87468
322.4,0.03413,0.22443,0.93892
322.5,0.10752,0.17082,0.89269
322.6,0.06479,0.08281,0.88006
322.7,0.08359,-0.02422,1.06064
322.8,-0.1078,-0.33505,0.99394
322.9,-0.12174,-0.40539,1.00873
323.0,-0.09015,-0.37445,0.78845
323.1,-0.07641,-0.69396,0.9885
323.2,-0.14391,-0.74668,1.00705
323.3,-0.09806,-0.49665,0.82951
323.4,0.18306,-0.41832,0.8877
323.5,0.09604,-0.3642,0.92547
323.6,0.01248,-0.27754,0.68663
323.7,-0.05723,-0.31568,0.66749
323.8,0.03355,-0.26664,0.56789
323.9,-0.03179,-0.17787,0.84841
324.0,0.13076,0.10316,0.90026
324.1,-0.02219,-0.01388,0.80061
324.2,-0.10118,0.05962,0.86905
324.3,0.09452,0.19799,1.00631
324.4,0.27067,0.25789,1.05364
324.5,0.30223,0.37865,1.01327
324.6,0.2624,0.18939,0.93327
324.7,0.44819,0.22766,0.78467
324.8,0.5224,0.01184,1.07718
324.9,0.3269,0.12516,1.02429
325.0,0.38672,-0.01657,1.05269
325.1,0.42163,0.14954,0.70571
325.2,0.26201,-0.09079,0.61775
325.3,0.54604,-0.1259,1.00344
325.4,0.74543,0.22753,0.89363
325.5,0.91097,0.02419,0.78886
325.6,0.92446,0.02288,0.86996
325.7,0.6982,-0.17311,0.68683
325.8,0.7872,-0.23335,0.59737
325.9,0.77716,-0.36557,0.21951
326.0,0.61288,-0.23137,0.20981
326.1,0.60045,-0.17694,0.35492
326.2,0.76276,0.162,0.59953
326.3,0.74115,0.10837,0.79378
326.4,0.34573,0.08947,0.78764
326.5,0.39283,0.38175,0.88456
326.6,0.39807,0.52734,0.75362
326.7,0.24178,0.72935,0.77217
326.8,0.34078,0.85579,0.38962
326.9,0.05993,0.89085,0.3669
327.0,0.15481,0.76899,0.32366
327.1,-0.03453,0.47552,0.17043
327.2,0.07582,0.37227,0.16943
327.3,-0.1488,0.26654,0.26877
327.4,-0.32602,0.30568,0.24377
327.5,-0.05076,0.29818,0.27104
327.6,-0.18015,0.28105,0.32271
327.7,-0.15095,0.20429,0.08081
327.8,-0.14701,0.25586,0.08724
327.9,0.07494,0.01563,0.18367
328.0,0.21537,0.35662,-0.02915
328.1,0.11128,0.28973,-0.03668
328.2,-0.04719,0.03827,-0.31114
328.3,-0.05012,-0.16871,-0.2081
328.4,0.00549,-0.11195,-0.103
328.5,0.07268,-0.19084,-0.05144
328.6,0.05556,-0.26731,0.11349
328.7,0.10984,-0.2713,-0.11082
328.8,0.03921,-0.29213,-0.03685
328.9,0.12148,-0.2989,0.07927
329.0,-0.05233,-0.18579,0.17775
329.1,-0.02767,0.01332,0.29995
329.2,-0.02152,0.40143,0.13892
329.3,0.21439,0.24165,0.35857
329.4,0.14471,0.14187,0.23665
329.5,0.11767,-0.31056,0.22456
329.6,0.08272,-0.57212,0.1296
329.7,0.00321,-0.48773,0.19809
329.8,0.15633,-0.52611,0.23095
329.9,0.18718,-0.59255,0.31791
330.0,0.07157,-0.61794,0.21192
330.1,-0.03873,-0.6041,0.24013
330.2,-0.04868,-0.28947,0.13487
330.3,0.05922,-0.15691,-0.04455
330.4,0.18688,-0.09738,-0.29187
330.5,0.19202,-0.13417,-0.4994
330.6,0.42817,-0.30272,-0.52792
330.7,0.32477,-0.24149,-0.66179
330.8,0.08845,-0.32845,-0.71734
330.9,0.13734,-0.26751,-0.77166
331.0,0.08756,-0.20949,-0.80056
331.1,0.13702,-0.33286,-1.03769
331.2,0.34078,-0.12943,-0.9526
331.3,0.16202,-0.20442,-1.12244
331.4,0.02651,-0.47633,-1.23556
331.5,-0.06636,-0.22994,-1.06011
331.6,0.0343,-0.11267,-1.15842
331.7,-0.19938,-0.05548,-1.16103
331.8,0.09909,0.19869,-1.47364
331.9,0.40223,0.12706,-1.67432
332.0,0.3499,0.16817,-1.64458
332.1,0.35439,0.19144,-1.71529
332.2,0.03782,0.31493,-1.76202
332.3,0.09464,0.37659,-1.83282
332.4,0.02599,0.7216,-1.71618
332.5,0.20318,0.62899,-1.48504
332.6,0.44385,0.58071,-1.7294
332.7,0.64439,0.61781,-1.54611
332.8,0.35628,0.61416,-1.6459
332.9,0.17751,0.45358,-1.70705
333.0,0.32776,0.7323,-1.79937
333.1,0.36845,0.68416,-1.86155
333.2,0.67381,0.60926,-2.09554
333.3,0.42685,0.44986,-1.75313
333.4,0.55145,0.4833,-1.62932
333.5,0.65986,0.60673,-1.66811
333.6,0.73643,0.72387,-1.45482
333.7,0.73861,0.73389,-1.61553
333.8,0.55292,0.64709,-1.88668
333.9,0.7177,0.55888,-1.81279
334.0,0.90454,0.55716,-1.69087
334.1,0.93916,0.49687,-1.45628
334.2,0.82976,0.59891,-1.40154
334.3,0.86013,0.59422,-1.33806
334.4,0.95726,0.4232,-1.25812
334.5,1.07839,0.48114,-1.08384
334.6,1.23728,0.7011,-0.89492
334.7,1.531,0.66922,-0.88637
334.8,1.44326,0.88978,-1.15938
334.9,1.39193,0.89961,-1.02376
335.0,1.25237,0.60126,-1.0944
335.1,1.48401,0.61431,-0.91225
335.2,1.64506,0.40065,-1.02688
335.3,1.44024,0.55906,-1.23767
335.4,1.412,0.6474,-1.22561
335.5,1.06538,0.40527,-1.19796
335.6,0.92457,0.45627,-1.32501
335.7,0.54645,0.67609,-1.15443
335.8,0.32272,0.71569,-1.19361
335.9,0.37794,0.80059,-1.31395
336.0,0.24263,0.77191,-1.15744
336.1,0.3556,0.60157,-1.09761
336.2,0.38662,0.59273,-1.25378
336.3,0.47353,0.7487,-1.03931
336.4,0.46209,0.60029,-0.85098
336.5,0.1289,0.54922,-0.63481
336.6,0.07604,0.67798,-0.27272
336.7,-0.11826,0.58688,-0.19997
336.8,-0.0084,0.69781,-0.17963
336.9,-0.10852,0.82461,-0.50509
337.0,-0.28637,0.60014,-0.33087
337.1,-0.10538,0.59561,-0.42829
337.2,-0.2693,0.29433,-0.32725
337.3,-0.35333,0.43766,0.10667
337.4,-0.06437,0.38472,0.28318
337.5,0.1002,0.21587,0.30323
337.6,0.26887,-0.06432,0.21759
337.7,0.46279,0.09009,0.41811
337.8,0.49378,0.12667,0.27573
337.9,0.52797,0.03301,0.27386
338.0,0.55354,0.0462,0.45157
338.1,0.51596,0.10212,0.51696
338.2,0.47066,0.16565,0.26835
338.3,0.46003,0.14373,0.34573
338.4,0.63724,0.19135,0.16903
338.5,0.54243,-0.04292,0.20027
338.6,0.48333,0.08188,0.04163
338.7,0.34902,-0.15444,0.19697
338.8,0.29488,-0.40671,0.2002
338.9,0.21503,-0.37973,0.30866
339.0,0.10334,-0.37922,0.30838
339.1,-0.02207,-0.5491,-0.04681
339.2,-0.06413,-0.76094,-0.16537
339.3,-0.14662,-0.67801,-0.11075
339.4,-0.35624,-0.57319,-0.07855
339.5,-0.3784,-0.78054,-0.20601
339.6,-0.53319,-0.44969,-0.12597
339.7,-0.74272,-0.34811,-0.38201
339.8,-0.86144,-0.32217,-0.56019
339.9,-0.94448,-0.16658,-0.50624
340.0,-0.92059,-0.39231,-0.33017
340.1,-0.82198,-0.32887,-0.47264
340.2,-0.83411,-0.16415,-0.24009
340.3,-0.78503,-0.44266,-0.14461
340.4,-0.44211,-0.57836,-0.15218
340.5,-0.25033,-0.88069,-0.25154
340.6,-0.25142,-0.733,-0.25124
340.7,-0.35541,-0.54512,-0.25388
340.8,-0.2659,-0.4672,-0.31268
340.9,-0.05291,-0.5645,-0.54792
341.0,-0.13995,-0.281,-0.56133
341.1,0.13695,-0.07828,-0.73776
341.2,-0.02335,0.09086,-0.66081
341.3,0.08367,0.05715,-0.66262
341.4,0.2884,0.16306,-0.64611
341.5,0.52522,0.1,-0.34174
341.6,0.65598,0.14198,-0.36054
341.7,0.49549,0.1092,-0.34483
341.8,0.34013,0.31379,0.10922
341.9,0.47265,0.4497,-0.02937
342.0,0.5797,0.44462,-0.00708
342.1,0.72632,0.2749,0.05697
342.2,0.61385,0.34116,-0.10727
342.3,0.53526,0.13072,-0.1911
342.4,0.46939,-0.21593,-0.07099
342.5,0.14704,0.00238,-0.05262
342.6,0.14984,0.23662,-0.13972
342.7,0.53067,0.17647,-0.172
342.8,0.42749,0.08095,0.01248
342.9,0.42405,-0.05171,0.06713
343.0,0.39317,-0.11546,0.24594
343.1,0.34742,-0.49754,0.32614
343.2,0.17281,-0.5158,0.42128
343.3,0.03614,-0.53024,0.34078
343.4,-0.20389,-0.46318,0.23113
343.5,-0.29761,-0.55432,0.35965
343.6,-0.69382,-0.38964,0.38502
343.7,-0.77406,-0.34936,0.31989
343.8,-1.03434,-0.43048,0.31095
343.9,-0.768,-0.60623,0.0295
344.0,-0.84138,-0.24429,0.0412
344.1,-0.89547,-0.14659,0.07246
344.2,-0.72531,-0.3293,0.35572
344.3,-0.63749,0.04755,0.41201
344.4,-0.66496,0.10639,0.41655
344.5,-0.56837,0.16552,0.25276
344.6,-0.40545,0.03883,0.36745
344.7,-0.19041,-0.21338,0.40045
344.8,-0.32916,-0.04874,0.2304
344.9,-0.44411,-0.0116,0.23483
345.0,-0.30376,0.10943,-0.18623
345.1,-0.11811,0.10494,-0.29143
345.2,-0.11961,0.09732,-0.30144
345.3,0.08062,0.01893,-0.20362
345.4,-0.10623,-0.1589,-0.14954
345.5,-0.36275,0.32943,-0.16494
345.6,-0.16334,0.35569,-0.09658
345.7,0.37398,0.41418,0.08261
345.8,0.45288,0.40115,0.11873
345.9,0.47164,0.01274,0.31241
346.0,0.28874,-0.1691,0.17326
346.1,0.36635,-0.14031,-0.08632
346.2,0.37719,-0.03466,-0.22286
346.3,0.20202,0.23675,-0.1751
346.4,0.54005,0.44322,-0.33586
346.5,0.55045,0.22749,-0.34076
346.6,0.62139,-0.0182,-0.39893
346.7,0.45104,-0.14624,-0.54537
346.8,0.21426,-0.09637,-0.30064
346.9,0.22726,-0.16908,-0.29467
347.0,0.42004,-0.0743,0.0528
347.1,0.24914,-0.22829,0.05905
347.2,-0.03788,-0.12878,-0.04745
347.3,-0.14996,-0.1874,-0.05261
347.4,-0.01952,-0.39336,-0.06576
347.5,-0.03226,-0.21282,-0.25079
347.6,0.07945,-0.18135,-0.49622
347.7,0.1168,-0.23317,-0.40718
347.8,0.00756,-0.28272,-0.63179
347.9,-0.30708,-0.29096,-0.74434
348.0,-0.24112,-0.22927,-0.58306
348.1,0.01205,-0.47225,-0.61693
348.2,0.28408,-0.68589,-0.56785
348.3,0.27019,-0.80353,-0.66021
348.4,0.08405,-0.5896,-0.61736
348.5,-0.06878,-0.37597,-0.69976
348.6,-0.23505,-0.12834,-0.6986
348.7,-0.1216,-0.13971,-0.84083
348.8,0.16934,0.11289,-0.70062
348.9,0.28165,0.00619,-0.88213
349.0,0.26023,0.07133,-0.9575
349.1,0.27598,-0.23048,-1.28929
349.2,0.20189,-0.18891,-1.31089
349.3,0.34749,-0.27634,-1.25382
349.4,0.23115,-0.22238,-1.39623
349.5,0.22335,-0.15832,-1.42396
349.6,0.28852,-0.09008,-1.28615
349.7,0.54416,0.1927,-0.92069
349.8,0.32654,0.42718,-0.71927
349.9,0.46309,0.29569,-0.64332
350.0,0.0343,0.23262,-0.50109
350.1,0.06338,0.48302,-0.6514
350.2,0.1384,0.34036,-0.72366
350.3,0.19286,0.54319,-0.8298
350.4,-0.12162,0.31944,-0.46609
350.5,-0.02216,0.29736,-0.30553
350.6,0.13643,0.16266,-0.2787
350.7,0.21226,0.23811,-0.24631
350.8,0.38246,0.24192,-0.3175
350.9,0.33395,0.12714,-0.22813
351.0,0.51092,-0.10874,-0.21916
351.1,0.61548,-0.15088,-0.0633
351.2,0.34937,-0.17875,-0.02104
351.3,0.26145,-0.16658,-0.07701
351.4,-0.06469,-0.18605,-0.17289
351.5,-0.27239,-0.10223,-0.23486
351.6,-0.37774,-0.00849,-0.44083
351.7,-0.71629,-0.09397,-0.41856
351.8,-0.74972,-0.29096,-0.33895
351.9,-0.83486,-0.27291,-0.31233
352.0,-0.78667,0.07135,-0.35182
352.1,-0.83951,-0.24534,-0.13163
352.2,-0.98573,-0.57853,0.0729
352.3,-1.16539,-0.61193,0.38961
352.4,-1.06229,-0.55111,0.22455
352.5,-0.84217,-0.56251,0.41243
352.6,-0.74026,-0.5255,0.26006
352.7,-0.68503,-0.41875,0.2718
352.8,-0.64942,-0.30499,0.62375
352.9,-0.47122,-0.04808,0.45078
353.0,-0.36596,0.18888,0.45715
353.1,-0.48969,0.1503,0.48183
353.2,-0.7182,0.30534,0.55205
353.3,-0.54814,0.4292,0.66785
353.4,-0.79801,0.23013,0.64417
353.5,-0.70317,0.44132,0.68599
353.6,-0.85474,0.20557,0.69356
353.7,-0.60851,0.1426,0.7335
353.8,-0.41587,-0.05769,0.6703
353.9,-0.48695,-0.16096,0.6984
354.0,-0.5608,-0.04872,0.61943
354.1,-0.4767,-0.36122,0.6141
354.2,-0.46306,-0.27196,0.58264
354.3,-0.23023,-0.15328,0.49639
354.4,-0.21103,-0.64019,0.24538
354.5,-0.42985,-0.71987,0.18569
354.6,-0.4933,-0.67982,0.24436
354.7,-0.39272,-0.70268,-0.05404
354.8,-0.33508,-0.4236,-0.04773
354.9,-0.41077,-0.58599,-0.05873
355.0,-0.36494,-0.59111,0.37837
355.1,-0.24332,-0.40028,0.13314
355.2,-0.13925,-0.45814,0.16208
355.3,-0.1097,-0.5436,0.17635
355.4,0.01666,-0.34876,0.21747
355.5,0.00504,-0.08865,0.4162
355.6,-0.14197,-0.36319,0.37543
355.7,0.25129,-0.46646,0.22594
355.8,0.46134,-0.40283,0.27283
355.9,0.45959,-0.42982,0.15082
356.0,0.21237,-0.19404,0.09615
356.1,0.17413,0.00739,0.17794
356.2,0.44708,-0.17947,0.38868
356.3,0.47027,-0.34894,0.49736
356.4,0.54623,-0.46304,0.50211
356.5,0.58805,-0.61878,0.63342
356.6,0.45225,-0.50605,0.7288
356.7,0.35325,-0.59952,0.25496
356.8,0.43359,-0.56161,0.28009
356.9,0.82115,-0.61389,0.29599
357.0,0.88992,-0.29256,0.14773
357.1,0.9334,-0.41386,0.12224
357.2,0.8358,-0.29061,0.2516
357.3,0.57586,-0.222,0.28712
357.4,0.56632,0.10025,0.37947
357.5,0.79052,0.00064,0.33223
357.6,0.6796,0.13777,0.2083
357.7,0.63184,0.14,0.29442
357.8,0.69072,0.08192,0.26692
357.9,0.77593,-0.05316,0.20196
358.0,0.62887,-0.09624,0.0548
358.1,0.61659,0.01249,-0.38291
358.2,0.69786,-0.27904,-0.48518
358.3,0.52594,-0.30866,-0.35099
358.4,0.26029,-0.37533,-0.37567
358.5,0.29607,-0.38035,-0.63112
358.6,0.12346,-0.23716,-0.91461
358.7,0.14068,-0.32271,-0.85667
358.8,0.21689,-0.29749,-0.56472
358.9,0.04881,-0.28889,-0.18364
359.0,0.17226,-0.38655,-0.00986
359.1,0.13346,-0.53765,0.01372
359.2,0.14558,-0.46604,0.08466
359.3,0.16865,-0.52357,0.16949
359.4,0.14838,-0.46892,-0.07217
359.5,0.17953,-0.49497,0.00733
359.6,0.10938,-0.32605,-0.08352
359.7,0.09106,-0.11465,0.07149
359.8,-0.0141,-0.11589,-0.12819
359.9,-0.12523,-0.10928,-0.24871
360.0,-0.21607,-0.00228,-0.13741
360.1,-0.37078,0.25758,0.00534
360.2,-0.33315,0.22792,-0.09281
360.3,-0.47891,0.21375,-0.08357
360.4,-0.32483,0.21923,0.12093
360.5,-0.52249,0.30014,0.31299
360.6,-0.1185,0.38459,0.14896
360.7,-0.3941,0.30902,0.04781
360.8,-0.39812,0.22762,0.1583
360.9,-0.46592,0.15238,0.01255
361.0,-0.24332,0.08672,0.04659
361.1,0.04166,-0.0007,0.20816
361.2,0.00043,-0.16733,0.08276
361.3,-0.12085,-0.31361,0.07224
361.4,-0.2019,-0.25983,0.08451
361.5,0.18168,-0.33889,0.26512
361.6,0.39106,-0.51246,0.28248
361.7,0.38156,-0.30722,0.31152
361.8,0.65774,-0.13064,0.43999
361.9,0.51048,0.06625,0.6504
362.0,0.66085,0.15975,0.85507
362.1,0.68594,0.08652,0.66864
362.2,0.55529,0.10175,0.57239
362.3,0.53001,0.13911,0.41182
362.4,0.6485,0.14006,0.18992
362.5,0.55453,0.02465,-0.02848
362.6,0.54059,-0.09485,0.1656
362.7,0.80903,-0.30953,0.00627
362.8,0.67997,0.10268,0.04123
362.9,0.7382,-0.01401,0.25814
363.0,0.48862,0.06919,-0.13759
363.1,0.26625,0.13225,-0.17976
363.2,0.26272,0.30663,-0.12624
363.3,0.41114,0.50356,-0.27713
363.4,0.15675,0.46972,-0.21183
363.5,0.06299,0.0692,-0.16553
363.6,0.03942,0.12378,-0.28122
363.7,-0.06523,-0.24281,-0.67823
363.8,-0.11411,-0.16257,-0.54039
363.9,-0.32699,-0.51437,-0.46473
364.0,-0.39675,-0.39941,-0.36754
364.1,-0.28782,-0.2888,-0.18949
364.2,-0.17395,-0.69478,-0.32587
364.3,-0.30321,-0.80302,-0.6698
364.4,-0.34984,-0.94503,-0.50641
364.5,-0.26191,-0.92911,-0.45723
364.6,-0.44354,-0.78129,-0.43104
364.7,-0.43015,-0.35726,-0.61563
364.8,-0.45363,-0.42767,-0.46125
364.9,-0.21813,-0.52476,-0.65885
365.0,-0.01202,-0.88331,-0.72598
365.1,-0.07263,-0.97795,-0.8385
365.2,-0.16887,-0.72795,-0.71888
365.3,0.06907,-0.9605,-0.63075
365.4,0.05749,-0.85222,-0.23031
365.5,-0.07421,-0.91324,-0.05913
365.6,-0.06575,-0.64906,-0.0837
365.7,0.14162,-0.62443,0.03078
365.8,0.21979,-0.6296,-0.20099
365.9,0.19237,-0.58883,-0.20199
366.0,0.23251,-0.36835,-0.12182
366.1,0.24357,-0.02364,-0.2167
366.2,0.34328,-0.0683,-0.04777
366.3,0.60804,-0.38177,0.24885
366.4,0.90918,-0.57696,0.19575
366.5,0.87884,-0.36519,0.15704
366.6,0.8999,-0.20965,0.1159
366.7,0.69892,-0.18767,0.1578
366.8,0.74565,-0.17589,-0.0103
366.9,0.93488,-0.25186,-0.22439
367.0,1.30331,-0.18733,-0.15302
367.1,1.25863,-0.08941,-0.20998
367.2,1.3543,-0.20632,-0.26997
367.3,1.31069,-0.41387,-0.35999
367.4,0.94374,-0.43296,-0.23505
367.5,0.9393,-0.38735,-0.34866
367.6,0.55872,-0.19803,-0.17089
367.7,0.75093,-0.29492,-0.09204
367.8,0.78231,-0.39579,-0.00081
367.9,0.69799,-0.27218,-0.15646
368.0,0.77996,-0.33798,-0.1284
368.1,0.89295,-0.25997,-0.12654
368.2,0.69724,-0.12685,0.18334
368.3,0.64646,0.05376,0.13925
368.4,0.39405,0.07777,0.23959
368.5,0.5046,-0.06087,0.2857
368.6,0.52478,-0.07971,0.33093
368.7,0.36536,0.05612,-0.09301
368.8,0.47687,0.25071,-0.16019
368.9,0.28836,0.27571,-0.10763
369.0,0.53844,0.08822,-0.05938
369.1,0.4877,0.22671,0.32485
369.2,0.70397,0.30112,0.48326
369.3,0.57632,0.48138,0.58815
369.4,0.64107,0.37766,0.52275
369.5,0.47121,0.37724,0.46689
369.6,0.2933,0.25712,0.41761
369.7,-0.11793,0.21285,0.07122
369.8,-0.28666,0.36197,-0.12187
369.9,-0.50388,0.58201,0.00218
370.0,-0.21973,0.34841,-0.07835
370.1,-0.24197,0.42133,0.24131
370.2,-0.24703,0.75279,0.18825
370.3,-0.19868,0.53945,0.25078
370.4,-0.54808,0.29663,0.44061
370.5,-0.64662,0.49198,0.32675
370.6,-0.76276,0.63498,0.10505
370.7,-0.58559,0.51749,0.04622
370.8,-0.64466,0.69618,0.16835
370.9,-0.51811,0.7402,0.14827
371.0,-0.28902,0.66893,0.1936
371.1,-0.47277,0.76842,0.07477
371.2,-0.47315,0.59879,0.46301
371.3,-0.2979,0.52841,0.17606
371.4,-0.39186,0.52665,0.23417
371.5,-0.24303,0.57809,0.55151
371.6,-0.04233,0.54315,0.62268
371.7,-0.30446,0.36945,0.79059
371.8,-0.17674,0.40516,0.81468
371.9,-0.13903,0.31768,0.98492
372.0,-0.15089,0.29148,0.83382
372.1,-0.31572,0.16597,0.81268
372.2,-0.21755,0.19273,0.6271
372.3,-0.25832,0.39304,0.57132
372.4,-0.11728,0.17163,0.65808
372.5,-0.41182,0.17867,0.66742
372.6,-0.72327,-0.03312,0.59779
372.7,-0.79979,-0.0093,0.42985
372.8,-0.98023,0.06037,0.42432
372.9,-0.86833,-0.13238,0.32337
373.0,-0.83191,0.00853,0.41742
373.1,-0.84265,-0.36742,0.15519
373.2,-0.74167,-0.15419,0.18752
373.3,-0.95648,-0.21208,0.03241
373.4,-0.74418,-0.45696,-0.20784
373.5,-0.75869,-0.39925,-0.13645
373.6,-0.90185,-0.39756,-0.05223
373.7,-0.79513,-0.19092,-0.33879
373.8,-0.84174,-0.00646,-0.11107
373.9,-0.93944,-0.09562,0.06659
374.0,-1.26046,0.16017,0.27705
374.1,-1.13552,0.12081,0.20277
374.2,-0.85269,0.22697,0.33315
374.3,-1.03694,0.0484,0.21416
374.4,-1.04153,-0.00789,0.39574
374.5,-1.21774,-0.11165,0.38359
374.6,-1.18805,0.23567,0.51242
374.7,-1.06988,0.03248,0.68537
374.8,-0.96723,-0.04675,0.80588
374.9,-0.87316,0.08922,0.61498
375.0,-0.89886,0.09675,0.63791
375.1,-0.91166,-0.33492,0.47691
375.2,-1.16473,-0.01034,0.41307
375.3,-1.1544,-0.11152,0.51819
375.4,-1.20935,-0.10492,0.30693
375.5,-1.24785,-0.18382,0.08422
375.6,-1.27288,0.0235,0.03093
375.7,-1.19253,-0.12957,0.1065
375.8,-1.31717,-0.14324,-0.00352
375.9,-1.1406,-0.2529,-0.02339
376.0,-1.29486,-0.28852,0.25491
376.1,-1.34037,-0.36604,0.45062
376.2,-1.2436,-0.11591,0.29023
376.3,-1.07547,-0.05413,0.2703
376.4,-1.44868,-0.02103,0.54176
376.5,-1.48577,-0.15579,0.68557
376.6,-1.24294,0.13482,0.77323
376.7,-1.41943,0.44499,0.93609
376.8,-1.30033,0.52698,0.92882
376.9,-1.11996,0.34741,0.78247
377.0,-0.90323,0.41772,1.00336
377.1,-0.97776,0.3871,0.89718
377.2,-1.01783,0.13471,0.81029
377.3,-0.91049,0.18045,0.66598
377.4,-0.99014,0.07263,0.60026
377.5,-1.04472,0.20739,0.37988
377.6,-0.97288,0.32625,0.30938
377.7,-1.04836,0.281,0.40281
377.8,-0.72362,0.20927,0.50476
377.9,-0.92649,0.27329,0.58615
378.0,-1.29957,0.30655,0.62068
378.1,-1.35558,0.29793,0.68715
378.2,-1.35669,0.13189,0.9086
378.3,-1.31238,0.03378,0.75889
378.4,-1.33087,0.06723,0.82523
378.5,-1.30423,0.20594,0.71652
378.6,-1.08204,0.12929,0.61122
378.7,-1.03398,0.35509,0.47787
378.8,-1.13973,0.1521,0.19912
378.9,-1.32165,0.07081,0.03618
379.0,-1.19694,0.11274,-0.16231
379.1,-1.16971,0.26166,-0.06456
379.2,-0.96124,0.07716,-0.2151
379.3,-1.02403,0.08972,-0.01282
379.4,-0.77546,0.11728,-0.13246
379.5,-0.77722,0.32231,-0.16435
379.6,-0.80925,0.19859,0.12269
379.7,-0.98302,0.44235,-0.05924
379.8,-0.8698,0.44427,-0.2606
379.9,-0.41657,0.39576,-0.39421
380.0,-0.5354,0.29143,-0.79211
380.1,-0.45971,0.18591,-0.92275
380.2,-0.75528,0.3894,-1.02598
380.3,-0.66403,0.36098,-0.85698
380.4,-0.71482,0.42115,-0.76685
380.5,-0.53072,0.37181,-0.40208
380.6,-1.03419,0.60299,-0.04191
380.7,-1.14925,0.66083,-0.21257
380.8,-1.11091,0.80996,-0.28726
380.9,-0.85106,0.97142,-0.42014
381.0,-0.83346,0.99063,-0.27514
381.1,-0.8799,1.01436,-0.20451
381.2,-0.65735,1.07653,-0.34435
381.3,-0.54965,1.11227,-0.33719
381.4,-0.7643,1.1339,-0.31713
381.5,-0.58894,1.08476,-0.06459
381.6,-0.66701,1.09599,0.02115
381.7,-0.45182,1.08401,0.13645
381.8,-0.50833,0.75847,0.37495
381.9,-0.37142,0.63251,0.3862
382.0,-0.49232,0.74993,0.3519
382.1,-0.41831,0.49683,0.55381
382.2,-0.59025,0.24883,0.48724
382.3,-0.53927,0.22471,0.49737
382.4,-0.45449,0.18343,0.42312
382.5,-0.40178,0.19155,0.49749
382.6,-0.03217,0.38677,0.62652
382.7,-0.06778,0.09927,0.55988
382.8,-0.23286,0.13937,0.32066
382.9,0.03375,0.35899,0.26281
383.0,0.05412,0.24284,0.16875
383.1,0.00339,0.45601,0.05666
383.2,-0.01181,0.45681,-0.02471
383.3,0.0759,0.03602,0.04118
383.4,0.05298,0.05843,0.15232
383.5,-0.24946,0.0886,0.12986
383.6,-0.40663,-0.07558,0.16886
383.7,-0.3059,0.16195,0.1617
383.8,-0.07213,-0.1119,0.15728
383.9,-0.21533,-0.10772,0.05599
384.0,-0.2902,-0.11865,0.16781
384.1,-0.38898,-0.11646,-0.1684
384.2,-0.46494,-0.36259,-0.16441
384.3,-0.50009,-0.25505,-0.13682
384.4,-0.77553,-0.29428,-0.34355
384.5,-0.82091,-0.3934,-0.61229
384.6,-1.036,-0.20214,-0.63188
384.7,-0.85956,-0.18338,-0.45018
384.8,-0.90412,-0.09204,-0.45173
384.9,-1.03516,-0.08712,-0.42561
385.0,-0.76319,-0.28665,-0.3535
385.1,-0.82509,-0.25831,-0.49219
385.2,-0.88165,-0.04632,-0.56876
385.3,-1.32411,-0.07859,-0.64117
385.4,-1.3515,0.12845,-0.45363
385.5,-1.23232,0.15414,-0.38463
385.6,-1.29993,0.07355,-0.30684
385.7,-1.13824,0.02084,-0.15398
385.8,-0.98079,0.0406,0.03305
385.9,-0.86708,0.118,-0.03107
386.0,-0.73048,0.29955,-0.03625
386.1,-0.55497,0.3249,0.13718
386.2,-0.71434,0.21094,0.04784
386.3,-0.67239,0.25618,-0.10627
386.4,-0.34558,-0.07761,-0.10204
386.5,-0.42085,0.10705,-0.3212
386.6,-0.32288,0.18272,-0.42179
386.7,-0.45245,0.09736,-0.66566
386.8,-0.41075,-0.19499,-0.47863
386.9,-0.47112,-0.43152,-0.88521
387.0,-0.3341,-0.21156,-0.78798
387.1,-0.45354,-0.18904,-0.48159
387.2,-0.34004,-0.35316,-0.36371
387.3,-0.09532,-0.57316,-0.37815
387.4,0.04367,-0.42728,-0.41027
387.5,-0.04954,-0.35567,-0.35508
387.6,0.10927,-0.47853,-0.26854
387.7,0.353,-0.20152,0.03698
387.8,0.32458,-0.06169,0.15848
387.9,0.19299,0.0543,0.02652
388.0,0.13397,0.15494,0.02616
388.1,0.23585,-0.12275,0.01397
388.2,0.09262,-0.16446,0.14277
388.3,0.25155,-0.06444,0.06358
388.4,-0.2821,-0.08103,-0.05775
388.5,-0.35693,-0.26323,0.15106
388.6,-0.59106,-0.2586,0.2276
388.7,-0.50391,-0.41513,0.16221
388.8,-0.68581,-0.47048,0.15059
388.9,-0.65613,-0.36671,0.05558
389.0,-0.7657,-0.53023,0.00804
389.1,-0.5685,-0.74155,-0.13075
389.2,-0.62748,-0.89471,0.01456
389.3,-0.82526,-0.63538,0.00896
389.4,-0.71395,-0.8464,0.00553
389.5,-0.39447,-0.70222,0.2319
389.6,-0.31386,-0.43737,0.19836
389.7,-0.21202,-0.62635,0.60998
389.8,-0.5075,-0.60997,0.63929
389.9,-0.39082,-0.44725,0.73138
390.0,-0.39773,-0.42145,0.6997
390.1,-0.37684,-0.27683,0.77233
390.2,-0.34554,-0.56705,0.86818
390.3,-0.49282,-0.65309,1.02256
390.4,-0.36319,-0.56913,0.80683
390.5,-0.48042,-0.6342,0.86499
390.6,-0.43702,-0.45238,0.89575
390.7,-0.20325,-0.64644,1.02653
390.8,-0.24817,-0.55554,1.02847
390.9,-0.11713,-0.54357,1.06528
391.0,-0.10331,-0.65742,0.88814
391.1,-0.15225,-0.55998,1.05808
391.2,-0.17144,-0.40645,1.21294
391.3,-0.1625,-0.21459,0.95595
391.4,-0.18595,-0.1278,1.06454
391.5,-0.14216,-0.02719,0.90191
391.6,0.19842,-0.23537,1.00597
391.7,0.2638,-0.09358,1.10286
391.8,0.34038,-0.09166,1.03254
391.9,0.30183,-0.26338,1.01613
392.0,0.25303,-0.22447,1.34797
392.1,0.48608,-0.25316,1.19721
392.2,0.32603,0.03643,1.06329
392.3,0.3247,-0.15231,1.22958
392.4,0.13302,-0.09751,1.06552
392.5,0.02239,-0.28391,0.73808
392.6,0.08624,0.04074,0.58424
392.7,-0.30865,0.01811,0.70716
392.8,-0.24729,-0.16601,0.80323
392.9,-0.14184,0.16892,0.72821
393.0,-0.2593,0.40312,0.33215
393.1,-0.22092,0.34201,0.17335
393.2,-0.47088,0.40494,-0.13387
393.3,-0.52068,0.42873,-0.36139
393.4,-0.48727,0.48288,-0.48493
393.5,-0.53495,0.47001,-0.36432
393.6,-0.56727,0.67652,-0.17346
393.7,-0.71171,0.759,-0.27187
393.8,-0.75021,0.71872,-0.28946
393.9,-0.3669,0.61295,-0.4974
394.0,-0.4178,0.5842,-0.25684
394.1,-0.47753,0.6677,-0.31683
394.2,-0.49947,0.53619,-0.24807
394.3,-0.63245,0.45952,-0.39893
394.4,-0.61488,0.2866,-0.41211
394.5,-0.54261,0.2801,-0.36468
394.6,-0.65976,0.05547,-0.33447
394.7,-1.17771,0.06803,-0.28996
394.8,-1.22173,0.09199,-0.29532
394.9,-0.91067,0.33767,-0.21018
395.0,-0.97111,0.22087,-0.119
395.1,-0.86143,0.29592,0.19398
395.2,-0.73104,0.40184,0.1918
395.3,-0.66761,0.24085,-0.0273
395.4,-0.5314,0.20982,-0.16954
395.5,-0.44286,0.28143,-0.1352
395.6,-0.10071,0.70532,0.18896
395.7,-0.23372,0.69899,0.21791
395.8,0.02269,0.88765,0.05572
395.9,0.10074,0.88126,-0.21321
396.0,-0.08958,0.96448,-0.4667
396.1,-0.13896,0.85171,-0.44373
396.2,-0.06087,0.64173,-0.48864
396.3,0.26978,0.45787,-0.37992
396.4,0.26797,0.24358,-0.23428
396.5,0.35951,0.02459,-0.15187
396.6,-0.04472,0.19289,-0.20247
396.7,-0.04935,0.29471,-0.3162
396.8,0.24368,0.01774,-0.1472
396.9,0.35084,-0.04673,-0.20696
397.0,0.12444,-0.19754,-0.51578
397.1,0.01846,-0.25638,-0.54342
397.2,-0.0471,-0.12717,-0.50907
397.3,-0.11139,0.02776,-0.58274
397.4,0.0405,0.21731,-0.75661
397.5,-0.05517,-0.09571,-0.80172
397.6,-0.02582,-0.24159,-0.93298
397.7,-0.56802,-0.21142,-0.79198
397.8,-0.50185,-0.17412,-0.76816
397.9,-0.43472,-0.12784,-0.90569
398.0,-0.35981,-0.08927,-0.99907
398.1,-0.11989,0.12121,-1.07821
398.2,-0.06769,0.22152,-1.00908
398.3,0.07517,0.55897,-1.0475
398.4,0.22132,0.55267,-0.91855
398.5,0.38775,0.49675,-0.86156
398.6,0.45141,0.54848,-0.78017
398.7,0.56905,0.55101,-0.65561
398.8,0.53768,0.55475,-0.97136
398.9,0.55738,0.54805,-0.63011
399.0,0.82673,0.53019,-0.64191
399.1,0.9133,0.88585,-0.80116
399.2,0.85342,0.82244,-0.7156
399.3,0.81256,0.78107,-0.59923
399.4,0.71182,0.97541,-0.71704
399.5,0.46457,1.01601,-0.63559
399.6,0.49701,0.90566,-0.75853
399.7,0.57664,0.82266,-0.75993
399.8,0.52811,0.8533,-0.6204
399.9,0.36304,0.76049,-0.52396
400.0,0.23264,0.69241,-0.53023
400.1,0.18317,0.56163,-0.59957
400.2,0.3476,0.53371,-0.77952
400.3,0.17868,0.37355,-0.72297
400.4,0.36424,0.17473,-0.75695
400.5,0.24478,0.09807,-0.64168
400.6,0.54246,-0.14192,-0.49472
400.7,0.32552,-0.13989,-0.07493
400.8,0.22497,-0.01283,0.03592
400.9,0.08984,0.07025,0.27806
401.0,0.18638,-0.195,0.37358
401.1,0.38588,-0.17554,0.35918
401.2,0.12599,0.01819,0.4047
401.3,0.05145,-0.0197,0.32494
401.4,0.04744,0.05688,0.29865
401.5,0.27333,0.08316,0.45484
401.6,0.38184,0.09718,0.4414
401.7,0.54904,0.1768,0.38271
401.8,0.58938,0.09593,0.26291
401.9,0.5215,-0.08892,0.26657
402.0,0.44863,-0.21088,0.31374
402.1,0.28627,-0.6107,0.28199
402.2,0.19515,-0.61952,0.14212
402.3,-0.06928,-0.32441,-0.0028
402.4,0.04021,-0.55572,0.14026
402.5,-0.17534,-0.45903,0.11685
402.6,-0.33612,-0.31906,-0.01935
402.7,-0.35015,-0.53555,0.01293
402.8,-0.49407,-0.57115,-0.1589
402.9,-0.54947,-0.40963,-0.01236
403.0,-0.56114,-0.29434,-0.06204
403.1,-0.48162,-0.10668,-0.17742
403.2,-0.23164,-0.16722,-0.26605
403.3,-0.0636,-0.23619,-0.44158
403.4,-0.1038,-0.16935,-0.39951
403.5,0.06583,-0.20258,-0.26772
403.6,-0.04321,-0.01463,-0.18784
403.7,0.1463,0.00185,-0.40284
403.8,0.06921,-0.15019,-0.59548
403.9,-0.06319,-0.01484,-0.65757
404.0,-0.10752,0.0576,-0.53365
404.1,-0.09707,0.24328,-0.71558
404.2,0.05197,0.41056,-0.46046
404.3,-0.0029,0.45625,-0.42959
404.4,0.3882,0.30392,-0.57157
404.5,0.1822,0.52139,-0.52953
404.6,0.23721,0.61284,-0.54181
404.7,-0.03625,0.41467,-0.38764
404.8,0.09593,0.40355,-0.28368
404.9,0.11123,0.57167,-0.38359
405.0,-0.09998,0.29979,-0.25851
405.1,-0.02801,0.19007,-0.31191
405.2,0.38562,0.07691,-0.11283
405.3,0.40698,0.01143,-0.42126
405.4,0.15541,-0.12147,-0.22973
405.5,0.22594,0.1185,-0.4562
405.6,-0.16659,-0.06257,-0.52483
405.7,-0.21981,-0.10289,-0.30303
405.8,-0.17891,0.02649,-0.29569
405.9,-0.25315,-0.08328,-0.46632
406.0,-0.32305,-0.00847,-0.59506
406.1,-0.34833,-0.0217,-0.46407
406.2,-0.18611,0.19735,-0.3794
406.3,-0.3691,0.26431,-0.51794
406.4,-0.2585,0.21663,-0.47407
406.5,-0.2736,0.06206,-0.17652
406.6,-0.50028,0.02091,-0.19403
406.7,-0.33061,0.24886,-0.11532
406.8,-0.43458,0.5458,-0.17886
406.9,-0.47292,0.4655,0.00276
407.0,-0.25553,0.39099,-0.11556
407.1,-0.06706,0.38424,0.19457
407.2,0.01463,0.29194,0.14031
407.3,0.01931,0.14052,0.22895
407.4,-0.09855,0.30598,-0.13739
407.5,-0.03192,0.53291,-0.15117
407.6,-0.17837,0.86958,0.01138
407.7,-0.37093,0.76924,0.02
407.8,-0.68275,0.61043,0.14328
407.9,-0.49016,0.6671,0.12453
408.0,-0.42297,0.71563,0.27457
408.1,-0.4407,0.6548,0.42057
408.2,-0.36932,0.6763,0.51171
408.3,-0.40841,0.83179,0.53813
408.4,-0.17045,1.04524,0.38903
408.5,-0.36033,1.11054,0.3749
408.6,-0.24899,1.06407,0.07563
408.7,-0.20885,1.00851,0.30054
408.8,-0.3196,0.7121,0.20961
408.9,-0.25683,0.47239,0.26005
409.0,-0.10414,0.48784,0.0973
409.1,0.05912,0.58302,0.15244
409.2,0.1473,0.52538,-0.16907
409.3,0.32883,0.28796,-0.07665
409.4,0.28548,0.1549,-0.22667
409.5,0.43274,0.19568,-0.20514
409.6,0.46892,0.26999,-0.14858
409.7,0.63957,0.36017,-0.00929
409.8,0.49109,0.61078,0.07834
409.9,0.30381,0.30257,-0.16059
410.0,0.60856,0.18427,-0.1489
410.1,0.71505,0.03526,-0.03497
410.2,0.57693,-0.02488,-0.01645
410.3,0.48297,0.01577,-0.03163
410.4,0.51778,0.15584,-0.07729
410.5,0.53743,0.10285,0.01232
410.6,0.63801,0.19761,-0.05114
410.7,0.54409,0.46883,-0.14387
410.8,0.34967,0.47851,0.04117
410.9,0.24255,0.61901,0.1183
411.0,0.25487,0.54477,0.20328
411.1,0.23191,0.53643,0.39283
411.2,0.15435,0.71442,0.19714
411.3,0.11585,0.60323,0.05039
411.4,0.06934,0.54305,0.11067
411.5,-0.02647,0.39015,0.15539
411.6,-0.19051,0.41324,-0.18802
411.7,-0.24757,0.29032,-0.33718
411.8,-0.18752,0.17409,-0.26235
411.9,0.09793,0.22164,-0.13814
412.0,-0.10581,0.27575,-0.5491
412.1,-0.04992,0.02384,-0.2003
412.2,0.10163,-0.03886,-0.09313
412.3,0.14697,0.09685,-0.29072
412.4,-0.11911,0.05763,-0.2062
412.5,-0.01187,0.0872,-0.42604
412.6,-0.22449,0.49529,-0.2786
412.7,-0.27297,0.61303,-0.27732
412.8,-0.29686,0.81224,-0.30874
412.9,-0.23528,0.72413,-0.23769
413.0,-0.1907,0.90886,-0.12123
413.1,-0.15573,0.68827,0.0982
413.2,-0.1348,0.76864,0.12995
413.3,-0.07348,0.8748,0.04995
413.4,-0.04535,1.13353,0.20739
413.5,-0.08017,1.09847,0.11308
413.6,-0.37311,1.09195,-0.05376
413.7,-0.31671,1.07748,0.12081
413.8,-0.55297,0.82862,0.04547
413.9,-0.69503,0.52578,-0.10428
414.0,-0.60664,0.16362,0.11154
414.1,-0.55101,-0.11109,-0.01008
414.2,-0.26177,-0.17739,0.09035
414.3,-0.10576,-0.42771,-0.03228
414.4,-0.33682,-0.60285,-0.21598
414.5,-0.51657,-0.32488,-0.07108
414.6,-0.29259,-0.51591,-0.02631
414.7,-0.33324,-0.23145,-0.33944
414.8,-0.1051,-0.10198,-0.19189
414.9,-0.29188,-0.27807,-0.2437
415.0,-0.1636,-0.0233,0.03504
415.1,-0.06524,-0.104,0.18576
415.2,0.18864,-0.1522,0.26041
415.3,0.09013,-0.17964,0.09526
415.4,0.31577,-0.10596,-0.04186
415.5,0.2886,-0.44831,0.02757
415.6,0.41784,-0.51785,0.06196
415.7,0.37137,-0.59845,0.27373
415.8,0.27996,-0.78314,0.18737
415.9,0.30933,-0.78946,0.13908
416.0,0.31552,-0.54438,0.24702
416.1,0.37434,-0.6825,0.11579
416.2,0.358,-0.66201,0.19935
416.3,0.28049,-0.60335,0.2761
416.4,0.25479,-0.68901,0.15197
416.5,0.55582,-0.5604,0.45295
416.6,0.35723,-0.41335,0.19158
416.7,0.29007,-0.50644,0.02997
416.8,0.38289,-0.48057,0.06759
416.9,0.31154,-0.24918,0.29343
417.0,0.15982,-0.25668,0.28693
417.1,0.29122,-0.26431,0.49849
417.2,0.72748,-0.17253,0.26172
417.3,0.62918,-0.15855,0.29893
417.4,0.56909,0.31581,0.32718
417.5,0.39338,0.23063,0.20049
417.6,0.05791,0.04571,0.02274
417.7,-0.06614,0.05103,0.12409
417.8,-0.15011,0.07698,-0.02386
417.9,0.074,0.03564,0.01646
418.0,0.00098,0.3179,-0.08601
418.1,-0.16206,0.22786,-0.16821
418.2,-0.22507,0.07384,-0.31264
418.3,-0.25702,0.19503,-0.44612
418.4,-0.26621,0.23129,-0.56012
418.5,-0.36803,0.37581,-0.6333
418.6,-0.05842,0.67599,-0.60239
418.7,-0.02343,0.7238,-0.45582
418.8,-0.06666,0.55176,-0.07588
418.9,-0.07649,0.26645,-0.20713
419.0,0.07477,0.15953,-0.12709
419.1,0.24125,0.11329,-0.12627
419.2,0.39065,0.0927,-0.37144
419.3,0.65363,-0.01838,-0.31159
419.4,0.83277,0.11702,-0.01113
419.5,0.50111,0.12164,0.19427
419.6,0.37972,0.37306,0.34647
419.7,0.48058,0.67667,0.04337
419.8,0.56393,0.61499,0.02934
419.9,0.67615,0.54429,-0.07039
420.0,0.81647,0.64909,-0.07173
420.1,0.93383,1.04741,-0.24917
420.2,0.9639,1.09695,-0.24829
420.3,1.04249,1.14685,-0.22735
420.4,1.12319,1.43033,-0.18186
420.5,0.90413,1.28147,-0.18504
420.6,0.99418,1.2629,-0.0031
420.7,0.93044,1.38259,-0.08975
420.8,0.72207,1.40339,-0.12753
420.9,0.59198,1.17633,-0.14059
421.0,0.41354,0.97444,-0.25681
421.1,0.17872,1.07036,-0.47668
421.2,0.03519,0.81004,-0.47452
421.3,-0.0042,0.84782,-0.39787
421.4,0.17276,0.52213,-0.47149
421.5,0.27745,0.67678,-0.48208
421.6,0.23483,0.38247,-0.18428
421.7,0.31791,0.3307,-0.17527
421.8,0.35971,0.54042,-0.01973
421.9,0.38238,0.56953,0.05432
422.0,0.36627,0.5701,-0.15224
422.1,0.27188,0.53615,-0.08734
422.2,0.3435,0.18914,0.18246
422.3,0.01022,0.01511,-0.10339
422.4,-0.05488,0.19516,0.0625
422.5,-0.1167,0.05898,0.27864
422.6,-0.12991,0.34322,0.50181
422.7,-0.37206,0.28211,0.57265
422.8,0.24718,0.21536,0.54267
422.9,0.349,0.13172,0.45219
423.0,0.33625,-0.04364,0.41906
423.1,0.27952,0.00987,0.51814
423.2,0.12777,-0.22589,0.4241
423.3,0.17397,-0.19646,0.34464
423.4,0.15377,-0.19064,0.44678
423.5,0.09081,-0.06334,0.34572
423.6,0.01948,0.07373,0.02124
423.7,0.26098,0.06004,0.17142
423.8,0.20582,0.1371,0.26491
423.9,0.00138,0.00826,0.12998
424.0,-0.03813,0.15997,0.03629
424.1,-0.17216,0.12389,0.03686
424.2,-0.13463,-0.13986,-0.15668
424.3,-0.1204,0.11075,-0.72202
424.4,-0.41799,0.07226,-0.37876
424.5,-0.43332,0.01802,-0.63916
424.6,-0.74048,-0.01665,-0.83691
424.7,-0.88491,0.17206,-0.68238
424.8,-0.9776,0.06016,-0.39679
424.9,-0.82613,0.06758,-0.1696
425.0,-0.71093,0.06332,-0.0598
425.1,-0.66245,0.12172,0.04882
425.2,-0.59032,-0.14361,0.14656
425.3,-0.47778,-0.24749,0.22662
425.4,-0.4395,-0.08594,0.22084
425.5,-0.52425,-0.07566,0.15429
425.6,-0.48497,-0.42823,0.08237
425.7,-0.5422,-0.44444,0.24944
425.8,-0.61986,-0.24755,0.21762
425.9,-0.66828,-0.25969,0.13099
426.0,-0.49065,-0.46406,-0.20837
426.1,-0.57009,-0.82682,-0.10207
426.2,-0.62615,-0.94444,-0.18958
426.3,-0.5715,-0.9431,-0.20299
426.4,-0.50935,-0.97621,0.00062
426.5,-0.47167,-0.87235,0.33737
426.6,-0.5632,-0.85998,0.4114
426.7,-0.35395,-0.94197,0.46002
426.8,-0.43387,-0.984,0.52469
426.9,-0.55546,-0.8808,0.47208
427.0,-0.37083,-0.96191,0.41137
427.1,-0.05469,-0.88776,0.27379
427.2,-0.03972,-0.81703,0.47372
427.3,-0.301,-0.58487,0.51984
427.4,-0.37145,-0.60091,0.64923
427.5,-0.41872,-0.32749,0.66523
427.6,-0.50687,-0.29363,0.57963
427.7,-0.39466,-0.31842,0.63228
427.8,-0.26723,-0.45665,0.49035
427.9,-0.23182,-0.33493,0.37043
428.0,-0.04027,-0.20079,0.38956
428.1,0.00101,-0.14675,0.22508
428.2,-0.06857,-0.2593,0.21088
428.3,-0.07064,-0.13953,0.71081
428.4,0.13131,-0.34656,0.64816
428.5,0.03198,-0.30377,0.53547
428.6,0.11696,-0.18578,0.43179
428.7,0.07023,0.08646,0.30551
428.8,0.18483,0.23401,0.32067
428.9,0.32259,0.37909,0.11399
429.0,0.39939,0.6095,0.1523
429.1,0.32404,0.4478,0.13553
429.2,0.24184,0.31176,0.19172
429.3,0.62973,0.2525,0.33502
429.4,0.71779,0.24405,0.45118
429.5,0.77359,-0.012,0.23879
429.6,0.49476,0.16051,0.06256
429.7,0.64001,0.10072,0.48343
429.8,0.34276,0.11943,0.6952
429.9,0.31692,0.17236,0.46633
430.0,0.42887,0.29977,0.16611
430.1,0.60025,0.43577,0.24439
430.2,0.99008,0.52184,0.30749
430.3,0.79706,0.65921,0.25843
430.4,0.88947,0.47287,-0.13377
430.5,0.72189,0.49537,-0.26349
430.6,0.70569,0.38315,-0.16628
430.7,0.74889,0.26115,0.00951
430.8,0.82729,0.48124,0.46361
430.9,0.70566,0.61659,0.61193
431.0,0.57526,0.70523,0.61899
431.1,0.29604,0.7057,0.3411
431.2,0.26849,0.83828,0.32937
431.3,0.16271,0.53236,0.41419
431.4,0.21732,0.13308,0.32478
431.5,0.09186,0.14952,0.56094
431.6,0.16233,-0.02943,0.48207
431.7,0.08241,-0.14379,0.53321
431.8,0.20074,-0.01553,0.45012
431.9,0.04821,-0.00655,0.63283
432.0,0.16909,-0.11308,0.6019
432.1,0.12783,0.13617,0.35772
432.2,0.26264,0.26449,0.41283
432.3,0.11519,0.37938,0.39145
432.4,0.00815,0.4317,0.35756
432.5,0.1284,0.05425,0.54507
432.6,0.04805,0.00355,0.68973
432.7,0.00485,-0.15909,0.59007
432.8,-0.01519,-0.07679,0.74887
432.9,-0.15805,-0.29668,0.52063
433.0,-0.30192,-0.46958,0.47921
433.1,-0.21395,-0.51099,0.38097
433.2,-0.02245,-0.3612,0.52839
433.3,0.0011,-0.57278,0.72203
433.4,0.30213,-0.7136,0.91044
433.5,0.19613,-0.8611,0.76051
433.6,0.32488,-0.76487,0.69593
433.7,0.30048,-0.49536,0.58142
433.8,0.08985,-0.49415,0.58948
433.9,-0.09832,-0.24481,0.57377
434.0,-0.29957,-0.1364,0.64162
434.1,-0.313,-0.22679,0.58075
434.2,-0.50832,-0.17044,0.58333
434.3,-0.40483,0.01983,0.6159
434.4,-0.26656,0.07355,0.60525
434.5,-0.25207,-0.01187,0.55747
434.6,-0.17592,0.16996,0.60516
434.7,-0.16702,0.40297,0.47757
434.8,-0.23758,0.29857,0.42317
434.9,-0.18515,0.25397,0.27116
435.0,-0.27082,0.16474,0.31551
435.1,-0.08941,0.25419,0.21597
435.2,-0.15035,0.40326,0.2971
435.3,-0.25524,0.19813,0.35976
435.4,-0.28119,0.46378,0.46532
435.5,-0.09801,0.18336,0.62376
435.6,-0.10616,0.2518,0.56405
435.7,0.03679,0.30594,0.61416
435.8,0.36348,0.14243,0.5017
435.9,0.36677,0.36569,0.72447
436.0,0.42425,0.30945,0.51959
436.1,0.57436,0.4041,0.54596
436.2,0.41662,0.38845,0.44774
436.3,0.09369,0.19994,0.28009
436.4,-0.17432,0.12111,0.35157
436.5,-0.15406,0.17247,0.37896
436.6,0.06316,0.06531,0.4914
436.7,0.1234,0.21329,0.40281
436.8,0.26322,0.1888,0.2785
436.9,0.53729,0.31842,0.00523
437.0,0.51544,0.32571,0.20235
437.1,0.57525,0.245,0.05502
437.2,0.58291,0.01928,0.02887
437.3,0.40867,0.07729,0.03157
437.4,0.65831,0.01669,-0.12142
437.5,0.56597,0.30908,-0.18115
437.6,0.50485,0.09422,-0.27719
437.7,0.61785,-0.0349,-0.08804
437.8,0.68562,-0.18576,-0.10743
437.9,0.77542,-0.03963,-0.10672
438.0,0.72297,-0.19706,-0.05533
438.1,0.59076,-0.14595,-0.01237
438.2,0.48532,-0.03536,-0.09628
438.3,0.49301,-0.22584,0.22714
438.4,0.44041,0.01731,0.0815
438.5,0.16497,-0.06594,0.25701
438.6,-0.18761,-0.27481,-0.08558
438.7,-0.23282,-0.28104,0.05092
438.8,-0.25294,-0.35024,0.05902
438.9,-0.56345,-0.26187,0.0185
439.0,-0.65014,-0.19581,0.06902
439.1,-0.58987,-0.15193,0.05213
439.2,-0.23045,-0.17543,-0.11374
439.3,-0.26811,-0.03126,0.10569
439.4,-0.2289,-0.07579,0.29658
439.5,-0.40679,-0.07115,0.28418
439.6,-0.26779,-0.13454,0.37294
439.7,-0.29907,0.04247,0.35554
439.8,-0.12868,-0.10048,0.39066
439.9,-0.07339,0.01875,0.31793
440.0,-0.00055,0.11922,0.22282
440.1,0.00505,0.14332,0.21914
440.2,-0.0292,0.59823,0.04249
440.3,0.13251,0.46317,0.17563
440.4,0.08636,0.26208,0.14063
440.5,-0.02531,0.1599,-0.10521
440.6,-0.21405,0.27836,-0.05563
440.7,-0.15741,-0.08658,-0.10756
440.8,-0.30355,-0.19653,0.07357
440.9,-0.32628,0.01467,0.16674
441.0,-0.48145,0.06104,0.19705
441.1,-0.46348,-0.17769,-0.0608
441.2,-0.52781,-0.12615,0.15212
441.3,-0.64801,-0.16129,0.16281
441.4,-0.42925,-0.00907,0.26033
441.5,-0.18948,-0.2117,0.17277
441.6,0.13252,-0.29238,0.11985
441.7,0.09911,-0.46858,-0.11685
441.8,0.3284,-0.27381,0.06948
441.9,0.26424,-0.48714,-0.04885
442.0,0.49545,-0.46081,-0.10492
442.1,0.60578,-0.59421,-0.04164
442.2,0.60446,-0.34653,-0.02123
442.3,0.36568,-0.42512,-0.03947
442.4,0.25775,-0.35943,0.23311
442.5,0.08742,-0.43664,-0.06194
442.6,0.22379,-0.55169,-0.01467
442.7,0.42655,-0.44737,-0.26091
442.8,0.36654,-0.61162,-0.20712
442.9,0.20566,-0.50531,-0.10299
443.0,0.488,-0.347,0.19152
443.1,0.46495,-0.09658,0.33793
443.2,0.668,0.15832,0.39466
443.3,0.84872,0.11185,0.32247
443.4,0.82831,0.3298,0.31774
443.5,0.8702,0.25773,0.0994
443.6,0.7054,0.15786,0.11095
443.7,0.62658,0.02091,0.13266
443.8,0.73518,0.23583,-0.08066
443.9,0.48571,0.09957,-0.23336
444.0,0.61301,0.10295,-0.45357
444.1,0.85514,0.39657,-0.59407
444.2,0.80523,0.54306,-0.44001
444.3,0.84788,0.20323,-0.15629
444.4,0.77337,0.33334,-0.14535
444.5,0.61667,0.43637,-0.03592
444.6,0.62747,0.13447,-0.10235
444.7,0.48839,0.24693,0.07
444.8,0.61376,0.178,0.02981
444.9,0.49712,0.20542,0.24687
445.0,0.32289,0.00045,0.36742
445.1,0.12732,0.1723,0.50855
445.2,0.18585,0.11111,0.15139
445.3,0.40225,0.04191,0.1401
445.4,0.48268,0.13713,0.34923
445.5,0.6875,0.19857,0.27356
445.6,0.57061,0.54692,0.2642
445.7,0.77775,0.45765,0.35284
445.8,0.66175,0.62695,0.31794
445.9,0.61321,0.69176,0.43126
446.0,0.43787,0.5057,0.76726
446.1,0.42912,0.45009,0.59468
446.2,0.27832,0.0543,0.56395
446.3,0.24498,-0.00036,0.37764
446.4,0.32639,-0.24238,0.3418
446.5,0.21727,-0.07021,0.38309
446.6,-0.0776,0.08983,0.39896
446.7,0.08401,0.19239,0.39716
446.8,0.09442,0.02562,-0.03548
446.9,0.17759,0.09224,-0.3324
447.0,0.23182,0.2799,-0.35483
447.1,0.2438,0.15095,-0.283
447.2,0.18143,0.04067,-0.36523
447.3,0.05185,-0.02019,-0.41079
447.4,-0.08829,-0.31475,-0.34968
447.5,-0.08588,-0.019,-0.29909
447.6,-0.03808,0.08873,-0.53335
447.7,-0.10703,-0.03621,-0.08607
447.8,-0.16699,0.14586,-0.02617
447.9,0.00025,0.04417,0.37591
448.0,0.11179,-0.0991,0.35153
448.1,0.12941,-0.19237,0.43197
448.2,-0.04568,-0.07324,0.52748
448.3,-0.32021,-0.17631,0.59328
448.4,-0.12913,-0.04594,0.31018
448.5,0.00667,-0.04094,0.33259
448.6,-0.14652,0.0845,0.17461
448.7,-0.18571,0.13023,-0.04746
448.8,-0.00509,0.17721,0.01568
448.9,-0.05045,0.16337,0.03716
449.0,-0.04146,-0.04103,-0.02211
449.1,-0.35637,-0.08948,-0.25623
449.2,-0.43301,-0.0988,-0.21937
449.3,-0.34219,-0.25159,-0.37099
449.4,-0.20394,-0.25876,-0.40138
449.5,-0.31771,-0.23737,-0.41039
449.6,-0.22283,-0.31763,-0.46556
449.7,-0.06916,-0.33846,-0.54405
449.8,-0.10501,-0.37415,-0.56396
449.9,-0.12247,-0.45184,-0.23637
450.0,0.16811,-0.26394,-0.20865
450.1,0.02331,-0.28328,-0.07384
450.2,-0.25191,-0.53746,-0.12347
450.3,-0.31337,-0.6683,0.1333
450.4,-0.55247,-0.59393,0.07794
450.5,-0.5583,-0.59375,0.11535
450.6,-0.36263,-0.90023,-0.29651
450.7,-0.41924,-0.74856,-0.04601
450.8,-0.53097,-0.84455,-0.22597
450.9,-0.38647,-0.60682,-0.47892
451.0,-0.50772,-0.51556,-0.25737
451.1,-0.44851,-0.49269,-0.12722
451.2,-0.60986,-0.66151,-0.25128
451.3,-0.35636,-0.66141,-0.02913
451.4,-0.25687,-0.69424,0.26798
451.5,-0.07721,-0.81641,0.02429
451.6,-0.15968,-0.68581,-0.08223
451.7,-0.34512,-0.60375,-0.08797
451.8,-0.45676,-0.50176,-0.06495
451.9,-0.45261,-0.34868,-0.03754
452.0,-0.56432,-0.27745,0.01922
452.1,-0.47801,-0.53079,0.09661
452.2,-0.30969,-0.5744,-0.01308
452.3,-0.32944,-0.62802,0.13801
452.4,-0.42121,-0.49695,0.08491
452.5,-0.33179,-0.45536,-0.06261
452.6,-0.64009,-0.60795,-0.06626
452.7,-0.62518,-0.73296,0.04376
452.8,-0.70133,-0.61454,0.51049
452.9,-0.71258,-0.44273,0.66198
453.0,-0.71601,-0.67845,0.52126
453.1,-0.80081,-0.76321,0.57517
453.2,-0.92353,-0.89819,0.55837
453.3,-0.98548,-0.74528,0.37572
453.4,-0.96138,-0.44435,0.36448
453.5,-1.04677,-0.40225,0.37572
453.6,-0.94339,-0.37427,0.36829
453.7,-0.90307,-0.46494,0.50833
453.8,-0.54828,-0.41431,0.40598
453.9,-0.55257,-0.34369,0.36907
454.0,-0.38312,-0.28526,0.12035
454.1,-0.22058,-0.37814,-0.13093
454.2,-0.07876,-0.58355,-0.17014
454.3,0.05698,-0.66368,-0.15358
454.4,-0.1861,-0.84556,-0.21927
454.5,-0.15032,-0.60199,-0.3175
454.6,0.03922,-0.6641,-0.01346
454.7,0.04248,-0.44861,-0.06508
454.8,-0.02359,-0.5322,-0.05474
454.9,-0.23841,-0.51343,-0.15969
455.0,-0.26954,-0.28151,-0.25104
455.1,-0.31767,-0.01696,-0.10631
455.2,-0.39929,-0.03015,-0.13845
455.3,-0.25649,-0.01052,-0.0856
455.4,-0.01738,-0.06896,-0.04394
455.5,0.09279,0.27888,0.1099
455.6,0.1117,0.28121,0.29736
455.7,0.21098,0.33318,0.58165
455.8,0.33884,0.34319,0.70301
455.9,0.28078,0.11491,0.6165
456.0,0.23508,0.08474,0.70131
456.1,0.32031,0.25632,0.62402
456.2,0.45657,0.08989,0.56537
456.3,0.49614,0.38752,0.34666
456.4,0.5394,0.5632,0.5371
456.5,0.19584,0.32362,0.53682
456.6,0.47365,0.29372,0.63941
456.7,0.27604,0.30895,0.75706
456.8,0.26018,0.34393,0.67918
456.9,0.17058,0.44253,0.59928
457.0,0.40052,0.48626,0.57811
457.1,0.42594,0.47891,0.40447
457.2,0.40526,0.48653,0.30502
457.3,0.43682,0.56727,0.27643
457.4,0.47415,0.54799,0.62336
457.5,0.74251,0.51774,0.76547
457.6,0.75259,0.11404,0.71395
457.7,0.80743,0.07148,0.60195
457.8,0.49549,0.08913,0.28164
457.9,0.56961,0.27656,0.22982
458.0,0.34779,0.11351,0.34496
458.1,0.4303,-0.09577,0.15925
458.2,0.44486,-0.38848,-0.20163
458.3,0.50592,-0.28555,0.11539
458.4,0.46808,-0.1391,0.11703
458.5,0.37754,0.08421,0.11357
458.6,0.34187,0.44143,0.21909
458.7,0.40213,0.51456,0.24459
458.8,0.26666,0.63084,0.23096
458.9,0.1695,0.68835,0.22919
459.0,0.21215,0.47767,0.37195
459.1,0.24287,0.38876,0.6625
459.2,0.11669,0.43341,0.69892
459.3,0.12454,0.36489,0.69264
459.4,0.00911,0.5433,0.78257
459.5,-0.18479,0.46429,1.06171
459.6,-0.10922,0.61918,1.04013
459.7,-0.12863,0.81463,1.35557
459.8,-0.53211,1.06086,1.2203
459.9,-0.45055,0.79623,1.10053
460.0,-0.41853,0.93633,1.28142
460.1,-0.29625,0.84951,1.30237
460.2,-0.58943,0.99132,1.00002
460.3,-0.58332,0.87398,1.08404
460.4,-0.47332,0.805,0.92394
460.5,-0.34395,1.08768,1.08926
460.6,-0.24394,0.85683,1.07432
460.7,-0.24969,0.95968,1.18646
460.8,-0.3559,0.84146,0.93126
460.9,-0.61963,0.59041,0.99246
461.0,-0.6019,0.34891,0.71385
461.1,-0.55641,0.26189,0.54703
461.2,-0.61091,0.31489,0.54106
461.3,-0.66987,0.25613,0.48733
461.4,-0.83232,0.22849,0.41138
461.5,-0.86031,0.15517,0.29019
461.6,-0.84519,0.44526,0.29526
461.7,-1.08403,0.59291,0.4779
461.8,-0.87436,0.52322,0.28545
461.9,-1.046,0.47611,0.42922
462.0,-0.99708,0.33291,0.49892
462.1,-0.94454,0.52251,0.67052
462.2,-0.92482,0.14842,0.54059
462.3,-0.77964,0.03824,0.59786
462.4,-0.64354,0.24392,0.6677
462.5,-0.60026,0.12501,0.74758
462.6,-0.69169,0.004,0.85849
462.7,-0.62509,0.31981,0.81442
462.8,-0.32764,0.15287,0.89728
462.9,-0.51503,0.21716,0.97003
463.0,-0.32305,0.16063,0.91832
463.1,-0.18357,0.01456,0.79445
463.2,-0.02403,-0.07818,1.02129
463.3,-0.03871,-0.23422,1.13012
463.4,-0.1113,-0.00253,1.0642
463.5,-0.06219,0.08593,0.91495
463.6,0.09116,-0.0459,0.91029
463.7,0.30191,-0.05216,0.7937
463.8,0.53601,-0.18067,0.50902
463.9,0.3004,-0.28533,0.63431
464.0,0.59339,-0.51661,0.52032
464.1,0.51068,-0.35925,0.69008
464.2,0.62871,-0.01674,0.75251
464.3,0.51641,0.07376,0.50544
464.4,0.25634,0.00651,0.21487
464.5,0.21344,0.19993,0.57213
464.6,-0.12295,0.07366,0.57842
464.7,0.15089,-0.04082,0.49533
464.8,-0.02517,0.11719,0.55658
464.9,-0.07967,0.12181,0.5566
465.0,0.11142,0.08507,0.61333
465.1,0.02799,0.1807,0.54402
465.2,-0.20537,0.00534,0.42975
465.3,-0.27613,0.18114,0.22816
465.4,-0.20866,-0.01431,0.13605
465.5,-0.29549,-0.10762,0.18855
465.6,-0.23367,-0.19706,0.16776
465.7,-0.55149,-0.10737,0.14537
465.8,-0.47047,0.09187,0.15543
465.9,-0.76607,0.10859,0.0271
466.0,-0.8055,0.06445,0.27891
466.1,-0.60849,-0.09388,0.30781
466.2,-0.6625,-0.01514,0.58998
466.3,-0.45573,-0.08666,0.62776
466.4,-0.40406,0.12037,0.54654
466.5,-0.17773,0.03005,0.33303
466.6,-0.13357,-0.07626,0.26898
466.7,-0.36937,-0.21366,0.46919
466.8,-0.47488,-0.47493,0.49038
466.9,-0.43376,-0.65102,0.4168
467.0,-0.45972,-0.9917,0.32499
467.1,-0.43859,-0.88305,0.37382
467.2,-0.28747,-0.88274,0.17894
467.3,-0.05338,-0.88719,0.31539
467.4,-0.07394,-0.90273,0.26144
467.5,-0.03042,-0.61496,0.13077
467.6,-0.06204,-0.75052,0.08921
467.7,0.04031,-0.41626,0.06678
467.8,-0.04765,-0.151,0.24187
467.9,-0.01347,-0.11596,0.0608
468.0,0.06586,-0.30221,-0.08483
468.1,-0.08246,-0.26277,-0.00776
468.2,-0.16763,-0.22774,0.0032
468.3,0.03247,-0.31972,0.21945
468.4,0.0067,-0.11186,0.10539
468.5,-0.01825,-0.21245,0.16074
468.6,0.09554,-0.05567,0.02474
468.7,0.10335,-0.04292,-0.11134
468.8,0.24941,-0.37672,-0.42204
468.9,0.34258,-0.42956,-0.44419
469.0,0.37698,-0.14627,-0.38668
469.1,0.32078,-0.14243,-0.42867
469.2,0.43245,-0.23336,-0.23482
469.3,0.26969,-0.16264,0.19165
469.4,0.32957,-0.16487,0.0964
469.5,0.10534,-0.23128,0.06326
469.6,0.21576,-0.4761,0.03944
469.7,0.27915,-0.69682,-0.1243
469.8,0.26736,-0.87716,-0.03986
469.9,0.24488,-0.97517,0.23044
470.0,0.01948,-0.92949,0.25032
470.1,-0.07459,-0.7604,0.21943
470.2,-0.04909,-0.67829,0.01198
470.3,-0.24026,-0.53773,0.15338
470.4,-0.16196,-0.50388,-0.0952
470.5,-0.07792,-0.42693,-0.20499
470.6,-0.02788,-0.43884,-0.01222
470.7,0.05812,-0.39115,0.38433
470.8,-0.0883,-0.39628,0.26586
470.9,-0.11521,-0.18148,0.32775
471.0,-0.13759,-0.10109,0.39122
471.1,0.17823,-0.42686,0.45228
471.2,0.00724,-0.66929,0.33172
471.3,-0.0413,-0.67126,0.27407
471.4,-0.0513,-0.56839,0.22827
471.5,-0.14299,-0.60052,-0.03142
471.6,0.07781,-0.62626,-0.04383
471.7,-0.11952,-0.46074,-0.08696
471.8,-0.26862,-0.50448,-0.14481
471.9,-0.22406,-0.58928,-0.11744
472.0,-0.05273,-0.35619,-0.18811
472.1,0.03926,-0.61476,-0.25083
472.2,-0.15739,-0.32171,-0.29654
472.3,-0.23151,-0.09433,-0.35403
472.4,-0.24589,-0.02007,-0.62683
472.5,-0.33966,0.02412,-0.61921
472.6,-0.2428,-0.05264,-0.4142
472.7,-0.0648,-0.12447,-0.27123
472.8,-0.01434,-0.26516,-0.13496
472.9,-0.13254,-0.56729,-0.20593
473.0,0.08009,-0.4177,0.07856
473.1,0.22319,-0.44201,-0.07285
473.2,0.48755,-0.37368,-0.03146
473.3,0.64011,-0.24477,-0.1048
473.4,0.57466,-0.52572,-0.28478
473.5,0.47714,-0.60522,-0.15519
473.6,0.49059,-0.60145,-0.15265
473.7,0.4224,-0.60292,-0.27663
473.8,0.69228,-0.42744,-0.28964
473.9,0.38346,-0.43313,-0.16359
474.0,0.40206,-0.39826,-0.61223
474.1,0.17652,-0.33474,-0.45969
474.2,0.204,-0.26062,-0.48097
474.3,0.17629,-0.54993,-0.36768
474.4,0.46249,-0.64201,-0.42422
474.5,0.51478,-0.55074,-0.44657
474.6,0.8019,-0.80608,-0.56027
474.7,0.67476,-0.47564,-0.56733
474.8,0.80321,-0.09717,-0.52954
474.9,0.55721,0.00504,-0.68862
475.0,0.44057,0.11369,-0.50173
475.1,0.26767,-0.03985,-0.45445
475.2,0.49361,0.09427,-0.39283
475.3,0.50275,0.03115,0.01997
475.4,0.4466,-0.02586,0.04912
475.5,0.4734,0.19776,0.08624
475.6,0.58434,-0.02393,0.13493
475.7,0.75568,0.08009,0.19318
475.8,0.40727,-0.10585,0.02216
475.9,0.52188,0.08696,0.30852
476.0,0.52191,0.21416,0.15867
476.1,0.71016,0.31131,-0.27294
476.2,0.51261,0.5655,-0.15018
476.3,0.52497,0.73173,-0.34604
476.4,0.53283,0.81668,-0.30089
476.5,0.53146,1.06368,-0.47959
476.6,0.60215,1.08079,-0.49267
476.7,0.78067,1.30793,-0.14596
476.8,0.68856,1.04368,-0.16227
476.9,0.6673,1.33576,-0.24459
477.0,0.78073,1.21006,-0.37063
477.1,0.72707,1.23673,-0.57967
477.2,0.75187,0.85598,-0.43769
477.3,0.6601,0.73551,-0.55671
477.4,0.76776,0.69156,-0.66073
477.5,0.68535,0.63392,-0.55678
477.6,0.81523,0.53829,-0.42877
477.7,0.9202,0.51038,-0.09503
477.8,0.91244,0.44764,-0.17282
477.9,1.04236,0.64251,-0.25843
478.0,0.90619,0.68634,-0.00931
478.1,0.88643,0.68988,0.24195
478.2,0.7007,0.81207,0.30213
478.3,0.68295,0.80888,0.25978
478.4,0.71328,0.93675,0.0619
478.5,0.57835,1.07497,0.40684
478.6,0.38081,0.94232,0.18765
478.7,0.20125,1.05211,0.22569
478.8,0.24969,1.17718,0.38612
478.9,0.19057,1.13497,0.35711
479.0,0.10843,1.11354,0.41096
479.1,-0.00473,1.0529,0.47399
479.2,0.01463,1.07247,0.48176
479.3,0.27432,0.82863,0.43868
479.4,0.40719,0.70241,0.4044
479.5,0.35106,0.72832,0.62374
479.6,0.55784,0.48171,0.71289
479.7,0.77923,0.27137,0.57285
479.8,0.6565,0.01264,0.76315
479.9,0.46881,0.14449,0.72864
480.0,0.53436,0.26699,1.01024
480.1,0.76902,0.41545,0.98261
480.2,0.68087,0.61067,0.87624
480.3,0.60693,0.58517,1.17762
480.4,0.41686,0.56579,1.28338
480.5,0.59648,0.69367,1.42095
480.6,0.47693,0.54116,1.42264
480.7,0.17305,0.68135,1.46167
480.8,0.00289,0.83244,1.40291
480.9,0.04468,0.5574,1.29218
481.0,-0.00445,0.56363,1.06344
481.1,0.06856,0.30191,1.05149
481.2,0.0528,0.09648,1.1549
481.3,0.31713,0.33763,1.38514
481.4,0.31135,0.29419,1.52531
481.5,0.17829,0.30461,1.48451
481.6,0.32175,0.29052,1.725
481.7,0.15075,0.34669,1.5191
481.8,0.20375,0.36876,1.22802
481.9,-0.01248,0.36788,1.26005
482.0,-0.15455,0.37172,1.14006
482.1,-0.03584,0.08019,0.92428
482.2,0.234,0.06454,0.83808
482.3,0.1506,-0.07696,0.80864
482.4,0.12677,-0.17103,0.67816
482.5,0.17318,0.00812,0.38129
482.6,-0.05331,0.03641,0.58234
482.7,-0.04478,-0.15846,0.52236
482.8,-0.37082,0.03004,0.31148
482.9,-0.38495,-0.13844,0.50937
483.0,-0.12018,-0.19893,0.63038
483.1,-0.00074,-0.09541,0.4645
483.2,0.17144,0.14071,0.69156
483.3,0.17611,0.54686,0.45413
483.4,0.16152,0.53525,0.24862
483.5,-0.06968,0.67117,0.18352
483.6,-0.2596,0.4772,-0.0173
483.7,-0.19436,0.41039,-0.0426
483.8,-0.03703,0.46572,-0.25196
483.9,0.12244,0.5599,-0.0573
484.0,0.30498,0.63862,-0.05467
484.1,0.04901,0.45167,-0.22952
484.2,0.36206,0.65043,-0.13106
484.3,0.16561,0.6878,0.01344
484.4,0.24862,0.77105,-0.06849
484.5,0.19208,0.77459,-0.40001
484.6,0.20812,0.73058,-0.41528
484.7,0.4226,0.61295,-0.47863
484.8,0.25074,0.68084,-0.70205
484.9,0.54632,0.88963,-0.70774
485.0,0.43664,0.59332,-0.78156
485.1,0.54861,0.62376,-0.53436
485.2,0.70915,0.69602,-0.42237
485.3,0.60407,0.83943,-0.39856
485.4,0.56655,0.77251,-0.52344
485.5,0.31836,0.81802,-0.56946
485.6,0.77148,0.86319,-0.48371
485.7,0.65006,0.69988,-0.64323
485.8,0.96097,0.67542,-0.46596
485.9,0.85478,0.78337,-0.5464
486.0,0.9974,1.00506,-0.79605
486.1,0.90153,0.76521,-0.65994
486.2,0.87037,0.84123,-0.72631
486.3,0.86533,0.67531,-0.75672
486.4,0.60941,0.65686,-0.6711
486.5,0.70724,0.75941,-0.64387
486.6,0.42159,0.58947,-0.7895
486.7,0.3152,0.48893,-0.61096
486.8,0.15528,0.56444,-0.62025
486.9,-0.18417,0.71767,-0.85546
487.0,-0.37156,0.8128,-0.72625
487.1,-0.2884,0.7411,-0.62742
487.2,-0.22231,0.65382,-0.75126
487.3,-0.15217,0.87958,-0.76706
487.4,-0.09755,0.69625,-0.86785
487.5,0.32951,0.63438,-0.94637
487.6,0.25966,0.76628,-0.68611
487.7,0.04803,0.76046,-0.37275
487.8,0.17843,0.73591,-0.30462
487.9,0.14328,0.67737,-0.21941
488.0,0.2016,0.78025,-0.00349
488.1,0.12163,0.74054,-0.03033
488.2,0.10656,0.74583,-0.02319
488.3,-0.0327,0.74831,0.37413
488.4,0.04139,0.67894,0.32828
488.5,0.14439,0.66046,0.43632
488.6,0.40243,0.45519,0.20435
488.7,0.4016,0.32561,0.31093
488.8,0.25393,0.34285,0.34286
488.9,0.5465,0.28954,0.34444
489.0,0.75939,0.33303,0.46509
489.1,0.61905,0.43667,0.42863
489.2,0.89009,0.30962,0.32816
489.3,0.87633,0.16283,0.24051
489.4,0.75949,0.1382,0.11047
489.5,0.73166,0.13244,0.10256
489.6,0.7963,0.3539,0.34504
489.7,0.64122,0.40398,0.51709
489.8,0.60658,0.49981,0.55095
489.9,0.63151,0.44595,0.32136
490.0,0.61159,0.47442,0.22451
490.1,0.39038,0.21968,0.05783
490.2,0.23031,-0.17853,0.16908
490.3,0.48494,-0.26025,0.1069
490.4,0.44639,-0.1448,0.01058
490.5,0.27328,0.00089,-0.05389
490.6,0.01944,0.2974,-0.38473
490.7,-0.186,0.41522,-0.29362
490.8,-0.34687,0.62894,-0.34578
490.9,-0.4992,0.61346,-0.06436
491.0,-0.31388,0.67177,0.0372
491.1,-0.32255,0.84494,-0.03047
491.2,-0.27238,0.6448,0.13795
491.3,-0.47726,0.52816,0.06109
491.4,-0.40222,0.29652,0.16089
491.5,-0.28768,0.16112,0.18274
491.6,-0.06723,0.31521,0.1577
491.7,-0.0963,0.12615,0.28364
491.8,-0.21841,0.12389,0.33177
491.9,-0.23707,0.04089,0.34862
492.0,-0.27908,0.0619,0.18072
492.1,-0.23874,0.13887,0.0326
492.2,-0.23659,0.02424,-0.28107
492.3,-0.17619,0.16992,-0.24816
492.4,-0.1348,0.21277,-0.25317
492.5,-0.26995,0.19778,-0.09855
492.6,-0.67436,0.06869,-0.20074
492.7,-0.8616,-0.08492,-0.23106
492.8,-0.76008,-0.00645,-0.34283
492.9,-0.75349,0.04245,-0.23996
493.0,-0.7593,-0.1417,0.03747
493.1,-0.66986,-0.08279,-0.11088
493.2,-0.51989,-0.0473,-0.20235
493.3,-0.46649,-0.09138,-0.25265
493.4,-0.59708,-0.0462,-0.1527
493.5,-0.4172,0.03878,-0.17454
493.6,-0.46451,-0.15382,-0.21857
493.7,-0.52205,-0.14021,-0.45689
493.8,-0.50599,0.08889,-0.38663
493.9,-0.32967,-0.14224,-0.41244
494.0,-0.34658,-0.10511,-0.35496
494.1,-0.54301,-0.03078,-0.34372
494.2,-0.32785,0.06711,-0.29171
494.3,-0.16244,-0.04692,-0.12205
494.4,-0.33789,-0.06164,-0.0786
494.5,-0.14052,0.03182,0.09778
494.6,-0.16143,0.15492,0.25242
494.7,-0.30045,0.0217,0.08875
494.8,-0.43271,0.1297,0.00707
494.9,-0.42244,0.07956,0.0067
495.0,-0.27322,-0.04907,-0.01002
495.1,-0.44338,-0.38417,-0.17904
495.2,0.06688,-0.22752,-0.12342
495.3,-0.00549,-0.35757,-0.15907
495.4,0.04613,-0.4675,-0.5076
495.5,-0.31833,-0.62405,-0.37438
495.6,-0.24085,-0.55454,-0.37321
495.7,-0.22299,-0.44147,-0.48843
495.8,-0.10138,-0.36056,-0.74616
495.9,-0.19378,-0.13198,-0.61881
496.0,-0.0158,0.09372,-0.45027
496.1,-0.33376,-0.00509,-0.1537
496.2,-0.15881,-0.21849,-0.34656
496.3,-0.04699,-0.25047,-0.23806
496.4,-0.01482,-0.47221,-0.10922
496.5,-0.10423,-0.78896,-0.12282
496.6,-0.17464,-0.67042,-0.43001
496.7,-0.4327,-0.54655,-0.41723
496.8,-0.03196,-0.54276,-0.28967
496.9,-0.09397,-0.55223,-0.09599
497.0,-0.1878,-0.49834,0.04718
497.1,0.2048,-0.42421,-0.04605
497.2,0.25348,-0.24487,0.02751
497.3,0.50281,-0.34917,0.17754
497.4,0.52405,-0.3087,0.34324
497.5,0.51093,-0.16332,0.44346
497.6,0.50012,0.0221,0.30399
497.7,0.65227,0.08922,0.40239
497.8,0.42678,-0.01549,0.42518
497.9,0.15671,-0.1574,0.39759
498.0,0.04071,-0.32584,0.40601
498.1,-0.10639,-0.28995,0.48507
498.2,-0.22965,-0.13653,0.33492
498.3,-0.52593,0.06597,0.26834
498.4,-0.58923,0.26141,0.21603
498.5,-0.47806,0.30881,0.18091
498.6,-0.31633,0.5049,0.21202
498.7,-0.25154,0.56487,0.34828
498.8,-0.25636,0.89002,0.35642
498.9,-0.0814,1.00861,0.27684
499.0,-0.19818,0.88467,0.35653
499.1,-0.2782,0.86396,0.26206
499.2,-0.42187,0.51279,0.46084
499.3,-0.36489,0.72925,0.15663
499.4,-0.29658,0.76589,-0.46026
499.5,-0.30402,0.80472,-0.58732
499.6,-0.08595,0.59132,-0.51165
499.7,-0.14757,0.30468,-0.43629
499.8,-0.06115,0.321,-0.44056
499.9,0.1272,0.41357,-0.74141
500.0,0.10056,0.45156,-0.7448
500.1,-0.25695,0.3704,-0.58449
500.2,-0.23008,0.12563,-0.53547
500.3,-0.05926,0.43908,-0.5818
500.4,-0.06786,0.58999,-0.48083
500.5,-0.18073,0.60728,-0.41298
500.6,-0.23753,0.6311,-0.36218
500.7,0.17658,0.76491,-0.22959
500.8,-0.14372,0.70473,-0.20167
500.9,-0.00553,0.63933,-0.01149
501.0,-0.29397,0.62094,-0.35595
501.1,-0.32754,0.35502,-0.395
501.2,-0.39531,0.52887,-0.21314
501.3,-0.02661,0.59355,0.02899
501.4,-0.0261,0.63323,0.29457
501.5,0.04297,0.66773,-0.06424
501.6,-0.09348,0.59514,-0.03746
501.7,0.02945,0.47953,0.00958
501.8,0.08061,0.8708,-0.02406
501.9,-0.07716,0.96518,-0.23078
502.0,-0.02631,0.85984,-0.20263
502.1,-0.0264,0.77155,-0.27371
502.2,0.32476,0.75192,-0.0872
502.3,0.30898,0.51274,-0.23048
502.4,0.52784,0.33236,0.03212
502.5,0.57394,0.34733,0.05027
502.6,0.77578,0.30323,-0.26183
502.7,0.90358,0.49563,-0.22987
502.8,0.67258,0.3891,-0.35418
502.9,0.76196,0.42397,-0.20002
503.0,0.79253,0.10507,-0.17188
503.1,0.84897,0.48917,-0.28635
503.2,0.79519,0.66795,-0.31856
503.3,0.73466,0.96009,-0.34124
503.4,0.82966,1.06369,-0.33719
503.5,0.77485,0.86862,-0.23184
503.6,0.67909,0.67494,-0.26297
503.7,0.69672,0.8901,-0.34061
503.8,0.66826,1.29969,-0.08595
503.9,0.70966,1.272,0.01692
504.0,0.74214,1.10535,0.08355
504.1,0.7823,0.98252,0.23524
504.2,0.77641,1.09982,0.10808
504.3,0.65596,0.94865,0.09899
504.4,1.15529,0.82778,-0.02384
504.5,0.92863,0.69239,0.08088
504.6,0.6112,0.64446,-0.00608
504.7,0.58909,0.81749,-0.08698
504.8,0.48024,1.08959,-0.02215
504.9,0.43362,1.17601,-0.32425
505.0,0.35251,1.28623,-0.4863
505.1,0.31725,1.09653,-0.56514
505.2,0.39778,1.15905,-0.63978
505.3,0.5821,1.11156,-0.65222
505.4,0.65792,1.13877,-0.71022
505.5,0.97844,0.97148,-0.63212
505.6,0.83123,0.953,-0.62536
505.7,0.95021,0.67302,-0.4331
505.8,0.83118,0.53438,-0.21628
505.9,1.08447,0.56657,-0.3343
506.0,1.24384,0.45871,-0.45901
506.1,1.15038,0.5349,-0.66645
506.2,1.20153,0.60045,-0.45054
506.3,1.08436,0.26712,-0.61285
506.4,0.89794,0.43499,-0.47226
506.5,0.93646,0.56324,-0.42441
506.6,0.7962,0.48903,-0.65195
506.7,0.86083,0.26352,-0.44389
506.8,0.79282,0.27164,-0.67672
506.9,0.93001,0.20831,-0.36093
507.0,0.90637,0.19071,-0.46096
507.1,0.8926,0.30402,-0.39914
507.2,0.55674,0.34414,-0.58958
507.3,0.48347,0.61439,-0.52649
507.4,0.41272,0.84512,-0.29449
507.5,0.26095,0.68192,-0.39763
507.6,0.15464,0.61731,-0.78329
507.7,0.08242,0.41017,-0.77738
507.8,0.19065,0.0227,-0.86999
507.9,0.14561,-0.11649,-0.84104
508.0,0.06079,-0.07482,-0.62827
508.1,0.14975,0.16533,-0.5401
508.2,0.15939,0.31985,-0.65326
508.3,0.10912,0.44273,-0.64125
508.4,0.19584,0.44426,-0.67223
508.5,0.03931,0.34585,-0.82038
508.6,-0.02714,0.35408,-0.9568
508.7,-0.1305,0.46511,-0.95524
508.8,-0.29305,0.48533,-0.97466
508.9,-0.38804,0.45261,-0.79115
509.0,-0.38488,0.33738,-0.69485
509.1,-0.46125,0.21311,-1.02764
509.2,-0.42873,0.37007,-0.84694
509.3,-0.2989,0.20586,-0.83286
509.4,-0.38741,-0.15588,-0.88109
509.5,-0.4424,-0.18567,-0.97852
509.6,-0.55964,-0.18026,-0.89673
509.7,-0.46812,0.01664,-0.90095
509.8,-0.39751,0.11201,-0.85259
509.9,-0.36767,-0.0111,-0.74958
510.0,-0.00979,-0.01789,-0.68256
510.1,-0.03988,-0.163,-0.65211
510.2,0.03178,-0.10374,-0.38203
510.3,-0.12449,-0.1154,-0.37196
510.4,-0.3244,0.03381,-0.3166
510.5,-0.14212,0.13027,-0.26614
510.6,-0.14632,0.08755,-0.18511
510.7,-0.10181,0.28145,-0.28106
510.8,-0.21944,0.07509,-0.23722
510.9,-0.49149,0.0332,-0.30606
511.0,-0.53271,0.04256,-0.32059
511.1,-0.56722,0.18751,-0.75857
511.2,-0.59122,0.12347,-0.616
511.3,-0.296,0.2073,-0.70092
511.4,-0.13736,0.16811,-0.80181
511.5,-0.43066,0.07813,-0.71232
511.6,-0.23292,0.00553,-0.72142
511.7,-0.06685,0.02083,-0.58436
511.8,0.0934,0.04929,-0.68773
511.9,0.30656,0.13069,-0.69536
512.0,0.38191,0.05731,-0.81999
512.1,0.32321,-0.06911,-1.01152
512.2,0.42118,-0.15022,-1.29228
512.3,0.34418,-0.07378,-1.22508
512.4,0.18229,0.05693,-1.10044
512.5,0.38201,-0.02567,-1.06531
512.6,0.56452,-0.02355,-1.05805
512.7,0.49996,-0.21198,-0.97824
512.8,0.45946,-0.43256,-0.86333
512.9,0.31741,-0.39954,-0.59842
513.0,0.76964,-0.47771,-0.63522
513.1,0.6953,-0.44895,-0.95698
513.2,0.50322,-0.35549,-0.88969
513.3,0.23443,-0.2919,-0.61363
513.4,0.19573,-0.37996,-0.49381
513.5,0.31451,-0.59206,-0.6848
513.6,0.50734,-0.6601,-0.51611
513.7,0.55199,-0.42394,-0.347
513.8,0.49792,-0.40819,-0.41964
513.9,0.35411,-0.45397,-0.3014
514.0,0.45882,-0.26541,-0.46053
514.1,0.4159,-0.22898,-0.61864
514.2,0.53438,-0.15758,-0.83345
514.3,0.3087,-0.0077,-0.81663
514.4,0.67649,0.0767,-0.70932
514.5,0.44465,0.07425,-0.71767
514.6,0.16629,-0.00348,-0.76604
514.7,0.09316,0.17247,-0.6254
514.8,0.03977,0.24486,-0.73064
514.9,0.00104,0.49539,-0.7597
515.0,-0.23871,0.64379,-0.66857
515.1,-0.17825,0.56255,-0.94947
515.2,-0.21704,0.48813,-0.97295
515.3,-0.23851,0.651,-0.90848
515.4,-0.18663,0.49966,-0.94724
515.5,-0.22872,0.54755,-0.70587
515.6,-0.01683,0.33057,-0.56407
515.7,0.17769,0.28969,-0.57286
515.8,0.14043,0.21237,-0.66651
515.9,0.19903,0.37548,-0.59864
516.0,0.20079,0.58499,-0.42351
516.1,0.20764,0.49248,-0.46615
516.2,0.14194,0.30227,-0.26814
516.3,0.05701,0.03076,-0.57283
516.4,0.0632,-0.29604,-0.45207
516.5,-0.02774,-0.28266,-0.25596
516.6,0.06553,-0.27572,-0.0687
516.7,0.23325,-0.29334,-0.0101
516.8,0.22624,-0.23254,0.04715
516.9,0.30043,-0.30856,-0.02532
517.0,0.27898,-0.59404,0.09188
517.1,0.40145,-0.66274,0.04438
517.2,0.13479,-0.79073,0.09704
517.3,-0.1483,-0.80812,-0.02783
517.4,-0.29551,-0.69521,0.06432
517.5,-0.03887,-0.96052,0.19671
517.6,0.02772,-0.77797,0.02598
517.7,-0.02618,-0.91016,0.10946
517.8,0.09407,-0.82601,-0.0685
517.9,-0.05835,-0.66216,-0.12125
518.0,-0.06221,-0.52177,0.0259
518.1,-0.08252,-0.51293,-0.28835
518.2,-0.16687,-0.59723,-0.41134
518.3,-0.3247,-0.33716,-0.4172
518.4,-0.17292,-0.36567,-0.31846
518.5,-0.05719,-0.14582,-0.29193
518.6,0.18508,-0.51739,-0.60932
518.7,0.21617,-0.50067,-0.60039
518.8,0.19576,-0.28302,-0.81547
518.9,0.2831,0.00174,-0.57319
519.0,0.254,-0.12111,-0.44702
519.1,0.10077,0.15966,-0.65761
519.2,0.15982,0.02351,-0.41214
519.3,0.27556,0.06992,-0.19631
519.4,0.38277,0.29521,-0.2005
519.5,0.23569,0.08631,-0.01166
519.6,-0.00779,0.12532,-0.31782
519.7,0.08241,-0.12763,-0.38938
519.8,-0.00812,0.06589,-0.56779
519.9,0.13003,0.05151,-0.50789
520.0,0.10808,-0.08211,-0.3009
520.1,0.08023,0.07948,-0.4232
520.2,0.26428,0.07024,-0.47561
520.3,0.3975,0.24052,-0.49679
520.4,0.3763,0.44526,-0.16018
520.5,0.15093,0.0897,-0.45344
520.6,0.1087,0.06396,-0.29192
520.7,0.03092,0.17122,-0.17593
520.8,0.01143,0.33726,-0.40051
520.9,0.08476,0.11816,-0.3919
521.0,-0.00655,0.0463,-0.44828
521.1,0.23741,-0.14062,-0.53009
521.2,0.31841,0.07641,-0.32894
521.3,0.39529,0.18502,-0.3703
521.4,0.3579,0.30099,-0.43392
521.5,0.46564,0.56957,-0.34037
521.6,0.75335,0.44735,-0.41114
521.7,0.96387,0.49885,-0.25397
521.8,0.91288,0.61567,-0.37278
521.9,0.98043,0.66943,-0.20411
522.0,1.1664,0.32048,-0.22851
522.1,1.02656,0.05212,0.04837
522.2,0.92372,0.17796,-0.06546
522.3,0.89768,0.32617,-0.27541
522.4,0.70665,0.11888,-0.11735
522.5,0.64868,-0.00139,-0.01507
522.6,0.70601,-0.04549,-0.0006
522.7,0.70214,-0.0041,-0.12055
522.8,0.65242,-0.04577,-0.14532
522.9,0.50988,0.10745,-0.07089
523.0,0.51259,0.05477,-0.19445
523.1,0.59954,0.04263,-0.25354
523.2,0.51461,0.14423,-0.01785
523.3,0.71247,0.29927,-0.34204
523.4,0.55304,0.36334,-0.34103
523.5,0.43651,0.4988,-0.27702
523.6,0.21104,0.84497,-0.38549
523.7,0.5221,0.90145,-0.41152
523.8,0.66284,0.69486,-0.36554
523.9,0.47964,0.72604,-0.19919
524.0,0.63047,0.49584,-0.15376
524.1,0.67429,0.49829,-0.1889
524.2,0.84266,0.25661,-0.17893
524.3,0.60868,0.40377,-0.13366
524.4,0.74571,0.35338,-0.09124
524.5,0.69451,0.26747,-0.11371
524.6,0.57822,0.0839,-0.29873
524.7,0.79138,-0.15563,-0.03253
524.8,0.55312,-0.11277,0.14042
524.9,0.80982,-0.13907,0.38612
525.0,0.79929,-0.21363,0.45424
525.1,0.66514,-0.49835,0.46965
525.2,0.70427,-0.39545,0.5021
525.3,0.75357,-0.54684,0.39128
525.4,0.86602,-0.64429,0.58774
525.5,0.97671,-0.48194,0.59609
525.6,0.86092,-0.65295,0.56232
525.7,1.01428,-0.43474,0.2664
525.8,1.17788,-0.30972,0.29027
525.9,1.10135,-0.31668,0.07646
526.0,0.87625,-0.42597,-0.25914
526.1,1.19539,-0.57671,-0.28466
526.2,1.12059,-0.51713,-0.43944
526.3,1.12421,-0.48957,-0.39871
526.4,1.36054,-0.56219,-0.44975
526.5,1.31773,-0.54659,-0.2765
526.6,1.434,-0.2603,-0.1024
526.7,1.498,-0.45724,-0.20336
526.8,1.53616,-0.20197,-0.30679
526.9,1.66442,-0.58274,-0.51115
527.0,1.48707,-0.5021,-0.54307
527.1,1.27698,-0.52313,-0.3788
527.2,1.36821,-0.56637,-0.44343
527.3,1.32286,-0.42125,-0.07844
527.4,1.25908,-0.52331,-0.26784
527.5,1.26182,-0.64489,-0.24015
527.6,0.91988,-0.58553,-0.29031
527.7,0.76746,-0.60184,-0.1548
527.8,0.48638,-0.51792,-0.23811
527.9,0.37373,-0.47389,-0.49436
528.0,0.52894,-0.37776,-0.37317
528.1,0.59514,-0.15203,-0.47879
528.2,0.62795,-0.15477,-0.29832
528.3,0.6923,0.10231,-0.1179
528.4,0.55997,0.00215,-0.15434
528.5,0.58976,0.16686,-0.07151
528.6,0.58009,0.19759,-0.11951
528.7,0.42815,0.16098,0.02002
528.8,0.59933,0.11058,-0.07531
528.9,0.52169,0.10647,-0.23995
529.0,0.6263,0.04823,-0.13242
529.1,0.53766,0.26509,-0.08626
529.2,0.65649,0.26229,0.07302
529.3,0.68617,0.60066,0.0807
529.4,0.71076,0.73623,-0.12739
529.5,0.55594,0.81747,-0.09569
529.6,0.36593,0.95053,-0.1645
529.7,0.37607,0.77225,-0.17718
529.8,0.22928,0.97032,-0.19645
529.9,-0.02255,0.89134,-0.13626
530.0,-0.121,0.75024,-0.33795
530.1,-0.09108,0.25192,-0.28551
530.2,-0.01523,0.13268,-0.05394
530.3,-0.09899,0.02393,-0.29962
530.4,-0.18354,-0.16204,-0.19962
530.5,0.05322,-0.14538,-0.0887
530.6,-0.06779,0.10816,-0.11554
530.7,-0.0267,0.00767,-0.06122
530.8,-0.11799,0.15866,-0.10909
530.9,0.07737,0.24676,-0.21005
531.0,-0.02726,0.36349,-0.24325
531.1,-0.2979,0.52557,-0.02455
531.2,-0.18416,0.7693,-0.00885
531.3,-0.06517,0.90311,-0.2133
531.4,0.06906,0.80065,-0.38335
531.5,0.02684,0.85718,-0.04907
531.6,0.10616,0.73225,-0.12597
531.7,0.13576,0.94709,-0.27061
531.8,0.05917,0.96536,-0.38209
531.9,0.23501,0.81358,-0.21028
532.0,-0.18378,1.00438,-0.05689
532.1,-0.02662,0.85551,-0.00726
532.2,0.08142,0.7234,0.02069
532.3,-0.10961,0.86957,0.25532
532.4,0.07236,0.82703,0.09678
532.5,0.15764,0.96186,0.07585
532.6,-0.15014,0.99531,0.00838
532.7,-0.06262,0.96761,0.02984
532.8,-0.20692,1.11361,-0.07972
532.9,-0.04949,1.14273,0.19422
533.0,-0.01988,1.11987,0.51787
533.1,0.05339,1.26635,0.65114
533.2,0.16417,1.39891,0.38048
533.3,-0.10238,1.39621,0.29087
533.4,0.11708,1.08995,0.20497
533.5,0.32277,0.97896,0.4956
533.6,0.29848,1.05982,0.2852
533.7,0.31181,1.08025,0.29355
533.8,0.32903,1.11536,0.17432
533.9,0.42866,0.90213,0.65409
534.0,0.49432,0.86307,0.68314
534.1,0.41405,0.73667,0.64783
534.2,0.56743,0.59671,0.69969
534.3,0.54754,0.58059,0.49739
534.4,0.3406,0.61189,0.2844
534.5,0.13591,0.74821,0.26852
534.6,0.36378,0.97776,0.29753
534.7,0.64532,1.25801,0.10228
534.8,0.4371,1.20763,-0.01379
534.9,0.42178,0.93869,-0.16072
535.0,0.33769,1.07558,0.06984
535.1,0.26463,1.27795,0.18667
535.2,0.34483,1.32815,-0.10546
535.3,0.69729,1.4197,0.1541
535.4,0.87431,1.27315,0.30093
535.5,0.89471,1.18628,0.33414
535.6,0.87914,1.15668,0.35917
535.7,0.96293,0.94343,0.58907
535.8,0.91029,0.79121,0.5321
535.9,0.81995,0.69847,0.4463
536.0,0.61898,0.62677,0.22755
536.1,0.5133,0.40979,0.24265
536.2,0.45213,0.48809,0.17818
536.3,0.50312,0.35131,0.13434
536.4,0.53552,0.31087,-0.0746
536.5,0.30906,0.46036,-0.11728
536.6,0.36719,0.50291,0.11038
536.7,0.3392,0.61091,-0.07212
536.8,0.44457,0.58771,-0.20051
536.9,0.33929,0.26337,0.02752
537.0,0.1599,0.27409,0.25413
537.1,0.28265,0.10833,0.38125
537.2,0.22248,0.02963,0.24203
537.3,0.22017,0.27391,0.14457
537.4,-0.0308,0.12544,0.57622
537.5,-0.06283,0.05413,0.4981
537.6,-0.02067,0.02762,0.62685
537.7,-0.03566,0.14989,0.49295
537.8,-0.22769,0.12151,0.91166
537.9,-0.05942,0.1531,1.09425
538.0,-0.12106,0.4116,1.26181
538.1,0.07541,0.60543,0.90917
538.2,-0.14993,0.4728,1.05861
538.3,0.05725,0.50353,0.87784
538.4,0.19424,0.26225,0.69212
538.5,0.39389,0.45811,0.88727
538.6,0.19977,0.41761,0.83654
538.7,0.04691,0.10171,0.7271
538.8,-0.04995,0.05536,0.74134
538.9,-0.01869,0.13812,0.60193
539.0,0.17154,0.03802,0.51038
539.1,-0.00821,-0.11986,0.55752
539.2,0.39536,-0.26293,0.24353
539.3,0.44231,-0.07557,0.4487
539.4,0.62677,-0.11829,0.38333
539.5,0.52526,-0.17362,0.50947
539.6,0.62022,-0.33609,0.2929
539.7,0.37823,-0.41035,0.2679
539.8,0.35984,-0.42201,0.32337
539.9,0.49023,-0.46693,0.43161
540.0,0.48956,-0.42081,0.46655
540.1,0.25807,-0.1978,0.40942
540.2,0.09404,-0.13701,0.49028
540.3,0.02078,-0.19867,0.5834
540.4,-0.35538,-0.18423,0.53081
540.5,-0.31327,-0.24395,0.69805
540.6,-0.35187,-0.35707,0.70896
540.7,-0.62413,-0.25882,0.45853
540.8,-0.90304,-0.29515,0.69744
540.9,-0.6539,-0.51624,0.74983
541.0,-0.77287,-0.51993,0.78806
541.1,-0.95998,-0.51173,0.63987
541.2,-1.0635,-0.46796,0.76947
541.3,-0.88044,-0.56931,0.83226
541.4,-0.99658,-0.71372,0.37576
541.5,-1.08367,-0.50781,0.17818
541.6,-0.81406,-0.30861,0.31457
541.7,-0.85405,-0.13231,0.23594
541.8,-0.69917,0.02311,0.43267
541.9,-0.53066,-0.16169,0.3682
542.0,-0.46351,0.08887,0.1966
542.1,-0.70982,-0.09326,0.35735
542.2,-0.521,0.10447,0.16737
542.3,-0.55022,-0.19217,-0.08656
542.4,-0.68495,-0.21496,0.29389
542.5,-0.8043,-0.25127,0.46489
542.6,-0.68495,-0.24464,0.42116
542.7,-0.78589,-0.27093,0.58667
542.8,-0.59343,-0.22183,0.48889
542.9,-0.69835,-0.27734,0.61705
543.0,-0.66181,-0.296,0.81063
543.1,-0.76915,-0.53166,0.88621
543.2,-0.74298,-0.34723,0.75634
543.3,-0.69502,-0.30138,0.55063
543.4,-0.36216,-0.23533,0.64725
543.5,-0.56608,-0.0475,0.54119
543.6,-0.68974,-0.18867,0.28072
543.7,-0.68294,-0.20826,0.41476
543.8,-0.65009,-0.04816,0.57828
543.9,-0.93072,-0.50998,0.61456
544.0,-0.90061,-0.35398,0.93887
544.1,-0.87552,-0.29878,0.64621
544.2,-0.65617,-0.31923,0.63365
544.3,-0.49483,-0.12517,0.63862
544.4,-0.47023,0.03713,0.2742
544.5,-0.55172,-0.00749,0.12787
544.6,-0.47384,0.26889,0.06344
544.7,-0.60093,0.12273,0.20193
544.8,-0.51964,0.27055,-0.03942
544.9,-0.58626,0.34784,-0.3165
545.0,-0.21204,0.28329,-0.26754
545.1,-0.11325,0.14974,-0.1998
545.2,0.3065,0.21221,0.02961
545.3,0.22127,0.11691,0.03901
545.4,0.14485,-0.15071,0.1422
545.5,0.23469,-0.52979,0.05427
545.6,0.21605,-0.39653,-0.08146
545.7,0.38792,-0.72695,0.10486
545.8,0.50044,-1.01707,0.05226
545.9,0.37003,-0.93869,-0.00736
546.0,0.44254,-0.92354,-0.17775
546.1,0.29051,-0.74353,-0.22316
546.2,0.30519,-0.63234,-0.18036
546.3,0.43753,-0.56603,-0.10385
546.4,0.37374,-0.50803,-0.18017
546.5,-0.04993,-0.48953,-0.26284
546.6,0.00971,-0.7425,-0.41117
546.7,-0.07705,-0.64664,-0.24741
546.8,-0.09979,-0.44486,-0.20551
546.9,-0.01571,-0.38487,-0.21037
547.0,-0.02215,-0.36753,-0.3082
547.1,-0.08982,-0.24979,-0.15949
547.2,-0.15091,-0.25707,-0.16663
547.3,-0.08371,-0.42296,0.0177
547.4,-0.08039,-0.62572,-0.00503
547.5,0.03745,-0.76229,-0.01247
547.6,0.11167,-0.70139,0.08622
547.7,0.11678,-0.63289,0.27815
547.8,0.13149,-0.49812,0.39495
547.9,0.24703,-0.58264,0.68362
548.0,0.24043,-0.63029,0.91954
548.1,0.23321,-0.67362,1.13772
548.2,0.10566,-0.80304,1.04679
548.3,0.26267,-0.59185,0.7771
548.4,0.41287,-0.5093,0.78435
548.5,0.6074,-0.4622,0.49579
548.6,0.63156,-0.67759,0.64492
548.7,0.62831,-0.6538,0.42457
548.8,0.82361,-0.6914,0.52289
548.9,0.86829,-0.80688,0.51627
549.0,0.53625,-0.58325,0.63161
549.1,0.56976,-0.4708,0.50143
549.2,0.52033,-0.23629,0.715
549.3,0.40356,0.04835,0.57946
549.4,0.34422,-0.12658,0.52846
549.5,0.41549,-0.07754,0.46604
549.6,0.55216,-0.09707,0.58062
549.7,0.6148,-0.36461,0.35664
549.8,0.18465,-0.2541,0.48737
549.9,-0.07571,-0.12804,0.58991
550.0,-0.19209,-0.02949,0.57901
550.1,-0.21107,-0.02456,0.57685
550.2,0.05536,0.00269,0.3557
550.3,-0.20509,-0.07211,0.43283
550.4,-0.22525,-0.02347,0.25948
550.5,-0.24023,0.01917,0.2776
550.6,0.12992,-0.21286,0.38296
550.7,0.1494,-0.38731,0.26396
550.8,0.10775,-0.40619,0.29719
550.9,0.17102,-0.50481,0.40613
551.0,-0.00265,-0.54007,0.45798
551.1,-0.19236,-0.40742,0.4333
551.2,-0.14109,-0.46727,0.39237
551.3,-0.21864,-0.47824,0.44224
551.4,0.22536,-0.57475,0.35699
551.5,-0.12472,-0.56286,-0.10161
551.6,-0.21558,-0.57158,0.25899
551.7,-0.32035,-0.49578,0.23022
551.8,-0.11802,-0.73337,0.30336
551.9,-0.04248,-0.6951,0.16086
552.0,-0.0289,-0.68486,0.30493
552.1,-0.15726,-0.58476,0.17427
552.2,-0.07076,-0.43512,0.37082
552.3,-0.11493,-0.43616,0.36054
552.4,-0.07555,-0.21742,0.53179
552.5,-0.13208,0.19437,0.64479
552.6,-0.06779,0.1773,0.83427
552.7,-0.08676,0.07713,0.80409
552.8,-0.28105,0.36716,0.66697
552.9,-0.57553,0.41113,0.40489
553.0,-0.70703,0.32581,0.30909
553.1,-0.50644,0.39667,0.46409
553.2,-0.36852,0.1651,0.42394
553.3,-0.55908,0.18346,0.58377
553.4,-0.44574,0.11767,0.94836
553.5,-0.44914,0.27607,0.87534
553.6,-0.33083,0.40847,0.95904
553.7,-0.22444,0.38993,0.71922
553.8,-0.05549,0.34814,0.65305
553.9,-0.1193,0.34329,0.57693
554.0,-0.07032,0.28376,0.80514
554.1,-0.0897,0.34834,0.61233
554.2,0.02262,0.52067,0.71711
554.3,0.12136,0.41644,0.68611
554.4,0.00636,0.46613,0.83811
554.5,-0.32719,0.6988,0.74543
554.6,-0.41253,0.64701,0.92005
554.7,-0.20893,0.74024,0.72168
554.8,-0.38788,0.90741,0.4625
554.9,-0.58703,1.01033,0.45609
555.0,-0.65402,1.12897,0.39012
555.1,-0.59218,1.16571,0.49515
555.2,-0.64035,1.3991,0.40131
555.3,-0.75931,1.50902,0.19564
555.4,-0.69283,1.35901,0.26168
555.5,-0.56424,1.24391,0.11269
555.6,-0.40732,1.4423,0.04157
555.7,-0.37014,1.55874,0.08018
555.8,-0.57791,1.48507,0.11719
555.9,-0.58499,1.51214,0.1454
556.0,-0.61622,1.54994,0.19341
556.1,-0.71525,1.59007,0.18265
556.2,-0.72744,1.38923,0.3839
556.3,-0.68185,1.34652,0.33377
556.4,-0.81497,1.14015,0.28199
556.5,-0.60772,1.29362,0.30381
556.6,-0.59191,1.41754,0.29939
556.7,-0.57552,1.2694,0.46442
556.8,-0.49385,1.05096,0.6234
556.9,-0.5135,1.10559,0.45251
557.0,-0.28857,1.03087,0.26573
557.1,-0.50305,0.94013,-0.03046
557.2,-0.52057,0.62135,-0.04916
557.3,-0.56988,0.58182,0.08772
557.4,-0.55278,0.58862,0.03199
557.5,-0.6582,0.54898,-0.02764
557.6,-0.72577,0.48649,-0.24409
557.7,-0.80035,0.3969,-0.2219
557.8,-0.89618,0.24551,-0.10229
557.9,-0.65652,0.18764,-0.07579
558.0,-0.57986,0.37282,-0.4182
558.1,-0.43766,0.75027,-0.27568
558.2,-0.42793,0.40984,-0.15753
558.3,-0.48101,0.59059,-0.14091
558.4,-0.40111,0.45359,-0.30673
558.5,-0.1197,0.45067,-0.13139
558.6,-0.06633,0.40334,-0.31765
558.7,0.06825,0.35807,-0.24835
558.8,-0.02162,0.39233,-0.25335
558.9,-0.04238,0.2191,-0.34831
559.0,0.1164,0.48667,-0.11692
559.1,-0.20904,0.61296,0.02312
559.2,-0.07419,0.78614,0.00408
559.3,0.06563,0.99056,0.11261
559.4,0.00922,0.86764,0.00419
559.5,0.11748,0.88271,0.0651
559.6,0.17085,0.75174,0.19475
559.7,0.22517,0.78621,0.38138
559.8,-0.02507,0.73243,0.27671
559.9,0.17369,0.64617,0.23794
560.0,0.07864,0.86724,0.2949
560.1,-0.06486,0.69186,0.19926
560.2,0.02435,0.72858,0.58066
560.3,-0.00496,0.67576,0.19532
560.4,-0.03398,0.56746,0.12107
560.5,0.16189,0.53507,0.33175
560.6,-0.18038,0.28759,0.28661
560.7,-0.19226,0.25115,0.29366
560.8,-0.32812,0.08321,0.44218
560.9,-0.20189,-0.36912,0.1887
561.0,-0.23744,-0.16666,0.0605
561.1,-0.22863,-0.22882,0.28691
561.2,-0.06402,-0.36403,0.18723
561.3,-0.12041,-0.23207,-0.03642
561.4,-0.28428,-0.12392,-0.00723
561.5,-0.20808,-0.10496,-0.02265
561.6,-0.34582,-0.07553,-0.0761
561.7,-0.53684,-0.02147,0.05275
561.8,-0.43176,0.03966,-0.02829
561.9,-0.28937,0.33379,-0.19344
562.0,-0.51312,0.45884,-0.25458
562.1,-0.751,0.47468,-0.586
562.2,-0.67633,0.12988,-0.81159
562.3,-0.77618,0.20303,-0.91341
562.4,-0.65464,0.42942,-0.83922
562.5,-0.89606,0.27722,-0.62651
562.6,-0.7833,0.26704,-0.79679
562.7,-0.89973,0.33209,-0.56166
562.8,-0.87571,0.07123,-0.38903
562.9,-0.72859,0.13293,-0.246
563.0,-0.65637,0.05835,-0.18321
563.1,-0.66784,-0.04718,-0.18271
563.2,-0.42323,-0.16427,-0.36116
563.3,-0.49473,-0.36163,-0.15526
563.4,-0.58086,-0.18354,-0.24842
563.5,-0.84716,-0.32658,-0.40936
563.6,-0.84511,-0.17006,-0.45073
563.7,-0.61719,0.18105,-0.50156
563.8,-0.72303,0.24417,-0.52481
563.9,-0.61251,0.49093,-0.43071
564.0,-0.55696,0.65416,-0.22932
564.1,-0.61441,0.58454,-0.03367
564.2,-0.60569,0.6377,0.05118
564.3,-0.52734,0.73016,0.12158
564.4,-0.48723,0.74691,-0.17175
564.5,-0.42011,0.66049,-0.13531
564.6,-0.21974,0.74299,-0.22762
564.7,-0.20387,0.6693,-0.20407
564.8,-0.34306,0.61073,-0.05964
564.9,-0.23036,0.76367,-0.28959
565.0,-0.24947,0.90816,-0.52338
565.1,-0.12936,0.96641,-0.40853
565.2,-0.17307,0.88252,-0.40712
565.3,0.16848,0.92718,-0.46645
565.4,0.05845,0.65391,-0.63694
565.5,-0.0572,0.50558,-0.74288
565.6,-0.09985,0.55232,-0.76604
565.7,-0.29469,0.77208,-0.85183
565.8,-0.39885,0.65935,-0.86467
565.9,-0.79448,0.7127,-0.87336
566.0,-0.66098,0.51733,-0.63684
566.1,-0.60564,0.75418,-0.23495
566.2,-0.61827,0.82515,-0.11595
566.3,-0.47056,0.74515,-0.14251
566.4,-0.65481,0.71916,-0.16888
566.5,-0.40217,0.70141,0.04379
566.6,-0.55049,0.63367,-0.06817
566.7,-0.74083,0.52362,0.13537
566.8,-0.80736,0.50907,0.10276
566.9,-0.7667,0.22969,0.04236
567.0,-0.78611,0.22604,-0.17933
567.1,-0.82166,0.19184,-0.11925
567.2,-0.77116,-0.06746,0.07886
567.3,-0.63881,0.13043,0.07845
567.4,-0.68309,0.27547,0.16601
567.5,-0.60709,0.41716,0.32601
567.6,-0.74356,0.30369,0.21618
567.7,-0.7226,0.29373,0.15966
567.8,-0.70507,0.50731,0.17612
567.9,-0.57462,0.44441,0.2877
568.0,-0.62373,0.25311,0.29968
568.1,-0.70051,0.35363,0.4037
568.2,-0.66465,0.36831,0.41558
568.3,-0.72297,0.91543,0.41599
568.4,-0.88348,0.86826,0.51224
568.5,-0.71123,0.75802,0.29987
568.6,-0.69309,0.63437,0.41639
568.7,-0.82613,0.69159,0.689
568.8,-0.67811,0.60299,0.60518
568.9,-0.56677,0.55953,0.73278
569.0,-0.47251,0.43431,0.84866
569.1,-0.45576,0.32231,1.011
569.2,-0.50175,0.48827,0.92508
569.3,-0.51123,0.524,0.99105
569.4,-0.55737,0.55214,1.09865
569.5,-0.53775,0.46363,0.98777
569.6,-0.43194,0.45316,0.866
569.7,-0.44913,0.5684,0.87127
569.8,-0.30964,0.28533,0.7463
569.9,-0.16048,0.5122,0.72559
570.0,-0.06368,0.51155,0.89921
570.1,0.06115,0.5509,1.17461
570.2,0.10981,0.32367,1.09386
570.3,0.01858,0.1037,1.22828
570.4,0.15551,0.11777,1.07851
570.5,0.46203,0.36852,1.00266
570.6,0.6613,0.49655,1.06355
570.7,0.99524,0.33551,1.04115
570.8,1.10167,0.37915,0.94141
570.9,1.17808,0.43778,1.08257
571.0,0.97495,0.47373,1.17809
571.1,0.95604,0.58228,1.30291
571.2,0.76915,0.84257,1.29627
571.3,0.65005,0.85271,1.12818
571.4,0.58437,0.6786,0.7546
571.5,0.61094,0.43581,0.49899
571.6,0.42586,0.28318,0.59998
571.7,0.2925,0.05402,0.36388
571.8,0.34252,0.19122,0.46794
571.9,0.49218,0.35464,0.7636
572.0,0.54578,0.31594,0.90123
572.1,0.45423,0.21789,0.74094
572.2,0.73973,0.15594,0.73459
572.3,0.7033,-0.00488,0.84938
572.4,0.32026,-0.03164,0.83993
572.5,0.28656,-0.09519,1.03122
572.6,0.24515,0.04464,1.03698
572.7,0.1045,-0.20308,1.0314
572.8,0.07427,0.13652,1.12208
572.9,0.04986,0.24919,0.89518
573.0,0.30281,-0.04515,0.62481
573.1,0.19306,0.02147,0.83857
573.2,0.55177,0.17783,1.04807
573.3,0.72976,0.18197,1.02212
573.4,0.54713,0.10859,0.98864
573.5,0.58322,0.10661,0.88198
573.6,0.73989,0.22056,0.65647
573.7,0.5271,0.27132,0.8128
573.8,0.3343,0.05495,0.48466
573.9,0.53371,0.19701,0.38403
574.0,0.37174,0.05107,0.07297
574.1,0.37987,0.12373,0.05305
574.2,0.46561,0.00935,0.20622
574.3,0.62103,0.16907,0.52885
574.4,0.40809,0.05824,0.46137
574.5,0.62045,-0.13779,0.06157
574.6,0.51277,-0.3204,0.11558
574.7,0.86407,-0.21916,0.31737
574.8,0.79066,-0.04806,0.2001
574.9,0.71886,0.08075,0.24314
575.0,0.63096,-0.07311,0.23524
575.1,0.91141,0.03607,0.29378
575.2,0.80585,-0.02152,0.05163
575.3,0.68388,-0.13883,0.17218
575.4,0.60854,-0.07564,0.30448
575.5,0.60449,-0.14502,0.33138
575.6,0.4703,-0.26759,0.39029
575.7,0.80714,-0.19271,0.3973
575.8,0.68915,-0.28666,0.35157
575.9,0.64316,-0.24071,0.54442
576.0,0.62249,-0.22737,0.57005
576.1,0.89344,-0.08764,0.68252
576.2,0.58869,0.01596,0.87583
576.3,0.34149,0.13262,0.8688
576.4,0.32215,0.28829,0.97291
576.5,0.39748,0.41685,0.96817
576.6,0.31941,0.15397,0.97037
576.7,0.25983,0.08863,0.9919
576.8,0.01875,0.16937,0.84588
576.9,0.03104,0.30923,0.91683
577.0,0.11539,0.13448,1.14322
577.1,-0.05774,-0.18383,0.76855
577.2,-0.07326,-0.02109,0.80712
577.3,-0.13653,-0.23612,0.76889
577.4,-0.19148,-0.15209,0.72603
577.5,-0.36027,-0.07154,0.47059
577.6,-0.20574,-0.1124,0.57835
577.7,-0.2297,0.02192,0.43518
577.8,-0.25191,0.16442,0.33567
577.9,-0.15527,0.12371,0.18666
578.0,-0.11095,0.45043,0.1243
578.1,0.0364,0.52458,0.36109
578.2,0.11348,0.5745,0.18617
578.3,-0.0036,0.59157,0.30998
578.4,0.26305,0.60538,0.27848
578.5,0.37684,0.60771,0.29005
578.6,0.35535,0.64908,0.28181
578.7,0.42476,0.76118,0.26691
578.8,0.48055,0.61468,0.46187
578.9,0.44561,0.52869,0.28095
579.0,0.34482,0.39138,0.15769
579.1,0.3361,0.06498,-0.07768
579.2,0.28701,0.10643,0.07868
579.3,0.0997,0.30154,0.09197
579.4,0.01728,0.17759,0.14022
579.5,0.02014,0.23706,0.06075
579.6,-0.08309,0.13953,0.10465
579.7,-0.21473,0.07572,0.38847
579.8,-0.21761,-0.1215,0.30035
579.9,-0.2946,-0.32481,0.14113
580.0,0.18536,-0.27637,-0.06708
580.1,0.13302,-0.19335,0.13538
580.2,0.1012,-0.02077,-0.1728
580.3,0.13442,0.08578,-0.13003
580.4,0.27555,0.09347,-0.07504
580.5,0.10081,-0.06785,-0.19
580.6,-0.02801,0.10303,-0.38449
580.7,-0.04566,0.14363,-0.22456
580.8,0.13362,0.13865,-0.18674
580.9,0.03013,0.16771,-0.37759
581.0,0.10548,-0.07801,-0.53048
581.1,0.08919,0.07853,-0.46969
581.2,-0.00525,0.09231,-0.45623
581.3,-0.08464,0.3274,-0.65977
581.4,-0.22427,0.20155,-0.51043
581.5,-0.16436,0.25668,-0.45943
581.6,-0.54419,0.23698,-0.33774
581.7,-0.37454,0.39772,-0.34671
581.8,-0.27426,0.3132,-0.35876
581.9,-0.42564,0.28754,-0.51303
582.0,-0.46885,-0.01567,-0.56836
582.1,-0.37235,0.20935,-0.53672
582.2,-0.26229,0.01594,-0.37556
582.3,-0.12873,0.19487,-0.31234
582.4,-0.2765,0.25758,-0.44796
582.5,-0.39498,0.72025,-0.37546
582.6,-0.74423,0.75333,-0.22804
582.7,-0.61874,0.84804,-0.15972
582.8,-0.56582,0.81177,-0.22647
582.9,-0.49798,0.61445,-0.09681
583.0,-0.5786,0.55129,-0.23177
583.1,-0.51638,0.46338,-0.19018
583.2,-0.61398,0.4647,-0.18337
583.3,-0.74337,0.49273,0.22299
583.4,-0.77964,0.44101,0.11871
583.5,-1.01403,0.38785,0.31104
583.6,-1.02457,0.31826,0.20629
583.7,-1.30643,0.22169,0.3201
583.8,-1.4648,0.22502,0.44247
583.9,-1.41681,0.02682,0.10074
584.0,-1.49835,0.20142,0.09188
584.1,-1.75685,0.22434,-0.05238
584.2,-1.83095,0.32307,0.16215
584.3,-1.70392,0.62918,0.15815
584.4,-1.56467,0.41551,0.41132
584.5,-1.45492,0.5912,0.59961
584.6,-1.23909,0.42904,0.70446
584.7,-1.249,0.27081,0.47291
584.8,-1.2125,0.28883,0.38099
584.9,-1.31739,0.05663,0.35517
585.0,-1.42609,-0.06001,0.35566
585.1,-1.19801,-0.07945,0.20928
585.2,-1.07837,0.0943,0.17687
585.3,-0.9663,0.08896,0.17008
585.4,-0.94258,0.02033,0.14756
585.5,-0.98406,0.06278,0.21318
585.6,-1.02747,0.08648,0.47433
585.7,-0.90317,0.2847,0.12894
585.8,-0.9192,0.01286,-0.00752
585.9,-0.90619,0.24026,0.0084
586.0,-0.94192,0.34865,0.00735
586.1,-1.02431,0.35156,-0.07825
586.2,-1.08619,0.49376,-0.2228
586.3,-0.89401,0.60258,-0.28838
586.4,-0.7477,0.76322,-0.41042
586.5,-0.55466,0.67317,-0.37801
586.6,-0.52794,0.41261,-0.55461
586.7,-0.38536,0.48828,-0.75589
586.8,-0.33982,0.42204,-0.76781
586.9,-0.6382,0.32005,-0.86636
587.0,-0.65918,0.62001,-0.99516
587.1,-0.38502,0.40359,-0.97068
587.2,-0.83581,0.48379,-0.68342
587.3,-1.00793,0.52847,-0.79514
587.4,-0.98068,0.27193,-0.73236
587.5,-0.86794,0.35011,-0.85152
587.6,-0.59267,0.37357,-0.65453
587.7,-0.49223,0.33907,-0.61784
587.8,-0.39027,0.19986,-0.64812
587.9,-0.34464,0.19707,-0.48118
588.0,-0.38544,0.29456,-0.67763
588.1,-0.3629,0.26371,-0.91744
588.2,-0.41701,0.12744,-0.9451
588.3,-0.13421,0.0891,-0.81232
588.4,-0.53339,0.06244,-0.76285
588.5,-0.74998,-0.04121,-0.98767
588.6,-0.86002,-0.01536,-0.66735
588.7,-0.65524,-0.13345,-0.715
588.8,-0.41716,-0.26381,-0.75563
588.9,-0.47507,-0.20974,-0.5772
589.0,-0.48783,-0.32529,-0.68313
589.1,-0.43609,-0.25112,-0.58794
589.2,-0.45107,-0.62691,-0.55213
589.3,-0.06826,-0.824,-0.56137
589.4,-0.10645,-0.74673,-0.20762
589.5,0.0353,-0.67654,-0.02746
589.6,0.16254,-0.69992,0.1477
589.7,0.10701,-0.63745,0.07568
589.8,0.0856,-0.78106,0.1952
589.9,0.18489,-0.9481,-0.03627
590.0,-0.10906,-0.80575,0.25542
590.1,-0.21024,-0.85336,0.06287
590.2,-0.55264,-0.80208,0.29631
590.3,-0.27401,-0.71853,0.40809
590.4,-0.24015,-0.80061,0.48431
590.5,-0.36306,-0.80745,0.72438
590.6,-0.19887,-1.09091,0.81727
590.7,-0.17578,-1.09937,1.14698
590.8,-0.1266,-1.04951,0.88681
590.9,-0.25433,-1.03036,1.19506
591.0,-0.3761,-0.99424,1.36151
591.1,-0.2777,-0.82769,1.30142
591.2,-0.25968,-0.92924,1.4386
591.3,-0.257,-0.82376,1.3797
591.4,-0.32637,-0.86473,1.43585
591.5,-0.32353,-0.51175,1.23601
591.6,-0.39248,-0.30974,1.09385
591.7,-0.34932,-0.23499,0.93692
591.8,-0.53893,-0.35468,0.8678
591.9,-0.59893,-0.26112,0.81921
592.0,-0.55351,-0.46033,0.77661
592.1,-0.78265,-0.2718,0.63802
592.2,-0.73155,-0.09761,0.9316
592.3,-0.67019,-0.13184,0.94526
592.4,-0.71565,-0.17995,0.84023
592.5,-0.3934,-0.17472,0.7548
592.6,-0.53295,-0.1011,0.77652
592.7,-0.48556,-0.19451,0.92951
592.8,-0.34332,0.08166,0.6033
592.9,-0.2833,0.1265,0.53112
593.0,-0.08277,0.05793,0.35294
593.1,0.02569,0.23904,0.13478
593.2,-0.1708,0.21365,0.42858
593.3,-0.14154,0.16295,0.38758
593.4,-0.09342,0.14303,0.64929
593.5,-0.19181,0.22191,0.69681
593.6,-0.07672,0.45948,0.59422
593.7,-0.14528,0.37477,0.53224
593.8,-0.40784,0.27585,0.56914
593.9,-0.49735,0.30026,0.74419
594.0,-0.73927,0.23761,0.71495
594.1,-0.70649,0.09732,0.993
594.2,-0.69186,0.06675,0.92505
594.3,-0.57102,0.29377,1.01721
594.4,-0.64697,-0.04371,1.34762
594.5,-0.6597,-0.0114,1.54195
594.6,-0.58577,-0.05479,1.59062
594.7,-0.36961,-0.26463,1.89738
594.8,-0.59036,-0.38285,1.62828
594.9,-0.88072,-0.127,1.44308
595.0,-0.81198,-0.33426,1.40107
595.1,-0.95965,-0.32289,1.37232
595.2,-1.02908,-0.22706,1.44343
595.3,-0.75359,-0.22378,1.13064
595.4,-0.78699,-0.11288,1.18913
595.5,-0.8602,-0.07978,0.92823
595.6,-0.90776,-0.1368,0.9528
595.7,-0.78066,-0.2424,0.913
595.8,-0.96718,-0.17302,0.85786
595.9,-1.03294,0.02321,1.03669
596.0,-0.69223,-0.0989,0.86486
596.1,-0.82956,-0.05713,0.85529
596.2,-0.66413,-0.16203,1.03452
596.3,-0.6873,0.02501,0.98595
596.4,-0.60898,-0.29593,0.92126
596.5,-0.4522,-0.55473,0.85597
596.6,-0.6102,-0.20167,0.76678
596.7,-0.72918,-0.05201,0.65602
596.8,-0.64576,-0.08027,0.59539
596.9,-0.75115,-0.24402,0.73327
597.0,-0.68336,-0.25046,0.5684
597.1,-0.55271,-0.52481,0.53941
597.2,-0.40209,-0.37559,0.45718
597.3,-0.4379,-0.39222,0.28988
597.4,-0.32724,-0.4535,0.58084
597.5,-0.47058,-0.44143,0.42108
597.6,-0.59973,-0.66396,0.63153
597.7,-0.47023,-0.70632,0.55609
597.8,-0.58069,-0.48076,0.43409
597.9,-0.59742,-0.23338,0.57459
598.0,-0.27628,-0.08321,0.22028
598.1,-0.59375,-0.28292,0.12424
598.2,-0.68213,-0.21369,0.22131
598.3,-0.5882,-0.43718,0.38442
598.4,-0.54283,-0.58512,0.19799
598.5,-0.24764,-0.69481,0.20338
598.6,-0.29094,-0.53182,0.43911
598.7,-0.30631,-0.55686,0.40883
598.8,-0.53616,-0.91584,0.34023
598.9,-0.15099,-0.62089,0.33215
599.0,0.03753,-0.4736,0.46413
599.1,0.01154,-0.27201,0.3368
599.2,-0.04188,-0.26958,0.17706
599.3,-0.22803,-0.32568,0.07856
599.4,-0.1576,-0.01248,0.20681
599.5,-0.16527,0.11675,0.31081
599.6,-0.443,0.08676,0.25458
599.7,-0.53736,0.12244,0.23369
599.8,-0.67312,-0.03505,0.27805
599.9,-0.41945,-0.22694,0.24959
