t,u,v,w
0.0,8.0,0.0,0.0
0.1,7.9079,-0.0824,0.0098
0.2,7.7079,-0.1334,-0.0223
0.3,7.6335,-0.085,-0.0254
0.4,7.6573,-0.1403,-0.0574
0.5,7.5476,-0.2291,-0.045
0.6,7.4163,-0.1554,0.0123
0.7,7.4698,0.0219,0.0102
0.8,7.5413,-0.1647,0.0268
0.9,7.5217,-0.1347,0.078
1.0,7.6956,-0.1049,0.0522
1.1,7.562,-0.261,0.0391
1.2,7.4594,-0.145,0.0383
1.3,7.4318,-0.2074,0.0402
1.4,7.5019,-0.4081,-0.0195
1.5,7.5853,-0.1314,0.0303
1.6,7.4166,-0.1452,0.0222
1.7,7.3557,-0.1851,0.0358
1.8,7.2344,-0.2386,0.0446
1.9,7.3104,-0.2793,0.18
2.0,7.2615,-0.3012,0.0139
2.1,7.3224,-0.2134,0.1001
2.2,7.4932,-0.1973,0.1233
2.3,7.4903,-0.2363,0.117
2.4,7.5253,-0.3389,0.0016
2.5,7.5582,-0.3059,0.0214
2.6,7.628,-0.4143,-0.0374
2.7,7.7448,-0.4336,-0.1126
2.8,7.856,-0.266,-0.1507
2.9,7.8891,-0.2126,-0.0649
3.0,7.9757,-0.19,0.0386
3.1,8.0953,-0.3783,-0.0683
3.2,7.9832,-0.4727,0.1086
3.3,8.061,-0.4394,0.1072
3.4,7.9726,-0.5523,0.1108
3.5,8.0478,-0.4278,0.0876
3.6,7.8154,-0.2741,0.0377
3.7,7.7676,-0.3133,-0.0419
3.8,7.921,-0.3387,-0.1058
3.9,7.8372,-0.3524,-0.2053
4.0,7.7907,-0.3128,-0.2117
4.1,7.5371,-0.3875,-0.1435
4.2,7.5377,-0.2049,-0.1499
4.3,7.5628,-0.1699,-0.1104
4.4,7.4772,-0.0459,-0.0863
4.5,7.3543,-0.1711,-0.1941
4.6,7.2697,-0.2593,-0.0911
4.7,7.2921,-0.151,-0.0367
4.8,7.1543,-0.1176,-0.0397
4.9,7.1496,-0.0377,-0.1646
5.0,7.0621,-0.0371,-0.067
5.1,7.1712,-0.0277,-0.0215
5.2,7.2202,-0.2147,0.0248
5.3,7.355,-0.331,-0.0285
5.4,7.3717,-0.3352,-0.0143
5.5,7.4938,-0.519,-0.0483
5.6,7.5346,-0.3951,-0.0863
5.7,7.6106,-0.5386,-0.1945
5.8,7.5954,-0.5303,-0.0984
5.9,7.627,-0.5817,-0.1212
6.0,7.6556,-0.672,-0.2471
6.1,7.6816,-0.7063,-0.2061
6.2,7.8568,-0.7914,-0.0847
6.3,7.8028,-0.6334,-0.034
6.4,7.6718,-0.643,0.0018
6.5,7.5981,-0.5858,-0.0102
6.6,7.6457,-0.5391,0.0208
6.7,7.6814,-0.6495,0.0377
6.8,7.6211,-0.5092,-0.0141
6.9,7.6915,-0.5066,0.0316
7.0,7.6891,-0.5963,0.0109
7.1,7.7357,-0.6821,0.1236
7.2,7.6772,-0.5569,0.193
7.3,7.6477,-0.5305,0.2066
7.4,7.63,-0.656,0.1383
7.5,7.5815,-0.7949,0.0981
7.6,7.6307,-0.9645,-0.0171
7.7,7.7122,-1.083,-0.1001
7.8,7.5764,-1.2702,-0.2079
7.9,7.5082,-1.3831,-0.1424
8.0,7.5997,-1.2541,-0.153
8.1,7.4812,-1.1031,-0.1759
8.2,7.3989,-1.2914,-0.2163
8.3,7.4887,-1.4067,-0.1987
8.4,7.418,-1.4816,-0.2221
8.5,7.4536,-1.3838,-0.2371
8.6,7.5436,-1.4213,-0.2779
8.7,7.635,-1.6169,-0.2885
8.8,7.6962,-1.7259,-0.1905
8.9,7.8265,-1.5597,-0.1189
9.0,7.717,-1.5275,-0.1019
9.1,7.6874,-1.6089,0.0316
9.2,7.7346,-1.5494,-0.0322
9.3,7.7012,-1.5808,0.0678
9.4,7.7367,-1.6875,0.0492
9.5,7.734,-1.4851,0.1368
9.6,7.6926,-1.4584,0.1777
9.7,7.7486,-1.6888,0.0622
9.8,7.6265,-1.8487,0.0322
9.9,7.669,-1.761,-0.0805
10.0,7.5829,-1.8809,-0.0244
10.1,7.6567,-1.9133,-0.0253
10.2,7.412,-1.8182,0.0438
10.3,7.403,-1.6975,0.0427
10.4,7.3021,-1.5198,0.0484
10.5,7.244,-1.412,-0.0511
10.6,7.2403,-1.3243,0.0308
10.7,7.1738,-1.2793,0.0994
10.8,7.2173,-1.365,0.0772
10.9,7.2184,-1.4264,0.1425
11.0,7.2345,-1.2185,0.2436
11.1,7.3868,-1.3672,0.2017
11.2,7.442,-1.2158,0.1388
11.3,7.3251,-1.3218,0.1553
11.4,7.4789,-1.3782,0.104
11.5,7.4503,-1.1518,0.1855
11.6,7.6145,-1.1966,0.1174
11.7,7.5654,-1.3067,0.1463
11.8,7.6324,-1.2992,0.2026
11.9,7.6978,-1.1862,0.2403
12.0,7.8986,-1.1752,0.2222
12.1,7.9453,-1.239,0.394
12.2,7.9257,-1.5379,0.3262
12.3,7.9327,-1.6419,0.301
12.4,8.0319,-1.7418,0.2279
12.5,7.7253,-1.9365,0.2618
12.6,7.9906,-1.9079,0.3028
12.7,8.0071,-1.8612,0.3801
12.8,8.1363,-1.9123,0.3392
12.9,8.1195,-1.9317,0.3205
13.0,8.0919,-1.946,0.2347
13.1,8.0315,-1.8827,0.0741
13.2,7.9441,-1.748,0.0756
13.3,8.0679,-1.8208,-0.032
13.4,7.9912,-2.0168,-0.1423
13.5,8.1114,-2.1951,-0.182
13.6,8.1878,-2.1297,-0.222
13.7,8.1308,-1.992,-0.1875
13.8,8.1233,-1.8384,-0.2283
13.9,8.2786,-1.8525,-0.3104
14.0,8.3015,-1.6384,-0.3571
14.1,8.3908,-1.7969,-0.2787
14.2,8.2879,-1.7522,-0.3309
14.3,8.3417,-1.7482,-0.2309
14.4,8.3243,-1.7124,-0.276
14.5,8.4615,-1.8821,-0.2914
14.6,8.3997,-1.9146,-0.3155
14.7,8.2634,-1.9259,-0.1855
14.8,8.3561,-2.0784,-0.2002
14.9,8.4169,-1.7879,-0.2594
15.0,8.3476,-1.7819,-0.2491
15.1,8.2778,-1.9074,-0.2041
15.2,8.1825,-2.0592,-0.2527
15.3,8.2978,-2.0817,-0.3438
15.4,8.3268,-2.1121,-0.2812
15.5,8.227,-2.0233,-0.2389
15.6,8.4173,-2.0268,-0.1808
15.7,8.3939,-2.0458,-0.1679
15.8,8.3182,-2.0269,-0.1042
15.9,8.2972,-2.0033,-0.087
16.0,8.4108,-1.84,-0.1087
16.1,8.5308,-1.7945,-0.1611
16.2,8.4001,-1.7744,-0.2826
16.3,8.3717,-1.8593,-0.333
16.4,8.5039,-1.8095,-0.3392
16.5,8.5261,-1.9236,-0.3337
16.6,8.4517,-2.076,-0.3413
16.7,8.4712,-2.1691,-0.3031
16.8,8.4812,-2.1844,-0.2873
16.9,8.443,-2.2462,-0.2318
17.0,8.6455,-2.1182,-0.2196
17.1,8.7298,-1.9013,-0.2324
17.2,8.7703,-1.8499,-0.1489
17.3,8.7178,-1.9745,-0.2891
17.4,8.7194,-2.0337,-0.2566
17.5,8.7584,-1.9746,-0.2332
17.6,8.68,-2.0286,-0.2854
17.7,8.6536,-1.9546,-0.3233
17.8,8.6342,-2.0293,-0.2636
17.9,8.6316,-1.8813,-0.3493
18.0,8.6647,-1.966,-0.2951
18.1,8.7885,-1.9425,-0.4253
18.2,8.7024,-1.9928,-0.5459
18.3,8.7217,-1.8778,-0.6104
18.4,8.5771,-1.8746,-0.5804
18.5,8.6851,-1.7251,-0.5469
18.6,8.5464,-1.9016,-0.4916
18.7,8.594,-1.8254,-0.5578
18.8,8.6677,-1.6441,-0.561
18.9,8.672,-1.5324,-0.4401
19.0,8.7437,-1.3582,-0.3219
19.1,8.8267,-1.3098,-0.4517
19.2,8.8104,-1.1647,-0.365
19.3,8.7429,-1.1888,-0.401
19.4,8.8252,-1.2858,-0.4299
19.5,8.7584,-1.3526,-0.4595
19.6,8.7784,-1.2997,-0.4327
19.7,8.7171,-1.2625,-0.4112
19.8,8.5929,-1.3352,-0.3865
19.9,8.4702,-1.2519,-0.4082
20.0,8.6817,-1.0407,-0.3542
20.1,8.7426,-1.0627,-0.4832
20.2,8.6095,-1.0135,-0.3964
20.3,8.6365,-1.0146,-0.3856
20.4,8.5952,-1.2266,-0.3085
20.5,8.6605,-1.1731,-0.3197
20.6,8.6933,-1.125,-0.4252
20.7,8.6793,-1.0989,-0.4806
20.8,8.6297,-1.1044,-0.4305
20.9,8.673,-1.0137,-0.4823
21.0,8.5324,-1.0657,-0.5742
21.1,8.5191,-1.0265,-0.4676
21.2,8.5707,-1.0917,-0.4842
21.3,8.4483,-1.3687,-0.4689
21.4,8.3987,-1.3258,-0.4541
21.5,8.4679,-1.5262,-0.4649
21.6,8.4204,-1.708,-0.5038
21.7,8.318,-1.6044,-0.441
21.8,8.3719,-1.5858,-0.4776
21.9,8.2836,-1.3737,-0.5119
22.0,8.2112,-1.4485,-0.4915
22.1,8.3393,-1.3722,-0.5916
22.2,8.3898,-1.2873,-0.5144
22.3,8.1992,-1.4143,-0.5478
22.4,8.2264,-1.409,-0.5466
22.5,8.3074,-1.5232,-0.5469
22.6,8.3552,-1.6263,-0.4817
22.7,8.3131,-1.6167,-0.4082
22.8,8.2648,-1.5996,-0.4134
22.9,8.4324,-1.6208,-0.5305
23.0,8.3888,-1.4423,-0.5645
23.1,8.3887,-1.387,-0.6934
23.2,8.576,-1.3626,-0.7375
23.3,8.5976,-1.4303,-0.6285
23.4,8.6766,-1.3174,-0.5759
23.5,8.8121,-1.4711,-0.4403
23.6,8.8565,-1.2896,-0.4401
23.7,8.816,-1.0211,-0.3703
23.8,8.856,-1.1147,-0.3624
23.9,9.0362,-1.2871,-0.4326
24.0,9.0624,-1.1571,-0.4569
24.1,9.167,-1.0459,-0.4319
24.2,9.3159,-0.9014,-0.366
24.3,9.2463,-0.977,-0.3218
24.4,9.1452,-0.8774,-0.3794
24.5,9.2282,-0.8408,-0.2021
24.6,9.2579,-0.8005,-0.1785
24.7,9.1335,-0.7734,-0.1863
24.8,9.0617,-0.8182,-0.1732
24.9,9.0977,-0.8876,-0.2138
25.0,9.1121,-0.8801,-0.1832
25.1,9.1189,-0.7271,-0.1668
25.2,9.0928,-0.7531,0.0428
25.3,9.1946,-0.7314,0.0059
25.4,9.0537,-0.8232,-0.0142
25.5,9.2049,-0.8625,-0.067
25.6,9.0605,-0.9185,-0.0861
25.7,9.0869,-0.9496,-0.1707
25.8,9.0614,-1.0416,-0.1718
25.9,9.0468,-1.0306,-0.1365
26.0,9.058,-0.9952,-0.0134
26.1,9.1336,-0.9354,0.1392
26.2,8.8282,-1.0414,0.1608
26.3,8.8067,-0.9679,0.1637
26.4,8.7932,-1.1084,0.1558
26.5,8.7541,-0.9736,0.0297
26.6,8.7335,-0.7502,0.1622
26.7,8.556,-0.6557,0.1281
26.8,8.6271,-0.361,0.1329
26.9,8.6056,-0.4933,0.0178
27.0,8.3577,-0.47,0.0115
27.1,8.3689,-0.4459,-0.0472
27.2,8.3306,-0.5161,-0.0508
27.3,8.3638,-0.7395,-0.0807
27.4,8.2778,-0.7831,-0.0095
27.5,8.5413,-0.7767,-0.0022
27.6,8.5013,-0.7632,-0.0005
27.7,8.4627,-0.6673,-0.0448
27.8,8.5021,-0.517,0.0427
27.9,8.636,-0.575,0.0687
28.0,8.5708,-0.3943,0.0719
28.1,8.6383,-0.5872,0.0812
28.2,8.6061,-0.5963,0.1189
28.3,8.7462,-0.6493,0.2075
28.4,8.7893,-0.6216,0.2854
28.5,8.6987,-0.8773,0.4003
28.6,8.7295,-0.666,0.2667
28.7,8.6485,-0.891,0.2662
28.8,8.6005,-0.8499,0.2744
28.9,8.6364,-0.8409,0.2732
29.0,8.6564,-1.1371,0.2573
29.1,8.7113,-0.9034,0.2227
29.2,8.7047,-0.7652,0.1501
29.3,8.7019,-0.6743,0.1391
29.4,8.6877,-0.5118,0.1213
29.5,8.7003,-0.5259,0.0531
29.6,8.6461,-0.6895,-0.027
29.7,8.5953,-0.4759,-0.0044
29.8,8.81,-0.2956,-0.0689
29.9,8.8885,-0.2127,-0.0146
30.0,8.7361,-0.2598,-0.0225
30.1,8.7352,-0.12,-0.07
30.2,8.6544,-0.1234,-0.0442
30.3,8.6488,-0.1927,0.0993
30.4,8.7392,-0.216,-0.002
30.5,8.6849,-0.0825,-0.0781
30.6,8.7358,-0.1274,-0.0196
30.7,8.7145,-0.1817,0.0461
30.8,8.8236,-0.3023,0.0557
30.9,8.6775,-0.1589,0.0596
31.0,8.7616,-0.1253,0.023
31.1,8.8801,-0.2602,0.0165
31.2,8.7007,-0.2757,0.0557
31.3,8.8791,-0.338,0.0939
31.4,8.8016,-0.4665,0.0588
31.5,8.8362,-0.6492,0.1359
31.6,8.9117,-0.718,0.1768
31.7,8.8672,-0.7116,0.0841
31.8,8.8873,-0.6671,-0.008
31.9,8.8621,-0.6786,-0.0133
32.0,8.7617,-0.5271,-0.0359
32.1,8.774,-0.4901,0.0581
32.2,8.7502,-0.526,0.0254
32.3,8.7621,-0.7956,0.1399
32.4,8.6492,-0.8952,0.1621
32.5,8.6468,-1.0204,0.1141
32.6,8.6878,-1.0291,0.1653
32.7,8.5402,-1.0672,0.2272
32.8,8.549,-1.1334,0.1588
32.9,8.5016,-0.9601,0.1516
33.0,8.5005,-0.8819,0.2349
33.1,8.4453,-0.8338,0.2224
33.2,8.6888,-0.687,0.2781
33.3,8.5838,-0.5739,0.3127
33.4,8.5436,-0.6683,0.4276
33.5,8.6615,-0.6286,0.3978
33.6,8.5275,-0.6428,0.3936
33.7,8.5913,-0.6286,0.4953
33.8,8.4986,-0.7813,0.3525
33.9,8.5513,-0.7832,0.4107
34.0,8.6239,-0.7446,0.3577
34.1,8.5849,-0.8197,0.3591
34.2,8.5766,-0.8836,0.3803
34.3,8.6916,-0.878,0.4428
34.4,8.6481,-0.8524,0.4294
34.5,8.7737,-0.8468,0.4419
34.6,8.677,-0.7346,0.3978
34.7,8.6876,-0.6696,0.5081
34.8,8.5838,-0.6736,0.5805
34.9,8.5579,-0.6613,0.4103
35.0,8.7261,-0.7114,0.5295
35.1,8.6479,-0.8899,0.56
35.2,8.5907,-0.9249,0.49
35.3,8.7769,-0.9429,0.4085
35.4,8.7394,-1.0118,0.5321
35.5,8.6912,-1.0593,0.5703
35.6,8.6215,-1.2701,0.6233
35.7,8.5191,-1.1303,0.5789
35.8,8.3838,-1.1603,0.4246
35.9,8.2334,-1.0997,0.3792
36.0,8.1368,-1.2211,0.3062
36.1,8.0847,-1.0722,0.3952
36.2,7.9632,-1.0929,0.3876
36.3,7.8117,-1.1269,0.458
36.4,7.6883,-1.0096,0.4685
36.5,7.6676,-0.9921,0.5445
36.6,7.6075,-0.9968,0.4602
36.7,7.5891,-1.0796,0.5318
36.8,7.6059,-1.1397,0.5084
36.9,7.5069,-1.1027,0.3906
37.0,7.5407,-1.1191,0.4415
37.1,7.7006,-1.0861,0.366
37.2,7.7562,-1.1464,0.3611
37.3,7.787,-1.3366,0.3631
37.4,7.62,-1.4492,0.301
37.5,7.4362,-1.3273,0.4199
37.6,7.3997,-1.4662,0.533
37.7,7.6363,-1.3566,0.6152
37.8,7.5695,-1.4345,0.5926
37.9,7.5997,-1.4077,0.4814
38.0,7.5031,-1.3123,0.4463
38.1,7.4384,-1.3283,0.4026
38.2,7.4566,-1.3583,0.5102
38.3,7.407,-1.287,0.3931
38.4,7.4828,-1.281,0.4349
38.5,7.5242,-1.1201,0.3731
38.6,7.4833,-1.0303,0.2532
38.7,7.5433,-1.024,0.2185
38.8,7.5971,-1.0394,0.1788
38.9,7.5958,-1.0769,0.1405
39.0,7.5025,-0.9945,0.0617
39.1,7.4489,-1.0613,-0.0135
39.2,7.3645,-1.3539,0.0342
39.3,7.5125,-1.3197,0.0487
39.4,7.4122,-1.2309,0.0702
39.5,7.3506,-1.2716,0.038
39.6,7.295,-1.4372,-0.0591
39.7,7.2679,-1.553,-0.2017
39.8,7.1901,-1.4002,-0.02
39.9,7.1859,-1.4641,0.0329
40.0,7.3091,-1.4988,0.0025
40.1,7.387,-1.3992,0.0404
40.2,7.5505,-1.6722,0.0301
40.3,7.5224,-1.6219,0.0579
40.4,7.4674,-1.6551,-0.0255
40.5,7.4913,-1.5388,-0.0242
40.6,7.5245,-1.3084,0.0588
40.7,7.4054,-1.3088,0.0326
40.8,7.4857,-1.3924,0.0757
40.9,7.4404,-1.3622,0.0307
41.0,7.4673,-1.3518,0.1406
41.1,7.4639,-1.4183,0.1129
41.2,7.4587,-1.5327,0.0669
41.3,7.5548,-1.6731,0.1761
41.4,7.6175,-1.5725,0.0799
41.5,7.6639,-1.639,0.0347
41.6,7.7634,-1.5628,0.0423
41.7,7.7127,-1.4772,0.0497
41.8,7.6998,-1.4228,0.039
41.9,7.6357,-1.1738,-0.0104
42.0,7.5533,-1.0958,-0.0042
42.1,7.5325,-1.0141,-0.0531
42.2,7.4712,-1.0546,-0.0495
42.3,7.3533,-1.017,-0.0963
42.4,7.4402,-1.0133,0.0193
42.5,7.3237,-0.9362,-0.0808
42.6,7.4015,-1.1206,0.0069
42.7,7.2603,-1.1732,0.1011
42.8,7.1835,-1.4067,0.0976
42.9,7.1885,-1.3753,0.0481
43.0,7.338,-1.3198,0.0201
43.1,7.2154,-1.1573,0.0638
43.2,7.2802,-1.0165,0.0934
43.3,7.321,-1.1321,0.0488
43.4,7.4279,-1.1744,0.1223
43.5,7.3514,-1.1692,0.1549
43.6,7.4833,-1.0109,0.1866
43.7,7.4993,-1.0256,0.2144
43.8,7.5357,-1.1477,0.17
43.9,7.5095,-1.2692,0.1025
44.0,7.4647,-1.2845,0.1472
44.1,7.598,-1.4461,0.1413
44.2,7.5966,-1.4596,0.1729
44.3,7.6972,-1.3045,0.2271
44.4,7.5068,-1.3313,0.1242
44.5,7.3264,-1.3576,0.0458
44.6,7.3305,-1.5437,-0.0198
44.7,7.3167,-1.3671,-0.1774
44.8,7.3453,-1.4743,-0.1447
44.9,7.261,-1.2954,-0.128
45.0,7.2286,-1.2983,-0.153
45.1,7.2741,-1.4077,-0.2197
45.2,7.2896,-1.3699,-0.1555
45.3,7.3166,-1.5549,-0.2611
45.4,7.4935,-1.6688,-0.2914
45.5,7.5509,-1.566,-0.2472
45.6,7.6205,-1.5213,-0.2837
45.7,7.5807,-1.3228,-0.3495
45.8,7.5958,-1.2619,-0.285
45.9,7.5848,-1.3376,-0.3847
46.0,7.7579,-1.3335,-0.4089
46.1,7.6774,-1.5288,-0.3495
46.2,7.6978,-1.4503,-0.3677
46.3,7.9304,-1.6436,-0.2292
46.4,7.9227,-1.5364,-0.1579
46.5,7.8757,-1.4938,-0.0689
46.6,7.9946,-1.4324,-0.0517
46.7,7.9331,-1.2902,-0.1177
46.8,7.8105,-1.1931,-0.2006
46.9,7.8234,-1.3206,-0.0646
47.0,7.7958,-1.2547,-0.0628
47.1,8.0539,-1.015,0.0144
47.2,8.046,-0.8775,0.1239
47.3,8.0064,-0.95,0.0234
47.4,8.1066,-0.9478,0.0091
47.5,8.1,-0.8163,-0.0298
47.6,7.9946,-0.9718,-0.0351
47.7,8.0791,-1.1615,0.0335
47.8,8.1644,-1.1551,-0.0183
47.9,8.1305,-1.2826,-0.0721
48.0,7.9705,-1.2825,-0.0903
48.1,7.9485,-1.2193,-0.1686
48.2,8.0664,-1.2592,-0.0763
48.3,8.0058,-1.2174,0.0371
48.4,8.0105,-1.3748,-0.144
48.5,8.2993,-1.2636,-0.2219
48.6,8.2542,-1.2587,-0.2845
48.7,8.3793,-1.3664,-0.2296
48.8,8.4646,-1.4642,-0.2433
48.9,8.5143,-1.6886,-0.3128
49.0,8.4778,-1.934,-0.3006
49.1,8.4388,-1.7664,-0.3362
49.2,8.4319,-1.7703,-0.3082
49.3,8.2131,-1.6177,-0.2649
49.4,8.13,-1.5506,-0.4148
49.5,8.2605,-1.5554,-0.3441
49.6,8.1883,-1.3952,-0.4529
49.7,8.1894,-1.4185,-0.4171
49.8,8.0237,-1.4965,-0.415
49.9,8.0243,-1.4612,-0.3726
50.0,7.9784,-1.4565,-0.2027
50.1,8.0107,-1.4688,-0.1875
50.2,8.079,-1.5589,-0.335
50.3,8.2088,-1.659,-0.2426
50.4,8.1663,-1.7454,-0.1977
50.5,8.231,-1.6119,-0.1649
50.6,8.4028,-1.6138,-0.0971
50.7,8.4765,-1.5176,-0.1068
50.8,8.5076,-1.3268,-0.0387
50.9,8.4391,-1.2079,-0.0909
51.0,8.5101,-1.2464,-0.1772
51.1,8.6776,-1.2476,-0.2588
51.2,8.6974,-1.1526,-0.1839
51.3,8.5502,-1.0969,-0.1439
51.4,8.462,-1.2211,-0.1979
51.5,8.4917,-1.2617,-0.2431
51.6,8.5255,-1.5729,-0.2451
51.7,8.6709,-1.6037,-0.1077
51.8,8.5637,-1.8342,-0.0685
51.9,8.469,-1.9603,-0.0118
52.0,8.3843,-1.9235,0.0208
52.1,8.4868,-1.7765,-0.0469
52.2,8.5369,-1.8058,-0.0168
52.3,8.5354,-1.7546,-0.0938
52.4,8.4619,-1.6816,0.0213
52.5,8.4221,-1.6459,0.0032
52.6,8.3623,-1.4392,0.0455
52.7,8.3656,-1.3694,-0.0032
52.8,8.3402,-1.2115,-0.018
52.9,8.3455,-1.1254,-0.1121
53.0,8.2904,-0.9747,-0.1606
53.1,8.2667,-1.1332,-0.2094
53.2,8.1905,-1.0258,-0.1934
53.3,8.3516,-1.0069,-0.1627
53.4,8.2954,-0.9687,-0.1629
53.5,8.1988,-0.9793,-0.2125
53.6,8.2797,-0.7883,-0.205
53.7,8.0575,-0.9102,-0.1928
53.8,8.1191,-0.9003,-0.2497
53.9,8.1326,-0.9832,-0.2977
54.0,8.219,-1.0638,-0.2724
54.1,8.2986,-0.9863,-0.2707
54.2,8.4348,-1.0098,-0.1985
54.3,8.5074,-0.9591,-0.1578
54.4,8.5607,-1.1212,-0.1932
54.5,8.5304,-1.0614,-0.1713
54.6,8.5813,-1.0619,-0.2532
54.7,8.3504,-1.1074,-0.2185
54.8,8.3889,-1.0059,-0.2486
54.9,8.5411,-0.8879,-0.16
55.0,8.6242,-0.8224,-0.0919
55.1,8.5624,-0.7423,-0.131
55.2,8.4259,-0.6635,-0.2085
55.3,8.5258,-0.5257,-0.1577
55.4,8.5223,-0.6279,-0.1942
55.5,8.4326,-0.612,-0.0571
55.6,8.2353,-0.6809,-0.0981
55.7,8.2283,-0.4528,-0.0792
55.8,8.2963,-0.4541,-0.0555
55.9,8.329,-0.431,-0.0887
56.0,8.3619,-0.4971,-0.0627
56.1,8.2089,-0.5672,-0.1518
56.2,8.1511,-0.6974,-0.0855
56.3,8.0626,-0.6613,-0.0297
56.4,8.0751,-0.7543,-0.058
56.5,8.1544,-0.6667,0.0186
56.6,7.9996,-0.6656,-0.0662
56.7,7.9324,-0.6511,-0.0563
56.8,7.8185,-0.5688,0.0375
56.9,7.7798,-0.655,0.0813
57.0,7.6246,-0.7654,0.072
57.1,7.6769,-0.8635,0.0391
57.2,7.6841,-0.9006,0.0432
57.3,7.8053,-0.8539,0.073
57.4,7.8025,-0.7612,0.1123
57.5,7.9397,-0.7965,0.0148
57.6,7.8231,-0.8162,0.013
57.7,7.7078,-0.7412,0.006
57.8,7.6728,-0.7763,0.0981
57.9,7.8778,-0.6514,0.2224
58.0,7.8295,-0.6837,0.1787
58.1,7.7925,-0.6982,0.0268
58.2,7.6977,-0.6331,0.1913
58.3,7.6708,-0.4257,0.2052
58.4,7.6369,-0.4319,0.2447
58.5,7.5971,-0.3868,0.2094
58.6,7.5723,-0.3838,0.2216
58.7,7.48,-0.4882,0.24
58.8,7.3391,-0.7046,0.2458
58.9,7.2437,-0.7843,0.1302
59.0,7.2759,-0.6603,0.0513
59.1,7.3328,-0.5184,0.2376
59.2,7.3039,-0.4394,0.3004
59.3,7.4801,-0.2702,0.3027
59.4,7.4682,-0.2674,0.3266
59.5,7.4003,-0.1943,0.3609
59.6,7.1996,-0.3479,0.274
59.7,7.146,-0.4875,0.1513
59.8,7.1869,-0.4334,0.263
59.9,7.1304,-0.4597,0.3432
60.0,7.1243,-0.4366,0.3551
60.1,7.0609,-0.4288,0.2325
60.2,7.1036,-0.2813,0.1541
60.3,7.0874,-0.1731,0.0985
60.4,7.1455,-0.3434,0.0789
60.5,7.3604,-0.2506,0.0469
60.6,7.4481,-0.2796,0.1554
60.7,7.4786,-0.1445,0.15
60.8,7.3368,0.0136,0.1576
60.9,7.1103,-0.3149,0.1907
61.0,7.1598,-0.3228,0.2543
61.1,7.2918,-0.4076,0.2616
61.2,7.395,-0.4945,0.296
61.3,7.3792,-0.5381,0.2717
61.4,7.4291,-0.6305,0.2468
61.5,7.4573,-0.5178,0.2788
61.6,7.5019,-0.6524,0.3617
61.7,7.4395,-0.5993,0.3264
61.8,7.3835,-0.6134,0.305
61.9,7.1849,-0.5774,0.2375
62.0,7.2454,-0.6072,0.2827
62.1,7.166,-0.6459,0.3446
62.2,7.0415,-0.7258,0.3187
62.3,7.0698,-0.8639,0.3116
62.4,7.0591,-0.9365,0.314
62.5,7.0936,-0.9527,0.2492
62.6,7.0834,-0.8966,0.3769
62.7,6.9396,-1.0605,0.4457
62.8,6.8955,-0.9974,0.3101
62.9,7.0081,-1.0105,0.2576
63.0,6.9044,-0.9898,0.3167
63.1,6.7173,-0.8343,0.424
63.2,6.9006,-0.9161,0.4601
63.3,6.8595,-0.7359,0.5318
63.4,6.9039,-0.7719,0.4999
63.5,7.0081,-0.7259,0.4429
63.6,6.9591,-0.911,0.382
63.7,6.8236,-0.9439,0.4165
63.8,6.7248,-0.8133,0.3857
63.9,6.9005,-0.8031,0.3406
64.0,6.9006,-0.8848,0.382
64.1,6.825,-1.0092,0.3009
64.2,6.7409,-0.89,0.1439
64.3,6.8023,-1.0477,0.1788
64.4,6.9375,-0.9721,0.2155
64.5,7.0276,-1.0032,0.1173
64.6,7.2062,-1.2808,0.0059
64.7,7.2882,-1.2983,0.0527
64.8,7.4076,-1.3055,-0.045
64.9,7.4528,-1.3276,-0.1459
65.0,7.4559,-1.4715,0.0291
65.1,7.5711,-1.2973,0.1002
65.2,7.5656,-1.1761,0.1593
65.3,7.4788,-1.0529,0.1644
65.4,7.3308,-0.7693,0.1418
65.5,7.3789,-0.7079,0.1977
65.6,7.3819,-0.565,0.1532
65.7,7.2982,-0.7347,0.1773
65.8,7.2934,-0.7034,0.2228
65.9,7.2227,-0.7928,0.2343
66.0,7.4302,-0.7943,0.177
66.1,7.4283,-0.6882,0.2541
66.2,7.1225,-0.739,0.2111
66.3,7.1528,-0.5897,0.2315
66.4,7.016,-0.5378,0.2169
66.5,7.097,-0.5243,0.2607
66.6,7.1764,-0.567,0.2909
66.7,7.2852,-0.6859,0.2221
66.8,7.4347,-0.6781,0.3876
66.9,7.4815,-0.6107,0.3384
67.0,7.3392,-0.5723,0.3787
67.1,7.4221,-0.6448,0.449
67.2,7.2897,-0.5054,0.4194
67.3,7.1992,-0.4868,0.4266
67.4,7.2251,-0.4066,0.269
67.5,7.3134,-0.5147,0.2846
67.6,7.3796,-0.5919,0.3134
67.7,7.4861,-0.3827,0.3284
67.8,7.4227,-0.2734,0.2766
67.9,7.4168,-0.2764,0.3095
68.0,7.3802,-0.3623,0.2673
68.1,7.3963,-0.6367,0.3487
68.2,7.5171,-0.4641,0.3133
68.3,7.6343,-0.44,0.2475
68.4,7.6013,-0.2319,0.1382
68.5,7.7217,-0.3077,0.2329
68.6,7.7035,-0.256,0.243
68.7,7.8424,-0.5229,0.2313
68.8,7.8927,-0.3385,0.1731
68.9,7.8869,-0.2966,0.0781
69.0,7.9178,-0.3771,0.1776
69.1,7.8045,-0.4915,0.1848
69.2,7.7162,-0.5995,0.2509
69.3,7.7354,-0.6411,0.3035
69.4,7.7312,-0.7201,0.2607
69.5,7.8635,-0.8014,0.2062
69.6,7.8445,-0.8697,0.1996
69.7,7.8744,-1.1236,0.2426
69.8,7.8089,-1.1323,0.3251
69.9,7.7646,-1.2413,0.3372
70.0,7.7834,-1.3941,0.403
70.1,7.7755,-1.2964,0.3957
70.2,7.7796,-1.0689,0.5872
70.3,7.738,-0.7747,0.651
70.4,7.4173,-0.7822,0.6205
70.5,7.5962,-1.0102,0.5615
70.6,7.7437,-0.9644,0.4992
70.7,7.6929,-1.1171,0.5056
70.8,7.6844,-1.1747,0.4635
70.9,7.5219,-0.9862,0.3835
71.0,7.6775,-1.0545,0.3754
71.1,7.4688,-1.0845,0.4883
71.2,7.5021,-1.0735,0.4971
71.3,7.3982,-1.1152,0.6043
71.4,7.5539,-1.0527,0.5463
71.5,7.4858,-0.971,0.6239
71.6,7.6819,-0.9937,0.6448
71.7,7.5802,-1.0458,0.7762
71.8,7.564,-1.0059,0.7637
71.9,7.5147,-1.2906,0.6552
72.0,7.5202,-1.3729,0.5225
72.1,7.4693,-1.2489,0.5245
72.2,7.4965,-1.3447,0.458
72.3,7.6123,-1.204,0.4018
72.4,7.6135,-0.9678,0.3764
72.5,7.7012,-1.0567,0.3815
72.6,7.7151,-1.057,0.4671
72.7,7.8515,-1.056,0.6432
72.8,7.9282,-0.8918,0.5349
72.9,7.8918,-0.9765,0.573
73.0,7.7704,-0.9146,0.5264
73.1,7.7326,-0.9664,0.5978
73.2,7.6541,-0.9088,0.6278
73.3,7.6653,-0.7998,0.6075
73.4,7.7785,-1.0727,0.5152
73.5,7.6989,-0.9394,0.479
73.6,7.7129,-1.0341,0.3904
73.7,7.9891,-1.0658,0.3463
73.8,8.0995,-1.1698,0.3347
73.9,8.1036,-1.0769,0.4124
74.0,8.2136,-0.9687,0.3697
74.1,8.4182,-0.8769,0.3684
74.2,8.3825,-0.7856,0.3331
74.3,8.4664,-0.7715,0.3465
74.4,8.7083,-0.6382,0.3012
74.5,8.8603,-0.672,0.4062
74.6,9.0229,-0.5602,0.3244
74.7,8.9883,-0.6998,0.2839
74.8,8.9172,-0.6588,0.1522
74.9,9.064,-0.7867,0.3015
75.0,9.0236,-0.8231,0.3374
75.1,9.1419,-0.7551,0.2539
75.2,9.2459,-0.6902,0.2773
75.3,9.3149,-0.7539,0.3335
75.4,9.2617,-0.7495,0.3303
75.5,9.3263,-0.6653,0.3464
75.6,9.3135,-0.5756,0.4079
75.7,9.1017,-0.4141,0.4556
75.8,9.1325,-0.4232,0.4915
75.9,9.0855,-0.2761,0.5332
76.0,9.0355,-0.4478,0.6729
76.1,8.9508,-0.6098,0.7169
76.2,9.005,-0.5503,0.8132
76.3,9.0575,-0.3508,0.6661
76.4,9.0644,-0.2759,0.7565
76.5,8.9832,-0.3728,0.7325
76.6,8.9431,-0.5832,0.8358
76.7,8.9237,-0.7385,0.7491
76.8,8.9136,-0.623,0.7429
76.9,8.9362,-0.5607,0.7542
77.0,8.7779,-0.6601,0.8067
77.1,8.7639,-0.6116,0.7926
77.2,8.8945,-0.6335,0.8095
77.3,8.8206,-0.4824,0.7675
77.4,8.8888,-0.4476,0.593
77.5,8.9702,-0.4751,0.5861
77.6,9.0323,-0.5303,0.5585
77.7,8.8691,-0.6122,0.4453
77.8,8.9063,-0.7386,0.404
77.9,8.8681,-0.7463,0.264
78.0,8.8739,-0.7756,0.3446
78.1,9.0268,-0.7628,0.3144
78.2,8.9151,-0.7903,0.2928
78.3,9.101,-0.7985,0.3077
78.4,9.1142,-0.8195,0.2839
78.5,9.2469,-0.8266,0.326
78.6,9.2117,-0.9868,0.3192
78.7,9.1952,-0.8732,0.2519
78.8,9.3966,-0.8165,0.2932
78.9,9.3691,-0.7286,0.2447
79.0,9.1599,-0.7728,0.2077
79.1,9.0464,-0.7913,0.0285
79.2,8.9891,-1.083,0.1079
79.3,9.028,-0.9342,0.0924
79.4,9.033,-1.0452,0.0977
79.5,9.0654,-1.0288,0.1778
79.6,9.0646,-0.9774,0.1281
79.7,9.0401,-1.0014,0.0502
79.8,8.9406,-1.0861,-0.0632
79.9,8.9419,-1.1114,-0.0003
80.0,9.0101,-1.2536,-0.0442
80.1,8.841,-1.1078,-0.0476
80.2,8.8589,-1.1201,-0.0978
80.3,9.0955,-1.2989,-0.0191
80.4,9.1524,-1.2321,-0.0212
80.5,8.9049,-1.1808,0.0164
80.6,8.8249,-1.2084,0.1344
80.7,8.9013,-1.2318,0.297
80.8,8.7627,-1.165,0.375
80.9,8.8457,-1.2485,0.4157
81.0,8.8613,-1.3066,0.353
81.1,8.9425,-1.4247,0.4006
81.2,9.0863,-1.2346,0.4042
81.3,9.0261,-1.3125,0.3284
81.4,9.0393,-1.38,0.2743
81.5,8.9569,-1.3981,0.108
81.6,8.9903,-1.2245,0.1546
81.7,9.068,-1.2127,0.1946
81.8,9.1222,-1.3772,0.25
81.9,9.0432,-1.3914,0.2079
82.0,9.0537,-1.3763,0.2605
82.1,9.0705,-1.4873,0.3246
82.2,9.0723,-1.5051,0.2419
82.3,8.8764,-1.5834,0.15
82.4,8.8591,-1.605,0.1108
82.5,8.9222,-1.6251,0.1354
82.6,8.7657,-1.4339,0.0629
82.7,8.6646,-1.6636,0.1818
82.8,8.4704,-1.6204,0.2405
82.9,8.3029,-1.5741,0.2776
83.0,8.3171,-1.5534,0.1543
83.1,8.3343,-1.4881,0.0742
83.2,8.4214,-1.5051,0.0466
83.3,8.3893,-1.5226,-0.0634
83.4,8.4181,-1.4231,-0.0853
83.5,8.3145,-1.5696,-0.1885
83.6,8.3844,-1.531,-0.299
83.7,8.3167,-1.4951,-0.2009
83.8,8.2782,-1.431,-0.2892
83.9,8.3467,-1.2345,-0.298
84.0,8.3343,-1.0195,-0.2451
84.1,8.0791,-0.959,-0.1645
84.2,8.1477,-1.0366,-0.1998
84.3,8.1632,-1.2075,-0.1888
84.4,8.2001,-1.1954,-0.3483
84.5,8.2631,-1.1674,-0.4435
84.6,8.2601,-1.0531,-0.3973
84.7,8.4093,-1.0728,-0.3236
84.8,8.443,-1.1227,-0.3172
84.9,8.5297,-1.1149,-0.4078
85.0,8.5941,-1.2378,-0.3155
85.1,8.6499,-1.1958,-0.3129
85.2,8.6626,-1.1405,-0.4076
85.3,8.6737,-1.3297,-0.4771
85.4,8.6548,-1.3956,-0.4437
85.5,8.7074,-1.6008,-0.3224
85.6,8.845,-1.7005,-0.3218
85.7,8.8605,-1.7331,-0.2037
85.8,8.8874,-1.7128,-0.1284
85.9,8.8904,-1.7982,-0.3005
86.0,8.9145,-1.8568,-0.3684
86.1,8.7657,-1.9464,-0.1624
86.2,8.5958,-2.0347,-0.1701
86.3,8.4706,-2.0112,-0.0545
86.4,8.4527,-2.1352,0.039
86.5,8.3878,-2.1632,0.0215
86.6,8.5015,-2.3363,0.1318
86.7,8.5885,-2.3366,0.1081
86.8,8.4858,-2.4864,0.1497
86.9,8.4781,-2.6208,0.1634
87.0,8.2827,-2.5857,0.17
87.1,8.2849,-2.6351,0.1007
87.2,8.3387,-2.6594,-0.0168
87.3,8.386,-2.8448,-0.0179
87.4,8.4027,-2.719,0.1409
87.5,8.5139,-2.7795,0.1046
87.6,8.7044,-2.6822,0.0621
87.7,8.6999,-2.7794,0.1494
87.8,8.718,-2.787,0.1411
87.9,8.5699,-2.6549,0.1903
88.0,8.4866,-2.6706,0.1218
88.1,8.6616,-2.666,0.1594
88.2,8.6765,-2.6886,0.0979
88.3,8.6174,-2.5666,0.1123
88.4,8.5669,-2.7146,0.0462
88.5,8.579,-2.5817,-0.0102
88.6,8.5022,-2.6798,-0.0117
88.7,8.4398,-2.5201,-0.003
88.8,8.3397,-2.4179,0.0071
88.9,8.2938,-2.2742,-0.023
89.0,8.2209,-2.3679,-0.0161
89.1,8.3163,-2.2505,0.0409
89.2,8.2359,-2.191,0.0933
89.3,8.3278,-2.1294,0.0504
89.4,8.298,-2.1417,0.0905
89.5,8.3921,-2.1432,0.0793
89.6,8.3732,-2.0943,0.1056
89.7,8.1593,-2.0486,0.0495
89.8,7.999,-1.7132,0.0337
89.9,7.9524,-1.6417,-0.0375
90.0,8.041,-1.5048,0.0062
90.1,7.8318,-1.5358,0.0947
90.2,7.8286,-1.2868,0.1319
90.3,7.7141,-1.1718,0.1081
90.4,7.5997,-1.2866,0.0533
90.5,7.7654,-1.4651,0.0285
90.6,7.7966,-1.5491,0.0529
90.7,7.8102,-1.5437,0.0776
90.8,7.7772,-1.445,0.0625
90.9,7.9329,-1.3628,0.0815
91.0,7.8889,-1.3138,-0.0013
91.1,7.8487,-1.3278,-0.075
91.2,7.7914,-1.358,0.0422
91.3,7.6884,-1.2446,0.0891
91.4,7.7173,-1.1134,0.0449
91.5,7.7038,-1.1162,0.1183
91.6,7.7142,-1.2382,0.1854
91.7,7.7269,-1.1303,0.2259
91.8,7.6098,-1.1707,0.1425
91.9,7.6965,-1.1036,0.2245
92.0,7.7796,-1.0082,0.287
92.1,7.7844,-1.0368,0.3285
92.2,7.7352,-1.1354,0.3825
92.3,7.6137,-1.0677,0.3266
92.4,7.5805,-1.2632,0.2441
92.5,7.5302,-1.1936,0.178
92.6,7.5251,-1.2754,0.247
92.7,7.6149,-1.4066,0.2147
92.8,7.5414,-1.2835,0.2361
92.9,7.5869,-1.3545,0.2135
93.0,7.7082,-1.4236,0.1889
93.1,7.6881,-1.6069,0.165
93.2,7.6714,-1.5201,0.1344
93.3,7.7176,-1.498,0.0628
93.4,7.8069,-1.5865,-0.0509
93.5,8.0406,-1.5043,0.0383
93.6,8.0289,-1.3541,0.089
93.7,7.9961,-1.047,0.0306
93.8,8.0511,-1.1218,-0.0358
93.9,8.1429,-1.3084,0.0336
94.0,7.9369,-1.2695,0.0609
94.1,7.8665,-1.06,-0.0557
94.2,7.8994,-1.1264,-0.1692
94.3,7.9407,-1.079,-0.1346
94.4,7.8019,-1.0132,-0.2819
94.5,7.7999,-1.0262,-0.2083
94.6,7.8142,-1.092,-0.2184
94.7,7.6561,-1.0788,-0.1487
94.8,7.5056,-0.9254,-0.1674
94.9,7.593,-0.9861,-0.1313
95.0,7.5146,-0.9918,-0.2402
95.1,7.4186,-0.7949,-0.1412
95.2,7.3417,-0.7509,-0.1121
95.3,7.2354,-0.9479,-0.0714
95.4,7.2876,-1.0417,-0.0733
95.5,7.3922,-0.9309,-0.0643
95.6,7.3407,-1.0662,-0.105
95.7,7.5655,-0.8457,0.0239
95.8,7.5285,-0.5211,0.0775
95.9,7.5852,-0.6019,0.0781
96.0,7.5765,-0.5527,0.097
96.1,7.4856,-0.6608,0.0462
96.2,7.4111,-0.6755,0.0705
96.3,7.5666,-0.62,0.0965
96.4,7.5851,-0.6013,0.1003
96.5,7.6852,-0.635,0.1623
96.6,7.4225,-0.7378,0.0621
96.7,7.2727,-0.9493,0.0535
96.8,7.2065,-0.7189,0.1058
96.9,7.0617,-0.7932,0.0215
97.0,7.0691,-0.8393,-0.014
97.1,7.0474,-0.8246,0.1208
97.2,7.0356,-0.8428,0.1141
97.3,6.9789,-0.8635,0.093
97.4,6.9987,-0.6468,0.0757
97.5,6.9931,-0.7619,-0.0032
97.6,6.819,-0.7662,0.1072
97.7,7.0714,-0.6803,0.0639
97.8,7.0778,-0.7058,0.0033
97.9,7.1265,-0.794,-0.0295
98.0,7.1338,-0.7549,-0.0488
98.1,7.2276,-0.6983,-0.1576
98.2,7.0773,-0.4152,-0.1023
98.3,6.8583,-0.2872,-0.1138
98.4,6.849,-0.407,-0.1565
98.5,6.7062,-0.352,-0.1656
98.6,6.7321,-0.1941,-0.0957
98.7,6.7622,-0.2506,-0.1113
98.8,6.6699,-0.3576,-0.1216
98.9,6.7801,-0.3016,-0.221
99.0,6.7556,-0.2862,-0.1282
99.1,6.7353,-0.2413,-0.0664
99.2,6.5995,-0.3061,-0.2088
99.3,6.5357,-0.3872,-0.2454
99.4,6.5441,-0.3551,-0.2091
99.5,6.4974,-0.4238,-0.2208
99.6,6.4818,-0.4461,-0.2793
99.7,6.4815,-0.5627,-0.4053
99.8,6.5829,-0.6313,-0.3558
99.9,6.638,-0.416,-0.5229
100.0,6.48,-0.2685,-0.5093
100.1,6.6922,-0.1447,-0.6117
100.2,6.6645,0.0705,-0.62
100.3,6.6287,0.2107,-0.6326
100.4,6.546,0.2606,-0.5769
100.5,6.6441,0.2154,-0.6738
100.6,6.7067,0.0118,-0.5354
100.7,6.6508,-0.1964,-0.6087
100.8,6.6278,-0.3137,-0.6968
100.9,6.5,-0.289,-0.6135
101.0,6.5167,-0.2999,-0.5391
101.1,6.5843,-0.2789,-0.6224
101.2,6.6398,-0.1098,-0.6572
101.3,6.6913,-0.027,-0.765
101.4,6.7621,-0.1311,-0.7806
101.5,6.8389,-0.043,-0.7759
101.6,6.7931,-0.0603,-0.8553
101.7,6.7604,-0.1498,-0.8054
101.8,6.8331,-0.0902,-0.8268
101.9,6.7805,-0.3281,-0.8019
102.0,6.6589,-0.1986,-0.7263
102.1,6.7345,-0.0427,-0.6276
102.2,6.8938,-0.1747,-0.682
102.3,6.8702,-0.1314,-0.7538
102.4,7.0058,-0.2138,-0.6594
102.5,6.9676,-0.2427,-0.7456
102.6,6.9906,-0.2904,-0.6491
102.7,6.9019,-0.3348,-0.7139
102.8,6.8331,-0.2968,-0.8622
102.9,7.0621,-0.1405,-0.7384
103.0,7.1291,-0.0049,-0.8477
103.1,7.2608,0.0752,-0.8263
103.2,7.263,0.2913,-0.8182
103.3,7.3086,0.154,-0.9013
103.4,7.1477,0.1176,-0.8015
103.5,6.9947,0.2211,-0.6911
103.6,7.0944,0.2059,-0.665
103.7,7.2159,0.1943,-0.6059
103.8,7.2059,0.3708,-0.6549
103.9,7.1761,0.2993,-0.7133
104.0,7.0901,0.3553,-0.6174
104.1,7.1534,0.4219,-0.5791
104.2,6.9506,0.4764,-0.4846
104.3,6.9688,0.3916,-0.4499
104.4,6.8046,0.3209,-0.4857
104.5,7.0239,0.0932,-0.5892
104.6,7.1042,0.2105,-0.6371
104.7,7.1575,0.3545,-0.6404
104.8,7.3636,0.4689,-0.7939
104.9,7.5127,0.4938,-0.889
105.0,7.5227,0.527,-0.8342
105.1,7.4195,0.4856,-0.7654
105.2,7.39,0.4848,-0.6636
105.3,7.3376,0.3778,-0.6572
105.4,7.4142,0.1875,-0.5175
105.5,7.4207,0.035,-0.4619
105.6,7.5435,0.2084,-0.4201
105.7,7.5113,0.1361,-0.476
105.8,7.4061,0.026,-0.5057
105.9,7.3,-0.1045,-0.4301
106.0,7.2149,-0.2682,-0.414
106.1,7.27,-0.2484,-0.2815
106.2,7.327,-0.261,-0.1452
106.3,7.204,-0.2343,-0.1543
106.4,7.2414,-0.2842,-0.1586
106.5,7.3034,-0.4719,-0.1503
106.6,7.3949,-0.5288,-0.2105
106.7,7.3761,-0.5286,-0.1538
106.8,7.3357,-0.6264,-0.129
106.9,7.0284,-0.5559,-0.0784
107.0,6.927,-0.6812,-0.0979
107.1,6.8872,-0.8137,-0.064
107.2,6.841,-0.8364,0.0747
107.3,6.861,-1.0131,0.1132
107.4,6.953,-0.9859,0.1897
107.5,6.9912,-1.1517,0.1349
107.6,7.0176,-1.2438,0.1216
107.7,7.1365,-1.3646,0.0921
107.8,7.141,-1.4959,0.0658
107.9,7.228,-1.455,0.1104
108.0,7.1126,-1.5504,0.1446
108.1,7.2423,-1.626,0.18
108.2,7.1345,-1.4969,0.0946
108.3,7.0509,-1.4673,0.0907
108.4,6.8363,-1.5182,0.0243
108.5,6.7945,-1.4836,-0.0048
108.6,6.7246,-1.3795,-0.0707
108.7,6.8492,-1.6169,-0.0802
108.8,6.9492,-1.7102,-0.0999
108.9,7.0415,-1.572,-0.0588
109.0,7.0659,-1.6037,-0.1332
109.1,7.0837,-1.6205,-0.1598
109.2,7.0933,-1.4122,-0.1566
109.3,7.1491,-1.3849,-0.0472
109.4,7.0772,-1.2004,0.0356
109.5,7.1134,-1.3084,0.1044
109.6,7.049,-1.4608,0.1344
109.7,7.0838,-1.4686,0.1461
109.8,7.0303,-1.4558,0.0219
109.9,6.9508,-1.5269,0.0813
110.0,6.8984,-1.3937,-0.055
110.1,6.8855,-1.4024,-0.0922
110.2,6.8823,-1.4763,-0.0361
110.3,6.9574,-1.2797,-0.0744
110.4,7.182,-1.4945,-0.0188
110.5,7.2961,-1.5259,0.0045
110.6,7.3938,-1.6036,-0.0529
110.7,7.4294,-1.5507,-0.0891
110.8,7.5668,-1.5067,-0.088
110.9,7.5578,-1.4189,-0.0201
111.0,7.5843,-1.1441,-0.0323
111.1,7.6015,-1.1097,-0.1026
111.2,7.6452,-1.1807,-0.1202
111.3,7.6704,-1.0848,-0.0993
111.4,7.5483,-0.7876,-0.0831
111.5,7.6432,-0.8359,-0.1463
111.6,7.6494,-1.0315,-0.1384
111.7,7.4652,-1.0207,-0.0752
111.8,7.5013,-1.0744,-0.0324
111.9,7.4389,-1.0038,0.0026
112.0,7.4194,-0.9341,-0.0498
112.1,7.3103,-0.8773,-0.2815
112.2,7.3973,-0.8597,-0.2612
112.3,7.3428,-0.8629,-0.2231
112.4,7.1817,-0.6546,-0.2079
112.5,7.0728,-0.6886,-0.2267
112.6,6.9924,-0.4991,-0.2266
112.7,6.8825,-0.454,-0.2634
112.8,6.9603,-0.6211,-0.2009
112.9,6.8767,-0.7351,-0.2033
113.0,6.9138,-0.8502,-0.1268
113.1,7.0047,-0.9334,-0.1177
113.2,6.9567,-0.8499,-0.0764
113.3,7.0893,-1.028,-0.0414
113.4,6.9594,-1.274,-0.0501
113.5,7.0007,-1.237,-0.0572
113.6,6.9995,-1.2516,-0.1104
113.7,7.0581,-1.1481,-0.2364
113.8,7.1186,-1.2983,-0.3009
113.9,7.2302,-1.2949,-0.2853
114.0,7.1039,-1.3398,-0.2221
114.1,7.352,-1.2232,-0.1924
114.2,7.3612,-1.1457,-0.2214
114.3,7.336,-1.3015,-0.2378
114.4,7.3734,-1.4719,-0.2268
114.5,7.3587,-1.3064,-0.1475
114.6,7.3213,-1.3002,-0.0794
114.7,7.2391,-1.1633,0.001
114.8,7.2388,-1.1378,-0.0937
114.9,7.174,-1.299,-0.0947
115.0,7.1421,-1.1819,-0.1669
115.1,7.1494,-1.1216,-0.1592
115.2,7.2229,-1.2851,-0.1636
115.3,7.2116,-1.5224,-0.2317
115.4,7.2735,-1.7428,-0.2199
115.5,7.3131,-1.7355,-0.175
115.6,7.316,-1.6913,-0.1303
115.7,7.1894,-1.7145,-0.1024
115.8,7.2712,-1.8035,-0.1128
115.9,7.2262,-1.8003,-0.1495
116.0,7.1404,-1.9865,-0.1406
116.1,7.1129,-2.0952,-0.1758
116.2,7.1549,-2.0325,-0.2382
116.3,7.108,-1.9866,-0.1299
116.4,7.2001,-1.9581,-0.127
116.5,7.3318,-1.7681,-0.1396
116.6,7.4044,-1.7006,-0.1139
116.7,7.4965,-1.7453,-0.1289
116.8,7.4938,-1.5727,-0.1091
116.9,7.4003,-1.6537,-0.1344
117.0,7.4762,-1.6222,-0.1275
117.1,7.472,-1.7167,-0.1599
117.2,7.6423,-1.7854,-0.0359
117.3,7.5701,-1.6355,-0.1101
117.4,7.7229,-1.5221,-0.2488
117.5,7.6118,-1.3644,-0.3575
117.6,7.6065,-1.3061,-0.3391
117.7,7.5215,-1.3001,-0.3256
117.8,7.5782,-1.3363,-0.3274
117.9,7.6178,-1.1384,-0.2761
118.0,7.5276,-0.9445,-0.3489
118.1,7.375,-1.1133,-0.2915
118.2,7.4126,-0.948,-0.2741
118.3,7.3864,-1.0013,-0.2257
118.4,7.5348,-0.947,-0.2458
118.5,7.5194,-1.254,-0.2348
118.6,7.5256,-1.1568,-0.2429
118.7,7.6387,-1.1511,-0.2965
118.8,7.5538,-1.2156,-0.2138
118.9,7.75,-1.1603,-0.2377
119.0,7.8529,-1.16,-0.2548
119.1,8.0307,-1.0577,-0.2402
119.2,7.9567,-1.1471,-0.2056
119.3,7.8777,-0.82,-0.1795
119.4,7.8371,-0.6988,-0.1531
119.5,7.7839,-0.8153,0.0678
119.6,7.7718,-0.949,0.0871
119.7,7.6496,-1.0397,0.0803
119.8,7.6807,-1.1349,0.1269
119.9,7.7376,-1.0441,0.1553
120.0,7.6673,-1.1502,0.2131
120.1,7.6949,-1.2828,0.1922
120.2,7.6087,-1.3201,0.2234
120.3,7.5969,-1.3206,0.352
120.4,7.5642,-1.1229,0.3511
120.5,7.5986,-0.8029,0.3251
120.6,7.5439,-0.5837,0.2742
120.7,7.4495,-0.4409,0.2357
120.8,7.2836,-0.389,0.2442
120.9,7.2833,-0.4174,0.3205
121.0,7.4128,-0.3307,0.3825
121.1,7.4259,-0.4926,0.3943
121.2,7.3838,-0.332,0.3442
121.3,7.4783,-0.3323,0.3115
121.4,7.4129,-0.328,0.2923
121.5,7.5506,-0.2774,0.2311
121.6,7.4781,-0.4415,0.2155
121.7,7.2872,-0.3963,0.3814
121.8,7.2744,-0.4979,0.4161
121.9,7.3114,-0.4402,0.4693
122.0,7.2292,-0.584,0.4612
122.1,7.1797,-0.7632,0.4108
122.2,7.1316,-0.6062,0.4335
122.3,7.0688,-0.6712,0.4045
122.4,6.966,-0.6272,0.3813
122.5,6.9422,-0.4769,0.3149
122.6,6.8697,-0.5062,0.4077
122.7,6.9879,-0.3886,0.4118
122.8,6.8979,-0.3059,0.5226
122.9,6.8246,-0.1349,0.5067
123.0,6.8541,-0.0634,0.5344
123.1,6.8491,0.0891,0.5796
123.2,6.868,0.0206,0.5418
123.3,6.8563,-0.1342,0.5088
123.4,6.9624,-0.1864,0.3653
123.5,7.0813,-0.2785,0.4095
123.6,7.2399,-0.2186,0.4035
123.7,7.1589,-0.3244,0.2784
123.8,7.2096,-0.3224,0.2788
123.9,7.1784,-0.3437,0.2444
124.0,7.0946,-0.4177,0.2167
124.1,7.2746,-0.3992,0.2694
124.2,7.3567,-0.6321,0.3405
124.3,7.3072,-0.7858,0.3356
124.4,7.3989,-0.7492,0.2266
124.5,7.5757,-0.8867,0.1563
124.6,7.929,-0.6859,0.2669
124.7,7.817,-0.7928,0.2461
124.8,7.6821,-0.6871,0.2712
124.9,7.7564,-0.6065,0.2235
125.0,7.7578,-0.6057,0.2138
125.1,7.7856,-0.6759,0.1657
125.2,7.6546,-0.8449,0.2001
125.3,7.6682,-0.7042,0.0987
125.4,7.5852,-0.6752,0.0368
125.5,7.5463,-0.5775,0.0474
125.6,7.5542,-0.6591,0.0631
125.7,7.5047,-0.631,0.1064
125.8,7.5285,-0.7554,0.2512
125.9,7.5145,-0.7242,0.2007
126.0,7.5294,-0.7644,0.2299
126.1,7.5952,-0.9055,0.3223
126.2,7.6577,-0.793,0.3542
126.3,7.6925,-0.748,0.3008
126.4,7.7394,-0.876,0.2533
126.5,7.662,-0.8471,0.1879
126.6,7.7754,-0.8113,0.1167
126.7,7.7579,-0.7256,0.0966
126.8,7.5983,-0.753,0.1544
126.9,7.7121,-0.7731,0.0703
127.0,7.7819,-0.5308,0.0609
127.1,7.653,-0.6723,0.0611
127.2,7.7164,-0.8415,0.144
127.3,7.6507,-0.8908,0.0447
127.4,7.6221,-0.7344,0.0202
127.5,7.7905,-0.8035,0.2406
127.6,7.719,-0.7304,0.1365
127.7,7.6736,-0.8421,0.1311
127.8,7.6192,-0.7485,0.2525
127.9,7.3821,-0.7072,0.2241
128.0,7.1756,-0.8303,0.3771
128.1,7.0334,-0.6837,0.4768
128.2,7.0966,-0.6033,0.4234
128.3,6.9801,-0.738,0.5343
128.4,6.9527,-0.685,0.436
128.5,7.0,-0.5938,0.395
128.6,7.0318,-0.642,0.4133
128.7,7.1011,-0.5954,0.4215
128.8,7.09,-0.6021,0.4069
128.9,7.2067,-0.6309,0.3658
129.0,7.1245,-0.5313,0.3603
129.1,7.4203,-0.5643,0.5085
129.2,7.2989,-0.5847,0.6626
129.3,7.4069,-0.6762,0.5797
129.4,7.208,-0.7411,0.5185
129.5,7.2493,-0.8189,0.5993
129.6,7.2693,-0.8611,0.4571
129.7,7.351,-1.0694,0.3363
129.8,7.2659,-0.9707,0.2954
129.9,7.3322,-0.9363,0.2609
130.0,7.3955,-0.897,0.1228
130.1,7.4321,-0.7577,0.0932
130.2,7.5073,-0.6845,0.0531
130.3,7.391,-0.6643,0.1559
130.4,7.376,-0.6092,0.1113
130.5,7.4552,-0.57,0.134
130.6,7.4762,-0.5748,0.0364
130.7,7.4542,-0.5125,0.1689
130.8,7.4123,-0.5217,0.1508
130.9,7.6162,-0.4854,0.121
131.0,7.7102,-0.5709,0.1248
131.1,7.6646,-0.5321,0.0283
131.2,7.6651,-0.682,-0.0156
131.3,7.7625,-0.5166,0.0619
131.4,7.702,-0.3732,0.0273
131.5,7.6996,-0.2491,0.083
131.6,7.6654,-0.1387,0.0704
131.7,7.7177,-0.1647,0.0392
131.8,7.4188,-0.1804,-0.0765
131.9,7.4502,-0.319,-0.0858
132.0,7.4857,-0.2802,-0.0993
132.1,7.5189,-0.4689,0.0283
132.2,7.5794,-0.6718,0.0569
132.3,7.546,-0.5999,-0.0092
132.4,7.583,-0.4714,-0.0738
132.5,7.3282,-0.5168,-0.0759
132.6,7.4084,-0.3786,-0.0908
132.7,7.3239,-0.2426,-0.061
132.8,7.2431,-0.272,-0.0633
132.9,7.1594,-0.3939,-0.0752
133.0,7.1314,-0.4524,-0.1238
133.1,6.9676,-0.3652,-0.1219
133.2,7.0439,-0.3934,-0.1922
133.3,7.1504,-0.3659,-0.1705
133.4,7.3293,-0.3118,-0.1039
133.5,7.2537,-0.2629,-0.1888
133.6,7.142,-0.2245,-0.2326
133.7,7.0759,-0.4084,-0.2326
133.8,6.9958,-0.3872,-0.2964
133.9,6.9512,-0.2794,-0.2338
134.0,6.9125,-0.1906,-0.2554
134.1,6.9315,-0.2263,-0.1585
134.2,6.8009,-0.1814,-0.2853
134.3,6.765,-0.2693,-0.0669
134.4,6.9912,-0.3927,-0.0573
134.5,6.8305,-0.3848,-0.0272
134.6,6.7697,-0.516,0.0485
134.7,6.542,-0.3492,0.1153
134.8,6.4917,-0.2449,0.2328
134.9,6.4143,-0.2803,0.2554
135.0,6.4075,-0.2937,0.4378
135.1,6.2479,-0.2929,0.3753
135.2,6.3718,-0.2173,0.3275
135.3,6.4345,-0.2217,0.4179
135.4,6.3173,-0.1956,0.4737
135.5,6.2459,-0.0681,0.5143
135.6,6.181,0.0182,0.5387
135.7,6.2968,0.0307,0.4952
135.8,6.3865,0.0748,0.4251
135.9,6.2961,0.1183,0.4263
136.0,6.3649,0.22,0.4011
136.1,6.2219,0.1993,0.413
136.2,6.3282,0.248,0.3061
136.3,6.3574,0.3593,0.3357
136.4,6.3776,0.4929,0.3964
136.5,6.5359,0.3721,0.4628
136.6,6.4959,0.3854,0.4601
136.7,6.3338,0.3542,0.4927
136.8,6.5186,0.3123,0.5382
136.9,6.5049,0.2272,0.5349
137.0,6.5149,0.2405,0.5903
137.1,6.5584,0.2394,0.5066
137.2,6.5896,0.1708,0.4552
137.3,6.4097,0.1989,0.3114
137.4,6.6326,0.2442,0.3644
137.5,6.5283,0.3079,0.3857
137.6,6.6868,0.3091,0.3497
137.7,6.8058,0.4205,0.3299
137.8,6.8487,0.4093,0.33
137.9,6.7346,0.3376,0.3692
138.0,6.678,0.3876,0.3519
138.1,6.8104,0.2858,0.222
138.2,6.816,0.3051,0.2716
138.3,6.9368,0.3244,0.1868
138.4,6.703,0.1351,0.1421
138.5,6.8548,0.0612,0.1891
138.6,7.0488,0.0248,0.1973
138.7,7.221,0.0906,0.1043
138.8,7.265,0.0803,0.0414
138.9,7.2617,0.008,0.1044
139.0,7.0575,0.0655,0.1083
139.1,7.03,0.1463,0.1788
139.2,6.965,0.1583,0.1517
139.3,7.0536,0.2659,0.0092
139.4,6.8365,-0.0829,-0.001
139.5,6.6331,0.1092,0.0637
139.6,6.7656,0.1144,0.2395
139.7,6.862,0.0616,0.246
139.8,6.9726,0.1747,0.3485
139.9,6.8988,0.204,0.4672
140.0,6.8851,0.1638,0.5493
140.1,6.7895,0.1416,0.4817
140.2,6.7159,0.1728,0.5172
140.3,6.7585,0.0199,0.4825
140.4,6.7918,0.104,0.4577
140.5,6.8089,0.0583,0.4277
140.6,6.6974,0.0988,0.3485
140.7,6.7615,0.2596,0.298
140.8,6.9355,0.3884,0.243
140.9,7.1076,0.3654,0.3499
141.0,7.2501,0.4234,0.3719
141.1,7.3233,0.0617,0.3985
141.2,7.2613,-0.0864,0.4951
141.3,7.3151,-0.1141,0.5434
141.4,7.1394,-0.035,0.5377
141.5,7.2808,0.0908,0.5533
141.6,7.2113,0.1177,0.3999
141.7,7.2238,0.1643,0.3101
141.8,7.2022,0.0888,0.315
141.9,7.2157,0.1773,0.3184
142.0,7.4273,0.2084,0.3035
142.1,7.4113,-0.0166,0.3243
142.2,7.4249,0.0083,0.259
142.3,7.4993,0.0163,0.2208
142.4,7.3374,0.0207,0.2332
142.5,7.3814,0.2952,0.2565
142.6,7.2962,0.3194,0.1828
142.7,7.3163,0.1906,0.168
142.8,7.29,0.3556,0.0401
142.9,7.3049,0.3083,-0.081
143.0,7.3256,0.1868,-0.0758
143.1,7.4018,0.3629,-0.1931
143.2,7.4543,0.2261,-0.1176
143.3,7.4743,0.3244,-0.0707
143.4,7.7281,0.3366,-0.0553
143.5,7.5982,0.4739,-0.0392
143.6,7.6687,0.3954,-0.0445
143.7,7.5703,0.2592,-0.1007
143.8,7.4518,0.3424,-0.098
143.9,7.4753,0.273,0.05
144.0,7.4575,0.2248,0.0355
144.1,7.35,0.2542,0.0015
144.2,7.4409,0.3385,0.0149
144.3,7.5459,0.1877,0.0595
144.4,7.3603,0.1484,0.0401
144.5,7.4132,0.1069,0.1433
144.6,7.3827,0.1073,0.0596
144.7,7.4535,-0.1192,0.0572
144.8,7.4215,-0.2932,-0.0051
144.9,7.362,-0.2027,-0.0772
145.0,7.2716,-0.1256,-0.0452
145.1,7.259,-0.0575,-0.0241
145.2,7.2699,0.2314,-0.0069
145.3,7.3728,0.0641,-0.0488
145.4,7.3026,-0.0679,-0.0135
145.5,7.4421,-0.1765,0.0012
145.6,7.4019,-0.0872,0.1547
145.7,7.2344,-0.1151,0.1033
145.8,7.3372,-0.2668,0.171
145.9,7.5439,-0.1438,0.0885
146.0,7.4697,-0.319,0.1149
146.1,7.4266,-0.4504,-0.034
146.2,7.5663,-0.3495,0.0317
146.3,7.6659,-0.3231,0.0907
146.4,7.6828,-0.2321,0.0971
146.5,7.6193,-0.4012,0.2021
146.6,7.7621,-0.4528,0.1859
146.7,7.7831,-0.4907,0.2202
146.8,7.6216,-0.5145,0.2908
146.9,7.5157,-0.581,0.1938
147.0,7.6347,-0.4775,0.2042
147.1,7.6883,-0.4581,0.2109
147.2,7.5606,-0.4462,0.1294
147.3,7.4693,-0.4744,0.2493
147.4,7.5321,-0.5029,0.2002
147.5,7.5187,-0.5865,0.1953
147.6,7.5756,-0.4431,0.3225
147.7,7.5833,-0.5205,0.3501
147.8,7.7214,-0.531,0.4154
147.9,7.6955,-0.5557,0.3702
148.0,7.7548,-0.4541,0.3631
148.1,7.8078,-0.3709,0.3964
148.2,7.7396,-0.4709,0.4236
148.3,7.7376,-0.3841,0.412
148.4,7.7932,-0.2491,0.4457
148.5,7.8688,-0.0934,0.4833
148.6,7.8311,-0.1433,0.4371
148.7,7.8457,-0.0654,0.3377
148.8,7.9306,-0.0278,0.3407
148.9,7.9995,-0.134,0.3373
149.0,8.1468,-0.2166,0.2658
149.1,8.1509,0.0237,0.2548
149.2,7.9459,0.0103,0.3562
149.3,7.945,0.1111,0.31
149.4,7.9005,-0.1641,0.4262
149.5,7.8763,-0.0599,0.3611
149.6,7.901,0.1148,0.3709
149.7,7.8424,0.0165,0.4301
149.8,8.022,0.1705,0.4032
149.9,7.9019,0.3108,0.4069
150.0,8.1106,0.346,0.4594
150.1,8.0104,0.2505,0.3852
150.2,8.2228,0.2015,0.3382
150.3,8.1985,0.422,0.3841
150.4,8.1474,0.2472,0.3461
150.5,8.1284,0.3617,0.3245
150.6,8.0297,0.503,0.3179
150.7,8.0445,0.6063,0.39
150.8,7.9938,0.5883,0.3569
150.9,7.9614,0.3734,0.4481
151.0,8.1059,0.4546,0.4202
151.1,8.0847,0.3788,0.382
151.2,8.0829,0.4339,0.2771
151.3,7.9891,0.4982,0.2968
151.4,8.0078,0.5445,0.3234
151.5,8.1003,0.3604,0.2587
151.6,7.9658,0.2267,0.1315
151.7,8.0039,0.1719,0.0789
151.8,7.9786,0.2032,0.0631
151.9,7.9751,0.0454,-0.0246
152.0,8.0539,-0.1395,-0.0125
152.1,8.0363,-0.1049,-0.0869
152.2,7.9953,-0.047,0.0447
152.3,7.8421,-0.0322,0.0098
152.4,7.871,-0.1245,-0.0403
152.5,7.8508,-0.1416,-0.0505
152.6,7.8062,0.0249,-0.121
152.7,7.8019,0.0535,-0.2064
152.8,7.7215,0.2964,-0.1452
152.9,7.7898,0.2858,-0.1504
153.0,8.0975,0.3799,-0.1405
153.1,8.1269,0.4872,-0.2063
153.2,8.0233,0.4839,-0.2327
153.3,8.1518,0.2999,-0.2164
153.4,8.1146,0.4825,-0.3164
153.5,8.0341,0.4106,-0.3418
153.6,7.9122,0.4484,-0.4376
153.7,7.799,0.2681,-0.6167
153.8,7.8828,0.4038,-0.6481
153.9,7.7553,0.249,-0.636
154.0,7.8605,0.4544,-0.5669
154.1,7.654,0.414,-0.4779
154.2,7.5587,0.4794,-0.5929
154.3,7.755,0.4725,-0.5433
154.4,7.6529,0.3063,-0.574
154.5,7.7176,0.1868,-0.5118
154.6,7.7963,0.2947,-0.4966
154.7,7.7568,0.2764,-0.581
154.8,7.6813,0.2387,-0.4906
154.9,7.8106,0.3176,-0.4856
155.0,7.9131,0.1717,-0.5096
155.1,8.0667,0.1196,-0.514
155.2,8.0965,0.1799,-0.4826
155.3,8.1723,0.2588,-0.5348
155.4,8.2054,0.3258,-0.6024
155.5,8.2348,0.2425,-0.5265
155.6,8.3422,0.1373,-0.63
155.7,8.1478,-0.1249,-0.6849
155.8,8.2472,0.0153,-0.5449
155.9,8.2621,-0.0806,-0.7794
156.0,8.3547,0.0151,-0.7772
156.1,8.3579,0.1428,-0.8343
156.2,8.2836,0.09,-0.7275
156.3,8.1052,0.0531,-0.7243
156.4,8.0433,-0.0511,-0.692
156.5,8.1869,-0.0326,-0.6261
156.6,8.0914,-0.2089,-0.6519
156.7,7.9135,-0.1942,-0.5931
156.8,7.8707,-0.0602,-0.6118
156.9,7.9704,-0.1163,-0.484
157.0,8.0874,-0.0584,-0.4676
157.1,8.027,0.0788,-0.5142
157.2,8.1023,0.2572,-0.588
157.3,8.1283,0.2492,-0.5956
157.4,8.0445,0.0525,-0.5719
157.5,7.9484,-0.0403,-0.6413
157.6,7.922,0.1788,-0.6786
157.7,7.7933,0.1428,-0.646
157.8,7.8282,0.3365,-0.5078
157.9,7.7207,0.2621,-0.4855
158.0,7.6629,0.3513,-0.5483
158.1,7.7204,0.5091,-0.4821
158.2,7.8817,0.338,-0.5648
158.3,7.865,0.2893,-0.686
158.4,7.8759,0.3773,-0.7186
158.5,7.9545,0.3908,-0.7277
158.6,8.0924,0.3939,-0.6389
158.7,7.9645,0.358,-0.5678
158.8,7.8559,0.1699,-0.4076
158.9,7.9636,0.0304,-0.4501
159.0,7.7998,0.0732,-0.4971
159.1,7.8947,-0.0662,-0.5185
159.2,7.922,-0.072,-0.6052
159.3,7.9469,0.1755,-0.6336
159.4,7.971,0.1698,-0.655
159.5,7.9636,0.1136,-0.6504
159.6,7.9805,0.2099,-0.7157
159.7,7.9723,0.2106,-0.6909
159.8,7.9247,0.3454,-0.6575
159.9,7.9723,0.4553,-0.7056
160.0,7.8421,0.3572,-0.8403
160.1,7.7091,0.2089,-0.8489
160.2,7.6983,0.3437,-0.9068
160.3,7.7153,0.4528,-0.9686
160.4,7.6206,0.3442,-1.0187
160.5,7.4969,0.4889,-0.9851
160.6,7.5197,0.6196,-0.885
160.7,7.6971,0.6412,-0.8782
160.8,7.52,0.5516,-0.8852
160.9,7.7137,0.4038,-0.9019
161.0,7.6079,0.3965,-0.8946
161.1,7.6864,0.4417,-0.9361
161.2,7.6598,0.2704,-0.8998
161.3,7.6333,0.4644,-0.7716
161.4,7.7031,0.4878,-0.6971
161.5,7.7137,0.4572,-0.7575
161.6,7.7073,0.4381,-0.6697
161.7,7.7343,0.4563,-0.5651
161.8,7.6826,0.463,-0.4965
161.9,7.7878,0.5026,-0.5383
162.0,7.6454,0.3943,-0.5628
162.1,7.6617,0.3515,-0.5639
162.2,7.7297,0.3906,-0.5121
162.3,7.6346,0.5561,-0.5358
162.4,7.7094,0.5248,-0.5309
162.5,7.7402,0.5232,-0.4918
162.6,7.8716,0.3787,-0.5134
162.7,8.1141,0.5159,-0.4889
162.8,8.0897,0.4177,-0.4762
162.9,8.2004,0.3799,-0.4976
163.0,8.4815,0.4451,-0.2899
163.1,8.4936,0.4282,-0.2743
163.2,8.5589,0.5723,-0.1589
163.3,8.6396,0.5825,0.044
163.4,8.6994,0.3758,0.0268
163.5,8.6314,0.3276,0.0603
163.6,8.6397,0.209,0.0854
163.7,8.6291,0.1886,0.1486
163.8,8.6697,0.0957,0.0125
163.9,8.7858,0.2031,-0.0797
164.0,8.7317,0.0638,-0.1355
164.1,8.7363,-0.0057,-0.1925
164.2,8.7382,0.0928,-0.2914
164.3,8.7345,0.0701,-0.2578
164.4,8.6908,0.1435,-0.3633
164.5,8.694,0.3089,-0.3328
164.6,8.7071,0.3167,-0.4435
164.7,8.8879,0.2259,-0.3664
164.8,8.9089,0.1797,-0.4096
164.9,8.8324,0.1063,-0.4867
165.0,8.8684,0.2156,-0.407
165.1,8.7417,0.3249,-0.333
165.2,8.6394,0.2489,-0.3513
165.3,8.72,0.109,-0.1896
165.4,8.7569,0.1244,-0.2551
165.5,8.6641,0.3197,-0.2652
165.6,8.8234,0.3182,-0.2742
165.7,8.8255,0.4459,-0.2629
165.8,8.9398,0.4536,-0.4044
165.9,8.8869,0.5165,-0.3801
166.0,8.8831,0.4655,-0.3447
166.1,8.8229,0.6086,-0.3199
166.2,8.7944,0.7411,-0.268
166.3,8.6791,0.8681,-0.3533
166.4,8.5813,0.9002,-0.2962
166.5,8.6664,0.9027,-0.3098
166.6,8.6799,0.9335,-0.1724
166.7,8.6767,0.9245,-0.1085
166.8,8.7803,0.8606,-0.0172
166.9,8.7573,0.8475,-0.0335
167.0,8.769,0.73,-0.0239
167.1,8.7225,0.89,0.0669
167.2,8.5847,0.8575,0.0706
167.3,8.5902,0.9863,-0.0819
167.4,8.5828,0.9749,-0.0224
167.5,8.6577,0.9222,0.0305
167.6,8.7694,0.8386,0.0259
167.7,8.9187,1.0243,0.0106
167.8,9.0257,0.9454,0.0442
167.9,9.1031,0.9387,0.0462
168.0,9.098,0.855,-0.1409
168.1,9.0232,0.8577,-0.1869
168.2,8.9983,0.7282,-0.131
168.3,9.1391,0.697,-0.2828
168.4,9.2123,0.5745,-0.3184
168.5,9.2002,0.4421,-0.2875
168.6,9.221,0.3208,-0.2735
168.7,9.3036,0.1368,-0.3228
168.8,9.2995,0.2463,-0.3497
168.9,9.3688,0.372,-0.3274
169.0,9.3213,0.5409,-0.2899
169.1,9.1837,0.3263,-0.3406
169.2,9.1937,0.3401,-0.4627
169.3,9.1596,0.3224,-0.3853
169.4,9.0614,0.3238,-0.438
169.5,9.073,0.3438,-0.4367
169.6,9.0439,0.4246,-0.4284
169.7,9.1346,0.4311,-0.4657
169.8,9.1846,0.4583,-0.4884
169.9,9.1901,0.5442,-0.5197
170.0,9.1882,0.6664,-0.534
170.1,9.0465,0.6984,-0.6276
170.2,8.9156,0.6545,-0.6107
170.3,9.0214,0.7179,-0.6423
170.4,9.2126,0.5838,-0.6439
170.5,9.2249,0.6734,-0.7309
170.6,9.2407,0.6471,-0.7899
170.7,9.3214,0.6123,-0.7559
170.8,9.3811,0.694,-0.7209
170.9,9.2054,0.7948,-0.6886
171.0,9.1305,0.7925,-0.7682
171.1,9.075,0.7237,-0.8344
171.2,9.082,0.6109,-0.8498
171.3,8.8235,0.6844,-0.8884
171.4,8.6794,0.5857,-0.9802
171.5,8.5797,0.7167,-0.9414
171.6,8.3192,0.6448,-0.8477
171.7,8.5087,0.5697,-0.8918
171.8,8.6288,0.7157,-0.922
171.9,8.628,0.7181,-0.8089
172.0,8.6059,0.5328,-0.6815
172.1,8.6611,0.4862,-0.6982
172.2,8.5491,0.3706,-0.8062
172.3,8.6493,0.4344,-0.7787
172.4,8.5302,0.4053,-0.739
172.5,8.6642,0.5234,-0.6979
172.6,8.5849,0.5432,-0.7449
172.7,8.8072,0.5424,-0.6683
172.8,8.8152,0.4348,-0.6872
172.9,8.8441,0.4601,-0.699
173.0,8.8387,0.1934,-0.7668
173.1,8.9117,0.2372,-0.8112
173.2,8.7175,0.3513,-0.7526
173.3,8.6798,0.1955,-0.897
173.4,8.9106,0.154,-0.8289
173.5,8.996,0.0615,-0.8426
173.6,9.0133,0.1485,-0.8288
173.7,9.0241,0.1507,-0.8528
173.8,9.1801,0.1269,-0.7999
173.9,9.1036,0.0302,-0.7662
174.0,9.2957,0.0273,-0.822
174.1,9.2926,-0.257,-0.7663
174.2,9.2366,-0.1694,-0.7689
174.3,9.2762,0.0104,-0.6687
174.4,9.2937,-0.0696,-0.535
174.5,9.2551,-0.2655,-0.5825
174.6,9.2439,-0.3135,-0.5521
174.7,9.3687,-0.2581,-0.4573
174.8,9.1014,-0.3825,-0.5025
174.9,8.9111,-0.3374,-0.6208
175.0,8.8357,-0.3181,-0.7162
175.1,8.8206,-0.3701,-0.7055
175.2,8.8864,-0.3331,-0.7263
175.3,8.8339,0.0285,-0.7257
175.4,8.8315,-0.049,-0.8174
175.5,8.8099,0.0028,-0.7132
175.6,8.8297,0.2205,-0.6879
175.7,8.9874,0.2869,-0.6177
175.8,9.0774,0.2654,-0.5704
175.9,9.1356,0.3615,-0.5384
176.0,9.2739,0.5404,-0.4743
176.1,9.2159,0.521,-0.4495
176.2,9.2407,0.6947,-0.434
176.3,9.2929,0.6207,-0.5112
176.4,9.446,0.7315,-0.5984
176.5,9.4384,0.8442,-0.75
176.6,9.4487,0.8301,-0.6325
176.7,9.529,1.0563,-0.6622
176.8,9.5159,0.9771,-0.489
176.9,9.4541,1.0012,-0.4424
177.0,9.4598,1.0145,-0.5989
177.1,9.4247,1.0522,-0.5288
177.2,9.3488,1.0009,-0.3957
177.3,9.4014,1.1787,-0.3154
177.4,9.3359,1.18,-0.2049
177.5,9.3643,0.9618,-0.1539
177.6,9.5313,0.9175,-0.1383
177.7,9.4278,1.0898,-0.1446
177.8,9.3984,0.9463,-0.1687
177.9,9.684,1.1303,-0.1016
178.0,9.6986,0.9832,-0.1176
178.1,9.5295,0.9574,-0.2205
178.2,9.5978,0.8782,-0.1708
178.3,9.5632,0.9121,-0.0736
178.4,9.3784,0.8327,-0.1957
178.5,9.3566,0.9801,-0.1365
178.6,9.4044,1.0319,-0.1442
178.7,9.4568,0.9207,-0.2298
178.8,9.4911,0.9434,-0.2424
178.9,9.6311,1.0291,-0.1803
179.0,9.4822,0.9151,-0.2787
179.1,9.3692,0.8493,-0.1705
179.2,9.2505,0.8543,-0.1879
179.3,9.3077,0.9442,-0.2182
179.4,9.336,0.9524,-0.1246
179.5,9.2536,1.0956,-0.0738
179.6,9.2211,1.1687,-0.0117
179.7,9.2239,1.2328,-0.0128
179.8,9.2948,1.1377,-0.0879
179.9,9.29,1.0245,0.0424
180.0,9.1829,1.0212,0.1347
180.1,9.2995,1.0895,0.0362
180.2,9.161,0.8624,0.0764
180.3,9.2326,1.0701,0.0409
180.4,9.1899,0.9169,0.1172
180.5,9.2092,0.8041,0.1741
180.6,9.2548,0.7108,0.179
180.7,9.391,0.4468,0.0508
180.8,9.3526,0.4814,-0.0857
180.9,9.2756,0.5466,-0.1544
181.0,9.2353,0.5117,-0.1573
181.1,9.2892,0.6322,-0.1067
181.2,9.1753,0.6216,-0.1167
181.3,9.1116,0.6467,-0.0928
181.4,8.9308,0.5932,-0.0564
181.5,8.793,0.6301,0.0767
181.6,8.7373,0.5816,0.0368
181.7,8.7302,0.6429,-0.1534
181.8,8.8558,0.5459,-0.051
181.9,8.8672,0.6927,0.0178
182.0,8.7755,0.6189,0.0855
182.1,8.8367,0.6494,-0.0092
182.2,8.8584,0.4213,0.0098
182.3,8.7742,0.6047,-0.0131
182.4,8.6528,0.4548,-0.0438
182.5,8.6145,0.2912,-0.0252
182.6,8.6186,0.2764,-0.0186
182.7,8.6193,0.2464,-0.0204
182.8,8.6147,-0.0981,-0.0465
182.9,8.746,-0.0041,0.0001
183.0,8.7686,0.2024,0.0169
183.1,8.699,0.4022,-0.1225
183.2,8.5726,0.4854,-0.1738
183.3,8.4833,0.4793,-0.0754
183.4,8.4493,0.4687,0.0008
183.5,8.5657,0.3893,-0.073
183.6,8.7227,0.3175,-0.1585
183.7,8.6775,0.1406,-0.0908
183.8,8.8461,0.229,-0.1012
183.9,8.8233,0.1904,-0.0556
184.0,8.7481,0.1999,-0.0548
184.1,8.7101,0.2414,0.01
184.2,8.6255,0.3934,-0.0132
184.3,8.5783,0.4257,-0.0747
184.4,8.6052,0.2825,-0.035
184.5,8.5835,0.3796,0.044
184.6,8.6307,0.6687,0.0328
184.7,8.5307,0.692,0.0226
184.8,8.3477,0.5198,0.0101
184.9,8.3744,0.6552,-0.0932
185.0,8.3725,0.5467,-0.1005
185.1,8.206,0.6041,-0.0379
185.2,8.1932,0.7394,-0.0958
185.3,8.2526,0.5684,-0.2744
185.4,8.1278,0.442,-0.1901
185.5,8.0512,0.4058,-0.079
185.6,8.0133,0.4132,-0.1347
185.7,7.8473,0.7263,-0.1085
185.8,7.6669,0.6603,-0.1043
185.9,7.5686,0.7354,-0.0869
186.0,7.5954,0.8262,-0.008
186.1,7.8053,0.8716,0.0853
186.2,7.7942,0.9733,0.1058
186.3,7.8117,0.7653,-0.0293
186.4,7.7961,1.037,-0.0776
186.5,7.8285,1.0221,-0.0435
186.6,7.7929,0.9606,-0.0636
186.7,7.722,0.7642,-0.0487
186.8,7.6961,0.7372,0.0107
186.9,7.7137,0.8101,0.0861
187.0,7.7474,0.6448,0.1155
187.1,7.6312,0.8086,0.0905
187.2,7.5928,0.9154,0.1891
187.3,7.4342,1.0712,0.0379
187.4,7.2906,1.0107,0.0254
187.5,7.175,0.8963,-0.0689
187.6,7.1553,0.9749,-0.0929
187.7,7.1327,1.0269,-0.0632
187.8,6.9858,0.9567,-0.0592
187.9,7.1549,0.9906,0.1096
188.0,7.0231,0.8144,-0.0371
188.1,7.1113,0.6117,0.0364
188.2,7.1308,0.628,0.0122
188.3,7.1773,0.3782,0.0426
188.4,7.0499,0.4789,0.0386
188.5,7.0656,0.4068,-0.0476
188.6,7.0584,0.2753,-0.0894
188.7,7.1509,0.2418,-0.1017
188.8,7.2162,0.3598,-0.2311
188.9,7.3529,0.487,-0.1734
189.0,7.4517,0.5281,-0.1535
189.1,7.4679,0.3451,-0.1954
189.2,7.4348,0.3433,-0.2519
189.3,7.6383,0.1433,-0.2443
189.4,7.6682,0.1924,-0.3562
189.5,7.6858,0.2645,-0.354
189.6,7.6839,0.1824,-0.2192
189.7,7.6327,0.0494,-0.2495
189.8,7.5766,-0.0446,-0.2021
189.9,7.5276,-0.179,-0.212
190.0,7.4474,-0.1013,-0.1209
190.1,7.5564,-0.1238,-0.1322
190.2,7.6015,-0.0149,-0.0957
190.3,7.5558,-0.1078,-0.1492
190.4,7.4993,-0.2128,-0.1048
190.5,7.6985,-0.2638,-0.1486
190.6,7.7322,-0.1307,-0.0831
190.7,7.7348,-0.0403,-0.0605
190.8,7.7925,-0.0592,-0.0368
190.9,7.6734,-0.0084,-0.0413
191.0,7.8124,-0.0873,-0.0602
191.1,7.6667,-0.0824,-0.1193
191.2,7.8366,-0.1636,-0.1204
191.3,7.7057,-0.1346,-0.1336
191.4,7.7752,-0.1094,-0.1336
191.5,7.7811,-0.0198,-0.0369
191.6,7.8764,0.0001,0.0745
191.7,7.8988,-0.0322,0.1415
191.8,8.0078,-0.1034,0.1544
191.9,8.1493,-0.2136,0.2125
192.0,8.1676,-0.1361,0.141
192.1,8.2252,-0.2412,0.1121
192.2,8.2254,-0.0894,0.1986
192.3,8.2439,0.2337,0.2233
192.4,8.2024,0.1107,0.2641
192.5,8.1686,0.0214,0.1643
192.6,8.0367,-0.0048,0.2671
192.7,8.0139,-0.0488,0.1472
192.8,8.139,-0.1303,0.2517
192.9,8.1951,-0.1303,0.1181
193.0,8.0569,-0.2627,0.0974
193.1,8.0502,-0.3097,0.1333
193.2,8.0212,-0.202,0.1166
193.3,7.9007,-0.3057,0.0328
193.4,7.8904,-0.2492,0.0993
193.5,7.9116,-0.2097,0.1157
193.6,7.9296,0.0184,0.2708
193.7,7.9031,0.1115,0.214
193.8,7.6456,0.0401,0.1628
193.9,7.5264,0.1322,0.1637
194.0,7.5232,0.2233,0.2007
194.1,7.3698,0.1948,0.2108
194.2,7.4209,0.2791,0.2069
194.3,7.5685,0.3425,0.2889
194.4,7.6266,0.0537,0.3139
194.5,7.7048,0.0948,0.3227
194.6,7.5803,0.172,0.1476
194.7,7.5798,0.1164,0.1549
194.8,7.5846,0.21,0.069
194.9,7.653,0.0762,0.1285
195.0,7.4947,0.3972,0.1309
195.1,7.5052,0.4303,0.0838
195.2,7.3949,0.2185,0.1027
195.3,7.4397,0.1546,0.1304
195.4,7.3293,0.1078,0.1723
195.5,7.3245,0.1209,0.0927
195.6,7.5238,0.1302,0.0746
195.7,7.7022,-0.1358,-0.0047
195.8,7.789,-0.2208,0.1683
195.9,7.5722,-0.2067,0.221
196.0,7.6384,-0.3179,0.2089
196.1,7.6973,-0.3867,0.2135
196.2,7.5457,-0.3247,0.2643
196.3,7.7569,-0.2836,0.1118
196.4,7.7857,-0.3438,0.1429
196.5,7.7597,-0.2468,0.1989
196.6,7.8449,-0.4287,0.169
196.7,7.7123,-0.4246,0.1542
196.8,7.5793,-0.4909,0.1595
196.9,7.4462,-0.3984,0.1937
197.0,7.7186,-0.5291,0.112
197.1,7.6501,-0.4228,0.1763
197.2,7.6159,-0.4031,0.1033
197.3,7.5045,-0.3669,-0.0693
197.4,7.4067,-0.5412,-0.1199
197.5,7.3838,-0.2411,-0.1848
197.6,7.616,-0.2656,-0.2711
197.7,7.5228,-0.3724,-0.2411
197.8,7.4753,-0.3144,-0.1202
197.9,7.5137,-0.3684,-0.1323
198.0,7.4892,-0.5592,-0.1448
198.1,7.4156,-0.3056,-0.1285
198.2,7.2627,-0.3006,-0.0589
198.3,7.2483,-0.1775,-0.0558
198.4,7.2088,-0.045,-0.1817
198.5,7.373,0.1029,-0.2046
198.6,7.4427,0.0264,-0.1515
198.7,7.4197,-0.0042,-0.1404
198.8,7.3951,-0.2521,-0.0549
198.9,7.2221,-0.393,-0.1165
199.0,7.1666,-0.4172,-0.0371
199.1,7.2123,-0.3537,0.0878
199.2,7.1593,-0.5414,0.0866
199.3,7.2102,-0.254,0.1867
199.4,7.3083,-0.2422,0.2104
199.5,7.4011,-0.1073,0.1918
199.6,7.5029,-0.187,0.1541
199.7,7.5065,0.0769,0.2585
199.8,7.5651,0.0012,0.2542
199.9,7.6811,0.0277,0.2095
200.0,7.6965,-0.1397,0.2509
200.1,7.5726,-0.273,0.2421
200.2,7.677,-0.194,0.3027
200.3,7.6889,-0.2755,0.3
200.4,7.787,-0.3233,0.3481
200.5,7.7613,-0.2356,0.3204
200.6,7.6724,-0.1885,0.2531
200.7,7.694,-0.2218,0.2249
200.8,7.7267,-0.362,0.2679
200.9,7.7485,-0.3204,0.2979
201.0,7.7164,-0.4494,0.3452
201.1,7.66,-0.5904,0.3167
201.2,7.6684,-0.7073,0.4752
201.3,7.583,-0.5543,0.4737
201.4,7.6066,-0.6815,0.5025
201.5,7.4937,-0.529,0.4862
201.6,7.3479,-0.3997,0.5019
201.7,7.4235,-0.4825,0.4618
201.8,7.5958,-0.3681,0.296
201.9,7.6464,-0.4964,0.3463
202.0,7.5994,-0.6193,0.2303
202.1,7.7301,-0.6386,0.2686
202.2,7.8579,-0.5902,0.1922
202.3,7.8846,-0.4894,0.0924
202.4,7.8744,-0.4211,0.1715
202.5,7.804,-0.2757,0.1652
202.6,7.6765,-0.1522,0.2713
202.7,7.643,-0.3158,0.2923
202.8,7.5261,-0.1663,0.2645
202.9,7.5635,-0.223,0.2447
203.0,7.4527,-0.166,0.1867
203.1,7.3893,-0.2238,0.1262
203.2,7.3072,0.0017,0.1753
203.3,7.1695,0.1047,0.2578
203.4,7.1692,0.0809,0.1884
203.5,7.1632,0.0209,0.124
203.6,7.0178,0.0008,-0.0112
203.7,7.1511,-0.1986,0.0301
203.8,7.0059,-0.3153,0.0036
203.9,6.998,-0.308,-0.079
204.0,7.0291,-0.3199,0.0208
204.1,7.082,-0.4127,0.0778
204.2,7.0992,-0.4315,0.1598
204.3,6.9159,-0.3488,0.1586
204.4,6.9335,-0.336,0.0981
204.5,7.0509,-0.334,0.0858
204.6,6.864,-0.3982,-0.0379
204.7,6.9089,-0.3269,-0.1049
204.8,7.0102,-0.3245,0.0605
204.9,7.0135,-0.2475,0.0312
205.0,7.0279,-0.2386,0.0506
205.1,7.1635,-0.1481,-0.0195
205.2,7.2653,-0.2453,-0.0802
205.3,7.2922,-0.3497,-0.0561
205.4,7.3639,-0.3391,-0.0661
205.5,7.529,-0.1426,-0.0027
205.6,7.6702,-0.2564,-0.077
205.7,7.6321,-0.0885,-0.0998
205.8,7.6519,-0.2006,-0.0494
205.9,7.6539,-0.2499,-0.0411
206.0,7.533,-0.1087,-0.1104
206.1,7.6041,-0.173,-0.0141
206.2,7.7414,-0.1442,-0.0525
206.3,7.8394,-0.1009,-0.0283
206.4,7.7356,-0.0946,-0.0167
206.5,7.6494,-0.1456,0.0567
206.6,7.5071,-0.0016,0.0635
206.7,7.5751,0.0432,0.1058
206.8,7.5637,-0.0101,0.0509
206.9,7.4192,-0.0435,-0.0499
207.0,7.3591,0.0999,-0.1051
207.1,7.4035,-0.0336,-0.0864
207.2,7.3196,-0.0451,-0.2613
207.3,7.3647,-0.0417,-0.3267
207.4,7.3457,-0.05,-0.4568
207.5,7.4055,0.1142,-0.5331
207.6,7.3264,-0.0827,-0.5968
207.7,7.2143,-0.0015,-0.5705
207.8,7.0378,-0.1261,-0.5842
207.9,7.0256,-0.2767,-0.5054
208.0,7.0915,-0.1041,-0.3798
208.1,7.2126,-0.1445,-0.4469
208.2,7.1477,-0.1919,-0.4254
208.3,7.2702,-0.0339,-0.4149
208.4,7.1976,-0.0355,-0.4427
208.5,7.3345,-0.1176,-0.3866
208.6,7.4004,0.114,-0.3106
208.7,7.4955,0.153,-0.2978
208.8,7.5683,0.1082,-0.1949
208.9,7.7348,0.1437,-0.2724
209.0,7.8534,0.0916,-0.3034
209.1,7.8097,0.1094,-0.1768
209.2,7.8319,0.1106,-0.1995
209.3,7.9035,0.1652,-0.1668
209.4,7.7305,0.2065,-0.1126
209.5,7.6193,0.2393,-0.028
209.6,7.7512,0.0886,-0.0263
209.7,7.7872,0.0641,-0.0791
209.8,7.9494,0.1068,-0.0025
209.9,7.788,0.1508,-0.0136
210.0,7.7172,0.0704,0.0377
210.1,7.8538,-0.0085,0.2175
210.2,7.8768,0.0889,0.3046
210.3,7.9193,0.1246,0.2285
210.4,7.9486,0.1789,0.3331
210.5,7.9562,0.2276,0.2668
210.6,8.1591,0.2023,0.3051
210.7,8.1157,0.34,0.2969
210.8,8.1131,0.3629,0.3123
210.9,8.1452,0.2842,0.2953
211.0,8.2748,0.2547,0.2081
211.1,8.3519,0.2479,0.1312
211.2,8.3111,0.1893,0.1501
211.3,8.4268,0.2554,0.1738
211.4,8.4632,0.2336,0.1697
211.5,8.5119,0.1249,0.254
211.6,8.5344,0.0018,0.2077
211.7,8.5987,-0.0144,0.2217
211.8,8.3581,0.0226,0.1882
211.9,8.3164,-0.0185,0.0756
212.0,8.2612,-0.1274,-0.0502
212.1,8.2182,0.0229,0.0381
212.2,8.2366,0.0817,0.0246
212.3,8.3324,0.0186,-0.0223
212.4,8.2808,-0.0117,0.0786
212.5,8.27,0.0231,0.0406
212.6,8.2817,0.25,0.0165
212.7,8.2025,0.302,0.0025
212.8,8.1649,0.2391,-0.016
212.9,8.0963,0.3143,-0.1115
213.0,8.2544,0.2467,-0.1878
213.1,8.2451,0.2386,-0.0993
213.2,8.0862,0.2927,0.0127
213.3,8.12,0.3427,-0.0268
213.4,8.061,0.3262,-0.0716
213.5,8.047,0.2944,0.0098
213.6,7.9722,0.3755,-0.0301
213.7,7.9392,0.1958,-0.1104
213.8,7.885,0.3499,-0.1839
213.9,7.9246,0.2806,-0.1444
214.0,8.0283,0.2332,0.0101
214.1,7.867,0.056,-0.0145
214.2,7.7739,0.1321,0.0555
214.3,7.7484,-0.1217,0.0105
214.4,7.7646,-0.1346,-0.0018
214.5,7.7577,-0.1128,0.0022
214.6,7.6768,-0.1066,0.1218
214.7,7.7155,-0.2411,0.2252
214.8,7.4937,-0.2067,0.1649
214.9,7.1698,-0.4118,0.2429
215.0,7.0059,-0.639,0.1754
215.1,6.9027,-0.654,0.3125
215.2,6.9928,-0.8358,0.2641
215.3,6.905,-0.7862,0.252
215.4,6.8702,-0.8398,0.1705
215.5,6.8867,-0.858,0.1016
215.6,6.8898,-0.7573,0.1282
215.7,6.7791,-0.9219,0.2184
215.8,6.8205,-0.9355,0.3006
215.9,6.8443,-0.7882,0.4116
216.0,6.6724,-0.6843,0.4151
216.1,6.6413,-0.7266,0.4162
216.2,6.7263,-0.5923,0.4387
216.3,6.6469,-0.5239,0.5867
216.4,6.7828,-0.2991,0.7886
216.5,6.8369,-0.3453,0.7799
216.6,6.8374,-0.3162,0.7777
216.7,6.8977,-0.1953,0.7183
216.8,6.9822,-0.3433,0.6361
216.9,6.9951,-0.315,0.6364
217.0,6.9307,-0.4553,0.5617
217.1,6.8247,-0.4052,0.4536
217.2,6.7942,-0.397,0.374
217.3,6.9193,-0.4584,0.3452
217.4,6.8288,-0.5639,0.3724
217.5,6.8661,-0.4568,0.3073
217.6,6.9294,-0.3831,0.3893
217.7,6.9741,-0.3252,0.4353
217.8,6.8849,-0.2107,0.5794
217.9,7.0231,-0.2843,0.6167
218.0,7.0429,-0.4465,0.6885
218.1,7.0614,-0.5995,0.6536
218.2,6.9898,-0.5178,0.5925
218.3,6.8838,-0.5013,0.4792
218.4,6.7924,-0.3345,0.501
218.5,6.7296,-0.3121,0.5838
218.6,6.7869,-0.2879,0.624
218.7,6.7173,-0.2867,0.7122
218.8,6.6613,-0.2052,0.6851
218.9,6.6707,-0.2468,0.6464
219.0,6.6531,-0.2497,0.5732
219.1,6.5526,-0.1644,0.5624
219.2,6.5217,-0.2642,0.6402
219.3,6.6396,-0.2157,0.6534
219.4,6.689,-0.1966,0.5755
219.5,6.5807,-0.0292,0.5631
219.6,6.3929,-0.098,0.6306
219.7,6.5378,-0.2313,0.638
219.8,6.4095,-0.2846,0.4848
219.9,6.2017,-0.2736,0.4059
220.0,6.0675,-0.219,0.3206
220.1,5.9577,-0.471,0.2874
220.2,6.0903,-0.5919,0.2403
220.3,6.1758,-0.5938,0.1594
220.4,6.348,-0.6197,0.2098
220.5,6.3524,-0.5881,0.1645
220.6,6.5163,-0.5815,0.1082
220.7,6.365,-0.7467,0.1135
220.8,6.505,-0.7939,0.2208
220.9,6.446,-0.7674,0.2763
221.0,6.3667,-0.7007,0.3587
221.1,6.3507,-0.7412,0.372
221.2,6.2697,-0.6915,0.4484
221.3,6.281,-0.57,0.471
221.4,6.2384,-0.3879,0.3945
221.5,6.3315,-0.2172,0.2944
221.6,6.2568,0.1411,0.4135
221.7,6.2589,0.4348,0.3781
221.8,6.3225,0.2636,0.3471
221.9,6.3346,0.3598,0.4072
222.0,6.3679,0.2219,0.3536
222.1,6.3688,0.3366,0.3863
222.2,6.566,0.3403,0.3063
222.3,6.7507,0.3297,0.1566
222.4,6.6737,0.4763,0.2753
222.5,6.656,0.2891,0.2984
222.6,6.7454,0.3449,0.2777
222.7,6.8418,0.3428,0.2473
222.8,6.7547,0.3612,0.2789
222.9,6.8685,0.4246,0.157
223.0,6.8267,0.3593,0.1805
223.1,6.8803,0.4596,0.223
223.2,6.8059,0.4725,0.2026
223.3,6.8103,0.4657,0.1552
223.4,6.8493,0.5197,0.1358
223.5,6.9482,0.3915,0.1092
223.6,6.9777,0.32,-0.0849
223.7,6.8056,0.4524,-0.2487
223.8,6.8585,0.462,-0.2547
223.9,6.872,0.4432,-0.2516
224.0,6.8653,0.387,-0.1576
224.1,6.8051,0.4691,-0.2193
224.2,6.9253,0.4446,-0.2498
224.3,6.9172,0.5448,-0.3268
224.4,6.972,0.4766,-0.271
224.5,7.2807,0.5099,-0.1771
224.6,7.1523,0.383,-0.2138
224.7,7.0308,0.3713,-0.288
224.8,7.1743,0.6044,-0.3685
224.9,7.3303,0.4903,-0.3825
225.0,7.2328,0.3451,-0.2797
225.1,7.2357,0.3044,-0.3958
225.2,7.1409,0.3082,-0.2327
225.3,7.3628,0.1797,-0.2067
225.4,7.3994,0.0332,-0.2935
225.5,7.3668,0.0065,-0.3829
225.6,7.4226,-0.0904,-0.306
225.7,7.5261,0.1006,-0.2563
225.8,7.6122,-0.1489,-0.2304
225.9,7.6267,-0.1569,-0.2646
226.0,7.6046,-0.2567,-0.2208
226.1,7.6334,-0.037,-0.1358
226.2,7.5049,0.1168,-0.1695
226.3,7.5742,-0.0444,-0.1463
226.4,7.4064,-0.01,-0.1247
226.5,7.4582,-0.0777,-0.1674
226.6,7.5216,-0.0384,0.0573
226.7,7.618,0.1987,0.1476
226.8,7.6249,0.4618,0.2018
226.9,7.6967,0.5156,0.2078
227.0,7.6845,0.4708,0.3094
227.1,7.6994,0.5761,0.2728
227.2,7.687,0.614,0.203
227.3,7.6851,0.548,0.199
227.4,7.5794,0.4321,0.2995
227.5,7.6591,0.4614,0.1865
227.6,7.8033,0.308,-0.0251
227.7,7.6697,0.4419,-0.039
227.8,7.7315,0.4789,-0.047
227.9,7.6266,0.4621,0.0514
228.0,7.6297,0.4122,0.1147
228.1,7.5079,0.4636,0.0617
228.2,7.3973,0.5383,0.0155
228.3,7.4709,0.5238,0.0076
228.4,7.3145,0.4659,-0.0261
228.5,7.3316,0.5023,-0.1792
228.6,7.5079,0.6563,-0.1972
228.7,7.4606,0.6073,-0.1476
228.8,7.4772,0.4458,-0.0466
228.9,7.4926,0.3851,0.019
229.0,7.3998,0.3896,-0.0535
229.1,7.3782,0.2225,0.061
229.2,7.262,0.2336,-0.0553
229.3,7.3102,0.0935,0.068
229.4,7.1569,0.0905,0.0532
229.5,7.0557,0.0623,0.0747
229.6,7.0781,0.151,0.1668
229.7,7.0672,0.2423,0.1063
229.8,7.0758,0.1948,0.1802
229.9,7.1696,0.2136,0.0691
230.0,6.9767,0.185,0.0651
230.1,6.9441,0.3768,0.0676
230.2,7.0072,0.3577,0.023
230.3,7.0201,0.3177,0.1966
230.4,7.0821,0.3821,0.1094
230.5,7.0182,0.5234,0.0904
230.6,7.1087,0.4015,0.2398
230.7,7.25,0.1685,0.2651
230.8,7.2612,0.1684,0.3796
230.9,7.2187,0.3199,0.3681
231.0,7.2906,0.0596,0.3498
231.1,7.45,-0.2742,0.3007
231.2,7.44,-0.3008,0.4082
231.3,7.4965,-0.1833,0.3147
231.4,7.7206,-0.0384,0.321
231.5,7.8988,-0.1185,0.3323
231.6,7.8196,-0.0185,0.4572
231.7,7.855,-0.0294,0.4608
231.8,7.6826,0.0763,0.4771
231.9,7.8767,-0.0381,0.4809
232.0,7.955,0.004,0.4394
232.1,8.1906,0.1345,0.5126
232.2,8.2253,0.0391,0.5576
232.3,8.3444,0.1576,0.4989
232.4,8.418,0.1517,0.5803
232.5,8.4477,0.0126,0.5913
232.6,8.4658,-0.0354,0.6623
232.7,8.437,-0.0834,0.6614
232.8,8.477,-0.1203,0.5812
232.9,8.4298,-0.2548,0.5283
233.0,8.5168,-0.2991,0.6281
233.1,8.612,-0.305,0.5303
233.2,8.6532,-0.299,0.4048
233.3,8.5149,-0.282,0.4067
233.4,8.7034,-0.1951,0.4098
233.5,8.6411,-0.0395,0.4765
233.6,8.7338,-0.0085,0.4924
233.7,8.775,0.088,0.4888
233.8,8.9479,0.1134,0.5436
233.9,8.9722,0.1136,0.4798
234.0,8.805,0.2701,0.3934
234.1,8.6861,0.2959,0.5536
234.2,8.6301,0.4428,0.4218
234.3,8.6661,0.341,0.4797
234.4,8.7804,0.2322,0.4863
234.5,8.8626,0.135,0.4242
234.6,8.8684,0.0643,0.3231
234.7,8.8146,-0.068,0.3625
234.8,8.9788,-0.187,0.3498
234.9,8.9519,-0.2479,0.3769
235.0,8.9152,0.0384,0.445
235.1,8.9533,0.0508,0.3929
235.2,8.8911,0.0621,0.4751
235.3,9.0182,0.1643,0.387
235.4,8.8445,0.2924,0.342
235.5,8.9314,0.2517,0.3891
235.6,8.8331,0.4004,0.4392
235.7,8.7882,0.3411,0.5009
235.8,8.8804,0.3257,0.5442
235.9,8.8084,0.4289,0.5799
236.0,8.7728,0.4962,0.6762
236.1,8.7347,0.3733,0.7126
236.2,8.8299,0.1208,0.7944
236.3,8.9215,0.1002,0.7209
236.4,8.9719,0.21,0.7848
236.5,8.995,0.3498,0.6178
236.6,8.8749,0.4895,0.5488
236.7,8.9668,0.4612,0.5479
236.8,8.9804,0.5075,0.492
236.9,9.0938,0.4431,0.5142
237.0,9.1759,0.5835,0.553
237.1,9.2261,0.5615,0.6231
237.2,9.2889,0.5198,0.5876
237.3,9.3898,0.4531,0.5182
237.4,9.376,0.6632,0.4478
237.5,9.2278,0.6978,0.4109
237.6,9.2937,0.6354,0.3984
237.7,9.1791,0.6756,0.4382
237.8,9.2066,0.5841,0.4701
237.9,9.1319,0.483,0.4775
238.0,9.1042,0.591,0.4923
238.1,9.1601,0.4875,0.6068
238.2,8.9803,0.731,0.6136
238.3,8.9388,0.6425,0.7421
238.4,8.9441,0.4546,0.7434
238.5,8.8473,0.3089,0.7549
238.6,8.7859,0.2235,0.742
238.7,8.7357,0.3426,0.6492
238.8,8.7323,0.5203,0.7255
238.9,8.8544,0.4816,0.7153
239.0,8.827,0.4194,0.8087
239.1,8.9011,0.546,0.8245
239.2,8.9222,0.5735,0.8004
239.3,8.8244,0.7304,0.8248
239.4,8.7917,0.7161,0.9349
239.5,8.8618,0.6808,0.8894
239.6,9.0603,0.5035,0.9961
239.7,8.9512,0.4657,0.9721
239.8,8.8954,0.4973,0.8894
239.9,8.8659,0.5522,0.9912
240.0,8.8791,0.4126,1.0954
240.1,8.8498,0.4782,1.0977
240.2,8.7674,0.5498,1.1188
240.3,8.7454,0.421,1.2769
240.4,8.8916,0.1957,1.2903
240.5,8.928,0.1604,1.2672
240.6,9.0569,0.2561,1.1728
240.7,9.1557,0.3523,1.1515
240.8,9.0109,0.434,1.1038
240.9,9.0508,0.5642,1.1731
241.0,9.0889,0.5514,1.1472
241.1,8.9924,0.6915,1.1069
241.2,8.7946,0.7031,1.119
241.3,8.751,0.9,1.0381
241.4,8.5745,0.9654,0.9205
241.5,8.6455,1.0856,0.8046
241.6,8.679,1.1419,0.6797
241.7,8.6954,1.3143,0.6823
241.8,8.9153,1.0645,0.5833
241.9,8.9069,0.9634,0.5223
242.0,8.8855,0.8957,0.5962
242.1,8.928,0.8424,0.6931
242.2,8.7828,0.5993,0.4207
242.3,8.8811,0.5238,0.4594
242.4,9.0294,0.5497,0.429
242.5,9.0628,0.5652,0.3601
242.6,9.1258,0.6287,0.3812
242.7,9.1855,0.7012,0.3415
242.8,9.0902,0.8347,0.4516
242.9,9.1937,0.9014,0.4275
243.0,9.2853,0.9567,0.4646
243.1,9.5459,0.9138,0.2846
243.2,9.5921,1.0314,0.3024
243.3,9.6423,1.0222,0.2835
243.4,9.7425,0.9753,0.1984
243.5,9.8189,1.0927,0.159
243.6,9.7385,0.9333,0.1435
243.7,9.7829,0.9843,0.0535
243.8,9.6106,1.0183,0.1914
243.9,9.5149,1.0436,0.1599
244.0,9.6139,1.0492,0.0914
244.1,9.7619,1.0238,0.0831
244.2,9.8251,0.931,0.1879
244.3,9.8572,0.7525,0.023
244.4,9.7192,0.627,0.1044
244.5,9.6862,0.6977,0.1698
244.6,9.6109,0.617,0.1666
244.7,9.5078,0.3647,0.0676
244.8,9.5693,0.2845,0.0701
244.9,9.3875,0.2053,0.031
245.0,9.4777,0.2019,0.0142
245.1,9.4696,0.1751,0.1507
245.2,9.2864,0.2446,0.1994
245.3,9.3156,0.273,0.2378
245.4,9.3192,0.1943,0.1898
245.5,9.373,0.1467,0.2125
245.6,9.5559,0.1493,0.2747
245.7,9.6313,0.301,0.2541
245.8,9.6763,0.1435,0.1551
245.9,9.7062,0.2794,0.2256
246.0,9.6117,0.1905,0.2439
246.1,9.577,0.4518,0.175
246.2,9.5848,0.6492,0.1924
246.3,9.5524,0.6746,0.1136
246.4,9.3721,0.7872,0.2057
246.5,9.345,0.7709,0.3242
246.6,9.1909,0.8103,0.2914
246.7,9.223,0.9803,0.4232
246.8,9.1328,1.1192,0.3689
246.9,9.1592,1.2646,0.2824
247.0,9.2104,1.4203,0.175
247.1,9.2712,1.2599,0.0781
247.2,9.3123,1.2739,0.0634
247.3,9.3941,1.424,0.0444
247.4,9.4135,1.3538,0.0795
247.5,9.394,1.3961,0.1049
247.6,9.5041,1.1336,0.0571
247.7,9.381,1.0802,0.0895
247.8,9.3701,1.0333,-0.0851
247.9,9.3618,0.9729,0.0034
248.0,9.3701,1.0324,-0.1012
248.1,9.3482,0.9814,-0.2237
248.2,9.5302,0.7898,-0.2481
248.3,9.6671,0.7691,-0.2259
248.4,9.8236,0.8811,-0.1822
248.5,9.7535,0.6819,-0.2449
248.6,9.9747,0.7171,-0.3376
248.7,9.928,0.6497,-0.2412
248.8,9.9051,0.7695,-0.1875
248.9,10.0028,0.6734,-0.3735
249.0,10.2302,0.5688,-0.3065
249.1,10.1644,0.403,-0.4024
249.2,10.0052,0.5746,-0.4679
249.3,9.9557,0.5278,-0.4406
249.4,9.9259,0.5292,-0.4354
249.5,9.9201,0.659,-0.3782
249.6,9.8484,0.6464,-0.3184
249.7,9.856,0.506,-0.2987
249.8,9.767,0.512,-0.4002
249.9,9.7008,0.4775,-0.1891
250.0,9.7022,0.5104,-0.1402
250.1,9.6868,0.655,-0.1497
250.2,9.6896,0.5868,-0.1107
250.3,9.8489,0.6371,0.0291
250.4,9.8339,0.7452,0.0812
250.5,9.8817,0.7782,0.0702
250.6,9.8804,0.8852,0.0753
250.7,9.9332,0.7013,-0.0091
250.8,10.0402,0.7515,0.0508
250.9,10.0093,0.7331,0.0573
251.0,9.9826,0.7064,0.1028
251.1,9.9324,0.672,0.0918
251.2,9.9579,0.5961,0.0447
251.3,9.8425,0.2868,0.0967
251.4,9.8677,0.3266,0.1153
251.5,9.8551,0.2307,0.1268
251.6,9.9858,0.4028,0.3227
251.7,9.8344,0.3997,0.1606
251.8,9.8024,0.3049,0.2738
251.9,9.6785,0.4444,0.2976
252.0,9.7369,0.5272,0.2494
252.1,9.5918,0.4711,0.1877
252.2,9.6582,0.5527,0.2623
252.3,9.5143,0.4216,0.3612
252.4,9.6103,0.6189,0.3678
252.5,9.5673,0.6514,0.2654
252.6,9.527,0.4685,0.2378
252.7,9.6985,0.4415,0.2133
252.8,9.665,0.2475,0.1807
252.9,9.6408,0.3703,0.1198
253.0,9.6539,0.3038,0.2286
253.1,9.5213,0.2516,0.1786
253.2,9.6067,0.0987,0.2824
253.3,9.623,0.2406,0.3089
253.4,9.9163,0.2901,0.4655
253.5,9.7936,0.3899,0.5251
253.6,9.6753,0.2907,0.4365
253.7,9.555,0.1813,0.4968
253.8,9.4345,0.0055,0.5229
253.9,9.3493,0.0249,0.5715
254.0,9.373,-0.0661,0.6542
254.1,9.2767,-0.0853,0.7417
254.2,9.476,-0.0464,0.6841
254.3,9.3728,0.1051,0.6144
254.4,9.4229,0.1138,0.6905
254.5,9.3055,0.1678,0.715
254.6,9.313,0.1876,0.5948
254.7,9.2112,0.2739,0.573
254.8,9.2439,0.3049,0.5436
254.9,9.2751,0.4505,0.5131
255.0,9.2284,0.5405,0.6033
255.1,9.1256,0.5704,0.5113
255.2,9.0844,0.5086,0.583
255.3,9.0238,0.5449,0.6825
255.4,8.8521,0.5719,0.7464
255.5,8.8153,0.3115,0.7668
255.6,8.8071,0.3399,0.8043
255.7,8.8516,0.5843,0.8611
255.8,8.7531,0.5498,0.9611
255.9,8.8822,0.3482,0.973
256.0,8.9252,0.4845,0.9213
256.1,8.8197,0.4677,0.823
256.2,8.7708,0.6664,0.8216
256.3,8.7115,0.653,0.7954
256.4,8.762,0.719,0.8393
256.5,8.7072,0.5207,0.7958
256.6,8.6668,0.6185,0.8288
256.7,8.6399,0.7403,0.7778
256.8,8.5871,0.784,0.7079
256.9,8.6683,0.5102,0.7183
257.0,8.691,0.5474,0.6175
257.1,8.6437,0.6464,0.5199
257.2,8.4833,0.7146,0.5477
257.3,8.6393,0.7242,0.4774
257.4,8.5499,0.7473,0.4796
257.5,8.4101,0.7338,0.5497
257.6,8.417,0.4542,0.4116
257.7,8.538,0.4564,0.4746
257.8,8.4296,0.4389,0.5743
257.9,8.5984,0.325,0.5189
258.0,8.3584,0.3422,0.4887
258.1,8.3536,0.5456,0.393
258.2,8.3755,0.4162,0.3863
258.3,8.2816,0.4083,0.3817
258.4,8.2578,0.4083,0.401
258.5,8.3417,0.5147,0.353
258.6,8.1449,0.4648,0.3031
258.7,8.1784,0.4189,0.2384
258.8,8.104,0.7389,0.2698
258.9,7.9943,0.8137,0.3518
259.0,8.0152,0.6214,0.2789
259.1,7.9468,0.7143,0.2945
259.2,7.8855,0.8254,0.3016
259.3,7.6927,0.7397,0.3584
259.4,7.6013,0.5272,0.3501
259.5,7.5534,0.649,0.3596
259.6,7.5813,0.4786,0.3594
259.7,7.668,0.4865,0.3533
259.8,7.649,0.6574,0.4231
259.9,7.5616,0.6901,0.3985
260.0,7.5243,0.7454,0.4341
260.1,7.5094,0.7551,0.3717
260.2,7.5351,0.8023,0.3835
260.3,7.3779,1.1314,0.2832
260.4,7.3524,1.109,0.3189
260.5,7.3244,1.1698,0.3647
260.6,7.4783,0.9712,0.3586
260.7,7.6534,0.8559,0.3981
260.8,7.5599,0.9349,0.4376
260.9,7.7068,0.9416,0.4444
261.0,7.7495,1.1166,0.426
261.1,7.8063,0.9437,0.3762
261.2,7.8759,0.9652,0.4725
261.3,7.9313,0.9303,0.3571
261.4,7.8905,0.9165,0.5236
261.5,7.8241,0.9008,0.4936
261.6,7.6437,0.8943,0.5319
261.7,7.6546,0.875,0.6431
261.8,7.7943,1.0414,0.6138
261.9,7.7316,1.0519,0.6773
262.0,7.5473,0.9015,0.6197
262.1,7.4875,1.1029,0.6333
262.2,7.2835,1.095,0.6177
262.3,7.1956,1.2446,0.5616
262.4,6.8803,1.1782,0.5506
262.5,6.9508,1.087,0.3631
262.6,6.8334,1.0259,0.3832
262.7,6.8901,1.0708,0.3738
262.8,6.8445,1.1015,0.2211
262.9,6.7968,1.1074,0.2291
263.0,6.6423,1.0721,0.3378
263.1,6.6914,1.1749,0.3819
263.2,6.7634,1.0996,0.3798
263.3,6.823,1.0626,0.2901
263.4,6.9101,0.9515,0.3552
263.5,6.8614,0.8882,0.4096
263.6,6.856,0.7991,0.4997
263.7,6.8551,0.7685,0.4745
263.8,6.9102,0.6547,0.4709
263.9,6.863,0.6313,0.4413
264.0,6.9688,0.6132,0.5401
264.1,6.9769,0.5356,0.6575
264.2,6.931,0.4658,0.6574
264.3,6.8388,0.54,0.6561
264.4,6.8994,0.6513,0.6262
264.5,6.8871,0.571,0.6125
264.6,6.8411,0.7508,0.6318
264.7,6.7796,0.7183,0.6436
264.8,6.7321,0.8146,0.6422
264.9,6.7139,0.7527,0.7169
265.0,6.7314,0.6255,0.717
265.1,6.9155,0.4705,0.6944
265.2,6.892,0.4061,0.8017
265.3,6.7562,0.3316,0.8527
265.4,6.6987,0.102,0.9654
265.5,6.576,-0.0156,0.9688
265.6,6.6563,0.1509,1.0024
265.7,6.581,0.1991,1.159
265.8,6.6467,0.2131,1.1133
265.9,6.5816,-0.0014,1.05
266.0,6.4813,-0.1967,0.9958
266.1,6.4033,-0.0929,0.9603
266.2,6.5865,-0.1497,1.0497
266.3,6.6077,-0.2564,0.9555
266.4,6.6033,-0.1415,0.9776
266.5,6.5875,-0.0811,1.0448
266.6,6.6274,-0.1504,1.0894
266.7,6.5954,-0.1599,1.0944
266.8,6.3572,-0.285,1.1212
266.9,6.4965,-0.1813,1.0665
267.0,6.4746,-0.2198,1.0858
267.1,6.5524,-0.2612,1.082
267.2,6.5404,-0.2877,1.104
267.3,6.3762,-0.2141,1.1529
267.4,6.4784,-0.1646,1.1221
267.5,6.4855,-0.2361,1.0756
267.6,6.5232,-0.0884,1.0128
267.7,6.6067,-0.0874,1.0581
267.8,6.6899,-0.134,1.0654
267.9,6.6124,-0.2427,1.0308
268.0,6.4759,-0.1497,1.0607
268.1,6.4665,-0.0656,0.8315
268.2,6.4528,-0.1691,0.7229
268.3,6.43,-0.0695,0.7417
268.4,6.4998,0.0364,0.7306
268.5,6.7364,0.0946,0.7249
268.6,6.86,0.0261,0.7565
268.7,6.9484,0.0895,0.7216
268.8,6.9427,-0.0964,0.7728
268.9,6.7753,-0.0473,0.7427
269.0,6.745,0.0202,0.6124
269.1,6.7501,0.0069,0.5092
269.2,6.969,-0.2093,0.5643
269.3,6.9525,-0.2221,0.5916
269.4,6.8956,-0.3395,0.6818
269.5,7.0013,-0.3182,0.6599
269.6,7.0531,-0.4133,0.5948
269.7,7.0414,-0.5156,0.4842
269.8,7.3216,-0.3976,0.5012
269.9,7.3293,-0.4566,0.5603
270.0,7.3512,-0.3532,0.6065
270.1,7.4221,-0.4778,0.6003
270.2,7.3131,-0.4975,0.6424
270.3,7.3568,-0.4846,0.5153
270.4,7.6129,-0.349,0.4762
270.5,7.5341,-0.2349,0.3179
270.6,7.4802,-0.2654,0.298
270.7,7.4877,-0.414,0.2182
270.8,7.4542,-0.5311,0.2975
270.9,7.3316,-0.5617,0.3745
271.0,7.3627,-0.384,0.3632
271.1,7.3277,-0.306,0.305
271.2,7.3815,-0.3242,0.2031
271.3,7.3421,-0.2871,0.23
271.4,7.3571,-0.2268,0.1758
271.5,7.2545,-0.3159,0.1772
271.6,7.2983,-0.3294,0.2198
271.7,7.3798,-0.1623,0.2654
271.8,7.2459,-0.171,0.3147
271.9,7.4162,-0.0938,0.2031
272.0,7.484,-0.1817,0.1931
272.1,7.4677,-0.2763,0.2349
272.2,7.4751,-0.2624,0.2103
272.3,7.6079,-0.2705,0.2272
272.4,7.634,-0.3681,0.3272
272.5,7.6515,-0.5681,0.1779
272.6,7.5616,-0.7389,0.2447
272.7,7.7012,-0.9106,0.3025
272.8,7.5265,-0.9461,0.1706
272.9,7.5211,-0.9691,0.2284
273.0,7.7438,-0.9283,0.187
273.1,7.8083,-0.793,0.2133
273.2,7.6891,-0.7898,0.221
273.3,7.7758,-0.9011,0.1506
273.4,7.8097,-0.804,0.169
273.5,7.9723,-0.937,0.1788
273.6,8.0111,-1.0397,0.1741
273.7,8.0707,-0.9795,0.1378
273.8,8.0803,-0.8603,0.1904
273.9,8.1831,-0.9204,0.072
274.0,8.2565,-0.926,0.1636
274.1,8.2546,-0.7476,0.079
274.2,8.1921,-0.6395,-0.0524
274.3,8.2989,-0.5459,-0.1708
274.4,8.4434,-0.3996,-0.1058
274.5,8.4173,-0.3201,-0.228
274.6,8.456,-0.4753,-0.3904
274.7,8.4468,-0.6348,-0.4657
274.8,8.6611,-0.6105,-0.3716
274.9,8.6806,-0.6335,-0.4159
275.0,8.7536,-0.5931,-0.3636
275.1,8.8009,-0.6584,-0.4356
275.2,8.7382,-0.837,-0.4944
275.3,8.8928,-0.7818,-0.57
275.4,8.9355,-0.8774,-0.6387
275.5,8.9888,-1.0257,-0.6816
275.6,8.9303,-1.1169,-0.7526
275.7,9.1313,-1.0578,-0.7208
275.8,9.166,-0.9386,-0.6299
275.9,9.1556,-0.8814,-0.5497
276.0,9.1321,-0.968,-0.627
276.1,8.9659,-1.0114,-0.6496
276.2,8.9205,-0.9398,-0.6074
276.3,9.1246,-0.9013,-0.656
276.4,9.1841,-1.0467,-0.6065
276.5,9.2607,-1.0209,-0.497
276.6,9.3534,-1.0559,-0.4325
276.7,9.3565,-0.9596,-0.4113
276.8,9.3121,-1.0274,-0.4088
276.9,9.1853,-0.9017,-0.3424
277.0,9.4278,-0.7775,-0.3353
277.1,9.4426,-1.0066,-0.4033
277.2,9.6204,-0.8905,-0.2976
277.3,9.5514,-0.654,-0.1895
277.4,9.539,-0.6938,-0.1074
277.5,9.463,-0.5801,-0.1406
277.6,9.3756,-0.778,-0.1667
277.7,9.3091,-0.8522,-0.1231
277.8,9.2999,-0.7662,-0.0135
277.9,9.3947,-0.6581,-0.071
278.0,9.2002,-0.6633,-0.0034
278.1,9.0775,-0.6106,-0.0823
278.2,8.8574,-0.6519,-0.0941
278.3,8.7533,-0.42,-0.0198
278.4,8.8461,-0.3669,-0.0411
278.5,8.7953,-0.1764,-0.0238
278.6,8.6184,-0.2308,-0.0843
278.7,8.7295,-0.2436,-0.0359
278.8,8.6197,-0.1027,0.1374
278.9,8.7313,-0.1406,0.1171
279.0,8.6346,-0.0937,0.1985
279.1,8.5591,0.0171,0.1607
279.2,8.6294,0.0897,0.0929
279.3,8.5451,0.1782,0.1319
279.4,8.5319,0.2195,0.1751
279.5,8.5562,0.0313,0.1872
279.6,8.4798,0.1714,0.2555
279.7,8.5235,0.1054,0.2328
279.8,8.6208,0.2547,0.1674
279.9,8.6115,0.3893,0.1735
280.0,8.7677,0.4075,0.1324
280.1,8.9521,0.2393,0.1666
280.2,8.8031,0.3455,0.1598
280.3,8.7794,0.2866,0.1611
280.4,8.8496,0.0755,0.1378
280.5,8.725,0.0833,0.1774
280.6,8.6852,0.1249,0.2029
280.7,8.8207,0.1366,0.2047
280.8,8.9039,0.2016,0.2494
280.9,8.934,0.2453,0.1457
281.0,8.9616,0.0473,0.225
281.1,8.7925,-0.0087,0.1554
281.2,8.9107,-0.0197,0.1383
281.3,8.8392,-0.1109,0.053
281.4,8.7716,0.0523,-0.0282
281.5,8.8038,-0.0095,0.1177
281.6,8.7937,-0.0278,0.1699
281.7,8.8982,-0.1151,0.0542
281.8,9.0102,-0.1428,0.0461
281.9,9.1502,-0.0728,0.0301
282.0,9.208,0.0741,-0.0149
282.1,9.0146,-0.1982,0.0505
282.2,9.1384,-0.234,0.0108
282.3,9.2542,-0.0554,0.0439
282.4,9.3259,0.1101,0.1914
282.5,9.1735,0.249,0.1357
282.6,9.0913,0.175,0.0199
282.7,9.135,0.0963,-0.0432
282.8,9.0681,0.0708,0.0185
282.9,9.0317,-0.09,0.0053
283.0,9.2477,0.0551,0.0315
283.1,9.3404,0.1265,0.0863
283.2,9.6427,0.158,0.1029
283.3,9.6226,0.1532,0.0976
283.4,9.4553,0.0776,0.234
283.5,9.5097,-0.125,0.2709
283.6,9.501,-0.018,0.1858
283.7,9.5377,-0.0054,0.2173
283.8,9.3931,0.0925,0.1394
283.9,9.2712,0.2615,0.1375
284.0,9.0614,0.2662,0.0935
284.1,8.9721,0.1498,0.0516
284.2,9.1903,0.2668,0.0018
284.3,9.2256,0.2363,0.043
284.4,9.102,-0.0354,0.0019
284.5,9.0724,-0.1637,0.0245
284.6,9.139,0.1186,-0.0039
284.7,9.2856,0.2303,-0.0122
284.8,9.3023,0.0636,-0.0347
284.9,9.3764,0.0178,0.0325
285.0,9.6383,0.0968,0.1629
285.1,9.7937,0.1906,0.1931
285.2,9.9156,0.3525,0.0919
285.3,9.9021,0.4591,0.1868
285.4,9.9236,0.3334,0.205
285.5,9.883,0.1645,0.244
285.6,9.9091,0.2249,0.3053
285.7,9.7987,0.214,0.3145
285.8,9.7892,0.2536,0.3865
285.9,9.7641,0.4372,0.4294
286.0,9.7439,0.575,0.5041
286.1,9.6243,0.7004,0.5208
286.2,9.5802,0.6103,0.6121
286.3,9.5951,0.7398,0.6668
286.4,9.772,0.6041,0.7479
286.5,9.7458,0.5107,0.8829
286.6,9.694,0.5034,0.816
286.7,9.6644,0.5363,0.732
286.8,9.4475,0.5846,0.7026
286.9,9.4955,0.4597,0.6007
287.0,9.4374,0.6368,0.6299
287.1,9.4584,0.6407,0.6622
287.2,9.5221,0.6431,0.5937
287.3,9.599,0.6611,0.401
287.4,9.5778,0.6014,0.4288
287.5,9.4789,0.6904,0.3457
287.6,9.439,0.5926,0.2984
287.7,9.3997,0.5718,0.2735
287.8,9.3392,0.4241,0.1875
287.9,9.3083,0.3184,0.1875
288.0,9.2992,0.4836,0.084
288.1,9.3612,0.5201,-0.0383
288.2,9.4115,0.342,-0.1198
288.3,9.3045,0.275,-0.1906
288.4,9.2757,0.175,-0.2403
288.5,9.3379,0.369,-0.2834
288.6,9.2335,0.4981,-0.2296
288.7,9.1321,0.6932,-0.2546
288.8,9.2531,0.7217,-0.2188
288.9,9.3002,0.65,-0.2885
289.0,9.4129,0.7512,-0.3319
289.1,9.3565,0.7851,-0.3674
289.2,9.3847,0.8779,-0.27
289.3,9.3731,0.8233,-0.2622
289.4,9.3437,0.739,-0.3417
289.5,9.3671,0.9829,-0.3351
289.6,9.3477,0.7279,-0.3561
289.7,9.246,0.7193,-0.3027
289.8,9.024,0.4637,-0.2823
289.9,8.9668,0.5053,-0.2947
290.0,8.9057,0.5329,-0.3173
290.1,8.7906,0.4767,-0.3268
290.2,8.8732,0.4645,-0.3593
290.3,8.7235,0.2685,-0.3752
290.4,8.7507,0.3025,-0.3509
290.5,8.6363,0.3299,-0.2524
290.6,8.4469,0.3247,-0.2084
290.7,8.4964,0.2026,-0.2929
290.8,8.3544,0.3988,-0.2657
290.9,8.1868,0.4375,-0.2388
291.0,8.1558,0.2768,-0.2951
291.1,8.2182,0.455,-0.2459
291.2,8.3506,0.474,-0.2403
291.3,8.3274,0.5304,-0.3072
291.4,8.2276,0.2873,-0.2809
291.5,8.1136,0.1255,-0.2013
291.6,7.9505,0.3465,-0.2048
291.7,7.9093,0.6426,-0.2386
291.8,7.9697,0.6912,-0.2692
291.9,7.8406,0.6444,-0.1962
292.0,7.7337,0.499,-0.2538
292.1,7.5831,0.5581,-0.3269
292.2,7.6224,0.3605,-0.1977
292.3,7.452,0.3899,-0.2071
292.4,7.4818,0.3103,-0.1353
292.5,7.7092,0.184,-0.2028
292.6,7.6665,0.042,-0.1515
292.7,7.7485,0.126,-0.3078
292.8,7.7913,0.0886,-0.1651
292.9,7.8692,0.2481,-0.0618
293.0,7.9139,0.1861,-0.0908
293.1,7.8301,0.1907,-0.127
293.2,7.7876,0.1553,-0.1562
293.3,7.7752,0.13,-0.175
293.4,7.7206,-0.0175,-0.134
293.5,7.7889,-0.2468,-0.238
293.6,7.672,-0.3594,-0.1646
293.7,7.7127,-0.4199,-0.2417
293.8,7.781,-0.3043,-0.2125
293.9,7.7503,-0.2462,-0.271
294.0,7.5682,-0.221,-0.2561
294.1,7.6822,-0.2072,-0.2841
294.2,7.668,-0.2906,-0.297
294.3,7.7752,-0.4479,-0.2504
294.4,7.8723,-0.3072,-0.3042
294.5,7.8203,-0.389,-0.2799
294.6,7.8035,-0.3942,-0.3278
294.7,7.722,-0.2872,-0.3204
294.8,7.6718,-0.2307,-0.4133
294.9,7.5989,-0.1662,-0.4019
295.0,7.507,-0.0135,-0.5441
295.1,7.5438,-0.2017,-0.5923
295.2,7.5958,-0.0505,-0.4342
295.3,7.5054,0.0378,-0.401
295.4,7.6355,0.0674,-0.5132
295.5,7.6881,0.1837,-0.5761
295.6,7.6454,0.2431,-0.6451
295.7,7.8035,0.0909,-0.6425
295.8,7.6749,0.0532,-0.6214
295.9,7.8309,-0.0266,-0.5553
296.0,7.768,0.1233,-0.5133
296.1,7.5188,0.0285,-0.6224
296.2,7.5541,0.0082,-0.6177
296.3,7.481,0.1216,-0.6694
296.4,7.4643,0.183,-0.676
296.5,7.5473,0.2664,-0.691
296.6,7.5668,0.2814,-0.6514
296.7,7.5364,0.1786,-0.626
296.8,7.8092,0.0997,-0.6347
296.9,7.8822,0.3178,-0.6386
297.0,7.834,0.217,-0.686
297.1,7.8758,0.2075,-0.7089
297.2,7.842,0.3786,-0.7122
297.3,7.8942,0.5074,-0.7453
297.4,7.9314,0.3408,-0.8288
297.5,8.0259,0.2794,-0.743
297.6,8.0537,0.4029,-0.8019
297.7,7.9577,0.5805,-0.7759
297.8,7.941,0.4396,-0.7228
297.9,7.9211,0.4195,-0.769
298.0,7.869,0.5681,-0.7868
298.1,7.7482,0.774,-0.6999
298.2,7.6614,0.8042,-0.7689
298.3,7.6407,0.837,-0.6449
298.4,7.5086,0.7366,-0.509
298.5,7.4395,0.693,-0.5647
298.6,7.3981,0.462,-0.577
298.7,7.4914,0.368,-0.5277
298.8,7.6314,0.1855,-0.5879
298.9,7.6578,-0.0177,-0.4887
299.0,7.6833,0.1906,-0.4686
299.1,7.7352,0.2268,-0.5269
299.2,7.5201,0.078,-0.4491
299.3,7.479,0.0806,-0.4385
299.4,7.4949,0.0528,-0.4308
299.5,7.5554,0.0893,-0.43
299.6,7.6457,-0.0398,-0.4677
299.7,7.5319,0.1129,-0.4214
299.8,7.6309,-0.031,-0.3919
299.9,7.637,-0.0529,-0.4102
300.0,7.7254,-0.0108,-0.3402
300.1,7.8132,-0.1338,-0.2999
300.2,7.6897,0.0419,-0.326
300.3,7.7076,-0.0313,-0.3814
300.4,7.7278,-0.0315,-0.363
300.5,7.8599,0.1275,-0.4005
300.6,8.08,0.173,-0.3439
300.7,8.016,-0.0606,-0.374
300.8,8.1055,0.0215,-0.3637
300.9,7.9635,0.147,-0.3013
301.0,7.9132,0.0889,-0.2434
301.1,7.7504,0.088,-0.2668
301.2,7.7811,0.1063,-0.3924
301.3,7.8329,0.2496,-0.3981
301.4,7.8545,0.2945,-0.4324
301.5,7.8458,0.2768,-0.4854
301.6,7.801,0.3222,-0.4009
301.7,7.5307,0.2939,-0.4158
301.8,7.5134,0.3023,-0.5736
301.9,7.644,0.1388,-0.5365
302.0,7.8192,0.043,-0.4806
302.1,7.8837,-0.0341,-0.5138
302.2,7.7079,-0.2354,-0.5624
302.3,7.8251,-0.1701,-0.5385
302.4,7.8695,-0.1348,-0.5377
302.5,7.779,-0.2128,-0.5654
302.6,7.843,-0.2642,-0.677
302.7,7.7174,-0.2599,-0.5822
302.8,7.5847,-0.4353,-0.5091
302.9,7.6184,-0.3718,-0.5631
303.0,7.5749,-0.3885,-0.4696
303.1,7.5114,-0.3748,-0.4898
303.2,7.7442,-0.2858,-0.5225
303.3,7.7365,-0.26,-0.5802
303.4,7.8287,-0.1872,-0.6057
303.5,7.8918,-0.035,-0.5476
303.6,7.7262,-0.0707,-0.4896
303.7,7.7067,-0.1914,-0.59
303.8,7.6886,-0.2612,-0.6223
303.9,7.5811,-0.0385,-0.6462
304.0,7.4978,-0.1143,-0.5697
304.1,7.4378,-0.015,-0.4735
304.2,7.3187,0.2705,-0.537
304.3,7.3525,0.2289,-0.4415
304.4,7.3807,0.0552,-0.3642
304.5,7.3618,0.132,-0.3383
304.6,7.4612,-0.0351,-0.438
304.7,7.4797,0.0156,-0.5414
304.8,7.427,-0.0195,-0.5575
304.9,7.458,-0.0033,-0.4103
305.0,7.594,0.0874,-0.384
305.1,7.7524,0.0275,-0.4033
305.2,7.7521,-0.0768,-0.3539
305.3,7.599,0.0301,-0.2831
305.4,7.461,0.217,-0.2692
305.5,7.4149,-0.0055,-0.3873
305.6,7.1917,0.0198,-0.4466
305.7,7.1897,-0.0844,-0.443
305.8,7.1459,-0.0804,-0.4069
305.9,6.964,-0.2544,-0.4614
306.0,7.0436,-0.0309,-0.5405
306.1,7.0933,-0.0799,-0.6239
306.2,7.0466,-0.168,-0.6432
306.3,7.1258,-0.245,-0.7254
306.4,6.9756,-0.1638,-0.7326
306.5,7.0365,-0.3301,-0.7246
306.6,6.9886,-0.4003,-0.7475
306.7,6.8154,-0.4322,-0.7533
306.8,6.9051,-0.3212,-0.7582
306.9,7.0341,-0.1925,-0.7565
307.0,6.9605,-0.1809,-0.8334
307.1,6.8564,-0.0122,-0.7881
307.2,6.8296,0.099,-0.7069
307.3,6.7155,0.2484,-0.8071
307.4,6.6986,0.277,-0.8054
307.5,6.8511,0.3922,-0.841
307.6,6.8735,0.3461,-0.8357
307.7,6.7416,0.4692,-0.5881
307.8,6.7536,0.6206,-0.5049
307.9,6.5544,0.5747,-0.4432
308.0,6.4133,0.6174,-0.4385
308.1,6.3724,0.6911,-0.525
308.2,6.3273,0.6684,-0.5134
308.3,6.2659,0.5902,-0.4017
308.4,6.3504,0.4674,-0.3053
308.5,6.2743,0.6823,-0.3498
308.6,6.1911,0.7047,-0.477
308.7,6.0754,0.8773,-0.4684
308.8,6.2112,0.8855,-0.546
308.9,6.2291,0.9983,-0.612
309.0,6.1599,0.9099,-0.5578
309.1,6.0814,1.1301,-0.6558
309.2,5.9879,1.1693,-0.6293
309.3,5.9276,1.1214,-0.7067
309.4,6.1482,0.9876,-0.801
309.5,5.9635,0.798,-0.7234
309.6,5.9107,0.8086,-0.6631
309.7,5.75,0.8135,-0.6543
309.8,5.8625,0.8274,-0.6559
309.9,5.7489,0.707,-0.71
310.0,5.7721,0.8217,-0.6777
310.1,5.8856,0.8662,-0.7142
310.2,5.8425,1.3658,-0.695
310.3,5.9387,1.2656,-0.6505
310.4,6.0178,1.3721,-0.5846
310.5,5.9397,1.4018,-0.4418
310.6,5.9053,1.2771,-0.4982
310.7,5.7582,1.2623,-0.4241
310.8,5.8481,1.3401,-0.327
310.9,5.8604,1.081,-0.3073
311.0,5.8657,1.0574,-0.3365
311.1,6.0039,1.1572,-0.3693
311.2,5.8656,1.1682,-0.4401
311.3,5.8798,1.1167,-0.4309
311.4,5.7072,1.0106,-0.4165
311.5,5.7057,1.081,-0.3892
311.6,5.7857,1.0369,-0.3671
311.7,5.7741,0.8344,-0.3695
311.8,5.6892,0.851,-0.4998
311.9,5.652,0.7397,-0.4991
312.0,5.6017,0.8877,-0.4308
312.1,5.7568,0.9795,-0.4601
312.2,5.8643,0.8482,-0.4964
312.3,5.7314,0.8095,-0.5036
312.4,5.8992,0.9112,-0.5392
312.5,5.9066,1.002,-0.6332
312.6,5.9711,0.8878,-0.5218
312.7,6.1138,1.0652,-0.5519
312.8,5.9806,0.8782,-0.5045
312.9,5.8471,0.7964,-0.5399
313.0,5.8858,0.7176,-0.5757
313.1,5.8829,0.771,-0.4936
313.2,5.9767,0.844,-0.5371
313.3,6.0116,0.8593,-0.3659
313.4,6.0246,1.0144,-0.368
313.5,5.8689,1.0229,-0.288
313.6,5.9261,0.979,-0.4073
313.7,5.8723,0.9345,-0.4827
313.8,5.8722,0.966,-0.4578
313.9,5.7602,0.9189,-0.4527
314.0,5.8906,0.9513,-0.4139
314.1,5.9132,0.972,-0.3575
314.2,5.9596,0.8775,-0.4211
314.3,5.9888,0.8606,-0.4012
314.4,6.2226,0.8049,-0.5
314.5,6.0684,0.6259,-0.4042
314.6,6.0861,0.5635,-0.3763
314.7,6.0184,0.4748,-0.3481
314.8,6.0849,0.5211,-0.2776
314.9,6.1024,0.4646,-0.2056
315.0,6.0435,0.6255,-0.1824
315.1,5.984,0.7231,-0.0837
315.2,5.9482,0.5473,-0.1683
315.3,6.111,0.5356,-0.0656
315.4,6.186,0.5277,-0.0169
315.5,6.0148,0.5559,-0.0686
315.6,6.0881,0.3974,0.0323
315.7,6.2032,0.4677,0.0278
315.8,6.333,0.3272,0.0046
315.9,6.4264,0.3934,-0.0286
316.0,6.4081,0.5176,0.0338
316.1,6.3132,0.4956,-0.0759
316.2,6.1083,0.497,-0.0876
316.3,6.1202,0.567,-0.0431
316.4,5.9687,0.3131,-0.0197
316.5,5.9995,0.345,-0.0766
316.6,5.9113,0.3493,-0.0694
316.7,5.9085,0.0336,-0.1563
316.8,6.0348,0.1025,-0.1675
316.9,5.9443,0.2003,-0.3016
317.0,6.0611,0.1791,-0.3231
317.1,5.9393,0.3273,-0.2585
317.2,5.8359,0.3254,-0.1547
317.3,5.9792,0.1614,-0.1237
317.4,6.0011,0.1804,-0.2033
317.5,6.1239,-0.0472,-0.285
317.6,6.1766,-0.161,-0.2389
317.7,6.087,-0.1047,-0.1723
317.8,6.0969,-0.0713,-0.0738
317.9,6.1411,-0.2166,-0.0184
318.0,6.3153,-0.0135,-0.0878
318.1,6.3522,-0.1274,-0.0287
318.2,6.4713,-0.1732,0.0614
318.3,6.5304,-0.2974,0.2083
318.4,6.5877,-0.2018,0.1618
318.5,6.601,-0.2315,0.1693
318.6,6.6377,-0.1608,0.0888
318.7,6.6984,-0.0556,0.1147
318.8,6.606,-0.0242,0.1991
318.9,6.6078,-0.1222,0.0988
319.0,6.5633,-0.2996,0.2681
319.1,6.435,-0.4018,0.3224
319.2,6.4571,-0.3674,0.1709
319.3,6.474,-0.4495,0.0989
319.4,6.4189,-0.4505,0.2538
319.5,6.4441,-0.3498,0.3656
319.6,6.3541,-0.3653,0.3548
319.7,6.2487,-0.4687,0.2095
319.8,6.3576,-0.6039,0.2157
319.9,6.3305,-0.6645,0.1525
320.0,6.3396,-0.6488,0.0438
320.1,6.382,-0.3804,0.0428
320.2,6.3474,-0.2307,0.03
320.3,6.4129,-0.2382,-0.0923
320.4,6.5397,-0.3169,-0.1397
320.5,6.5223,-0.0635,-0.0793
320.6,6.7311,-0.0172,-0.1256
320.7,6.7671,0.0144,-0.0891
320.8,6.775,0.1259,0.0222
320.9,6.674,0.0873,-0.0793
321.0,6.5313,0.2067,-0.1269
321.1,6.6754,0.2153,-0.0693
321.2,6.967,0.1279,0.0723
321.3,6.9426,0.0726,0.0534
321.4,7.0434,0.1022,0.0985
321.5,7.2153,0.2552,0.0972
321.6,7.3013,0.1972,0.0341
321.7,7.1287,-0.0149,-0.0655
321.8,7.2547,-0.0721,0.0351
321.9,7.2055,0.082,-0.0082
322.0,7.2601,-0.0104,0.0512
322.1,7.3227,-0.1305,0.1321
322.2,7.2424,-0.3424,0.1103
322.3,7.0992,-0.4058,0.275
322.4,7.1369,-0.3661,0.205
322.5,7.1999,-0.3895,0.0876
322.6,7.2791,-0.4219,0.0115
322.7,7.4462,-0.4025,-0.0821
322.8,7.3229,-0.6063,-0.1077
322.9,7.3907,-0.658,-0.1501
323.0,7.4161,-0.704,-0.2107
323.1,7.4426,-0.6243,-0.1925
323.2,7.2768,-0.5598,-0.1476
323.3,7.3507,-0.6219,-0.1144
323.4,7.3831,-0.3887,-0.0895
323.5,7.2401,-0.7374,-0.0263
323.6,7.0811,-0.6812,0.0281
323.7,7.2317,-0.6657,0.087
323.8,7.3534,-0.8036,0.1399
323.9,7.3785,-1.0073,0.2308
324.0,7.3603,-1.1855,0.1956
324.1,7.4698,-0.985,0.1147
324.2,7.5189,-0.9685,0.0627
324.3,7.5691,-0.9502,0.1084
324.4,7.5593,-1.0409,0.0921
324.5,7.4899,-1.1062,0.1069
324.6,7.6937,-1.0206,-0.0304
324.7,7.7765,-0.9298,0.0376
324.8,7.7756,-1.0363,-0.0637
324.9,7.7835,-1.0463,-0.0883
325.0,7.6664,-1.058,-0.104
325.1,7.644,-0.9862,-0.2344
325.2,7.5886,-0.8738,-0.2341
325.3,7.6912,-0.9298,-0.2226
325.4,7.5949,-0.9258,-0.1607
325.5,7.657,-0.9164,-0.1819
325.6,7.9302,-0.7514,-0.1385
325.7,8.0903,-0.6684,-0.0262
325.8,7.885,-0.6819,-0.0022
325.9,7.8146,-0.6303,0.0302
326.0,7.762,-0.374,0.0437
326.1,7.6539,-0.4943,0.1438
326.2,7.691,-0.6141,0.1869
326.3,7.6512,-0.4973,0.174
326.4,7.6476,-0.5163,0.0608
326.5,7.3857,-0.3309,0.0225
326.6,7.5474,-0.3803,0.1408
326.7,7.5605,-0.2165,0.1361
326.8,7.69,-0.1551,0.0157
326.9,7.7719,-0.0504,-0.0573
327.0,7.6655,-0.1292,-0.0633
327.1,7.6507,-0.0416,-0.0519
327.2,7.6562,-0.0079,-0.1632
327.3,7.7195,-0.089,-0.1205
327.4,7.5959,0.0101,-0.2912
327.5,7.5769,-0.2129,-0.2865
327.6,7.6961,-0.1306,-0.3317
327.7,7.777,0.1748,-0.4053
327.8,7.75,0.1699,-0.4341
327.9,7.8563,0.1143,-0.4383
328.0,7.9538,-0.02,-0.3199
328.1,7.9608,-0.1147,-0.4259
328.2,7.9791,-0.15,-0.3682
328.3,7.808,-0.103,-0.4674
328.4,7.8231,-0.1838,-0.5015
328.5,7.8661,-0.2433,-0.4125
328.6,7.9098,-0.0437,-0.3707
328.7,7.9251,-0.0629,-0.1926
328.8,7.7176,-0.114,-0.2099
328.9,7.6192,0.0054,-0.1271
329.0,7.5898,-0.164,-0.0836
329.1,7.6941,-0.2959,-0.0301
329.2,7.6657,-0.3562,-0.0414
329.3,7.6432,-0.2814,-0.0164
329.4,7.5326,-0.1056,0.0588
329.5,7.4769,-0.181,0.0981
329.6,7.5893,-0.2244,0.0747
329.7,7.5834,-0.1281,0.0186
329.8,7.6491,-0.003,0.0847
329.9,7.8253,-0.0336,0.0015
330.0,7.7724,-0.0259,-0.0903
330.1,7.8048,0.1172,-0.1908
330.2,7.8748,0.1654,-0.1231
330.3,7.8602,0.2408,-0.1003
330.4,7.7474,0.2612,-0.0553
330.5,7.6682,0.1471,-0.1701
330.6,7.7865,-0.0149,-0.1879
330.7,7.6216,-0.1478,-0.068
330.8,7.5993,-0.0601,-0.152
330.9,7.6979,0.0823,-0.2474
331.0,7.754,0.0506,-0.2485
331.1,7.8625,0.0619,-0.1889
331.2,7.781,0.0948,-0.2286
331.3,7.8408,0.2376,-0.2736
331.4,7.7082,0.0774,-0.3194
331.5,7.8047,0.1634,-0.3274
331.6,7.7286,0.1857,-0.3431
331.7,7.7474,0.1757,-0.2542
331.8,7.6491,0.1653,-0.2761
331.9,7.5603,0.2831,-0.3125
332.0,7.5541,0.3143,-0.3344
332.1,7.4522,0.2897,-0.2384
332.2,7.3611,0.033,-0.145
332.3,7.4178,-0.1542,-0.0844
332.4,7.3303,0.0315,-0.0349
332.5,7.3787,-0.1973,-0.1242
332.6,7.4115,-0.1194,-0.2577
332.7,7.3549,-0.0857,-0.1474
332.8,7.4509,-0.0206,-0.1414
332.9,7.5211,0.1225,-0.0744
333.0,7.5355,0.2962,-0.1414
333.1,7.4229,0.1556,-0.1664
333.2,7.5225,0.0075,-0.1725
333.3,7.6409,-0.0252,-0.2054
333.4,7.7617,-0.1473,-0.1747
333.5,7.8038,-0.1296,-0.0275
333.6,7.7296,0.0649,-0.017
333.7,7.6541,0.2541,-0.0215
333.8,7.7378,0.1434,-0.0606
333.9,7.5871,0.2927,-0.0992
334.0,7.4789,0.4934,-0.21
334.1,7.3242,0.6063,-0.3358
334.2,7.3494,0.5794,-0.3703
334.3,7.4749,0.7258,-0.4143
334.4,7.3663,0.5185,-0.3878
334.5,7.5583,0.4404,-0.3368
334.6,7.7117,0.5052,-0.3338
334.7,7.6588,0.4856,-0.367
334.8,7.6639,0.4878,-0.4615
334.9,7.6137,0.432,-0.5151
335.0,7.7186,0.418,-0.4467
335.1,7.6236,0.3801,-0.3582
335.2,7.7335,0.3457,-0.4026
335.3,7.6576,0.3255,-0.454
335.4,7.6519,0.3855,-0.418
335.5,7.464,0.4138,-0.263
335.6,7.3875,0.381,-0.1963
335.7,7.4106,0.3813,-0.231
335.8,7.4711,0.1797,-0.3573
335.9,7.5854,0.429,-0.4347
336.0,7.5796,0.5866,-0.374
336.1,7.4192,0.6676,-0.347
336.2,7.5407,0.6953,-0.4237
336.3,7.6445,0.7338,-0.5318
336.4,7.7937,0.66,-0.5044
336.5,8.0356,0.7382,-0.4869
336.6,7.9761,0.5894,-0.5683
336.7,8.103,0.456,-0.5032
336.8,8.0839,0.6187,-0.5443
336.9,8.0585,0.585,-0.6519
337.0,8.0657,0.5793,-0.6301
337.1,8.014,0.7504,-0.4981
337.2,8.1645,0.6846,-0.3954
337.3,8.1704,0.7842,-0.4019
337.4,8.1107,0.7282,-0.3767
337.5,8.332,0.7552,-0.5059
337.6,8.3262,0.6544,-0.5352
337.7,8.1951,0.4386,-0.4962
337.8,8.2276,0.3577,-0.5459
337.9,8.0905,0.3703,-0.6447
338.0,7.9253,0.3571,-0.7438
338.1,7.8861,0.5281,-0.6345
338.2,7.884,0.434,-0.6959
338.3,8.013,0.3008,-0.7015
338.4,7.9175,0.224,-0.5827
338.5,7.8556,0.2411,-0.6
338.6,7.8482,0.3412,-0.6498
338.7,7.7091,0.3672,-0.6186
338.8,7.7283,0.328,-0.6151
338.9,7.5281,0.6659,-0.5608
339.0,7.6084,0.6905,-0.6411
339.1,7.7794,0.5111,-0.6273
339.2,7.633,0.5549,-0.5713
339.3,7.4134,0.5727,-0.7321
339.4,7.4742,0.457,-0.6456
339.5,7.5172,0.5961,-0.7058
339.6,7.4791,0.6115,-0.7122
339.7,7.6598,0.514,-0.7652
339.8,7.7337,0.7623,-0.8488
339.9,7.7078,0.6129,-0.8695
340.0,7.6171,0.6352,-0.8891
340.1,7.5951,0.5913,-0.8652
340.2,7.723,0.8264,-0.8185
340.3,7.638,0.7479,-0.7667
340.4,7.4079,0.6308,-0.654
340.5,7.4732,0.7158,-0.6424
340.6,7.4891,0.689,-0.6064
340.7,7.5744,0.5683,-0.6534
340.8,7.6046,0.6465,-0.6936
340.9,7.6013,0.7063,-0.6348
341.0,7.7764,0.7538,-0.5937
341.1,8.0009,0.6439,-0.5452
341.2,8.0062,0.5727,-0.5469
341.3,8.0795,0.8139,-0.6079
341.4,7.9963,0.788,-0.5873
341.5,8.0603,0.8427,-0.562
341.6,7.947,0.8687,-0.5569
341.7,8.0751,0.8497,-0.5526
341.8,8.1095,0.638,-0.5157
341.9,8.0671,0.5489,-0.4539
342.0,8.0255,0.4542,-0.3976
342.1,8.2414,0.4487,-0.2975
342.2,8.2929,0.338,-0.3191
342.3,8.3225,0.3366,-0.335
342.4,8.4704,0.3053,-0.3496
342.5,8.5395,0.2903,-0.3282
342.6,8.4244,0.1651,-0.427
342.7,8.3534,0.1838,-0.3429
342.8,8.225,-0.0293,-0.2831
342.9,8.2,-0.1027,-0.4132
343.0,8.1716,-0.2869,-0.337
343.1,8.1384,-0.0915,-0.4358
343.2,8.2126,-0.0991,-0.4852
343.3,8.2557,0.0798,-0.3878
343.4,8.2571,0.2189,-0.4351
343.5,8.2535,0.2524,-0.3615
343.6,8.3603,0.3623,-0.4373
343.7,8.4097,0.4158,-0.4682
343.8,8.3711,0.3766,-0.5409
343.9,8.4818,0.4641,-0.5712
344.0,8.5761,0.4013,-0.5735
344.1,8.5423,0.201,-0.5975
344.2,8.5617,0.4257,-0.5937
344.3,8.6099,0.4997,-0.6871
344.4,8.6908,0.6345,-0.6733
344.5,8.5682,0.8072,-0.6719
344.6,8.4404,0.8423,-0.5326
344.7,8.5728,0.8311,-0.6023
344.8,8.572,0.791,-0.716
344.9,8.6868,0.6702,-0.6584
345.0,8.5363,0.6907,-0.6093
345.1,8.4907,0.6895,-0.7056
345.2,8.4823,0.694,-0.7512
345.3,8.433,0.6244,-0.7249
345.4,8.368,0.5626,-0.6676
345.5,8.3884,0.5234,-0.7339
345.6,8.4319,0.4559,-0.7113
345.7,8.5021,0.4422,-0.707
345.8,8.543,0.3567,-0.6664
345.9,8.3258,0.1134,-0.6457
346.0,8.2311,0.1529,-0.6914
346.1,8.2499,0.1968,-0.7792
346.2,8.4359,0.0282,-0.7327
346.3,8.3073,0.0795,-0.6685
346.4,8.3775,0.0414,-0.6258
346.5,8.5117,0.1721,-0.5614
346.6,8.6417,0.3154,-0.4569
346.7,8.6977,0.4228,-0.3585
346.8,8.5919,0.4515,-0.4566
346.9,8.6241,0.2386,-0.5483
347.0,8.7391,0.1261,-0.526
347.1,8.6632,0.2523,-0.4014
347.2,8.7367,0.2892,-0.4761
347.3,8.81,0.2479,-0.4582
347.4,8.7256,0.4499,-0.4818
347.5,8.7635,0.6289,-0.3855
347.6,8.7293,0.571,-0.4553
347.7,8.8873,0.5352,-0.4007
347.8,8.8714,0.5182,-0.4118
347.9,8.8769,0.6451,-0.3266
348.0,8.9181,0.5137,-0.2461
348.1,8.8786,0.4962,-0.3015
348.2,8.9116,0.561,-0.3275
348.3,9.0459,0.5996,-0.3716
348.4,9.0448,0.709,-0.4485
348.5,9.0627,0.4842,-0.4319
348.6,8.9615,0.6346,-0.4956
348.7,8.9662,0.455,-0.3679
348.8,9.0412,0.4807,-0.2742
348.9,9.0885,0.4758,-0.3813
349.0,9.1491,0.1755,-0.4028
349.1,9.1639,0.077,-0.3695
349.2,9.2601,0.0493,-0.4134
349.3,9.3026,0.0607,-0.5212
349.4,9.2754,-0.0118,-0.5414
349.5,9.2408,-0.0715,-0.6496
349.6,9.2381,-0.1417,-0.5756
349.7,9.2579,-0.0927,-0.5248
349.8,9.2062,-0.1098,-0.4633
349.9,9.0879,-0.0305,-0.4748
350.0,9.1298,-0.1831,-0.3673
350.1,9.0662,-0.1676,-0.4363
350.2,9.0658,-0.1182,-0.402
350.3,8.9803,-0.053,-0.3106
350.4,8.8693,-0.0228,-0.413
350.5,8.8936,-0.1015,-0.4108
350.6,8.9452,0.011,-0.3506
350.7,8.924,0.1165,-0.3943
350.8,8.9751,0.4831,-0.3731
350.9,9.0138,0.5132,-0.4236
351.0,9.0036,0.4463,-0.5701
351.1,9.0387,0.4542,-0.7565
351.2,9.1728,0.5291,-0.868
351.3,9.1337,0.6091,-0.9361
351.4,9.1464,0.5401,-0.9524
351.5,9.193,0.4683,-0.9058
351.6,9.1859,0.3865,-0.7797
351.7,9.121,0.4895,-0.7597
351.8,9.0185,0.4716,-0.7317
351.9,8.9834,0.319,-0.7229
352.0,9.0791,0.5519,-0.7601
352.1,8.9504,0.4929,-0.7169
352.2,8.8757,0.7338,-0.6213
352.3,9.0352,0.7276,-0.6199
352.4,8.9909,0.8441,-0.7116
352.5,9.0556,0.8898,-0.739
352.6,9.2043,0.933,-0.6828
352.7,9.1383,0.8509,-0.6548
352.8,8.9648,0.843,-0.5691
352.9,8.958,0.9233,-0.6003
353.0,8.8106,1.0258,-0.6332
353.1,8.8377,0.9405,-0.6694
353.2,8.769,0.6659,-0.7243
353.3,8.7666,0.8036,-0.7472
353.4,8.8448,0.7784,-0.7428
353.5,8.8183,0.6672,-0.686
353.6,8.6954,0.574,-0.6857
353.7,8.801,0.7251,-0.5999
353.8,8.653,0.9205,-0.6423
353.9,8.7514,0.8083,-0.6049
354.0,8.7962,0.698,-0.5397
354.1,8.8589,0.767,-0.6314
354.2,8.9515,0.8515,-0.654
354.3,8.8407,0.9705,-0.6781
354.4,8.7892,0.8842,-0.6809
354.5,8.7409,0.7782,-0.719
354.6,8.7877,0.4788,-0.706
354.7,8.6789,0.2206,-0.6119
354.8,8.6759,0.2355,-0.5775
354.9,8.6663,0.2304,-0.5429
355.0,8.5481,0.3241,-0.5804
355.1,8.5664,0.2904,-0.5526
355.2,8.671,0.0786,-0.5197
355.3,8.8184,-0.047,-0.4384
355.4,8.9194,-0.0782,-0.4002
355.5,8.8877,0.0186,-0.344
355.6,8.9613,0.0901,-0.3971
355.7,9.0454,0.0097,-0.457
355.8,8.9665,0.0596,-0.4444
355.9,9.0477,0.0779,-0.4464
356.0,8.9884,-0.0612,-0.3469
356.1,9.0786,-0.0377,-0.3434
356.2,9.1092,-0.0437,-0.3356
356.3,9.1111,-0.1814,-0.3801
356.4,9.1246,-0.2274,-0.4591
356.5,9.2265,-0.15,-0.5082
356.6,9.1638,-0.0155,-0.4644
356.7,9.1829,0.0339,-0.5284
356.8,9.345,0.0927,-0.6438
356.9,9.3275,0.1317,-0.8083
357.0,9.3381,0.0413,-0.7174
357.1,9.3811,0.0566,-0.7456
357.2,9.3782,0.054,-0.6758
357.3,9.4276,0.1083,-0.7111
357.4,9.5398,0.159,-0.6236
357.5,9.4658,0.1022,-0.6801
357.6,9.4156,-0.0346,-0.7018
357.7,9.5044,-0.1965,-0.8499
357.8,9.5637,-0.1653,-0.8885
357.9,9.5577,-0.1604,-0.813
358.0,9.5784,-0.081,-0.8036
358.1,9.4949,0.0367,-0.7362
358.2,9.5286,-0.0381,-0.7846
358.3,9.6104,-0.0017,-0.6969
358.4,9.6733,0.1198,-0.6674
358.5,9.5844,0.0013,-0.613
358.6,9.6075,0.021,-0.6059
358.7,9.5865,-0.0341,-0.6052
358.8,9.6321,0.1601,-0.6055
358.9,9.65,0.1363,-0.65
359.0,9.6565,0.2932,-0.6302
359.1,9.8771,0.322,-0.6297
359.2,9.8193,0.2595,-0.6551
359.3,9.9017,0.3336,-0.7588
359.4,9.6952,0.328,-0.7056
359.5,9.7211,0.4363,-0.7594
359.6,9.6694,0.4121,-0.6892
359.7,9.5491,0.496,-0.6229
359.8,9.5384,0.5035,-0.6659
359.9,9.5641,0.4108,-0.7215
360.0,9.555,0.3898,-0.6655
360.1,9.5496,0.3859,-0.4961
360.2,9.5172,0.3799,-0.4272
360.3,9.4105,0.358,-0.4398
360.4,9.484,0.2619,-0.509
360.5,9.3056,0.3055,-0.5796
360.6,9.0527,0.4112,-0.4936
360.7,9.0887,0.4796,-0.5058
360.8,8.8668,0.3548,-0.5303
360.9,9.002,0.168,-0.4687
361.0,9.1519,0.1197,-0.4173
361.1,9.2313,0.1214,-0.4774
361.2,9.1946,0.1186,-0.461
361.3,9.1073,0.1643,-0.5304
361.4,9.0404,0.1893,-0.5365
361.5,8.8784,0.3416,-0.4545
361.6,8.9186,0.3623,-0.4375
361.7,8.8127,0.2846,-0.4039
361.8,8.8208,0.4128,-0.3556
361.9,8.8342,0.5084,-0.2592
362.0,8.8862,0.5368,-0.1576
362.1,8.9417,0.6067,-0.1718
362.2,8.9445,0.5723,-0.0883
362.3,8.9215,0.6589,-0.0565
362.4,8.9938,0.533,-0.0287
362.5,9.1742,0.6455,-0.0095
362.6,9.2059,0.5933,0.0222
362.7,9.1815,0.6426,0.011
362.8,9.1819,0.5317,0.0224
362.9,9.1763,0.3421,0.0814
363.0,9.3502,0.3731,0.1365
363.1,9.4466,0.2711,0.2353
363.2,9.7465,0.2816,0.3214
363.3,9.6538,0.4608,0.3523
363.4,9.619,0.5598,0.3141
363.5,9.5151,0.4348,0.3075
363.6,9.5265,0.5339,0.2602
363.7,9.6018,0.5225,0.3192
363.8,9.4402,0.4991,0.4768
363.9,9.5109,0.3899,0.4951
364.0,9.5358,0.2098,0.5668
364.1,9.6169,0.2288,0.5687
364.2,9.6444,0.1041,0.5934
364.3,9.6758,0.1824,0.6884
364.4,9.8727,0.0036,0.776
364.5,9.8037,-0.1506,0.8768
364.6,9.947,-0.1828,0.8283
364.7,9.9401,-0.1062,0.802
364.8,10.0057,-0.11,0.8237
364.9,9.909,-0.1855,0.8923
365.0,9.7659,-0.2256,0.9397
365.1,9.8204,-0.3038,0.8653
365.2,9.6964,-0.1754,0.7915
365.3,9.5228,-0.0806,0.7373
365.4,9.6323,-0.0543,0.8003
365.5,9.6143,-0.1739,0.7503
365.6,9.5252,-0.2558,0.729
365.7,9.2652,-0.2605,0.7082
365.8,9.3074,-0.4304,0.5407
365.9,9.4534,-0.3803,0.5243
366.0,9.3755,-0.4025,0.6636
366.1,9.3253,-0.3257,0.7216
366.2,9.1385,-0.3033,0.7389
366.3,9.316,-0.4272,0.7513
366.4,9.3292,-0.4183,0.6724
366.5,9.4816,-0.4191,0.5521
366.6,9.458,-0.3721,0.4812
366.7,9.5604,-0.4709,0.3885
366.8,9.6351,-0.5141,0.2969
366.9,9.6686,-0.3593,0.2565
367.0,9.613,-0.3921,0.4015
367.1,9.8954,-0.4238,0.5036
367.2,9.9618,-0.3777,0.5162
367.3,9.9643,-0.2924,0.4362
367.4,9.959,-0.3057,0.3875
367.5,10.0375,-0.3894,0.3591
367.6,10.0354,-0.5363,0.3015
367.7,10.0422,-0.5908,0.2666
367.8,9.9551,-0.5657,0.2113
367.9,9.9105,-0.5436,0.1643
368.0,9.9393,-0.4486,0.147
368.1,9.7921,-0.5558,0.1048
368.2,9.8873,-0.5073,0.125
368.3,9.8898,-0.5232,0.169
368.4,9.8708,-0.6322,0.2565
368.5,9.8711,-0.5289,0.2685
368.6,9.8129,-0.5046,0.2368
368.7,9.9115,-0.4024,0.212
368.8,9.8081,-0.3981,0.2273
368.9,9.5114,-0.266,0.1531
369.0,9.6846,-0.2167,0.1585
369.1,9.7292,-0.1562,0.1341
369.2,9.65,-0.1528,0.066
369.3,9.785,-0.1887,0.1403
369.4,9.7998,-0.2391,0.1491
369.5,9.5965,-0.3074,0.2791
369.6,9.7222,-0.3781,0.3505
369.7,9.852,-0.3769,0.4085
369.8,9.9241,-0.3969,0.5052
369.9,9.8901,-0.3718,0.4331
370.0,10.0732,-0.2444,0.4514
370.1,10.0731,-0.2108,0.4587
370.2,9.9993,-0.1206,0.4546
370.3,10.0438,-0.2889,0.3469
370.4,10.1362,-0.3024,0.4159
370.5,10.0077,-0.226,0.5363
370.6,9.998,-0.2079,0.6067
370.7,9.9018,-0.3168,0.6945
370.8,9.9255,-0.2811,0.7152
370.9,9.8575,-0.2224,0.6661
371.0,9.7885,-0.1769,0.6292
371.1,9.7635,0.0283,0.6029
371.2,9.6111,0.0532,0.5061
371.3,9.6007,0.223,0.4189
371.4,9.631,0.1728,0.5082
371.5,9.7006,0.1248,0.5418
371.6,9.6323,-0.1084,0.5101
371.7,9.5507,-0.2055,0.5394
371.8,9.5313,-0.0121,0.5308
371.9,9.5528,-0.0297,0.489
372.0,9.5087,0.1045,0.442
372.1,9.4647,0.0293,0.3192
372.2,9.4648,0.1094,0.2617
372.3,9.4784,-0.0162,0.1867
372.4,9.5515,-0.0242,0.271
372.5,9.3564,-0.0977,0.2182
372.6,9.3986,-0.0818,0.2916
372.7,9.4604,-0.0893,0.3593
372.8,9.4494,-0.2095,0.4034
372.9,9.5378,-0.1782,0.532
373.0,9.4545,-0.0617,0.5217
373.1,9.3853,0.0426,0.5596
373.2,9.1885,0.0181,0.6499
373.3,9.1168,0.0658,0.5987
373.4,9.1027,0.0805,0.5826
373.5,8.982,0.198,0.5066
373.6,9.1178,0.1773,0.5339
373.7,9.0631,0.1307,0.4997
373.8,8.9088,0.0358,0.4889
373.9,8.9533,0.1972,0.4771
374.0,8.9405,0.2085,0.4236
374.1,8.9826,0.0713,0.5615
374.2,8.9719,0.1697,0.5763
374.3,8.9772,0.1768,0.459
374.4,9.07,0.2361,0.5181
374.5,8.997,0.2019,0.3882
374.6,8.9442,0.2404,0.4692
374.7,8.8347,0.2367,0.4555
374.8,8.696,0.1714,0.5373
374.9,8.6809,0.2421,0.5279
375.0,8.6869,0.2933,0.5697
375.1,8.6689,0.3935,0.5253
375.2,8.5295,0.4044,0.6321
375.3,8.5789,0.2828,0.6679
375.4,8.5772,0.2067,0.7335
375.5,8.5914,-0.0026,0.7511
375.6,8.6588,-0.0462,0.7259
375.7,8.6887,-0.1102,0.8197
375.8,8.6567,-0.1814,0.9053
375.9,8.5126,-0.2568,0.8609
376.0,8.397,-0.2347,0.8682
376.1,8.4674,-0.2803,0.7585
376.2,8.4727,-0.2092,0.7082
376.3,8.4867,-0.4568,0.6483
376.4,8.3993,-0.4342,0.6515
376.5,8.2368,-0.2585,0.6402
376.6,8.3322,-0.1548,0.6482
376.7,8.5282,-0.1352,0.6729
376.8,8.4875,-0.3056,0.6387
376.9,8.5569,-0.3209,0.6505
377.0,8.5786,-0.4565,0.6484
377.1,8.6003,-0.1786,0.5968
377.2,8.7539,0.0354,0.5229
377.3,8.6808,0.1371,0.4772
377.4,8.839,0.2526,0.5171
377.5,8.6887,0.1309,0.3769
377.6,8.6574,0.0681,0.5022
377.7,8.6126,0.3128,0.4003
377.8,8.6222,0.1552,0.341
377.9,8.789,0.2972,0.3742
378.0,8.7467,0.1387,0.36
378.1,8.7115,0.1617,0.2765
378.2,8.6373,0.1227,0.3488
378.3,8.6709,0.2932,0.354
378.4,8.7205,0.3275,0.3824
378.5,8.6229,0.4546,0.4589
378.6,8.6528,0.4279,0.5093
378.7,8.6524,0.4146,0.4737
378.8,8.7877,0.3833,0.4819
378.9,8.7691,0.2183,0.4996
379.0,8.7108,0.1609,0.4541
379.1,8.8335,0.0764,0.4294
379.2,8.871,0.054,0.4031
379.3,8.8734,0.1824,0.4678
379.4,8.9488,0.0217,0.4914
379.5,8.8385,0.2012,0.4839
379.6,8.6983,0.121,0.5105
379.7,8.9454,0.1154,0.5732
379.8,8.9704,-0.014,0.5927
379.9,8.7882,0.0367,0.4858
380.0,8.7482,0.0191,0.4939
380.1,8.8658,-0.0629,0.486
380.2,9.0134,0.0811,0.3902
380.3,9.0765,-0.0398,0.3821
380.4,9.2932,0.0344,0.2845
380.5,9.2719,0.1175,0.1801
380.6,9.4499,0.133,0.1532
380.7,9.4975,0.2272,0.1237
380.8,9.5112,0.2268,0.1884
380.9,9.3095,0.3488,0.097
381.0,9.3966,0.3707,0.1883
381.1,9.3345,0.2037,0.1986
381.2,9.3032,0.3519,0.1843
381.3,9.3027,0.3234,0.1907
381.4,9.1651,0.3214,0.2329
381.5,9.1274,0.2914,0.2689
381.6,9.2035,0.1659,0.2803
381.7,9.1711,0.1002,0.3681
381.8,9.1342,0.0916,0.4213
381.9,9.1586,0.0091,0.4416
382.0,9.0241,-0.0725,0.4143
382.1,9.0185,0.0205,0.4298
382.2,8.9238,0.0619,0.3126
382.3,8.8132,0.1358,0.1367
382.4,8.9178,0.2287,0.1696
382.5,9.193,0.1535,0.1305
382.6,9.2489,0.0917,0.1386
382.7,9.1811,0.083,0.0907
382.8,9.1311,0.2166,0.1171
382.9,9.0062,0.2622,0.161
383.0,8.9963,0.2821,0.2832
383.1,9.0567,0.3605,0.1752
383.2,8.8964,0.5908,0.2164
383.3,8.8094,0.6703,0.2493
383.4,8.9378,0.6251,0.1186
383.5,8.936,0.6856,0.1505
383.6,8.8797,0.7147,0.1491
383.7,8.8246,0.7249,0.1851
383.8,8.7099,0.7569,0.1671
383.9,8.731,0.809,0.1995
384.0,8.7213,0.8362,0.2688
384.1,8.633,0.7628,0.2431
384.2,8.5657,0.7453,0.2419
384.3,8.4926,0.5697,0.2964
384.4,8.5021,0.8505,0.3333
384.5,8.6561,0.9225,0.2475
384.6,8.6948,1.0244,0.1637
384.7,8.6538,1.1192,0.1953
384.8,8.5182,1.1463,0.2338
384.9,8.4634,0.9324,0.2093
385.0,8.4006,0.8523,0.2609
385.1,8.4434,0.8628,0.2232
385.2,8.3182,0.583,0.2686
385.3,8.2167,0.623,0.2733
385.4,8.1607,0.3926,0.1991
385.5,8.4972,0.3599,0.2508
385.6,8.3305,0.1744,0.194
385.7,8.2148,0.0593,0.0962
385.8,8.2735,-0.1346,0.148
385.9,8.3111,-0.099,0.0811
386.0,8.3925,0.0348,0.0232
386.1,8.4073,-0.0032,-0.0006
386.2,8.4811,0.0091,0.1998
386.3,8.495,-0.0259,0.1405
386.4,8.5786,-0.0263,0.1675
386.5,8.6439,-0.1009,0.0893
386.6,8.731,-0.1999,0.0375
386.7,8.7329,-0.2368,0.1469
386.8,8.6986,-0.3427,0.1314
386.9,8.6459,-0.464,0.174
387.0,8.6412,-0.6463,0.113
387.1,8.5507,-0.6973,0.1196
387.2,8.466,-0.5372,0.1465
387.3,8.4792,-0.571,0.0403
387.4,8.4859,-0.44,0.0098
387.5,8.424,-0.6598,0.0081
387.6,8.341,-0.6177,0.1176
387.7,8.2374,-0.5801,0.0387
387.8,8.2509,-0.5389,0.0642
387.9,8.2965,-0.3964,-0.0329
388.0,8.4731,-0.4107,0.0547
388.1,8.3756,-0.3252,0.1112
388.2,8.4167,-0.2468,0.0385
388.3,8.4402,-0.27,-0.0358
388.4,8.4083,-0.2879,-0.027
388.5,8.3512,-0.4148,0.061
388.6,8.3081,-0.4355,0.099
388.7,8.1439,-0.4984,0.109
388.8,8.1927,-0.5225,0.0557
388.9,8.3129,-0.5005,0.0317
389.0,8.2677,-0.4157,-0.0452
389.1,8.1457,-0.2689,-0.0627
389.2,7.9369,-0.3587,-0.1087
389.3,7.815,-0.3474,0.0014
389.4,7.9962,-0.3788,-0.0661
389.5,7.8643,-0.3208,-0.0278
389.6,7.9003,-0.3212,-0.0011
389.7,7.9361,-0.2275,-0.0091
389.8,8.1664,-0.1139,0.0572
389.9,8.1798,0.1552,-0.0078
390.0,8.1183,0.1811,0.0324
390.1,8.1487,0.1586,0.0858
390.2,8.1048,0.0256,0.0947
390.3,8.033,-0.0961,-0.0438
390.4,7.8204,-0.4697,0.0255
390.5,7.8596,-0.428,-0.0622
390.6,7.9821,-0.4667,-0.0615
390.7,7.8219,-0.4986,0.0108
390.8,7.8461,-0.4557,-0.0406
390.9,7.8911,-0.5931,0.0633
391.0,7.8246,-0.7157,0.0881
391.1,7.8005,-0.802,0.2148
391.2,7.8482,-0.7036,0.2081
391.3,7.8831,-0.6957,0.1319
391.4,7.7889,-0.8357,0.184
391.5,7.7239,-0.9938,0.2662
391.6,7.8363,-1.0363,0.2966
391.7,7.8691,-0.9403,0.3823
391.8,7.8577,-0.8972,0.3613
391.9,7.8562,-0.8025,0.2918
392.0,7.928,-0.6075,0.3033
392.1,7.7996,-0.7012,0.2743
392.2,7.7242,-0.8442,0.3178
392.3,7.6434,-0.601,0.3555
392.4,7.6589,-0.7069,0.3829
392.5,7.6943,-0.7946,0.3583
392.6,7.515,-0.8762,0.2867
392.7,7.4953,-0.7718,0.2056
392.8,7.3701,-0.9213,0.1648
392.9,7.2436,-0.7084,0.0264
393.0,7.2158,-0.8317,-0.0258
393.1,7.1359,-0.9579,-0.1407
393.2,7.1169,-0.909,-0.141
393.3,7.0394,-0.7287,-0.0085
393.4,7.1273,-0.7516,0.034
393.5,7.0736,-0.7073,0.081
393.6,7.1314,-0.647,0.0472
393.7,7.1729,-0.6557,0.1958
393.8,7.1906,-0.6911,0.165
393.9,7.2016,-0.6607,0.1589
394.0,7.2722,-0.805,0.2322
394.1,7.2769,-0.6111,0.1669
394.2,7.2207,-0.3986,0.1623
394.3,7.1268,-0.4802,0.1179
394.4,7.1685,-0.6099,0.0837
394.5,7.2996,-0.6867,0.2283
394.6,7.2936,-0.7466,0.3124
394.7,7.0757,-0.7414,0.3053
394.8,7.1302,-0.8944,0.3826
394.9,7.1284,-0.7989,0.2701
395.0,7.234,-0.6736,0.2759
395.1,7.4001,-0.5458,0.2422
395.2,7.3395,-0.7762,0.2361
395.3,7.3836,-0.8037,0.1497
395.4,7.3827,-0.6062,0.1285
395.5,7.3458,-0.6036,0.0305
395.6,7.306,-0.6039,0.0291
395.7,7.2694,-0.6449,0.0378
395.8,7.2783,-0.5,0.0208
395.9,7.294,-0.6897,0.0167
396.0,7.2818,-0.6634,0.1135
396.1,7.1782,-0.5536,0.0641
396.2,7.2937,-0.6074,0.0879
396.3,7.4979,-0.5308,0.1292
396.4,7.4304,-0.9201,0.1013
396.5,7.5088,-0.7729,0.1404
396.6,7.5338,-0.7262,0.2066
396.7,7.6447,-0.7788,0.2144
396.8,7.67,-0.8213,0.1065
396.9,7.7654,-0.885,0.0346
397.0,7.8328,-0.8853,-0.0363
397.1,7.6575,-0.7451,-0.0106
397.2,7.6995,-0.8685,0.1095
397.3,7.9994,-0.7456,0.075
397.4,7.9845,-0.6932,0.0481
397.5,7.8,-0.7768,0.0712
397.6,7.875,-0.5905,0.0324
397.7,7.9454,-0.4039,0.086
397.8,7.9962,-0.3806,0.1397
397.9,8.089,-0.3036,0.2202
398.0,8.1058,-0.2806,0.1952
398.1,8.0918,-0.4765,0.1747
398.2,8.2501,-0.6452,0.2007
398.3,8.3684,-0.858,0.2712
398.4,8.5353,-0.7557,0.2202
398.5,8.6697,-0.7682,0.0825
398.6,8.6536,-0.9494,0.0276
398.7,8.5698,-1.0487,0.0581
398.8,8.6066,-1.0166,0.1082
398.9,8.5544,-0.9141,0.1043
399.0,8.5337,-0.9483,0.1006
399.1,8.5749,-0.9838,0.1282
399.2,8.3665,-1.0146,0.2185
399.3,8.3488,-1.0694,0.2495
399.4,8.5534,-1.3253,0.2544
399.5,8.5627,-1.3138,0.3004
399.6,8.5492,-1.3802,0.3599
399.7,8.5032,-1.3732,0.2956
399.8,8.6112,-1.3624,0.3205
399.9,8.7446,-1.2864,0.3205
400.0,8.6132,-1.4861,0.266
400.1,8.4764,-1.4168,0.2871
400.2,8.5386,-1.3159,0.2842
400.3,8.5263,-1.2444,0.2432
400.4,8.5156,-1.4536,0.2867
400.5,8.6089,-1.4193,0.3785
400.6,8.5987,-1.3555,0.3514
400.7,8.6528,-1.2479,0.3291
400.8,8.6692,-1.1172,0.2837
400.9,8.5743,-1.0037,0.2578
401.0,8.5259,-0.9791,0.2912
401.1,8.5727,-0.8517,0.3091
401.2,8.4835,-0.689,0.3034
401.3,8.5852,-0.7095,0.3813
401.4,8.5956,-0.6224,0.4507
401.5,8.7021,-0.5761,0.5484
401.6,8.7058,-0.6559,0.5094
401.7,8.951,-0.787,0.4937
401.8,8.9846,-0.9211,0.5152
401.9,9.232,-0.8273,0.433
402.0,9.3273,-0.7392,0.4293
402.1,9.4271,-0.6625,0.3885
402.2,9.3689,-0.6431,0.4398
402.3,9.2839,-0.3874,0.4464
402.4,9.4605,-0.5077,0.3809
402.5,9.4978,-0.58,0.4232
402.6,9.4742,-0.5205,0.3919
402.7,9.4974,-0.5868,0.4446
402.8,9.5704,-0.4226,0.4072
402.9,9.5953,-0.3461,0.4464
403.0,9.8862,-0.5905,0.3894
403.1,9.8823,-0.7826,0.4141
403.2,9.7585,-0.9501,0.3658
403.3,9.9382,-0.8476,0.4584
403.4,9.9971,-0.6691,0.5458
403.5,10.2783,-0.7902,0.6459
403.6,10.2139,-0.8259,0.6405
403.7,10.1234,-0.7543,0.6978
403.8,10.1862,-0.516,0.6983
403.9,10.129,-0.64,0.8128
404.0,10.2189,-0.7738,0.7817
404.1,10.1858,-0.8134,0.7365
404.2,10.2759,-0.7318,0.7086
404.3,10.2036,-0.6468,0.7475
404.4,10.1103,-0.6868,0.6965
404.5,10.1521,-0.7873,0.6995
404.6,10.0363,-0.7492,0.6621
404.7,10.0051,-0.7281,0.6152
404.8,10.0967,-0.5817,0.6353
404.9,10.1862,-0.6309,0.5724
405.0,10.2931,-0.6479,0.5292
405.1,10.3231,-0.7244,0.5557
405.2,10.4553,-0.8808,0.5551
405.3,10.4563,-0.7534,0.5393
405.4,10.2596,-0.7498,0.6416
405.5,10.262,-0.707,0.541
405.6,10.1059,-1.0345,0.5909
405.7,10.1542,-0.8833,0.599
405.8,10.1266,-0.8475,0.6609
405.9,10.2575,-0.847,0.7588
406.0,10.3341,-0.8085,0.6977
406.1,10.3358,-0.8961,0.7635
406.2,10.2039,-0.9031,0.7222
406.3,10.0879,-0.8946,0.727
406.4,10.1607,-0.9215,0.8113
406.5,10.1413,-0.7819,0.8223
406.6,10.1982,-0.7003,0.8549
406.7,10.2194,-0.734,0.7799
406.8,10.2594,-0.6718,0.8334
406.9,10.1509,-0.7985,0.818
407.0,10.0439,-0.9488,0.801
407.1,10.0834,-0.7163,0.6208
407.2,10.0958,-0.7244,0.4927
407.3,10.0311,-0.6727,0.4844
407.4,9.7809,-0.4675,0.441
407.5,9.9872,-0.3782,0.5133
407.6,9.9743,-0.404,0.641
407.7,10.001,-0.4742,0.7482
407.8,9.9567,-0.4826,0.7772
407.9,9.882,-0.4749,0.7946
408.0,9.8896,-0.6839,0.8683
408.1,9.8827,-0.5914,0.8733
408.2,9.8846,-0.6321,0.9061
408.3,9.723,-0.8658,0.9032
408.4,9.7573,-0.837,0.9604
408.5,9.7234,-0.869,0.8622
408.6,9.6931,-1.0843,0.8315
408.7,9.7609,-0.951,0.7047
408.8,9.7603,-0.9715,0.6466
408.9,9.5625,-0.87,0.7102
409.0,9.6463,-0.7742,0.6779
409.1,9.6789,-0.6138,0.5794
409.2,9.6248,-0.6748,0.4889
409.3,9.6764,-0.7635,0.4806
409.4,9.5873,-0.7527,0.4148
409.5,9.7057,-0.4933,0.4226
409.6,9.6521,-0.362,0.3698
409.7,9.5847,-0.3272,0.3451
409.8,9.6504,-0.309,0.416
409.9,9.6059,-0.2124,0.3852
410.0,9.5494,-0.2591,0.5622
410.1,9.5,-0.123,0.5809
410.2,9.5242,-0.0243,0.5062
410.3,9.4098,-0.0825,0.3592
410.4,9.4444,-0.0792,0.2964
410.5,9.469,-0.1992,0.3387
410.6,9.3764,-0.2529,0.3239
410.7,9.264,-0.1996,0.3645
410.8,9.2015,-0.2567,0.2323
410.9,9.1772,-0.2369,0.2745
411.0,8.957,-0.331,0.3017
411.1,9.0134,-0.3751,0.3463
411.2,9.1048,-0.4048,0.3402
411.3,9.1289,-0.1567,0.388
411.4,9.193,-0.0837,0.3427
411.5,9.167,-0.1934,0.1972
411.6,9.2475,-0.1999,0.2106
411.7,9.2897,-0.0229,0.216
411.8,9.3464,-0.0039,0.3052
411.9,9.153,-0.1275,0.2485
412.0,9.1791,-0.254,0.1944
412.1,9.1709,-0.2999,0.1988
412.2,9.0351,-0.1619,0.265
412.3,9.048,-0.1249,0.3444
412.4,9.0157,-0.075,0.4094
412.5,8.8935,0.1334,0.5021
412.6,8.7973,0.1287,0.5729
412.7,8.7907,0.1224,0.5892
412.8,8.746,0.136,0.459
412.9,8.7473,0.2339,0.4881
413.0,8.8185,0.3674,0.4999
413.1,8.8634,0.1101,0.5322
413.2,8.5557,-0.0652,0.3661
413.3,8.4233,-0.0188,0.4279
413.4,8.6539,-0.0478,0.5438
413.5,8.5207,0.0664,0.5106
413.6,8.4283,0.0161,0.3934
413.7,8.4284,0.0285,0.3559
413.8,8.4706,-0.0581,0.3452
413.9,8.4448,0.1355,0.3283
414.0,8.5145,0.0086,0.3581
414.1,8.27,-0.0967,0.2743
414.2,8.4399,-0.1397,0.248
414.3,8.5263,0.0638,0.1688
414.4,8.6034,0.181,0.1553
414.5,8.6231,0.1891,0.0299
414.6,8.5335,0.1107,0.1088
414.7,8.6678,0.0359,0.1067
414.8,8.656,0.07,0.039
414.9,8.8116,-0.0163,0.0375
415.0,8.9032,-0.0899,0.0861
415.1,8.8151,0.0261,0.0275
415.2,8.7939,0.0726,0.1574
415.3,8.7581,-0.0382,0.1825
415.4,8.7523,-0.0505,0.0938
415.5,8.9015,-0.0198,0.0803
415.6,8.7094,0.0165,0.0304
415.7,8.85,-0.1472,-0.009
415.8,8.7913,-0.2989,0.0457
415.9,8.8388,-0.2301,0.0548
416.0,8.8339,-0.4058,0.0087
416.1,8.7051,-0.4161,0.1041
416.2,8.7599,-0.4052,0.34
416.3,8.699,-0.3342,0.3931
416.4,8.6021,-0.4026,0.3824
416.5,8.6004,-0.4155,0.3059
416.6,8.4918,-0.3575,0.3377
416.7,8.6642,-0.4216,0.3947
416.8,8.4856,-0.2979,0.4562
416.9,8.3372,-0.6248,0.4551
417.0,8.3981,-0.5464,0.4546
417.1,8.2136,-0.5559,0.4306
417.2,8.3028,-0.4222,0.4769
417.3,8.2721,-0.5958,0.3794
417.4,8.3083,-0.6044,0.2916
417.5,8.4159,-0.5867,0.2237
417.6,8.3535,-0.5953,0.2466
417.7,8.426,-0.5355,0.4563
417.8,8.4004,-0.6616,0.4146
417.9,8.5158,-0.7468,0.379
418.0,8.5974,-0.8165,0.391
418.1,8.5339,-0.8701,0.2384
418.2,8.4662,-0.8966,0.2156
418.3,8.4668,-0.9728,0.2297
418.4,8.3288,-0.9464,0.1765
418.5,8.2663,-0.8521,0.0056
418.6,8.3245,-0.8721,-0.0337
418.7,8.2923,-0.6756,0.0845
418.8,8.0641,-0.7142,0.1633
418.9,7.9748,-0.6367,0.2482
419.0,7.8654,-0.7118,0.3059
419.1,7.9109,-0.708,0.247
419.2,7.9594,-0.7171,0.1907
419.3,8.0056,-0.8438,-0.0296
419.4,7.991,-0.7022,-0.0587
419.5,8.2428,-0.7318,-0.1144
419.6,8.2712,-0.814,-0.0057
419.7,8.2331,-0.6886,0.0405
419.8,8.088,-0.6182,0.1005
419.9,8.1825,-0.4767,0.049
420.0,8.2718,-0.5731,-0.0249
420.1,8.2929,-0.5382,0.0093
420.2,8.4114,-0.6804,0.0324
420.3,8.4871,-0.9648,0.173
420.4,8.3637,-1.0738,0.2327
420.5,8.4615,-1.1239,0.1369
420.6,8.3414,-1.0785,0.1761
420.7,8.5517,-1.0734,0.2544
420.8,8.3397,-1.0567,0.2629
420.9,8.4025,-1.1627,0.2529
421.0,8.3606,-1.0602,0.3596
421.1,8.3668,-0.9257,0.2781
421.2,8.2489,-0.9325,0.2281
421.3,8.0772,-0.9072,0.3373
421.4,8.0532,-0.8353,0.2664
421.5,8.0277,-0.8818,0.3516
421.6,8.0418,-0.9214,0.4161
421.7,7.9455,-0.9052,0.4637
421.8,7.9096,-1.0008,0.4868
421.9,7.8681,-1.0506,0.5187
422.0,7.9224,-1.1828,0.4122
422.1,8.0019,-1.066,0.442
422.2,7.9856,-0.9391,0.59
422.3,7.9131,-0.8101,0.5839
422.4,7.9373,-0.8109,0.5459
422.5,7.9794,-0.7593,0.5468
422.6,7.9782,-0.9602,0.4848
422.7,8.0658,-0.9367,0.5318
422.8,8.0906,-0.8727,0.5332
422.9,8.0804,-0.671,0.461
423.0,8.1187,-0.7304,0.4416
423.1,8.0668,-0.6825,0.3128
423.2,8.038,-0.869,0.3073
423.3,7.9963,-0.9517,0.3066
423.4,8.0968,-0.9786,0.2369
423.5,7.9524,-0.9094,0.2305
423.6,7.9544,-0.9548,0.2128
423.7,8.0475,-0.6224,0.2078
423.8,7.8868,-0.6736,0.2912
423.9,7.9459,-0.5696,0.3755
424.0,8.0929,-0.4226,0.3232
424.1,8.0128,-0.5529,0.1943
424.2,8.01,-0.6176,0.0725
424.3,8.0539,-0.6171,0.0744
424.4,7.9509,-0.5319,0.1505
424.5,7.8444,-0.409,0.1343
424.6,7.9683,-0.2114,0.032
424.7,8.0401,-0.223,-0.1336
424.8,8.0102,-0.1968,-0.1288
424.9,8.1467,-0.1354,-0.0687
425.0,8.1488,-0.0614,-0.1877
425.1,8.1241,-0.0507,-0.214
425.2,8.0675,0.0545,-0.0991
425.3,8.185,-0.0523,-0.2536
425.4,8.1768,-0.0823,-0.3899
425.5,8.2302,-0.2345,-0.5287
425.6,8.2198,-0.0888,-0.6353
425.7,8.3496,-0.2069,-0.5303
425.8,8.5322,-0.325,-0.6345
425.9,8.4667,-0.4556,-0.5785
426.0,8.5498,-0.4019,-0.6256
426.1,8.553,-0.5321,-0.6545
426.2,8.5864,-0.5926,-0.617
426.3,8.6499,-0.4819,-0.6317
426.4,8.8468,-0.7142,-0.579
426.5,8.8637,-0.8544,-0.719
426.6,8.9721,-0.9703,-0.8314
426.7,9.094,-0.8403,-0.9602
426.8,8.9825,-0.8765,-0.9211
426.9,8.9207,-0.8956,-0.8751
427.0,8.8118,-1.0257,-0.922
427.1,8.8631,-0.8833,-0.98
427.2,8.801,-0.8089,-1.0947
427.3,8.7602,-0.9671,-1.1123
427.4,8.7954,-0.9511,-1.0729
427.5,8.5781,-0.9395,-1.0488
427.6,8.5287,-0.8622,-1.0715
427.7,8.7439,-0.8492,-1.1842
427.8,8.7427,-0.5893,-1.1081
427.9,8.8836,-0.7385,-0.9551
428.0,9.0269,-0.6568,-0.9222
428.1,8.8668,-0.7691,-0.8219
428.2,8.763,-0.7638,-0.8687
428.3,8.77,-0.5721,-0.7627
428.4,8.6874,-0.6166,-0.7938
428.5,8.9274,-0.5226,-0.8188
428.6,9.0163,-0.5684,-0.7852
428.7,9.0347,-0.5151,-0.7606
428.8,9.0927,-0.4295,-0.8598
428.9,8.9298,-0.3594,-0.9306
429.0,8.9062,-0.5085,-0.9929
429.1,8.8046,-0.4015,-1.0011
429.2,8.6212,-0.4858,-0.9083
429.3,8.5182,-0.5488,-0.976
429.4,8.4681,-0.6202,-1.0607
429.5,8.5185,-0.5067,-1.0229
429.6,8.2688,-0.5082,-0.9118
429.7,8.3191,-0.4752,-0.9149
429.8,8.4198,-0.6984,-0.8156
429.9,8.5169,-0.7772,-0.7504
430.0,8.4247,-0.7538,-0.74
430.1,8.501,-0.8491,-0.6927
430.2,8.5331,-1.0096,-0.7177
430.3,8.471,-1.0383,-0.737
430.4,8.4348,-0.883,-0.7793
430.5,8.444,-0.8315,-0.7521
430.6,8.4279,-0.5925,-0.7916
430.7,8.332,-0.4793,-0.752
430.8,8.4733,-0.4435,-0.6792
430.9,8.3515,-0.3253,-0.6713
431.0,8.2334,-0.2644,-0.6168
431.1,8.1857,-0.3004,-0.6338
431.2,8.1039,-0.3059,-0.5414
431.3,8.2566,-0.2629,-0.5747
431.4,8.2388,-0.4053,-0.5503
431.5,8.4,-0.1104,-0.6489
431.6,8.2908,-0.0323,-0.7562
431.7,8.3297,-0.1994,-0.7155
431.8,8.421,-0.0473,-0.6715
431.9,8.3539,0.0123,-0.8324
432.0,8.2132,-0.1728,-0.9275
432.1,8.2065,-0.0051,-0.909
432.2,8.2628,-0.046,-0.9112
432.3,8.2514,-0.0124,-0.9182
432.4,8.3794,-0.0923,-0.8412
432.5,8.3398,0.1381,-0.9016
432.6,8.3347,-0.006,-0.8808
432.7,8.3193,-0.0557,-0.9733
432.8,8.2652,0.0478,-0.9638
432.9,8.2521,0.0202,-0.8379
433.0,8.3819,0.0047,-0.7951
433.1,8.4002,-0.2125,-0.6636
433.2,8.4256,0.0715,-0.641
433.3,8.4499,0.0094,-0.6011
433.4,8.4547,0.0156,-0.5518
433.5,8.4529,-0.0105,-0.4003
433.6,8.5029,-0.1,-0.362
433.7,8.6576,-0.0605,-0.3241
433.8,8.6726,-0.2062,-0.2981
433.9,8.6756,-0.1996,-0.3496
434.0,8.7731,0.0155,-0.4504
434.1,8.6786,-0.1286,-0.4324
434.2,8.825,-0.1627,-0.4567
434.3,8.858,-0.1957,-0.457
434.4,8.8236,-0.3926,-0.5573
434.5,8.8385,-0.1713,-0.5346
434.6,8.8379,-0.1342,-0.6105
434.7,8.8662,-0.1426,-0.4966
434.8,8.9407,0.0585,-0.6503
434.9,8.9162,0.1929,-0.6842
435.0,8.8149,0.0455,-0.6045
435.1,9.0224,0.006,-0.6034
435.2,9.1145,0.135,-0.6573
435.3,9.0761,0.1043,-0.7529
435.4,9.0681,0.1982,-0.7254
435.5,9.0935,0.2092,-0.5776
435.6,9.0531,0.2284,-0.5882
435.7,9.1525,0.2712,-0.6506
435.8,9.1568,0.299,-0.6173
435.9,9.1428,0.2237,-0.6313
436.0,9.1378,0.3274,-0.514
436.1,9.1493,0.2651,-0.5539
436.2,9.2451,0.2942,-0.4927
436.3,9.3234,0.4316,-0.4483
436.4,9.2136,0.356,-0.3494
436.5,9.4144,0.3281,-0.3708
436.6,9.6062,0.4543,-0.3104
436.7,9.6576,0.4172,-0.3117
436.8,9.4796,0.462,-0.4626
436.9,9.5436,0.5262,-0.472
437.0,9.5913,0.4466,-0.5304
437.1,9.7193,0.5354,-0.5836
437.2,9.621,0.4386,-0.5261
437.3,9.5951,0.3795,-0.4277
437.4,9.7302,0.4859,-0.4452
437.5,9.6023,0.3835,-0.4517
437.6,9.6043,0.269,-0.5191
437.7,9.667,0.4225,-0.4628
437.8,9.6453,0.4637,-0.5567
437.9,9.5381,0.5411,-0.4435
438.0,9.5193,0.4522,-0.4746
438.1,9.6494,0.3817,-0.3735
438.2,9.5507,0.5524,-0.343
438.3,9.4589,0.5847,-0.2638
438.4,9.5972,0.5875,-0.4417
438.5,9.5677,0.5816,-0.4576
438.6,9.5438,0.662,-0.4035
438.7,9.6938,0.6609,-0.354
438.8,9.7589,0.5687,-0.2356
438.9,9.7507,0.6029,-0.2535
439.0,9.7525,0.694,-0.2161
439.1,9.7789,0.6857,-0.1111
439.2,9.7736,0.6062,-0.1847
439.3,9.7896,0.6623,-0.1868
439.4,9.5904,0.8554,-0.1239
439.5,9.5788,0.8235,-0.0947
439.6,9.7017,0.841,-0.0856
439.7,9.7504,0.9542,-0.1652
439.8,9.6834,0.8154,-0.1134
439.9,9.7492,0.8453,-0.1655
440.0,9.8218,0.5563,-0.1985
440.1,9.8019,0.419,-0.1251
440.2,9.686,0.2492,-0.1316
440.3,9.7513,0.0354,-0.1036
440.4,9.6518,0.0972,-0.2147
440.5,9.5585,0.1086,-0.2705
440.6,9.516,-0.1117,-0.3116
440.7,9.3989,-0.1222,-0.406
440.8,9.3618,0.049,-0.4451
440.9,9.4207,-0.006,-0.4815
441.0,9.406,-0.1096,-0.4401
441.1,9.4395,-0.2603,-0.3831
441.2,9.4421,-0.0827,-0.3942
441.3,9.5177,-0.12,-0.2981
441.4,9.5849,-0.3095,-0.3951
441.5,9.6118,-0.2662,-0.4744
441.6,9.5647,-0.5011,-0.5415
441.7,9.5556,-0.559,-0.5433
441.8,9.5893,-0.5916,-0.4818
441.9,9.5065,-0.5943,-0.4292
442.0,9.3789,-0.7036,-0.3008
442.1,9.475,-0.6087,-0.4145
442.2,9.6451,-0.2607,-0.4138
442.3,9.4393,-0.1671,-0.4512
442.4,9.407,-0.1326,-0.4401
442.5,9.3483,-0.2873,-0.4227
442.6,9.4122,-0.3128,-0.4941
442.7,9.5184,-0.3646,-0.4459
442.8,9.4313,-0.2552,-0.4443
442.9,9.2808,-0.3673,-0.4545
443.0,9.3063,-0.3965,-0.5454
443.1,9.2135,-0.4658,-0.5083
443.2,9.1506,-0.3022,-0.409
443.3,9.0772,-0.505,-0.4803
443.4,9.0137,-0.6559,-0.4292
443.5,9.1216,-0.7914,-0.4373
443.6,9.1656,-0.8318,-0.5124
443.7,9.1145,-0.9576,-0.4832
443.8,9.2557,-0.9612,-0.5687
443.9,9.2764,-0.6246,-0.5207
444.0,9.4277,-0.6259,-0.5469
444.1,9.4015,-0.6224,-0.5547
444.2,9.2688,-0.8788,-0.5346
444.3,9.3036,-0.8789,-0.6123
444.4,9.2539,-0.7512,-0.5106
444.5,9.3111,-0.7586,-0.5446
444.6,9.2389,-0.8218,-0.4609
444.7,9.149,-0.9394,-0.5369
444.8,8.9724,-0.8807,-0.3876
444.9,9.0365,-0.816,-0.3707
445.0,8.9562,-0.6715,-0.3576
445.1,9.1611,-0.7673,-0.3531
445.2,9.1769,-0.7376,-0.2611
445.3,9.1244,-0.6,-0.2482
445.4,9.0524,-0.6675,-0.2581
445.5,9.1337,-0.5173,-0.1588
445.6,9.078,-0.5751,-0.1133
445.7,9.1406,-0.5529,-0.1115
445.8,8.9555,-0.5108,-0.1319
445.9,8.9209,-0.4489,-0.0391
446.0,8.9568,-0.3452,-0.0872
446.1,8.9093,-0.3615,-0.1451
446.2,8.9358,-0.2897,-0.2075
446.3,8.9213,-0.1521,-0.0551
446.4,8.9146,-0.0718,-0.0566
446.5,8.6812,-0.2535,-0.1379
446.6,8.7261,-0.2158,-0.1467
446.7,8.7665,-0.3058,-0.1283
446.8,8.6289,-0.3558,-0.1487
446.9,8.3525,-0.3737,-0.2273
447.0,8.3954,-0.2794,-0.2708
447.1,8.2738,-0.2844,-0.242
447.2,8.216,-0.3584,-0.2488
447.3,8.0793,-0.3675,-0.3633
447.4,8.1414,-0.3666,-0.3953
447.5,8.0436,-0.2494,-0.4495
447.6,8.1112,-0.4938,-0.4395
447.7,8.1192,-0.5141,-0.4573
447.8,8.1304,-0.4201,-0.4343
447.9,8.2085,-0.5002,-0.4978
448.0,8.1273,-0.5289,-0.4844
448.1,8.1761,-0.3849,-0.5396
448.2,8.3564,-0.2769,-0.5934
448.3,8.2786,-0.3037,-0.5962
448.4,8.4162,-0.5155,-0.602
448.5,8.3602,-0.4703,-0.7185
448.6,8.1729,-0.5859,-0.7095
448.7,8.0387,-0.7002,-0.778
448.8,8.0029,-0.6802,-0.8028
448.9,7.976,-0.4982,-0.7854
449.0,7.953,-0.4158,-0.7877
449.1,7.9551,-0.6654,-0.7705
449.2,7.978,-0.5944,-0.7094
449.3,8.0155,-0.609,-0.6678
449.4,7.9656,-0.7269,-0.7093
449.5,8.2314,-1.0393,-0.7324
449.6,8.1957,-0.8724,-0.5689
449.7,8.2229,-0.9303,-0.4654
449.8,8.1825,-0.8382,-0.4211
449.9,8.1913,-0.8637,-0.4141
450.0,8.2203,-0.6637,-0.4695
450.1,8.1003,-0.7625,-0.5552
450.2,8.3094,-0.7208,-0.5398
450.3,8.365,-0.6496,-0.5321
450.4,8.3427,-0.6736,-0.4607
450.5,8.5059,-0.6,-0.3888
450.6,8.5172,-0.5759,-0.3483
450.7,8.5016,-0.6241,-0.4458
450.8,8.5373,-0.6996,-0.469
450.9,8.4779,-0.6808,-0.4856
451.0,8.6571,-0.6808,-0.3949
451.1,8.554,-0.81,-0.5916
451.2,8.5051,-0.7915,-0.5366
451.3,8.4015,-0.7852,-0.5361
451.4,8.3892,-0.8131,-0.5066
451.5,8.4116,-0.8364,-0.4573
451.6,8.4375,-0.9017,-0.4376
451.7,8.3703,-0.7153,-0.5962
451.8,8.5523,-0.6809,-0.6515
451.9,8.538,-0.6983,-0.6698
452.0,8.4222,-0.5818,-0.6902
452.1,8.2933,-0.5447,-0.5508
452.2,8.2056,-0.3666,-0.4912
452.3,8.1093,-0.2678,-0.3483
452.4,7.9515,-0.2606,-0.406
452.5,7.7375,-0.3754,-0.3712
452.6,7.5751,-0.542,-0.2889
452.7,7.4677,-0.3946,-0.3114
452.8,7.4625,-0.2897,-0.3395
452.9,7.6808,-0.5281,-0.3596
453.0,7.369,-0.348,-0.3789
453.1,7.3897,-0.4043,-0.5051
453.2,7.5345,-0.2545,-0.4322
453.3,7.6611,-0.3623,-0.3333
453.4,7.6992,-0.4242,-0.3299
453.5,7.8403,-0.4612,-0.3069
453.6,7.7655,-0.4722,-0.21
453.7,7.7458,-0.4405,-0.2956
453.8,7.7256,-0.4643,-0.2888
453.9,7.6316,-0.4042,-0.3413
454.0,7.6488,-0.3971,-0.408
454.1,7.5403,-0.4836,-0.3853
454.2,7.4474,-0.3311,-0.3267
454.3,7.496,-0.2759,-0.3376
454.4,7.5917,-0.2912,-0.2911
454.5,7.5133,-0.4619,-0.2404
454.6,7.5085,-0.5645,-0.1284
454.7,7.4555,-0.5865,-0.1073
454.8,7.3899,-0.5426,-0.0184
454.9,7.4608,-0.5563,-0.0817
455.0,7.2618,-0.5637,0.0367
455.1,7.1937,-0.4778,-0.1042
455.2,7.0993,-0.4781,-0.088
455.3,7.179,-0.4955,-0.0528
455.4,7.1107,-0.5047,-0.0616
455.5,7.2489,-0.5785,-0.0404
455.6,7.0911,-0.7351,-0.0127
455.7,7.1396,-0.6832,0.0356
455.8,7.0756,-0.6096,-0.2119
455.9,7.0545,-0.8779,-0.1966
456.0,7.0534,-0.92,-0.1188
456.1,7.0724,-0.931,-0.0784
456.2,7.1473,-0.8021,0.0374
456.3,7.2434,-0.7232,0.1
456.4,7.4638,-0.7223,0.0843
456.5,7.4142,-0.6256,0.0704
456.6,7.4548,-0.4988,0.0373
456.7,7.5977,-0.5501,-0.038
456.8,7.6086,-0.5586,-0.0014
456.9,7.6825,-0.5776,0.0662
457.0,7.6529,-0.5898,0.115
457.1,7.6442,-0.6012,0.0992
457.2,7.6867,-0.693,0.0693
457.3,7.7924,-0.7583,0.0049
457.4,7.6927,-0.8358,0.0015
457.5,7.5633,-0.8471,-0.0979
457.6,7.6263,-0.8261,-0.099
457.7,7.3932,-0.7479,-0.0968
457.8,7.3627,-0.6927,-0.0243
457.9,7.3216,-0.912,0.0288
458.0,7.2867,-0.7662,0.0234
458.1,7.152,-0.7227,-0.0103
458.2,7.2164,-0.5248,-0.0756
458.3,7.2218,-0.4844,-0.0642
458.4,7.204,-0.559,0.123
458.5,7.0332,-0.6387,0.1863
458.6,6.9546,-0.7542,0.1809
458.7,6.9531,-0.6951,0.0158
458.8,6.9553,-0.6853,0.008
458.9,7.0143,-0.7076,0.0171
459.0,7.137,-0.7307,0.019
459.1,7.2817,-0.7073,-0.084
459.2,7.3214,-0.6321,-0.1164
459.3,7.3366,-0.6323,-0.0627
459.4,7.2556,-0.531,-0.114
459.5,7.2093,-0.5285,-0.14
459.6,7.347,-0.3184,-0.0812
459.7,7.4043,-0.2051,-0.1521
459.8,7.2459,-0.0984,-0.0831
459.9,7.4228,-0.0412,-0.0678
460.0,7.4171,-0.0889,-0.1488
460.1,7.435,0.002,-0.1982
460.2,7.5273,-0.0304,-0.248
460.3,7.6403,0.0809,-0.1968
460.4,7.5665,0.0183,-0.2297
460.5,7.6395,0.0391,-0.2083
460.6,7.774,0.0496,-0.2554
460.7,7.8948,0.2157,-0.3098
460.8,7.9029,0.0238,-0.2661
460.9,7.9613,0.1786,-0.1897
461.0,8.0091,0.1623,-0.1921
461.1,7.8257,0.3013,-0.1184
461.2,7.8246,0.35,-0.1239
461.3,7.7596,0.2885,-0.1415
461.4,7.8041,0.206,-0.0916
461.5,7.7704,0.1732,-0.0967
461.6,7.7057,0.1829,-0.1928
461.7,7.764,0.1375,-0.2008
461.8,7.875,-0.082,-0.2567
461.9,7.9268,0.0151,-0.2699
462.0,8.0979,0.0952,-0.1102
462.1,7.9942,0.1881,-0.0574
462.2,8.0492,0.0757,-0.175
462.3,8.0792,0.08,-0.2616
462.4,7.9583,0.1367,-0.2715
462.5,8.0896,0.1245,-0.2718
462.6,8.3693,0.1103,-0.2393
462.7,8.2908,0.1221,-0.1219
462.8,8.2641,-0.0416,-0.0892
462.9,8.3485,-0.0445,-0.0977
463.0,8.366,0.013,-0.1661
463.1,8.256,-0.076,-0.0912
463.2,8.1926,-0.1441,-0.0577
463.3,8.2322,0.0754,-0.1748
463.4,8.3452,0.0461,-0.0845
463.5,8.259,-0.0196,-0.0778
463.6,8.264,0.0477,0.0158
463.7,8.282,0.0109,0.109
463.8,8.3875,-0.1273,0.1776
463.9,8.4781,-0.0879,0.2083
464.0,8.5009,-0.0637,0.2241
464.1,8.4131,-0.0127,0.2756
464.2,8.3261,0.1511,0.1582
464.3,8.4567,0.2592,0.0208
464.4,8.3939,0.2381,0.1109
464.5,8.5113,0.1869,0.1319
464.6,8.6785,0.2612,0.2545
464.7,8.6449,0.32,0.1928
464.8,8.6628,0.5157,0.1532
464.9,8.6365,0.6088,0.1437
465.0,8.5476,0.5071,0.1213
465.1,8.5777,0.3725,0.0593
465.2,8.382,0.4291,-0.0728
465.3,8.4315,0.6488,-0.0349
465.4,8.342,0.4681,-0.1327
465.5,8.3467,0.3037,-0.2464
465.6,8.3363,0.3046,-0.2678
465.7,8.4619,0.417,-0.1679
465.8,8.5906,0.4947,-0.2604
465.9,8.675,0.4623,-0.067
466.0,8.9329,0.6679,-0.1105
466.1,8.9153,0.5637,-0.1181
466.2,9.088,0.7282,-0.0353
466.3,9.0581,0.7281,-0.0979
466.4,9.1501,0.7845,-0.0774
466.5,9.0295,0.8709,0.0064
466.6,8.8896,0.9319,-0.0323
466.7,8.9236,1.1644,-0.1532
466.8,8.9167,1.3226,-0.2013
466.9,8.8054,1.2487,-0.1976
467.0,8.6986,1.0187,-0.1975
467.1,8.7551,0.9998,-0.027
467.2,8.8852,1.0607,-0.0077
467.3,8.7693,0.9866,-0.0989
467.4,8.9245,1.1222,-0.0694
467.5,8.8011,1.0865,-0.0339
467.6,8.7494,0.9865,-0.0393
467.7,8.7709,0.9891,0.0224
467.8,8.6771,0.9639,-0.0192
467.9,8.5227,1.0376,-0.0088
468.0,8.5149,0.8817,0.0923
468.1,8.5127,0.8941,0.1519
468.2,8.4567,0.9692,0.1091
468.3,8.5141,1.0158,-0.035
468.4,8.6189,0.9567,0.011
468.5,8.7247,0.9853,0.1293
468.6,8.804,0.864,0.1505
468.7,8.791,0.9992,0.0931
468.8,8.6941,0.8356,0.0189
468.9,8.8041,0.7725,0.0507
469.0,8.8901,0.8648,0.0559
469.1,8.7651,0.909,-0.0236
469.2,8.7817,0.9309,-0.0819
469.3,8.9404,0.9178,-0.2055
469.4,9.113,0.8721,-0.0494
469.5,9.3603,0.5913,-0.0114
469.6,9.4513,0.461,-0.1107
469.7,9.3848,0.4739,-0.1282
469.8,9.3315,0.3718,-0.1431
469.9,9.2874,0.2155,-0.0899
470.0,9.1072,0.3389,-0.1105
470.1,9.0161,0.3443,-0.0476
470.2,8.9373,0.5058,-0.1108
470.3,8.9654,0.3506,-0.0982
470.4,8.9403,0.3849,-0.0783
470.5,8.8975,0.4958,-0.0459
470.6,8.8026,0.6122,-0.1061
470.7,8.8569,0.5188,-0.0482
470.8,8.6823,0.652,0.0763
470.9,8.7015,0.7662,-0.1134
471.0,8.6866,0.8586,-0.2702
471.1,8.7123,0.6755,-0.3514
471.2,8.7441,0.6895,-0.385
471.3,8.7259,0.6293,-0.3608
471.4,8.6716,0.8326,-0.4216
471.5,8.4491,0.8056,-0.467
471.6,8.396,0.8426,-0.4193
471.7,8.236,0.6873,-0.4668
471.8,8.3202,0.4937,-0.458
471.9,8.5421,0.2198,-0.5054
472.0,8.594,0.2645,-0.5231
472.1,8.4478,0.2635,-0.4618
472.2,8.4736,0.2853,-0.484
472.3,8.5078,0.2047,-0.357
472.4,8.6094,0.1201,-0.4406
472.5,8.6638,0.1127,-0.3985
472.6,8.8276,0.1098,-0.4988
472.7,8.7656,0.1478,-0.5334
472.8,8.6921,0.1396,-0.5531
472.9,8.8036,-0.078,-0.649
473.0,8.8087,-0.0531,-0.5801
473.1,8.7746,-0.0539,-0.6559
473.2,8.7243,0.1925,-0.7875
473.3,8.6814,0.1416,-0.8076
473.4,8.6255,0.0337,-0.8775
473.5,8.6377,0.1391,-0.8489
473.6,8.5952,0.1184,-0.7405
473.7,8.7002,0.0416,-0.8351
473.8,8.7785,-0.0193,-0.8232
473.9,8.6861,0.134,-0.8416
474.0,8.6255,0.201,-0.7101
474.1,8.7643,0.2248,-0.749
474.2,8.6568,0.1744,-0.7082
474.3,8.6175,0.1209,-0.678
474.4,8.7774,0.0321,-0.6996
474.5,8.8386,0.1959,-0.7311
474.6,8.9528,0.3249,-0.7633
474.7,9.0294,0.3504,-0.7087
474.8,9.0656,0.3914,-0.7523
474.9,9.0193,0.3987,-0.826
475.0,8.9982,0.435,-0.888
475.1,9.0018,0.5609,-0.8248
475.2,9.0092,0.5279,-0.8502
475.3,9.0332,0.4879,-0.851
475.4,9.1433,0.5042,-0.7902
475.5,9.3004,0.4153,-0.773
475.6,9.3362,0.4324,-0.7671
475.7,9.2217,0.3441,-0.7627
475.8,9.2376,0.1978,-0.7735
475.9,9.2792,0.3126,-0.7808
476.0,9.3485,0.4395,-0.7112
476.1,9.4662,0.5155,-0.5803
476.2,9.4316,0.4984,-0.6788
476.3,9.4385,0.5565,-0.6236
476.4,9.4426,0.5633,-0.5517
476.5,9.4174,0.695,-0.5731
476.6,9.3912,0.8175,-0.5307
476.7,9.4646,0.9935,-0.4924
476.8,9.3537,1.054,-0.4522
476.9,9.3388,1.0156,-0.4195
477.0,9.3796,0.9229,-0.4855
477.1,9.4578,1.0481,-0.4025
477.2,9.4661,1.0204,-0.4127
477.3,9.4356,0.9893,-0.376
477.4,9.2804,0.9614,-0.3833
477.5,9.2715,0.7966,-0.4598
477.6,9.2337,0.5465,-0.4888
477.7,9.1314,0.3403,-0.5341
477.8,9.19,0.2428,-0.4304
477.9,9.1526,0.1787,-0.3533
478.0,9.1873,0.2612,-0.2661
478.1,8.9983,0.2431,-0.2353
478.2,8.9909,0.3798,-0.2848
478.3,9.0669,0.4146,-0.3171
478.4,9.0098,0.3762,-0.2741
478.5,9.0458,0.5023,-0.2299
478.6,9.122,0.3766,-0.2216
478.7,9.1899,0.3068,-0.0926
478.8,9.1606,0.228,-0.0966
478.9,9.0633,0.3852,-0.1301
479.0,9.1214,0.5265,-0.1481
479.1,9.1688,0.4695,-0.1145
479.2,9.0583,0.491,-0.0795
479.3,8.954,0.6586,0.0231
479.4,9.1285,0.6746,-0.02
479.5,9.2371,0.6938,-0.1061
479.6,9.1926,0.6768,-0.0431
479.7,9.4485,0.7376,-0.0157
479.8,9.7066,0.585,-0.0507
479.9,9.8303,0.6266,-0.082
480.0,9.7449,0.4813,-0.0077
480.1,9.7829,0.4166,0.0504
480.2,9.626,0.6638,-0.0235
480.3,9.7635,0.678,0.0663
480.4,9.5901,0.809,0.1087
480.5,9.3951,0.8323,0.0077
480.6,9.4465,0.5798,-0.0208
480.7,9.5218,0.6293,0.0037
480.8,9.5883,0.6701,-0.0028
480.9,9.5901,0.7064,0.024
481.0,9.6999,0.6231,0.0482
481.1,9.5574,0.5245,0.0206
481.2,9.5004,0.2121,0.0256
481.3,9.5216,0.1265,0.1088
481.4,9.5683,0.212,0.1434
481.5,9.4017,0.1978,0.2361
481.6,9.3774,0.2586,0.2591
481.7,9.476,0.3342,0.2428
481.8,9.4851,0.4538,0.2716
481.9,9.5577,0.5494,0.1502
482.0,9.4932,0.4812,0.1588
482.1,9.4004,0.5101,0.1448
482.2,9.4487,0.4494,0.0796
482.3,9.5175,0.3859,0.1816
482.4,9.6244,0.4668,0.164
482.5,9.5367,0.5935,0.2103
482.6,9.71,0.7345,0.1525
482.7,9.786,0.7225,0.1049
482.8,9.8499,0.7743,0.0109
482.9,9.8226,0.6717,-0.0446
483.0,9.9799,0.6422,-0.0589
483.1,9.9574,0.5672,-0.2111
483.2,9.9305,0.7031,-0.2899
483.3,9.8304,0.7527,-0.3434
483.4,9.8985,0.7782,-0.5112
483.5,9.7583,0.8303,-0.4934
483.6,9.5743,0.6909,-0.5633
483.7,9.7194,0.6083,-0.5179
483.8,9.5317,0.5178,-0.3793
483.9,9.5013,0.6365,-0.3366
484.0,9.3794,0.4901,-0.2875
484.1,9.3419,0.5387,-0.4041
484.2,9.2478,0.4898,-0.4576
484.3,9.2765,0.5852,-0.5868
484.4,9.324,0.6707,-0.6429
484.5,9.2445,0.5323,-0.7102
484.6,9.1194,0.5542,-0.5821
484.7,9.0583,0.5112,-0.5727
484.8,9.0503,0.5306,-0.5853
484.9,9.0322,0.4713,-0.5359
485.0,9.1057,0.4901,-0.5771
485.1,9.0448,0.5241,-0.5809
485.2,9.2307,0.7958,-0.6067
485.3,9.2194,0.6978,-0.5903
485.4,9.204,0.5683,-0.5839
485.5,9.1378,0.5229,-0.4951
485.6,8.9977,0.5148,-0.5556
485.7,9.0315,0.3895,-0.7129
485.8,8.9608,0.3149,-0.7505
485.9,9.0648,0.3346,-0.794
486.0,9.0771,0.1399,-0.698
486.1,9.0005,0.0717,-0.5788
486.2,8.9184,-0.0089,-0.6112
486.3,8.7646,-0.2178,-0.6994
486.4,8.7849,-0.344,-0.7307
486.5,8.9107,-0.4727,-0.7858
486.6,8.9259,-0.62,-0.7634
486.7,9.015,-0.7089,-0.7537
486.8,8.849,-0.967,-0.8543
486.9,8.7449,-1.0275,-0.9653
487.0,8.7451,-1.1047,-0.9806
487.1,8.8228,-1.0341,-0.9694
487.2,8.8032,-1.1053,-0.886
487.3,9.0064,-1.1992,-0.9728
487.4,8.804,-1.3102,-0.9293
487.5,8.6775,-1.3466,-0.9139
487.6,8.4915,-1.4033,-0.9114
487.7,8.5486,-1.424,-0.8628
487.8,8.4472,-1.4317,-0.7997
487.9,8.4512,-1.5529,-0.758
488.0,8.5885,-1.5825,-0.7926
488.1,8.5973,-1.629,-0.8089
488.2,8.5573,-1.695,-0.7251
488.3,8.624,-1.7077,-0.7234
488.4,8.5665,-1.7103,-0.7141
488.5,8.7282,-1.7683,-0.7385
488.6,8.7172,-1.7864,-0.7632
488.7,8.7805,-1.7042,-0.7811
488.8,8.8379,-1.6882,-0.8002
488.9,8.6813,-1.7275,-0.7755
489.0,8.8192,-2.0451,-0.8067
489.1,8.9067,-1.9576,-0.9364
489.2,8.992,-1.9599,-0.9101
489.3,8.8599,-1.9028,-0.8272
489.4,8.8212,-1.7999,-0.8293
489.5,8.7903,-1.7396,-0.7311
489.6,8.8741,-1.6225,-0.7243
489.7,8.9571,-1.4625,-0.6172
489.8,8.9046,-1.5102,-0.6389
489.9,8.9176,-1.3599,-0.6322
490.0,8.713,-1.3388,-0.5989
490.1,8.6729,-1.3615,-0.6561
490.2,8.6141,-1.3625,-0.751
490.3,8.653,-1.3207,-0.6523
490.4,8.6956,-1.1677,-0.7556
490.5,8.6697,-1.166,-0.6979
490.6,8.6414,-1.1089,-0.8729
490.7,8.5758,-1.1362,-0.9156
490.8,8.5196,-1.4064,-0.9517
490.9,8.6698,-1.3873,-1.0181
491.0,8.5312,-1.4609,-1.0028
491.1,8.5422,-1.4417,-1.0912
491.2,8.3912,-1.3663,-1.1562
491.3,8.5107,-1.613,-1.2126
491.4,8.4051,-1.5832,-1.0931
491.5,8.5625,-1.6211,-1.1172
491.6,8.6506,-1.5367,-1.1094
491.7,8.5975,-1.6292,-1.0614
491.8,8.7898,-1.5195,-0.9237
491.9,8.7014,-1.5168,-0.9835
492.0,8.754,-1.6803,-1.073
492.1,8.8319,-1.7383,-0.9469
492.2,8.8665,-1.6452,-1.0534
492.3,8.7872,-1.4517,-0.9997
492.4,8.7487,-1.6186,-1.0139
492.5,8.8124,-1.6244,-0.9814
492.6,8.6215,-1.7877,-0.9292
492.7,8.5063,-1.6211,-0.8705
492.8,8.4482,-1.5927,-0.9431
492.9,8.5146,-1.6801,-0.9233
493.0,8.6273,-1.554,-1.0318
493.1,8.6138,-1.4993,-1.0525
493.2,8.5926,-1.4776,-1.0134
493.3,8.7557,-1.3593,-0.9931
493.4,8.6745,-1.2208,-1.0009
493.5,8.622,-1.156,-1.0519
493.6,8.7332,-1.056,-1.0699
493.7,8.7328,-1.0648,-1.0864
493.8,8.6702,-1.0439,-1.0721
493.9,8.4686,-1.0183,-1.0807
494.0,8.5961,-0.9652,-1.1079
494.1,8.6711,-0.87,-1.1562
494.2,8.5141,-0.8451,-1.1915
494.3,8.6909,-0.9291,-1.0979
494.4,8.4819,-0.9124,-0.9798
494.5,8.3405,-1.1067,-0.8879
494.6,8.3046,-1.118,-0.9019
494.7,8.3927,-0.9865,-0.9725
494.8,8.4488,-1.1214,-0.9507
494.9,8.3882,-1.1803,-0.9159
495.0,8.465,-1.1072,-0.9464
495.1,8.3589,-0.9566,-0.9868
495.2,8.37,-0.9515,-0.9876
495.3,8.5341,-0.8719,-0.9713
495.4,8.608,-0.9002,-1.0063
495.5,8.4222,-1.0267,-1.0501
495.6,8.5133,-1.014,-1.165
495.7,8.508,-0.894,-1.1324
495.8,8.5203,-0.7062,-1.0612
495.9,8.417,-0.5982,-0.936
496.0,8.342,-0.495,-0.8587
496.1,8.3473,-0.5012,-0.8267
496.2,8.4615,-0.537,-0.8528
496.3,8.4221,-0.541,-0.8018
496.4,8.4143,-0.5601,-0.7479
496.5,8.348,-0.663,-0.7658
496.6,8.1993,-0.7117,-0.709
496.7,8.3315,-0.8272,-0.7415
496.8,8.4034,-0.7633,-0.7611
496.9,8.3752,-0.8164,-0.8528
497.0,8.2978,-0.9245,-0.8199
497.1,8.4313,-0.906,-0.9128
497.2,8.5478,-0.9806,-0.903
497.3,8.5013,-1.1119,-0.7123
497.4,8.5224,-1.0503,-0.7581
497.5,8.3738,-0.795,-0.7462
497.6,8.4546,-0.8873,-0.9253
497.7,8.324,-0.7534,-0.9491
497.8,8.0249,-0.6353,-0.8593
497.9,8.1726,-0.4798,-0.8424
498.0,8.0664,-0.5367,-0.7944
498.1,7.8977,-0.4725,-0.7829
498.2,7.8274,-0.4011,-0.842
498.3,7.875,-0.3883,-0.8858
498.4,7.8475,-0.3204,-0.8999
498.5,7.7887,-0.3612,-0.9445
498.6,7.6718,-0.4508,-0.9173
498.7,7.3738,-0.5265,-0.8371
498.8,7.3976,-0.5884,-0.969
498.9,7.2172,-0.595,-0.9303
499.0,7.1554,-0.524,-1.0152
499.1,7.3571,-0.5121,-1.0106
499.2,7.1595,-0.4638,-1.0667
499.3,7.137,-0.4305,-1.0344
499.4,7.0904,-0.3789,-1.0847
499.5,6.9177,-0.3812,-1.0132
499.6,7.0077,-0.4401,-1.1152
499.7,7.1015,-0.2818,-1.064
499.8,6.9142,-0.1243,-1.0446
499.9,6.7908,-0.0887,-1.0561
500.0,6.7853,-0.0694,-1.1581
500.1,6.7106,0.0145,-1.2099
500.2,6.6875,0.1963,-1.1183
500.3,6.653,0.1109,-1.1214
500.4,6.769,0.0271,-1.0781
500.5,6.6079,-0.0377,-1.1194
500.6,6.6166,-0.0617,-1.1267
500.7,6.5239,-0.2877,-1.1035
500.8,6.5684,-0.0166,-1.1389
500.9,6.555,0.1357,-1.0468
501.0,6.54,-0.0481,-1.0579
501.1,6.6554,-0.1732,-1.0924
501.2,6.7094,-0.1512,-1.039
501.3,6.6059,-0.1028,-1.0587
501.4,6.5715,-0.2732,-1.0788
501.5,6.7455,-0.4338,-1.0603
501.6,6.713,-0.4698,-0.8977
501.7,6.5226,-0.5859,-0.8338
501.8,6.3909,-0.5789,-0.7892
501.9,6.4316,-0.4678,-0.7376
502.0,6.3268,-0.3826,-0.6902
502.1,6.3307,-0.3079,-0.7599
502.2,6.1752,-0.3445,-0.8091
502.3,6.2037,-0.2718,-0.8195
502.4,6.1831,-0.136,-0.9786
502.5,6.1092,-0.0634,-0.9321
502.6,6.0287,0.0053,-0.9729
502.7,5.9537,0.0213,-1.0508
502.8,6.0248,-0.0254,-1.037
502.9,5.9491,0.1208,-1.1684
503.0,5.8811,0.1554,-1.1831
503.1,5.9253,0.2106,-1.1892
503.2,5.9683,0.2106,-1.2229
503.3,5.8993,0.427,-1.2177
503.4,5.9074,0.5594,-1.2072
503.5,5.9521,0.604,-1.2795
503.6,6.0102,0.3991,-1.3004
503.7,6.098,0.495,-1.3227
503.8,6.1565,0.4841,-1.2323
503.9,5.966,0.4102,-1.1882
504.0,6.024,0.5333,-1.2392
504.1,6.2109,0.5743,-1.3618
504.2,6.1385,0.5382,-1.4456
504.3,6.23,0.5285,-1.4089
504.4,6.0675,0.5258,-1.4693
504.5,6.1467,0.4754,-1.3795
504.6,6.1548,0.4268,-1.3382
504.7,6.2729,0.284,-1.2903
504.8,6.3582,0.1533,-1.3124
504.9,6.5687,0.0817,-1.2641
505.0,6.53,0.0883,-1.2628
505.1,6.6215,0.1207,-1.058
505.2,6.6961,0.138,-1.0276
505.3,6.5988,-0.0274,-0.9275
505.4,6.578,0.0081,-0.9811
505.5,6.5856,-0.0571,-0.9386
505.6,6.4962,-0.1757,-0.9214
505.7,6.6418,-0.1477,-0.9128
505.8,6.661,-0.1452,-0.8295
505.9,6.6863,-0.0919,-0.8004
506.0,6.6953,-0.0562,-0.8656
506.1,6.6271,-0.2324,-0.8722
506.2,6.6272,-0.2134,-0.827
506.3,6.7404,-0.3911,-0.7516
506.4,6.6141,-0.417,-0.601
506.5,6.611,-0.3139,-0.7516
506.6,6.4823,-0.2145,-0.7584
506.7,6.6438,-0.2196,-0.6456
506.8,6.5757,-0.4004,-0.7176
506.9,6.6355,-0.3892,-0.6662
507.0,6.7058,-0.2608,-0.7027
507.1,6.8377,-0.2582,-0.7206
507.2,6.8966,-0.2724,-0.6532
507.3,6.9307,-0.2885,-0.6944
507.4,6.9092,-0.1632,-0.6564
507.5,6.9494,-0.3606,-0.7423
507.6,6.9193,-0.3195,-0.6215
507.7,6.8797,-0.2542,-0.6355
507.8,6.9981,-0.1677,-0.635
507.9,6.9364,-0.2641,-0.5714
508.0,6.881,-0.1932,-0.5435
508.1,6.8745,-0.167,-0.5505
508.2,6.9032,-0.2341,-0.5785
508.3,6.8464,-0.0476,-0.513
508.4,6.8948,-0.0328,-0.5033
508.5,6.8818,0.0301,-0.4581
508.6,6.8705,-0.0273,-0.4544
508.7,6.906,-0.1219,-0.3958
508.8,6.6905,-0.2568,-0.4417
508.9,6.4836,-0.4643,-0.4304
509.0,6.1579,-0.4174,-0.4087
509.1,6.0268,-0.268,-0.4747
509.2,6.1531,-0.2598,-0.4489
509.3,6.0243,-0.2949,-0.4897
509.4,6.1175,-0.3312,-0.5827
509.5,6.0976,-0.3189,-0.5263
509.6,6.0277,-0.2452,-0.4852
509.7,5.9682,-0.258,-0.4163
509.8,5.92,-0.175,-0.3981
509.9,5.8723,0.045,-0.3404
510.0,5.8594,0.0604,-0.3155
510.1,5.8067,0.0435,-0.297
510.2,5.9768,0.0979,-0.1297
510.3,5.9699,0.1203,-0.0402
510.4,5.9575,0.0224,-0.0238
510.5,5.8936,0.0575,-0.0356
510.6,5.8695,0.2668,0.0271
510.7,5.9468,0.3245,0.1068
510.8,5.8642,0.2928,0.0175
510.9,5.9635,0.2293,0.01
511.0,5.7352,0.1736,-0.0356
511.1,5.8263,0.142,0.015
511.2,5.7773,0.1328,-0.0628
511.3,5.7089,0.1535,-0.0456
511.4,5.4239,0.0638,-0.0252
511.5,5.5145,-0.1535,-0.0759
511.6,5.5234,-0.2898,-0.0183
511.7,5.5052,-0.1822,0.0866
511.8,5.5731,-0.2128,0.1439
511.9,5.4797,-0.1551,0.1448
512.0,5.4855,-0.0032,0.272
512.1,5.5472,0.0013,0.1567
512.2,5.4375,-0.0063,0.1772
512.3,5.4159,0.091,0.2821
512.4,5.5052,0.1915,0.3426
512.5,5.5423,0.3521,0.3943
512.6,5.6949,0.4855,0.431
512.7,5.6136,0.4745,0.2811
512.8,5.5009,0.2978,0.355
512.9,5.3977,0.0862,0.2856
513.0,5.3651,0.1527,0.2051
513.1,5.3785,0.1862,0.2539
513.2,5.3751,0.231,0.1819
513.3,5.4404,0.1712,0.3117
513.4,5.4185,0.3654,0.4183
513.5,5.5037,0.2447,0.3268
513.6,5.6273,0.2638,0.3008
513.7,5.6207,0.1554,0.4087
513.8,5.5964,-0.0513,0.3532
513.9,5.6184,-0.1516,0.4867
514.0,5.7971,-0.3501,0.4181
514.1,5.8694,-0.4386,0.3206
514.2,6.0028,-0.4133,0.3978
514.3,6.2225,-0.3903,0.371
514.4,6.2246,-0.3692,0.3318
514.5,6.2698,-0.4407,0.2676
514.6,6.2279,-0.3003,0.3325
514.7,6.4267,-0.32,0.368
514.8,6.5986,-0.3172,0.3186
514.9,6.6604,-0.3603,0.3223
515.0,6.7406,-0.3584,0.2645
515.1,6.6949,-0.2764,0.2271
515.2,6.58,-0.3691,0.2702
515.3,6.5146,-0.2051,0.2948
515.4,6.5674,-0.1384,0.2742
515.5,6.6975,0.1034,0.281
515.6,6.7608,0.2914,0.2404
515.7,6.6836,0.5315,0.1795
515.8,6.6333,0.488,0.1319
515.9,6.7077,0.466,0.1957
516.0,6.7266,0.5664,0.1745
516.1,6.6501,0.6274,0.2322
516.2,6.7436,0.5447,0.2895
516.3,6.8695,0.6858,0.261
516.4,7.0286,0.6537,0.2203
516.5,7.0573,0.7995,0.2687
516.6,7.0493,0.8959,0.2959
516.7,6.9512,0.976,0.3275
516.8,6.9102,1.0642,0.261
516.9,7.0106,0.9367,0.2686
517.0,6.8989,0.8985,0.2328
517.1,6.8414,0.9197,0.1902
517.2,6.7251,0.7556,0.2002
517.3,6.7873,0.7731,0.1648
517.4,6.6955,0.6718,0.1381
517.5,6.49,0.7307,0.1695
517.6,6.5229,0.6889,0.2192
517.7,6.5856,0.5495,0.2683
517.8,6.4874,0.5047,0.1295
517.9,6.5445,0.337,0.1218
518.0,6.3873,0.4112,0.0974
518.1,6.3124,0.5096,0.2168
518.2,6.2873,0.5505,0.1898
518.3,6.2728,0.5669,0.305
518.4,6.3361,0.587,0.3856
518.5,6.2587,0.5375,0.4102
518.6,6.2615,0.4545,0.5423
518.7,6.3406,0.5922,0.6241
518.8,6.3098,0.5472,0.5966
518.9,6.2482,0.6191,0.6725
519.0,6.3983,0.5741,0.7162
519.1,6.3353,0.6416,0.7183
519.2,6.3493,0.5144,0.7258
519.3,6.2625,0.4836,0.7609
519.4,6.3266,0.4775,0.8426
519.5,6.2152,0.5891,0.8682
519.6,6.1725,0.4224,0.7931
519.7,6.1973,0.5953,0.7625
519.8,6.1949,0.6424,0.7813
519.9,6.2984,0.6525,0.8187
520.0,6.2367,0.5584,0.8975
520.1,6.1671,0.5315,1.1159
520.2,6.0336,0.4281,1.1246
520.3,6.1626,0.5822,1.1374
520.4,6.115,0.5837,1.0939
520.5,6.0958,0.7433,1.1147
520.6,6.2019,0.8181,1.0279
520.7,6.4081,0.9206,0.9419
520.8,6.5184,0.7454,0.9921
520.9,6.6827,0.6642,1.0788
521.0,6.6119,0.9268,1.0721
521.1,6.5889,0.8642,0.9506
521.2,6.7223,0.9049,0.9908
521.3,6.8391,1.0029,1.0041
521.4,6.931,1.0718,0.9471
521.5,6.8258,1.0662,0.8093
521.6,6.819,1.07,0.9646
521.7,6.6827,0.9849,0.9142
521.8,6.6457,0.9531,0.857
521.9,6.6357,1.1088,0.813
522.0,6.63,1.2952,0.8143
522.1,6.6135,1.1994,0.7012
522.2,6.7087,0.9977,0.556
522.3,6.671,1.2064,0.6475
522.4,6.5731,1.2676,0.5853
522.5,6.5814,1.1949,0.7813
522.6,6.7486,1.1878,0.803
522.7,6.7553,1.1094,0.8264
522.8,6.5115,1.0622,0.6852
522.9,6.5752,1.2565,0.6699
523.0,6.6761,1.0642,0.8075
523.1,6.7382,1.12,0.8643
523.2,6.9715,1.1671,0.7826
523.3,7.1539,1.2408,0.6747
523.4,7.3089,1.1637,0.8281
523.5,7.2056,1.1127,0.8665
523.6,7.2284,0.9478,0.8545
523.7,7.189,0.8864,0.93
523.8,7.1785,0.7875,0.8347
523.9,7.1744,0.7609,0.746
524.0,7.1074,0.723,0.7483
524.1,7.2102,0.6579,0.7858
524.2,7.0649,0.5177,0.8197
524.3,7.0389,0.6077,0.9373
524.4,7.0032,0.4764,1.0241
524.5,6.9855,0.527,0.9691
524.6,7.0514,0.5651,0.9547
524.7,7.0675,0.2984,0.8809
524.8,7.209,0.3624,0.8067
524.9,7.239,0.4935,0.7683
525.0,7.2205,0.5587,0.6892
525.1,7.2623,0.6352,0.7191
525.2,7.2816,0.7369,0.6496
525.3,7.0532,0.6947,0.7215
525.4,7.1316,0.8255,0.8213
525.5,7.1743,0.7341,0.8349
525.6,7.3691,1.0103,0.9129
525.7,7.4071,0.8347,0.9098
525.8,7.4734,0.7576,0.9136
525.9,7.3913,0.5305,0.8427
526.0,7.3671,0.4996,0.8179
526.1,7.2323,0.5225,0.7425
526.2,7.2307,0.49,0.8296
526.3,7.046,0.6522,0.8402
526.4,7.0408,0.6303,0.7643
526.5,6.9192,0.6845,0.6482
526.6,6.7993,0.5872,0.6223
526.7,6.7242,0.8469,0.728
526.8,6.7705,0.9011,0.7755
526.9,6.831,1.0372,0.7249
527.0,6.9636,1.0102,0.7263
527.1,6.9798,0.9201,0.7792
527.2,6.893,0.9356,0.6005
527.3,6.8926,0.6081,0.6453
527.4,6.8479,0.5907,0.5019
527.5,6.8233,0.4762,0.5101
527.6,6.7637,0.5493,0.4552
527.7,6.6775,0.5725,0.4449
527.8,6.5019,0.4432,0.4338
527.9,6.5259,0.3544,0.3822
528.0,6.5019,0.3222,0.322
528.1,6.4124,0.4549,0.3272
528.2,6.3184,0.4279,0.3165
528.3,6.3295,0.2246,0.2956
528.4,6.3276,0.3095,0.3932
528.5,6.3223,0.442,0.409
528.6,6.2119,0.3414,0.4088
528.7,6.2188,0.2178,0.4147
528.8,6.3554,0.2859,0.2277
528.9,6.2652,0.1769,0.1908
529.0,6.2271,0.1771,0.228
529.1,6.3164,0.0874,0.2401
529.2,6.0027,0.2286,0.1546
529.3,6.2108,0.3388,0.1425
529.4,6.2067,0.2517,0.0468
529.5,6.174,0.2711,-0.015
529.6,6.1855,0.299,-0.0326
529.7,6.236,0.1991,-0.0109
529.8,6.2327,0.0561,0.0251
529.9,6.4165,0.2189,0.0387
530.0,6.4327,0.2846,-0.1085
530.1,6.3982,0.397,-0.1233
530.2,6.4923,0.3185,-0.2178
530.3,6.6062,0.158,-0.3816
530.4,6.692,0.2833,-0.3927
530.5,6.6312,0.3379,-0.5217
530.6,6.7001,0.363,-0.5736
530.7,6.7046,0.0848,-0.6653
530.8,6.7739,0.0799,-0.7313
530.9,6.7549,0.0456,-0.7658
531.0,6.7136,-0.0046,-0.7369
531.1,6.7141,-0.0352,-0.6677
531.2,6.5208,-0.0596,-0.6213
531.3,6.7154,-0.0528,-0.5064
531.4,6.6993,-0.0032,-0.5639
531.5,6.7437,-0.1338,-0.6111
531.6,6.6901,-0.1245,-0.5854
531.7,6.6064,-0.2238,-0.7713
531.8,6.663,-0.0799,-0.5864
531.9,6.6908,0.013,-0.5045
532.0,6.7144,0.0069,-0.4433
532.1,6.844,0.127,-0.3298
532.2,6.7799,0.0653,-0.4373
532.3,6.6791,0.134,-0.4435
532.4,6.6528,0.0495,-0.4684
532.5,6.6005,0.2076,-0.4567
532.6,6.387,0.1124,-0.5003
532.7,6.3937,-0.04,-0.5304
532.8,6.4817,-0.1153,-0.6123
532.9,6.3131,-0.1675,-0.6044
533.0,6.4525,-0.3027,-0.5815
533.1,6.4793,-0.4856,-0.5257
533.2,6.5112,-0.5566,-0.627
533.3,6.379,-0.6249,-0.5944
533.4,6.4273,-0.6397,-0.3905
533.5,6.2869,-0.5379,-0.4869
533.6,6.1226,-0.6716,-0.437
533.7,6.326,-0.6305,-0.3623
533.8,6.1388,-0.4822,-0.4094
533.9,6.2651,-0.4133,-0.5573
534.0,6.2975,-0.4928,-0.4606
534.1,6.187,-0.5646,-0.4159
534.2,6.0826,-0.5592,-0.4032
534.3,6.2193,-0.5244,-0.3982
534.4,6.3448,-0.5704,-0.3996
534.5,6.353,-0.5036,-0.375
534.6,6.1843,-0.3921,-0.4139
534.7,6.0702,-0.2731,-0.3881
534.8,6.0941,-0.4394,-0.4305
534.9,6.1504,-0.2984,-0.4317
535.0,6.2209,-0.3513,-0.4847
535.1,6.4141,-0.336,-0.5248
535.2,6.4002,-0.221,-0.4364
535.3,6.3484,-0.213,-0.4085
535.4,6.5033,-0.3625,-0.4492
535.5,6.5743,-0.5047,-0.4555
535.6,6.6187,-0.5124,-0.3874
535.7,6.6051,-0.3885,-0.4347
535.8,6.4991,-0.4583,-0.427
535.9,6.3827,-0.2315,-0.3645
536.0,6.4292,-0.139,-0.3612
536.1,6.433,0.0909,-0.3693
536.2,6.6225,0.1012,-0.2945
536.3,6.823,0.0361,-0.2818
536.4,6.9658,0.0501,-0.3464
536.5,7.0131,0.113,-0.3692
536.6,6.945,-0.0369,-0.3837
536.7,6.9132,-0.1269,-0.4427
536.8,6.98,-0.3145,-0.4815
536.9,6.9634,-0.1642,-0.519
537.0,6.8406,-0.2004,-0.5548
537.1,6.9682,-0.1877,-0.6567
537.2,6.8619,-0.1892,-0.6184
537.3,6.8213,-0.4339,-0.7314
537.4,6.9798,-0.302,-0.7951
537.5,7.0644,-0.3076,-0.7904
537.6,7.1311,-0.1477,-0.9477
537.7,6.9642,0.2963,-0.9172
537.8,6.9304,0.334,-0.8456
537.9,6.9797,0.4136,-0.938
538.0,6.9778,0.3392,-0.8606
538.1,6.6836,0.3281,-0.89
538.2,6.844,0.4027,-0.8442
538.3,6.8909,0.4528,-0.8574
538.4,6.7944,0.6201,-0.7883
538.5,6.937,0.4991,-0.8144
538.6,6.8426,0.6337,-0.786
538.7,6.9916,0.703,-0.7238
538.8,7.02,0.6991,-0.7215
538.9,7.1663,0.6806,-0.74
539.0,7.2297,0.6624,-0.7349
539.1,7.2826,0.8957,-0.7536
539.2,7.2232,0.8554,-0.6642
539.3,7.3188,0.8253,-0.6475
539.4,7.2477,0.7052,-0.7333
539.5,7.2508,0.7628,-0.7391
539.6,7.1803,0.814,-0.7156
539.7,7.0672,0.6405,-0.688
539.8,7.1252,0.6237,-0.6164
539.9,7.1423,0.8301,-0.5881
540.0,7.0712,1.0869,-0.6251
540.1,7.1068,1.3522,-0.6496
540.2,6.865,1.2049,-0.5599
540.3,6.8821,1.2653,-0.4877
540.4,6.9634,1.283,-0.4061
540.5,6.9299,1.2123,-0.5645
540.6,6.8829,1.0959,-0.5285
540.7,7.0095,0.9587,-0.5913
540.8,6.7794,0.9001,-0.4752
540.9,6.8275,1.0307,-0.4364
541.0,6.8003,0.8867,-0.3705
541.1,6.7184,1.0098,-0.4113
541.2,6.6118,1.0472,-0.453
541.3,6.6026,0.9481,-0.4901
541.4,6.6361,1.0625,-0.3035
541.5,6.7362,1.1913,-0.275
541.6,6.8794,1.1628,-0.353
541.7,6.895,1.3616,-0.2689
541.8,7.0275,1.2805,-0.3474
541.9,7.1461,1.1258,-0.2136
542.0,7.141,0.9884,-0.2395
542.1,7.1121,0.963,-0.2682
542.2,7.2906,0.7796,-0.2873
542.3,7.401,0.8447,-0.265
542.4,7.3703,0.8011,-0.1832
542.5,7.4021,0.7855,-0.3945
542.6,7.3759,0.6833,-0.3097
542.7,7.3572,0.7508,-0.2686
542.8,7.2474,0.765,-0.2876
542.9,7.2592,0.9124,-0.2445
543.0,7.1902,0.9851,-0.3022
543.1,7.3182,0.729,-0.3544
543.2,7.33,0.628,-0.3189
543.3,7.2745,0.6082,-0.255
543.4,7.3353,0.727,-0.2736
543.5,7.3831,0.4878,-0.2243
543.6,7.4254,0.3682,-0.1307
543.7,7.5973,0.5315,-0.1411
543.8,7.5971,0.6123,-0.1146
543.9,7.7174,0.4565,-0.0296
544.0,7.6993,0.4641,0.0802
544.1,7.6644,0.3115,0.0882
544.2,7.58,0.1416,0.1054
544.3,7.5545,0.1193,0.1004
544.4,7.3485,0.0294,0.1753
544.5,7.4333,0.1487,0.1751
544.6,7.5231,0.0462,0.2594
544.7,7.5831,-0.0671,0.2523
544.8,7.5538,-0.1908,0.345
544.9,7.6463,0.0447,0.4552
545.0,7.5558,0.1214,0.4544
545.1,7.528,0.2217,0.543
545.2,7.6596,0.2133,0.482
545.3,7.5658,0.1161,0.5047
545.4,7.4262,0.0498,0.4951
545.5,7.4955,0.2886,0.4234
545.6,7.3953,0.3648,0.355
545.7,7.4279,0.6055,0.3339
545.8,7.3667,0.5605,0.3507
545.9,7.1335,0.5088,0.3319
546.0,6.9738,0.3517,0.466
546.1,6.8968,0.4276,0.4917
546.2,6.8645,0.3853,0.439
546.3,6.7729,0.3384,0.4247
546.4,6.8684,0.3645,0.4155
546.5,6.9414,0.376,0.2559
546.6,7.061,0.2121,0.2945
546.7,7.0318,0.1934,0.3259
546.8,6.9846,0.0688,0.3211
546.9,7.0629,-0.0355,0.2955
547.0,6.9732,0.0224,0.242
547.1,7.1002,0.1108,0.1392
547.2,7.1839,0.0926,0.0619
547.3,7.3726,0.1713,0.0241
547.4,7.3621,0.1326,-0.0117
547.5,7.2953,0.0686,-0.0189
547.6,7.2221,-0.1573,-0.009
547.7,7.2566,-0.1139,0.0391
547.8,7.1581,0.0479,-0.0051
547.9,7.1279,0.1986,-0.1389
548.0,7.0275,0.3562,-0.1482
548.1,7.0638,0.2992,-0.2301
548.2,7.0938,0.4097,-0.1461
548.3,7.1913,0.4753,-0.1593
548.4,7.1379,0.4929,-0.1259
548.5,7.1431,0.4555,-0.1357
548.6,7.0392,0.4192,-0.1999
548.7,6.924,0.4695,-0.1787
548.8,6.9122,0.5365,-0.1444
548.9,7.0081,0.6414,-0.1767
549.0,6.9033,0.6212,-0.2042
549.1,6.7981,0.7158,-0.3415
549.2,7.0265,0.6369,-0.3397
549.3,6.9278,0.5838,-0.2669
549.4,7.0598,0.6098,-0.2184
549.5,7.2072,0.5522,-0.1806
549.6,7.414,0.682,-0.19
549.7,7.4602,0.7344,-0.2855
549.8,7.3597,0.8301,-0.2087
549.9,7.5248,0.5786,-0.2102
550.0,7.4215,0.5421,-0.132
550.1,7.4282,0.6621,-0.2202
550.2,7.5513,0.5433,-0.1721
550.3,7.5153,0.5866,-0.1629
550.4,7.5245,0.5357,-0.2976
550.5,7.562,0.4471,-0.2512
550.6,7.5302,0.5869,-0.1069
550.7,7.4889,0.9068,-0.0788
550.8,7.5227,0.8241,-0.1464
550.9,7.48,0.8744,-0.1557
551.0,7.5746,0.7963,-0.1169
551.1,7.7375,0.8159,-0.0716
551.2,7.8131,0.7732,-0.0071
551.3,7.7002,0.8226,-0.0698
551.4,7.75,0.7791,-0.0106
551.5,7.7659,0.6132,-0.0532
551.6,7.7946,0.6217,-0.0012
551.7,7.9065,0.6944,0.0552
551.8,7.9963,0.6272,0.0036
551.9,7.9254,0.6996,-0.0341
552.0,7.839,0.7467,-0.0417
552.1,7.7085,0.5342,0.0372
552.2,7.6881,0.6123,0.0412
552.3,7.6462,0.4833,-0.0105
552.4,7.8158,0.519,0.0478
552.5,7.7939,0.5206,-0.007
552.6,7.8438,0.4009,0.0462
552.7,7.8682,0.1832,0.0642
552.8,7.9719,-0.0965,0.0591
552.9,8.0511,-0.0902,-0.0569
553.0,8.0958,-0.1287,-0.236
553.1,8.0795,-0.4119,-0.181
553.2,8.0334,-0.403,-0.1534
553.3,8.1312,-0.3267,-0.021
553.4,8.1266,-0.4684,-0.2402
553.5,8.1441,-0.4515,-0.154
553.6,8.2027,-0.4266,-0.0902
553.7,8.3431,-0.4689,-0.1573
553.8,8.4724,-0.4225,-0.1542
553.9,8.3093,-0.5345,-0.1068
554.0,8.2252,-0.4588,-0.0181
554.1,8.0541,-0.4575,-0.0147
554.2,7.9856,-0.4916,0.0159
554.3,7.9986,-0.5096,0.0597
554.4,7.8068,-0.5022,0.0754
554.5,7.8148,-0.2962,0.1099
554.6,7.944,-0.3971,0.1022
554.7,7.9888,-0.4499,0.1145
554.8,8.1459,-0.2806,0.0738
554.9,8.1819,-0.0856,0.0706
555.0,8.3359,-0.184,0.1814
555.1,8.2219,-0.0847,0.1352
555.2,8.3456,0.0763,0.151
555.3,8.4708,0.1009,0.1454
555.4,8.435,0.2495,0.2375
555.5,8.7076,0.2498,0.2965
555.6,8.7896,0.2312,0.2421
555.7,8.766,0.2713,0.3442
555.8,8.7873,0.2223,0.3525
555.9,8.736,0.2564,0.2656
556.0,8.8101,-0.0246,0.2803
556.1,8.6886,0.0009,0.2346
556.2,8.4832,0.1478,0.1751
556.3,8.5742,0.1343,0.1803
556.4,8.6503,0.299,0.1658
556.5,8.7328,0.2563,0.1973
556.6,8.8024,0.3533,0.1224
556.7,8.7804,0.2516,0.1842
556.8,8.742,0.3604,0.1791
556.9,8.6823,0.1655,0.1472
557.0,8.6799,-0.115,0.1449
557.1,8.592,-0.1926,0.1706
557.2,8.665,-0.1587,0.1278
557.3,8.4945,-0.2941,0.0756
557.4,8.5679,-0.2824,0.1036
557.5,8.569,-0.2925,0.09
557.6,8.723,-0.2238,0.139
557.7,8.7987,-0.2236,0.1709
557.8,8.808,-0.4472,0.1069
557.9,8.8387,-0.3545,-0.0268
558.0,8.9228,-0.4034,0.0126
558.1,8.9549,-0.2873,0.0429
558.2,8.8633,-0.4813,-0.0348
558.3,8.8502,-0.4757,-0.0733
558.4,8.8704,-0.5392,-0.0057
558.5,8.9408,-0.5829,0.0623
558.6,8.8788,-0.4615,0.0808
558.7,8.9236,-0.2678,0.0971
558.8,8.9745,-0.1918,0.1292
558.9,8.8537,-0.2986,-0.0178
559.0,8.9274,-0.1114,-0.0486
559.1,9.0191,-0.2431,-0.1235
559.2,9.1309,-0.1913,-0.0308
559.3,8.9382,-0.0818,-0.1304
559.4,8.6787,-0.026,-0.0975
559.5,8.6018,-0.0299,-0.1124
559.6,8.6922,-0.003,-0.2393
559.7,8.8531,-0.164,-0.1935
559.8,8.9286,-0.0984,-0.2097
559.9,8.8737,-0.1078,-0.1204
560.0,8.831,-0.0698,0.0054
560.1,8.8209,0.1063,0.1034
560.2,8.9238,0.2804,0.0949
560.3,8.7661,0.4068,0.0537
560.4,8.7766,0.3368,0.0308
560.5,8.6898,0.2788,0.1513
560.6,8.7403,0.5114,0.1673
560.7,8.5525,0.4949,0.1554
560.8,8.4661,0.4633,0.222
560.9,8.464,0.5554,0.2938
561.0,8.4446,0.4854,0.4825
561.1,8.2731,0.3419,0.3944
561.2,8.2872,0.3255,0.5597
561.3,8.3111,0.366,0.5327
561.4,8.3362,0.4114,0.472
561.5,8.3484,0.4027,0.4253
561.6,8.4464,0.2959,0.4932
561.7,8.5699,0.0929,0.5437
561.8,8.5995,0.1003,0.4622
561.9,8.6197,-0.0393,0.5212
562.0,8.5614,-0.1219,0.4293
562.1,8.3426,-0.0601,0.5217
562.2,8.1795,0.0329,0.4542
562.3,8.2108,-0.0783,0.5552
562.4,8.2555,-0.15,0.4441
562.5,8.1266,-0.2288,0.4274
562.6,8.0544,-0.2456,0.3383
562.7,7.9337,-0.1939,0.3313
562.8,8.0524,-0.0929,0.4167
562.9,8.0677,-0.1047,0.4522
563.0,8.0935,-0.0755,0.4114
563.1,8.1226,-0.1495,0.2337
563.2,8.2299,-0.0799,0.2566
563.3,8.3161,-0.0695,0.2005
563.4,8.3732,-0.0664,0.1831
563.5,8.4527,0.0045,0.0877
563.6,8.54,0.0456,0.1256
563.7,8.6154,0.0806,0.0864
563.8,8.5938,0.1604,0.1062
563.9,8.8121,0.0623,0.0495
564.0,8.7732,0.0328,0.0499
564.1,8.8082,-0.0758,0.1024
564.2,8.8801,-0.0905,0.0761
564.3,8.8354,-0.1181,0.1066
564.4,8.9407,-0.1091,0.1151
564.5,8.9102,-0.1424,0.0221
564.6,8.6875,-0.2599,0.107
564.7,8.5856,-0.2544,0.0442
564.8,8.6156,-0.3275,0.0621
564.9,8.7079,-0.4494,0.0315
565.0,8.7528,-0.4466,-0.0615
565.1,8.8132,-0.3368,-0.0685
565.2,8.8673,-0.5927,-0.1548
565.3,9.054,-0.4845,-0.2028
565.4,9.2116,-0.4951,-0.1906
565.5,9.2663,-0.5779,-0.1419
565.6,9.4409,-0.5157,-0.2303
565.7,9.4213,-0.6235,-0.0613
565.8,9.4287,-0.4607,-0.1193
565.9,9.5207,-0.5616,-0.1077
566.0,9.6361,-0.4412,-0.0919
566.1,9.6975,-0.4757,-0.2188
566.2,9.5677,-0.5088,-0.2255
566.3,9.4377,-0.4469,-0.302
566.4,9.499,-0.4836,-0.293
566.5,9.3686,-0.2923,-0.255
566.6,9.5971,-0.4273,-0.2828
566.7,9.5992,-0.4803,-0.3258
566.8,9.6411,-0.3666,-0.1769
566.9,9.4566,-0.455,-0.0833
567.0,9.2307,-0.3704,-0.0518
567.1,9.2053,-0.5515,0.0293
567.2,9.22,-0.6018,0.041
567.3,9.3158,-0.5718,0.0062
567.4,9.3221,-0.3195,0.0254
567.5,9.1592,-0.4006,0.0326
567.6,9.2368,-0.4513,-0.0763
567.7,9.2738,-0.1803,-0.1103
567.8,9.2482,-0.1352,-0.1247
567.9,9.3828,-0.1528,-0.1764
568.0,9.184,-0.0888,-0.1972
568.1,9.1868,-0.2706,-0.2697
568.2,9.1795,-0.2301,-0.348
568.3,9.1368,-0.1111,-0.4181
568.4,9.068,-0.2304,-0.4293
568.5,8.9886,-0.2798,-0.446
568.6,9.0138,-0.2777,-0.3969
568.7,8.8244,-0.4534,-0.4498
568.8,8.7988,-0.5001,-0.4515
568.9,8.8581,-0.5735,-0.5586
569.0,8.8039,-0.6267,-0.5111
569.1,8.8989,-0.7514,-0.4885
569.2,8.8746,-0.6177,-0.5453
569.3,8.8884,-0.5536,-0.4963
569.4,8.8162,-0.4248,-0.5583
569.5,8.8511,-0.6813,-0.5223
569.6,8.8935,-0.6895,-0.5383
569.7,8.9096,-0.5802,-0.4983
569.8,8.8704,-0.52,-0.5677
569.9,8.9612,-0.4006,-0.4686
570.0,8.7436,-0.1971,-0.4051
570.1,8.7693,-0.1469,-0.411
570.2,8.7464,-0.1784,-0.4095
570.3,8.6503,-0.3546,-0.2687
570.4,8.6892,-0.2352,-0.2026
570.5,8.664,-0.2801,-0.3379
570.6,8.8004,-0.3483,-0.3982
570.7,8.7474,-0.3123,-0.4303
570.8,8.5682,-0.2208,-0.4322
570.9,8.6419,-0.2537,-0.3629
571.0,8.5961,-0.3124,-0.393
571.1,8.5519,-0.273,-0.4343
571.2,8.4779,-0.2778,-0.4475
571.3,8.2821,-0.3477,-0.4359
571.4,8.4208,-0.3741,-0.4593
571.5,8.5464,-0.4317,-0.5446
571.6,8.5095,-0.5531,-0.5311
571.7,8.4459,-0.4906,-0.6155
571.8,8.5753,-0.4216,-0.7501
571.9,8.5104,-0.3491,-0.645
572.0,8.5377,-0.3794,-0.6633
572.1,8.4839,-0.388,-0.6211
572.2,8.5141,-0.4399,-0.6086
572.3,8.4998,-0.4483,-0.5824
572.4,8.4878,-0.6399,-0.4744
572.5,8.44,-0.5121,-0.4417
572.6,8.4418,-0.4791,-0.4393
572.7,8.4711,-0.3069,-0.3724
572.8,8.4738,-0.354,-0.385
572.9,8.6171,-0.4258,-0.269
573.0,8.6288,-0.4383,-0.3001
573.1,8.5935,-0.6817,-0.1249
573.2,8.6603,-0.6578,-0.1583
573.3,8.5946,-0.5949,-0.1527
573.4,8.5387,-0.5039,-0.1004
573.5,8.4696,-0.4781,-0.1372
573.6,8.4651,-0.4995,-0.0701
573.7,8.4149,-0.6609,-0.0026
573.8,8.5486,-0.7943,-0.0204
573.9,8.5667,-0.7579,-0.0606
574.0,8.5113,-0.5577,0.0533
574.1,8.5392,-0.5584,0.1371
574.2,8.7615,-0.5763,0.1443
574.3,8.8553,-0.5189,0.1723
574.4,8.9593,-0.5794,0.236
574.5,8.878,-0.6906,0.2812
574.6,8.8982,-0.8504,0.3099
574.7,9.0467,-1.0013,0.3041
574.8,9.1186,-0.8432,0.29
574.9,9.0766,-0.7726,0.3174
575.0,9.0698,-0.719,0.3267
575.1,9.0501,-0.6717,0.2145
575.2,8.9569,-0.6848,0.1614
575.3,9.0471,-0.6576,0.1957
575.4,9.1026,-0.5566,0.3476
575.5,9.1415,-0.5945,0.3817
575.6,9.2749,-0.6496,0.2494
575.7,9.233,-0.5216,0.2812
575.8,9.0376,-0.4969,0.333
575.9,9.0851,-0.4078,0.2256
576.0,9.0259,-0.4798,0.1379
576.1,8.9668,-0.5401,0.1151
576.2,8.9302,-0.569,0.0854
576.3,8.933,-0.6804,0.0282
576.4,8.8307,-0.625,0.0366
576.5,8.8164,-0.6168,0.1541
576.6,8.7635,-0.6731,0.0833
576.7,8.7184,-0.7248,0.0878
576.8,8.6578,-0.5694,0.12
576.9,8.6806,-0.5347,0.0764
577.0,8.7565,-0.5343,0.0781
577.1,8.7971,-0.4968,0.09
577.2,8.8548,-0.3525,0.1578
577.3,8.836,-0.299,0.0724
577.4,8.7385,-0.3524,-0.0353
577.5,8.7229,-0.407,0.0013
577.6,8.726,-0.2354,0.0511
577.7,8.6105,-0.2054,-0.0479
577.8,8.7434,-0.1975,0.0372
577.9,8.7655,-0.2357,-0.0325
578.0,8.8444,-0.3352,0.0648
578.1,8.8002,-0.2218,0.0219
578.2,8.993,-0.2148,0.1636
578.3,9.103,-0.1533,0.0236
578.4,9.0743,-0.2947,0.124
578.5,9.0739,-0.1322,0.1397
578.6,9.2016,-0.0813,0.1009
578.7,9.2265,-0.2278,0.1106
578.8,9.3629,-0.2992,0.0529
578.9,9.3116,-0.2136,-0.0465
579.0,9.2937,-0.2595,0.0301
579.1,9.2219,-0.3178,-0.1077
579.2,9.2045,-0.4803,-0.1274
579.3,9.2197,-0.4284,-0.108
579.4,9.0637,-0.2613,-0.1937
579.5,8.994,-0.3462,-0.261
579.6,8.9902,-0.1666,-0.2076
579.7,8.9355,-0.2068,-0.1564
579.8,8.8756,-0.3178,-0.1211
579.9,8.7739,-0.2676,-0.0968
580.0,8.7312,-0.3239,-0.073
580.1,8.6149,-0.3657,-0.1256
580.2,8.784,-0.3838,-0.0921
580.3,8.7009,-0.563,-0.0711
580.4,8.6473,-0.5344,-0.0872
580.5,8.6245,-0.442,-0.0764
580.6,8.4961,-0.6106,-0.0166
580.7,8.2971,-0.518,0.0409
580.8,8.2995,-0.3437,0.1352
580.9,8.3156,-0.2552,0.1488
581.0,8.1488,-0.2949,0.1398
581.1,8.1921,-0.1362,0.0303
581.2,8.1997,-0.1549,0.0118
581.3,8.1075,-0.2634,0.0698
581.4,8.17,-0.3001,-0.0742
581.5,8.1278,-0.3347,-0.0382
581.6,7.9631,-0.4324,-0.0895
581.7,7.821,-0.2279,-0.1679
581.8,7.8118,-0.1705,-0.1783
581.9,7.7489,-0.3946,-0.2001
582.0,7.9454,-0.3474,-0.1587
582.1,7.9981,-0.3522,-0.2415
582.2,8.0308,-0.2786,-0.348
582.3,8.0734,-0.2523,-0.4391
582.4,7.9068,-0.1332,-0.4665
582.5,7.8907,-0.1202,-0.5065
582.6,8.0877,-0.3449,-0.6071
582.7,8.2009,-0.3989,-0.5096
582.8,8.1978,-0.3882,-0.4764
582.9,8.2091,-0.4787,-0.4263
583.0,8.1448,-0.4275,-0.4062
583.1,7.986,-0.6097,-0.4174
583.2,7.7347,-0.5071,-0.3833
583.3,7.7685,-0.5257,-0.3804
583.4,7.9433,-0.6631,-0.4332
583.5,7.9636,-0.4626,-0.5085
583.6,7.8995,-0.4505,-0.4606
583.7,7.7457,-0.4231,-0.45
583.8,7.6367,-0.4451,-0.4734
583.9,7.4991,-0.4346,-0.423
584.0,7.4703,-0.4163,-0.3675
584.1,7.4081,-0.392,-0.3294
584.2,7.4221,-0.2188,-0.3964
584.3,7.3529,-0.2153,-0.4259
584.4,7.3741,-0.279,-0.5678
584.5,7.3539,-0.3219,-0.4952
584.6,7.4979,-0.2525,-0.5185
584.7,7.4429,-0.1533,-0.5077
584.8,7.3778,-0.4544,-0.5408
584.9,7.4024,-0.4704,-0.6015
585.0,7.3846,-0.4807,-0.657
585.1,7.5002,-0.6464,-0.7166
585.2,7.4077,-0.657,-0.5636
585.3,7.4353,-0.756,-0.5414
585.4,7.4826,-0.8646,-0.4524
585.5,7.5063,-0.853,-0.4954
585.6,7.3925,-0.8393,-0.4305
585.7,7.2719,-0.892,-0.374
585.8,7.1631,-0.8929,-0.3219
585.9,7.2704,-1.0162,-0.2759
586.0,7.0693,-1.1947,-0.148
586.1,7.1998,-1.1136,-0.2301
586.2,7.2042,-1.1836,-0.1889
586.3,7.2586,-1.1636,-0.188
586.4,7.2045,-0.944,-0.1473
586.5,7.1827,-0.915,-0.1053
586.6,7.2703,-0.883,-0.0911
586.7,7.2542,-0.9113,-0.0145
586.8,7.3113,-0.8716,-0.0118
586.9,7.3775,-0.8722,-0.0356
587.0,7.1317,-0.6996,-0.0671
587.1,7.3142,-0.5988,-0.2081
587.2,7.3417,-0.5444,-0.2591
587.3,7.2554,-0.1794,-0.2831
587.4,7.2339,0.0264,-0.2646
587.5,7.4355,0.1771,-0.2215
587.6,7.3743,0.2238,-0.2083
587.7,7.3566,0.1967,-0.1863
587.8,7.551,0.1114,-0.1496
587.9,7.5054,0.162,-0.0645
588.0,7.574,0.3424,-0.121
588.1,7.5666,0.4111,-0.1161
588.2,7.4821,0.3142,-0.1547
588.3,7.4554,0.2483,-0.0836
588.4,7.5668,0.3486,-0.1959
588.5,7.4153,0.2857,-0.2815
588.6,7.4565,0.2305,-0.2645
588.7,7.4203,0.3707,-0.2855
588.8,7.4684,0.2772,-0.3306
588.9,7.3622,0.2782,-0.2599
589.0,7.3088,0.3183,-0.0955
589.1,7.3941,0.3605,-0.0583
589.2,7.4268,0.3776,-0.0853
589.3,7.4747,0.2642,-0.1366
589.4,7.4785,0.1694,-0.1487
589.5,7.5015,0.2846,-0.2099
589.6,7.3711,0.0841,-0.1968
589.7,7.2259,-0.0023,-0.1173
589.8,7.0645,0.0916,-0.1684
589.9,6.8741,0.1721,-0.2426
590.0,6.8927,0.1244,-0.2185
590.1,6.9201,0.0657,-0.2745
590.2,6.9076,0.083,-0.283
590.3,6.9224,0.0892,-0.341
590.4,6.9634,0.02,-0.4026
590.5,6.9962,-0.0248,-0.4277
590.6,7.0621,-0.0934,-0.3309
590.7,7.0678,-0.044,-0.3554
590.8,7.1037,-0.0664,-0.3518
590.9,7.0897,0.0602,-0.3261
591.0,7.085,0.0304,-0.4395
591.1,7.1425,-0.0841,-0.3869
591.2,7.1235,-0.079,-0.3097
591.3,7.1984,0.0152,-0.4089
591.4,7.1086,-0.0227,-0.4508
591.5,7.153,-0.1612,-0.4995
591.6,7.0735,-0.2908,-0.5744
591.7,7.2558,-0.3106,-0.5412
591.8,7.2929,-0.2574,-0.5196
591.9,7.2754,-0.3506,-0.5115
592.0,7.3267,-0.3596,-0.5008
592.1,7.4548,-0.2964,-0.5053
592.2,7.653,-0.1975,-0.5238
592.3,7.6198,-0.0951,-0.5461
592.4,7.5224,-0.1769,-0.5746
592.5,7.5989,-0.1611,-0.4707
592.6,7.6935,-0.1513,-0.4766
592.7,7.6615,-0.1579,-0.4195
592.8,7.5381,0.0095,-0.325
592.9,7.5893,-0.0097,-0.4419
593.0,7.4452,-0.174,-0.3892
593.1,7.3705,-0.1733,-0.3776
593.2,7.2219,0.0063,-0.3008
593.3,7.2514,0.0421,-0.2836
593.4,7.3388,0.2306,-0.3011
593.5,7.1644,0.196,-0.2589
593.6,7.2087,0.2709,-0.1894
593.7,7.1698,0.2467,-0.205
593.8,7.139,0.3404,-0.202
593.9,7.0493,0.3252,-0.1116
594.0,7.0293,0.3145,-0.1851
594.1,6.9869,0.1684,-0.2499
594.2,7.2209,0.2306,-0.239
594.3,7.1751,0.1183,-0.1616
594.4,7.286,0.156,-0.195
594.5,7.1899,0.2548,-0.1644
594.6,7.3167,0.0562,-0.1812
594.7,7.2646,0.0523,-0.1364
594.8,7.1421,-0.1024,-0.026
594.9,7.1023,-0.2157,0.0459
595.0,7.2376,-0.0453,0.001
595.1,7.2782,0.0919,0.0385
595.2,7.1462,0.039,0.0141
595.3,6.8797,0.0883,0.0563
595.4,6.8855,0.1489,0.1082
595.5,6.9626,0.2526,0.098
595.6,6.9805,0.1824,0.0204
595.7,7.0182,0.1841,-0.0378
595.8,7.0188,0.0709,-0.0481
595.9,6.8852,0.0622,-0.0219
596.0,6.9644,0.1354,-0.0862
596.1,6.9632,0.2538,-0.1612
596.2,6.9742,0.2801,-0.1662
596.3,7.0978,0.2137,-0.2485
596.4,7.2167,0.247,-0.1795
596.5,7.1603,0.3244,-0.1118
596.6,7.1463,0.3738,-0.1351
596.7,7.0522,0.4516,-0.1054
596.8,6.9977,0.471,-0.146
596.9,6.9443,0.7099,-0.11
597.0,6.9066,0.458,-0.1097
597.1,6.8852,0.3435,-0.0613
597.2,6.9994,0.4528,-0.067
597.3,6.8521,0.3489,0.0464
597.4,6.9376,0.5254,0.0381
597.5,6.9405,0.4774,-0.0063
597.6,6.8514,0.4695,0.0782
597.7,6.8165,0.487,0.1303
597.8,6.8557,0.5665,0.1337
597.9,6.9046,0.5318,0.1455
598.0,6.8216,0.5058,0.1664
598.1,6.7433,0.5475,0.1736
598.2,6.8084,0.6688,0.1183
598.3,6.7598,0.7208,0.1506
598.4,6.8544,0.5815,0.1701
598.5,6.7121,0.7578,0.2444
598.6,6.8373,0.6737,0.2391
598.7,6.8889,0.6753,0.2504
598.8,6.9267,0.7875,0.1693
598.9,6.9768,0.5626,0.2064
599.0,7.0452,0.5766,0.1225
599.1,7.1601,0.5528,0.2446
599.2,6.9306,0.7155,0.1515
599.3,6.9388,0.7509,0.1554
599.4,7.0686,0.8186,0.1119
599.5,7.1941,0.9428,0.2022
599.6,7.1911,0.9286,0.2377
599.7,7.2957,0.8908,0.2657
599.8,7.2035,0.9978,0.2264
599.9,7.3197,1.0047,0.1043
