timestamp_ms,delivered,rssi_dbm,snr_db
0,1,-79.69,14.48
200,1,-75.67,13.01
400,0,-73.87,5.97
600,0,-77.15,10.17
800,0,-77.28,8.94
1000,0,-77.39,11.98
1200,0,-71.27,8.11
1400,0,-75.38,10.49
1600,1,-67.03,16.34
1800,1,-71.25,18.25
2000,0,-67.54,13.21
2200,1,-66.48,16.21
2400,1,-67.71,12.64
2600,0,-81.64,5.53
2800,0,-78.27,9.12
3000,1,-72.27,10.82
3200,1,-67.81,12.04
3400,1,-73.6,14.12
3600,1,-71.79,14.64
3800,0,-64.65,13.89
4000,0,-72.52,10.78
4200,0,-77.74,6.58
4400,0,-82.75,9.62
4600,1,-74.32,17.7
4800,0,-78.5,8.23
5000,1,-66.31,13.04
5200,1,-68.74,15.3
5400,1,-76.81,14.17
5600,1,-70.53,14.79
5800,1,-75.12,13.95
6000,0,-72.18,11.24
6200,1,-68.1,12.15
6400,0,-74.62,8.58
6600,1,-74.82,13.6
6800,1,-70.73,10.3
7000,1,-76.08,8.22
7200,1,-65.89,13.11
7400,1,-69.72,13.85
7600,1,-66.98,15.13
7800,1,-74.0,9.72
8000,1,-67.99,13.57
8200,1,-76.35,16.96
8400,1,-65.76,14.07
8600,1,-70.41,12.31
8800,0,-69.55,12.95
9000,1,-71.38,17.39
9200,1,-68.92,14.38
9400,1,-66.88,16.45
9600,1,-72.33,16.96
9800,0,-79.61,9.6
10000,0,-80.99,14.87
10200,0,-77.44,13.77
10400,0,-76.24,8.42
10600,0,-78.21,9.27
10800,0,-70.3,11.17
11000,1,-73.6,15.66
11200,1,-71.49,16.29
11400,1,-67.05,11.63
11600,1,-72.46,16.44
11800,1,-75.4,15.78
12000,1,-74.86,12.99
12200,1,-63.07,18.61
12400,1,-73.78,14.41
12600,1,-70.11,13.35
12800,1,-64.58,16.91
13000,1,-66.04,14.91
13200,1,-70.95,16.22
13400,1,-71.13,16.62
13600,1,-72.87,16.57
13800,1,-73.32,11.08
14000,1,-68.93,14.97
14200,1,-77.53,14.77
14400,1,-78.37,17.86
14600,1,-74.27,12.51
14800,1,-73.1,13.34
15000,1,-69.14,13.52
15200,1,-70.26,14.74
15400,1,-70.34,15.92
15600,0,-72.9,7.89
15800,1,-65.33,13.24
16000,1,-70.65,16.67
16200,1,-69.3,15.36
16400,1,-73.91,11.4
16600,0,-70.84,18.01
16800,1,-74.51,14.41
17000,1,-68.68,13.15
17200,1,-74.44,15.74
17400,0,-77.7,12.48
17600,0,-75.5,7.83
17800,0,-75.91,7.26
18000,0,-80.39,10.03
18200,1,-67.45,18.07
18400,1,-72.97,15.97
18600,1,-72.09,14.43
18800,1,-70.87,12.32
19000,0,-77.8,8.69
19200,0,-71.23,7.59
19400,1,-74.9,13.46
19600,1,-66.8,15.16
19800,1,-71.77,14.71
20000,1,-70.56,14.1
20200,1,-64.79,14.83
20400,0,-80.54,12.94
20600,0,-80.99,9.37
20800,1,-70.55,10.25
21000,1,-74.34,14.12
21200,1,-74.67,17.46
21400,1,-66.83,15.05
21600,1,-73.04,18.07
21800,1,-65.09,13.77
22000,1,-71.56,15.03
22200,1,-67.33,15.31
22400,1,-70.69,12.24
22600,0,-74.69,7.57
22800,0,-74.08,6.47
23000,1,-72.71,14.02
23200,1,-69.59,11.88
23400,1,-69.99,16.45
23600,0,-69.71,8.98
23800,1,-71.24,17.2
24000,1,-71.97,20.18
24200,1,-68.03,12.14
24400,1,-73.85,14.42
24600,1,-66.1,17.62
24800,1,-64.0,12.7
25000,1,-71.45,9.21
25200,1,-66.54,16.9
25400,1,-72.3,15.22
25600,1,-77.64,12.85
25800,1,-72.78,16.15
26000,1,-71.05,15.66
26200,1,-72.22,13.56
26400,1,-63.32,15.73
26600,1,-65.54,16.31
26800,0,-78.46,10.28
27000,0,-78.69,9.9
27200,0,-73.76,13.62
27400,1,-68.37,15.4
27600,1,-75.22,14.72
27800,1,-68.69,12.38
28000,1,-69.48,12.68
28200,1,-70.22,18.28
28400,1,-70.51,12.9
28600,1,-73.44,12.69
28800,1,-72.05,14.35
29000,1,-73.11,13.91
29200,1,-70.99,10.7
29400,0,-80.96,10.16
29600,0,-80.4,8.57
29800,1,-70.73,13.31
30000,1,-70.07,11.51
30200,0,-80.72,10.65
30400,0,-75.65,5.92
30600,0,-76.96,8.41
30800,0,-72.8,8.65
31000,0,-79.0,8.62
31200,0,-79.98,8.43
31400,0,-79.66,11.98
31600,0,-75.56,9.59
31800,0,-80.0,7.57
32000,1,-72.83,13.28
32200,1,-68.21,10.02
32400,1,-69.65,13.69
32600,1,-64.87,12.23
32800,0,-76.96,11.11
33000,0,-76.2,11.47
33200,0,-75.22,8.31
33400,0,-74.2,7.73
33600,0,-74.9,8.59
33800,0,-75.82,10.88
34000,0,-79.56,12.34
34200,0,-73.82,11.02
34400,1,-69.1,14.33
34600,1,-74.76,18.46
34800,0,-79.04,4.09
35000,1,-64.95,10.14
35200,1,-72.07,14.84
35400,1,-68.58,14.89
35600,1,-69.15,10.18
35800,1,-68.07,15.35
36000,1,-75.39,14.79
36200,1,-63.11,15.17
36400,0,-73.93,9.38
36600,0,-67.97,8.11
36800,0,-80.52,7.9
37000,1,-68.19,18.55
37200,0,-78.41,10.02
37400,1,-72.62,8.35
37600,0,-74.73,14.37
37800,1,-68.06,11.24
38000,0,-76.23,9.56
38200,0,-74.89,10.8
38400,1,-73.13,13.3
38600,0,-72.37,14.81
38800,1,-71.78,15.31
39000,0,-69.83,14.16
39200,1,-66.11,14.27
39400,1,-67.2,14.41
39600,0,-72.48,13.61
39800,1,-72.77,17.82
40000,1,-67.53,14.19
40200,1,-72.84,17.14
40400,1,-71.25,17.53
40600,1,-59.33,14.5
40800,0,-76.3,10.29
41000,1,-66.24,13.07
41200,1,-62.79,12.34
41400,1,-75.3,16.37
41600,0,-78.88,12.07
41800,1,-65.46,11.45
42000,1,-72.78,12.03
42200,1,-65.92,12.11
42400,0,-69.08,14.57
42600,0,-75.69,8.54
42800,0,-67.65,8.28
43000,0,-77.39,11.78
43200,0,-75.63,7.26
43400,0,-82.79,11.23
43600,0,-61.68,15.65
43800,1,-66.78,14.16
44000,1,-69.4,12.14
44200,1,-71.27,14.85
44400,1,-70.35,11.99
44600,1,-70.23,19.54
44800,1,-70.66,12.79
45000,0,-74.26,17.26
45200,1,-76.73,15.67
45400,1,-74.69,13.21
45600,0,-66.36,8.96
45800,1,-74.79,13.81
46000,1,-71.35,15.7
46200,0,-79.18,8.81
46400,0,-72.6,9.64
46600,1,-69.36,14.07
46800,1,-67.95,11.9
47000,1,-67.98,13.71
47200,1,-66.3,12.26
47400,1,-69.8,13.02
47600,1,-65.92,13.02
47800,0,-78.33,12.77
48000,0,-74.15,6.8
48200,1,-72.51,13.06
48400,1,-70.87,14.96
48600,0,-69.81,14.4
48800,1,-65.0,14.37
49000,1,-76.46,12.46
49200,1,-70.6,12.01
49400,1,-78.16,12.25
49600,1,-70.6,12.19
49800,1,-75.09,12.68
50000,1,-71.58,18.51
50200,1,-68.85,17.07
50400,1,-71.4,12.52
50600,1,-74.84,10.56
50800,1,-80.02,13.65
51000,1,-66.31,12.94
51200,1,-66.76,15.86
51400,1,-71.24,11.91
51600,0,-79.43,9.96
51800,0,-75.36,6.93
52000,0,-73.95,6.47
52200,0,-75.57,11.49
52400,1,-75.9,16.23
52600,1,-61.38,12.46
52800,1,-67.85,13.26
53000,1,-72.65,8.21
53200,1,-71.82,15.59
53400,1,-65.44,16.07
53600,1,-70.96,17.84
53800,1,-74.27,12.28
54000,0,-77.7,10.57
54200,0,-70.96,6.24
54400,0,-75.59,9.51
54600,0,-76.78,8.26
54800,0,-77.73,6.33
55000,0,-75.69,10.89
55200,1,-66.68,12.42
55400,1,-68.84,15.0
55600,1,-68.06,17.03
55800,1,-70.04,13.12
56000,1,-66.95,16.48
56200,0,-70.87,5.93
56400,0,-75.37,9.03
56600,1,-73.23,11.04
56800,1,-67.24,14.24
57000,0,-77.22,10.43
57200,0,-81.84,8.67
57400,0,-72.59,7.37
57600,1,-69.23,12.19
57800,1,-69.57,14.56
58000,0,-77.55,8.05
58200,0,-73.6,9.72
58400,0,-77.32,9.51
58600,0,-76.44,4.66
58800,0,-74.04,5.67
59000,1,-70.98,15.04
59200,1,-69.32,11.54
59400,0,-75.64,8.55
59600,0,-76.17,5.81
59800,1,-73.99,12.42
60000,1,-65.24,15.88
60200,1,-74.64,9.68
60400,1,-71.54,8.73
60600,1,-75.04,12.96
60800,1,-66.77,10.78
61000,1,-67.98,12.43
61200,1,-67.64,14.59
61400,1,-70.8,10.21
61600,0,-74.96,5.19
61800,1,-72.33,15.08
62000,1,-69.17,16.21
62200,1,-72.34,15.1
62400,1,-73.87,11.44
62600,0,-77.57,12.8
62800,0,-73.21,7.61
63000,0,-70.83,13.6
63200,0,-66.3,15.98
63400,1,-67.58,12.1
63600,0,-72.25,13.37
63800,0,-72.22,7.96
64000,0,-70.93,11.46
64200,1,-72.93,17.1
64400,1,-69.28,15.0
64600,1,-73.03,17.41
64800,1,-72.65,14.29
65000,1,-72.45,15.43
65200,1,-69.73,13.56
65400,0,-79.41,11.26
65600,0,-75.47,11.16
65800,0,-75.94,8.89
66000,0,-78.95,9.29
66200,1,-74.1,15.68
66400,1,-66.81,18.47
66600,1,-67.1,16.7
66800,0,-71.15,19.65
67000,1,-68.5,14.0
67200,1,-68.46,12.89
67400,0,-72.24,8.15
67600,1,-69.16,14.98
67800,1,-68.14,14.79
68000,1,-72.31,14.26
68200,1,-68.35,15.9
68400,0,-73.18,4.36
68600,0,-72.7,8.29
68800,0,-73.88,6.87
69000,1,-68.7,12.15
69200,1,-66.77,16.05
69400,1,-75.51,10.09
69600,1,-69.72,17.09
69800,1,-68.0,17.31
70000,1,-67.94,12.92
70200,1,-68.08,17.29
70400,1,-74.89,16.17
70600,1,-65.06,14.79
70800,1,-70.88,15.02
71000,1,-69.66,14.02
71200,1,-70.52,13.6
71400,1,-70.87,12.43
71600,1,-72.28,17.25
71800,0,-74.28,8.04
72000,1,-70.46,15.02
72200,1,-73.26,11.08
72400,1,-74.65,15.11
72600,1,-75.79,10.94
72800,1,-66.39,15.93
73000,1,-69.2,12.78
73200,1,-71.51,16.1
73400,1,-69.32,11.81
73600,1,-72.85,12.34
73800,1,-68.48,14.55
74000,1,-70.6,15.58
74200,1,-68.23,14.49
74400,1,-67.62,12.96
74600,1,-77.65,14.21
74800,1,-69.94,15.05
75000,1,-64.21,12.94
75200,1,-74.07,12.89
75400,1,-75.22,19.08
75600,0,-76.08,8.94
75800,1,-71.15,14.0
76000,1,-76.94,12.87
76200,1,-70.64,14.15
76400,1,-71.67,13.25
76600,1,-69.35,16.84
76800,0,-84.64,10.97
77000,1,-73.93,13.48
77200,1,-75.23,19.52
77400,1,-64.74,10.4
77600,1,-70.42,12.94
77800,0,-68.32,15.83
78000,1,-67.5,11.83
78200,0,-77.85,11.4
78400,0,-81.13,5.02
78600,1,-69.93,14.11
78800,1,-71.46,12.29
79000,1,-72.46,12.48
79200,1,-70.7,14.03
79400,1,-73.83,15.68
79600,0,-79.77,8.48
79800,0,-79.69,6.71
80000,0,-76.5,9.53
80200,0,-75.99,13.44
80400,1,-71.06,10.25
80600,0,-76.21,8.47
80800,1,-71.1,14.99
81000,1,-67.23,10.35
81200,0,-81.03,5.77
81400,0,-75.91,8.96
81600,0,-76.41,9.59
81800,0,-76.64,8.19
82000,0,-77.17,10.01
82200,0,-72.36,9.57
82400,0,-74.41,9.61
82600,0,-72.86,21.07
82800,1,-72.62,17.56
83000,0,-74.85,7.07
83200,1,-71.4,16.64
83400,1,-68.62,10.84
83600,1,-72.67,12.22
83800,1,-68.4,10.52
84000,0,-73.79,10.59
84200,0,-79.68,9.47
84400,1,-76.25,9.22
84600,1,-69.6,14.93
84800,1,-66.29,11.7
85000,1,-69.75,15.08
85200,0,-72.86,16.9
85400,1,-72.07,15.17
85600,1,-68.04,14.55
85800,1,-75.66,12.74
86000,1,-66.71,15.89
86200,1,-73.2,15.74
86400,1,-64.12,15.69
86600,1,-69.2,13.06
86800,1,-70.44,15.17
87000,1,-69.89,10.02
87200,0,-70.57,10.74
87400,0,-75.99,8.68
87600,0,-70.95,6.07
87800,0,-68.34,7.51
88000,0,-72.05,8.01
88200,1,-69.47,15.53
88400,1,-73.69,14.51
88600,1,-72.45,13.51
88800,0,-75.09,10.39
89000,1,-68.5,12.54
89200,0,-74.97,9.27
89400,0,-75.13,8.2
89600,1,-63.68,8.81
89800,0,-75.64,9.33
90000,0,-75.56,10.74
90200,0,-76.23,12.78
90400,0,-73.9,11.69
90600,0,-79.36,11.8
90800,0,-73.95,5.67
91000,0,-76.42,10.43
91200,0,-81.09,6.6
91400,0,-75.12,7.61
91600,0,-77.13,8.2
91800,1,-71.82,9.48
92000,1,-73.21,11.0
92200,1,-72.26,13.6
92400,1,-67.95,12.73
92600,1,-73.33,13.54
92800,1,-68.29,15.39
93000,1,-68.39,11.96
93200,1,-67.87,12.82
93400,0,-75.94,11.5
93600,0,-74.96,7.15
93800,0,-81.24,7.62
94000,0,-78.68,4.17
94200,0,-69.6,8.9
94400,1,-68.19,17.84
94600,1,-70.55,12.11
94800,1,-65.24,13.56
95000,1,-62.77,13.5
95200,1,-66.14,18.42
95400,0,-76.87,12.97
95600,0,-74.69,5.34
95800,0,-76.9,8.98
96000,0,-82.53,9.3
96200,0,-72.45,10.08
96400,0,-77.82,10.35
96600,1,-72.27,17.57
96800,1,-69.97,15.45
97000,1,-66.53,12.6
97200,1,-67.88,12.06
97400,1,-69.16,14.41
97600,0,-76.75,11.08
97800,1,-70.73,14.92
98000,1,-74.47,14.09
98200,1,-65.76,10.3
98400,1,-76.49,15.46
98600,1,-62.39,15.72
98800,1,-68.99,9.47
99000,1,-74.67,10.24
99200,1,-71.37,14.4
99400,1,-73.37,14.48
99600,1,-70.79,14.65
99800,1,-66.14,15.35
100000,1,-68.29,14.26
100200,0,-79.45,5.65
100400,0,-74.31,11.33
100600,0,-77.99,11.37
100800,0,-74.07,12.7
101000,1,-73.24,16.37
101200,1,-71.3,12.16
101400,1,-76.63,13.33
101600,0,-76.96,11.69
101800,0,-76.55,11.12
102000,0,-76.21,13.44
102200,0,-73.57,10.84
102400,0,-75.91,3.43
102600,0,-79.89,9.94
102800,0,-82.71,15.57
103000,0,-80.53,7.28
103200,0,-75.45,8.15
103400,0,-72.44,8.01
103600,1,-65.06,10.16
103800,1,-66.43,15.06
104000,1,-69.87,13.67
104200,0,-79.65,11.88
104400,0,-78.88,8.19
104600,0,-74.91,8.59
104800,0,-70.49,5.86
105000,0,-75.8,9.38
105200,0,-73.16,10.94
105400,0,-73.02,11.29
105600,0,-74.53,8.16
105800,0,-79.38,8.33
106000,1,-67.13,15.51
106200,1,-67.39,12.99
106400,1,-71.03,15.24
106600,1,-67.56,17.01
106800,1,-66.99,13.98
107000,1,-76.22,13.64
107200,1,-71.75,18.04
107400,1,-63.98,18.02
107600,1,-73.61,17.27
107800,1,-67.15,12.83
108000,1,-75.94,14.0
108200,0,-78.44,8.04
108400,1,-71.28,12.32
108600,1,-67.48,17.22
108800,1,-72.15,14.74
109000,1,-70.53,9.49
109200,1,-72.49,9.38
109400,1,-70.16,10.19
109600,1,-70.09,14.89
109800,1,-68.16,13.95
110000,1,-74.58,18.79
110200,1,-72.51,13.69
110400,1,-66.27,14.29
110600,1,-73.23,16.93
110800,1,-69.67,16.21
111000,1,-68.51,15.13
111200,1,-72.66,17.48
111400,1,-70.32,15.91
111600,1,-67.8,12.8
111800,1,-73.64,17.76
112000,0,-80.18,7.95
112200,0,-72.73,8.75
112400,0,-72.45,12.61
112600,0,-78.09,10.18
112800,0,-79.73,10.63
113000,0,-76.13,10.85
113200,1,-69.61,14.29
113400,1,-77.27,17.25
113600,0,-78.46,6.36
113800,0,-78.16,9.08
114000,0,-77.74,9.48
114200,1,-72.9,10.09
114400,1,-69.22,17.29
114600,0,-76.14,12.66
114800,0,-76.3,14.45
115000,0,-77.34,7.73
115200,1,-67.1,15.3
115400,1,-68.92,16.58
115600,1,-66.85,9.1
115800,1,-70.24,15.69
116000,0,-76.23,6.68
116200,1,-71.81,15.3
116400,0,-77.88,7.28
116600,0,-79.89,9.23
116800,1,-71.47,9.83
117000,1,-68.87,17.32
117200,1,-72.78,13.23
117400,1,-70.67,14.81
117600,1,-64.51,14.61
117800,1,-66.98,18.46
118000,1,-70.39,11.72
118200,1,-70.07,12.62
118400,1,-74.99,13.9
118600,1,-67.08,13.68
118800,1,-72.56,19.59
119000,1,-68.15,12.76
119200,1,-69.6,12.0
119400,1,-72.02,15.33
119600,0,-75.08,4.63
119800,0,-78.64,5.73
120000,1,-65.08,12.28
120200,0,-73.97,11.55
120400,0,-76.73,10.07
120600,0,-72.36,12.78
120800,0,-74.85,7.97
121000,0,-76.65,7.81
121200,1,-66.0,12.34
121400,1,-73.12,19.28
121600,1,-69.99,16.32
121800,0,-82.69,9.72
122000,0,-79.02,8.13
122200,0,-72.19,9.5
122400,1,-69.65,17.8
122600,1,-66.84,14.45
122800,1,-69.58,15.61
123000,1,-63.57,14.81
123200,1,-71.22,13.04
123400,0,-77.66,11.9
123600,1,-70.16,11.02
123800,1,-71.56,12.28
124000,1,-68.61,17.37
124200,1,-69.19,15.89
124400,0,-78.13,10.17
124600,0,-75.92,10.06
124800,1,-71.11,12.07
125000,1,-70.71,15.04
125200,1,-71.46,13.42
125400,0,-77.21,3.81
125600,0,-80.61,11.09
125800,0,-79.94,6.51
126000,1,-68.23,9.48
126200,1,-76.11,15.0
126400,0,-73.61,7.02
126600,0,-74.78,7.77
126800,0,-74.88,11.81
127000,0,-68.58,9.61
127200,1,-72.49,13.15
127400,1,-73.56,19.45
127600,1,-67.92,16.23
127800,1,-67.32,14.89
128000,1,-66.23,11.17
128200,1,-70.88,16.84
128400,1,-67.4,12.65
128600,1,-74.79,13.81
128800,1,-72.33,14.17
129000,1,-70.65,17.91
129200,1,-69.17,12.07
129400,1,-68.57,12.12
129600,1,-71.29,14.2
129800,1,-70.14,14.27
130000,0,-74.21,7.04
130200,1,-67.84,14.13
130400,1,-73.19,10.32
130600,1,-73.89,13.26
130800,1,-72.82,12.64
131000,1,-73.82,13.75
131200,0,-74.75,6.13
131400,0,-72.19,7.39
131600,0,-70.33,6.45
131800,0,-79.07,11.47
132000,0,-80.37,11.22
132200,0,-74.17,13.67
132400,0,-75.15,12.66
132600,0,-79.04,10.31
132800,0,-78.99,13.77
133000,1,-67.46,7.38
133200,1,-69.22,11.39
133400,1,-74.83,12.89
133600,1,-71.03,13.33
133800,1,-68.13,16.13
134000,0,-77.9,7.15
134200,0,-79.28,11.5
134400,1,-71.37,16.06
134600,1,-75.91,12.17
134800,0,-75.28,11.6
135000,0,-77.09,9.25
135200,0,-75.51,9.17
135400,1,-72.11,13.73
135600,1,-70.38,10.88
135800,1,-79.0,15.59
136000,1,-74.77,11.13
136200,0,-65.46,18.81
136400,0,-82.43,6.36
136600,0,-73.54,6.98
136800,0,-74.57,5.84
137000,1,-69.25,13.22
137200,0,-74.36,11.87
137400,1,-71.09,9.51
137600,1,-71.94,13.04
137800,0,-73.91,2.78
138000,0,-77.46,10.75
138200,0,-74.02,8.5
138400,1,-71.09,11.76
138600,0,-76.54,11.98
138800,0,-77.2,8.02
139000,0,-73.65,8.79
139200,0,-69.41,16.88
139400,1,-69.44,14.87
139600,1,-71.81,14.77
139800,0,-75.28,4.97
140000,0,-77.99,9.12
140200,0,-78.66,11.24
140400,1,-66.59,18.08
140600,1,-70.3,11.21
140800,1,-62.68,14.13
141000,0,-76.9,6.28
141200,0,-78.12,7.58
141400,0,-77.34,8.46
141600,0,-74.28,10.01
141800,0,-73.21,11.9
142000,0,-81.06,13.23
142200,0,-80.41,7.8
142400,1,-74.01,15.59
142600,1,-70.3,16.18
142800,1,-69.86,16.36
143000,1,-67.27,15.88
143200,0,-76.22,9.57
143400,0,-78.52,9.64
143600,0,-72.42,9.95
143800,0,-83.01,3.43
144000,0,-79.26,7.69
144200,0,-79.99,10.56
144400,0,-70.57,7.88
144600,0,-80.41,10.75
144800,0,-73.02,8.63
145000,1,-75.59,15.5
145200,1,-70.98,9.41
145400,1,-71.19,13.76
145600,1,-71.2,14.42
145800,1,-66.39,11.28
146000,1,-70.76,14.37
146200,1,-68.67,13.37
146400,0,-75.65,6.77
146600,0,-75.35,12.48
146800,0,-71.81,7.93
147000,0,-79.54,7.69
147200,1,-74.45,12.63
147400,1,-72.21,17.58
147600,1,-75.01,10.82
147800,1,-66.02,11.98
148000,1,-68.38,11.79
148200,0,-73.23,11.52
148400,0,-77.37,13.8
148600,0,-79.55,9.9
148800,0,-75.65,9.66
149000,1,-69.38,15.67
149200,0,-72.35,10.47
149400,1,-75.61,15.32
149600,1,-75.75,11.8
149800,1,-73.33,14.32
150000,1,-71.58,13.0
150200,1,-75.87,14.19
150400,1,-68.25,13.43
150600,1,-70.11,10.81
150800,0,-79.23,6.91
151000,0,-75.72,7.52
151200,1,-71.19,14.32
151400,1,-70.94,16.82
151600,1,-75.59,13.9
151800,1,-73.76,12.59
152000,0,-75.42,11.03
152200,0,-75.18,11.91
152400,1,-70.7,13.21
152600,0,-71.12,8.21
152800,0,-74.77,7.74
153000,1,-65.8,13.73
153200,1,-70.07,12.25
153400,1,-70.17,11.9
153600,1,-71.09,12.2
153800,1,-69.55,13.12
154000,1,-64.62,12.36
154200,1,-74.96,17.57
154400,1,-72.85,20.01
154600,1,-69.32,13.74
154800,1,-63.45,17.8
155000,1,-69.26,14.56
155200,1,-66.63,12.94
155400,1,-64.03,16.84
155600,0,-76.62,7.72
155800,0,-76.63,6.75
156000,1,-70.86,14.76
156200,1,-70.15,16.22
156400,1,-71.87,16.64
156600,1,-69.39,12.46
156800,1,-70.81,13.04
157000,1,-81.62,13.13
157200,0,-69.24,9.26
157400,1,-69.77,12.15
157600,0,-69.99,10.94
157800,1,-70.99,14.61
158000,0,-73.47,9.05
158200,0,-79.02,12.09
158400,0,-74.85,6.67
158600,0,-77.84,11.16
158800,0,-71.85,11.7
159000,0,-75.88,11.37
159200,0,-75.99,6.41
159400,0,-77.12,10.32
159600,0,-80.85,9.91
159800,0,-81.34,5.47
160000,0,-75.84,9.37
160200,0,-72.46,6.16
160400,1,-74.18,18.13
160600,1,-74.41,17.09
160800,0,-74.24,10.6
161000,1,-73.55,7.06
161200,1,-71.0,11.32
161400,1,-67.45,15.19
161600,1,-73.8,15.51
161800,1,-73.77,19.25
162000,1,-68.7,14.41
162200,1,-70.07,14.2
162400,1,-72.08,13.99
162600,1,-75.0,12.41
162800,1,-67.05,16.15
163000,0,-78.58,9.44
163200,0,-79.41,8.15
163400,0,-76.65,10.71
163600,1,-67.86,14.86
163800,1,-75.45,14.69
164000,1,-70.0,19.35
164200,1,-68.75,10.95
164400,0,-77.26,11.89
164600,0,-74.36,11.37
164800,0,-73.96,7.7
165000,0,-79.49,9.21
165200,0,-76.59,8.7
165400,1,-68.81,15.63
165600,1,-70.08,18.26
165800,1,-67.99,12.63
166000,1,-73.53,14.52
166200,1,-73.65,13.35
166400,1,-68.66,16.16
166600,1,-69.91,15.89
166800,1,-68.27,10.54
167000,1,-64.91,15.24
167200,1,-70.71,14.3
167400,1,-70.36,20.68
167600,1,-71.44,13.37
167800,1,-70.9,13.4
168000,1,-73.98,10.37
168200,1,-70.88,13.06
168400,1,-69.1,14.7
168600,1,-67.81,8.83
168800,1,-69.29,9.88
169000,1,-67.55,15.04
169200,1,-73.19,13.06
169400,1,-70.81,15.21
169600,1,-73.17,14.78
169800,0,-78.26,10.26
170000,1,-70.56,15.77
170200,1,-72.04,16.19
170400,0,-78.99,7.61
170600,1,-69.51,10.56
170800,1,-68.05,15.47
171000,1,-67.15,11.01
171200,1,-66.59,17.42
171400,0,-73.4,9.86
171600,0,-70.91,11.62
171800,1,-69.96,14.21
172000,1,-73.66,16.21
172200,1,-77.46,9.9
172400,1,-73.61,11.98
172600,1,-72.48,14.69
172800,1,-75.18,12.08
173000,0,-82.6,7.48
173200,0,-80.09,10.44
173400,0,-71.89,6.5
173600,1,-71.99,11.87
173800,0,-75.05,10.15
174000,0,-76.49,9.58
174200,0,-76.19,9.01
174400,0,-73.41,12.6
174600,0,-78.56,8.9
174800,0,-79.71,5.08
175000,0,-77.33,8.37
175200,0,-71.96,8.61
175400,0,-77.84,8.49
175600,0,-77.69,7.59
175800,1,-65.74,14.2
176000,0,-75.54,7.98
176200,0,-71.17,12.41
176400,0,-73.44,8.94
176600,1,-66.97,15.92
176800,1,-68.12,13.58
177000,1,-76.21,14.4
177200,1,-70.65,11.76
177400,1,-70.19,17.51
177600,1,-70.16,17.36
177800,0,-78.33,21.82
178000,1,-72.27,11.18
178200,1,-71.74,15.74
178400,1,-61.64,13.06
178600,1,-67.18,9.35
178800,1,-65.66,11.58
179000,1,-74.2,16.07
179200,1,-72.72,10.84
179400,1,-75.28,14.4
179600,1,-69.95,12.37
179800,1,-69.49,12.66
180000,1,-65.81,16.38
180200,1,-71.03,13.39
180400,1,-67.22,15.1
180600,1,-72.24,15.55
180800,0,-75.22,13.29
181000,0,-74.5,9.94
181200,0,-75.19,4.87
181400,1,-69.96,17.38
181600,0,-79.32,8.44
181800,0,-74.59,12.01
182000,0,-77.65,9.63
182200,1,-71.8,14.27
182400,1,-72.37,15.0
182600,1,-66.89,13.39
182800,1,-67.52,18.18
183000,1,-71.95,12.34
183200,0,-72.51,15.89
183400,1,-71.87,12.7
183600,0,-79.98,7.49
183800,0,-78.47,6.59
184000,0,-80.3,10.72
184200,0,-79.83,14.05
184400,0,-82.85,4.77
184600,0,-81.27,2.53
184800,0,-79.16,8.84
185000,1,-75.6,11.29
185200,0,-79.65,11.2
185400,1,-68.95,16.11
185600,1,-66.09,13.33
185800,0,-75.2,11.0
186000,1,-68.3,12.54
186200,0,-72.8,7.23
186400,0,-76.36,9.4
186600,0,-80.7,11.37
186800,0,-77.62,14.14
187000,0,-75.56,8.08
187200,0,-74.83,16.67
187400,1,-67.67,15.11
187600,1,-68.37,11.83
187800,1,-69.43,14.25
188000,1,-77.03,9.5
188200,1,-73.87,11.75
188400,0,-67.2,13.5
188600,0,-78.81,7.85
188800,1,-70.4,9.77
189000,1,-72.63,14.87
189200,1,-71.7,14.46
189400,1,-77.19,14.59
189600,1,-71.33,11.77
189800,1,-71.5,15.75
190000,0,-72.66,8.86
190200,0,-72.89,7.2
190400,0,-77.01,8.66
190600,0,-81.92,9.87
190800,0,-72.16,9.85
191000,1,-68.65,17.89
191200,1,-68.43,14.59
191400,1,-67.54,14.41
191600,1,-71.8,18.88
191800,0,-76.63,10.41
192000,0,-78.17,11.27
192200,1,-71.01,11.67
192400,1,-73.44,12.14
192600,1,-68.86,12.92
192800,1,-72.52,11.97
193000,0,-77.53,6.89
193200,0,-68.68,9.43
193400,0,-77.81,6.36
193600,1,-69.45,16.29
193800,1,-64.8,11.5
194000,1,-65.25,14.63
194200,1,-69.63,15.81
194400,0,-76.21,8.49
194600,0,-76.1,10.45
194800,0,-77.06,10.95
195000,0,-82.9,8.74
195200,0,-77.79,9.55
195400,1,-71.86,15.94
195600,1,-72.65,15.34
195800,1,-64.66,15.19
196000,1,-74.88,18.9
196200,1,-68.01,16.17
196400,1,-68.31,14.03
196600,1,-73.89,16.1
196800,0,-76.68,8.77
197000,0,-77.63,6.38
197200,1,-70.62,16.46
197400,1,-72.06,15.67
197600,1,-68.52,9.71
197800,1,-70.01,15.95
198000,1,-68.59,16.53
198200,1,-71.46,14.24
198400,1,-69.42,10.85
198600,1,-58.48,12.96
198800,1,-70.68,15.27
199000,1,-73.58,13.97
199200,1,-69.2,17.01
199400,0,-75.03,8.59
199600,0,-75.11,10.37
199800,1,-66.69,12.86
200000,1,-70.18,12.01
200200,1,-66.86,14.28
200400,1,-73.4,13.59
200600,1,-69.44,13.73
200800,1,-68.89,15.29
201000,1,-70.77,13.68
201200,0,-78.8,8.82
201400,1,-70.27,11.43
201600,1,-70.09,14.76
201800,1,-67.55,13.31
202000,0,-76.27,17.16
202200,1,-68.86,16.26
202400,1,-70.63,19.06
202600,1,-72.1,14.26
202800,1,-70.43,14.46
203000,1,-74.66,16.19
203200,1,-64.48,10.85
203400,1,-65.58,16.96
203600,1,-74.21,16.62
203800,0,-78.97,9.88
204000,0,-75.97,7.73
204200,0,-79.89,9.39
204400,0,-72.78,6.59
204600,1,-72.18,13.39
204800,1,-67.92,12.33
205000,1,-68.25,10.42
205200,1,-67.2,16.63
205400,1,-70.23,14.83
205600,1,-69.8,17.97
205800,1,-71.21,12.37
206000,1,-71.15,14.28
206200,1,-71.16,11.95
206400,1,-67.85,12.11
206600,1,-67.67,11.99
206800,1,-71.77,12.63
207000,1,-71.44,14.95
207200,1,-76.4,11.31
207400,1,-67.71,12.31
207600,1,-67.21,13.02
207800,1,-71.3,15.56
208000,0,-79.63,7.08
208200,0,-75.32,10.32
208400,1,-70.5,14.26
208600,1,-72.46,14.01
208800,1,-72.67,13.26
209000,1,-69.65,13.62
209200,1,-65.9,16.68
209400,1,-73.57,14.47
209600,1,-72.74,11.99
209800,0,-80.53,8.66
210000,1,-73.3,16.63
210200,1,-74.43,16.95
210400,1,-73.58,17.82
210600,0,-75.26,8.93
210800,0,-65.26,18.1
211000,1,-69.6,12.83
211200,1,-69.45,13.28
211400,0,-79.16,8.42
211600,0,-73.26,11.42
211800,0,-77.33,9.61
212000,0,-82.06,9.01
212200,1,-69.0,14.36
212400,1,-70.78,11.84
212600,1,-70.19,18.76
212800,1,-68.1,13.54
213000,0,-68.37,15.94
213200,0,-77.54,8.23
213400,0,-73.47,11.15
213600,1,-68.92,11.72
213800,1,-68.74,15.19
214000,1,-66.76,15.7
214200,1,-73.78,16.31
214400,1,-71.04,13.62
214600,1,-67.63,17.78
214800,0,-75.44,9.26
215000,1,-74.0,15.24
215200,1,-68.7,12.77
215400,1,-69.94,15.18
215600,0,-79.08,8.39
215800,0,-74.83,6.93
216000,1,-71.05,19.47
216200,0,-79.36,7.44
216400,0,-76.97,10.86
216600,1,-70.65,18.71
216800,1,-65.71,17.05
217000,1,-73.79,12.22
217200,1,-72.54,13.1
217400,1,-70.02,9.16
217600,1,-73.46,15.29
217800,1,-71.28,15.11
218000,1,-63.2,13.78
218200,1,-72.28,14.03
218400,1,-70.17,14.85
218600,1,-66.3,11.69
218800,1,-72.22,18.22
219000,1,-71.69,13.9
219200,1,-73.28,15.83
219400,0,-70.14,8.53
219600,0,-75.63,11.68
219800,0,-80.23,14.45
220000,1,-74.42,10.73
220200,1,-70.3,14.08
220400,1,-70.89,11.29
220600,1,-68.73,14.37
220800,1,-61.91,16.66
221000,0,-71.43,9.36
221200,0,-80.21,11.29
221400,1,-77.62,12.04
221600,1,-66.11,15.84
221800,1,-71.05,19.38
222000,0,-80.98,4.52
222200,0,-77.11,7.15
222400,0,-81.09,6.27
222600,0,-74.24,4.72
222800,1,-70.98,11.04
223000,1,-72.57,15.08
223200,1,-68.93,12.55
223400,1,-73.81,11.32
223600,1,-68.91,16.1
223800,1,-70.37,13.92
224000,1,-71.36,16.47
224200,1,-68.43,10.22
224400,1,-70.16,11.79
224600,1,-69.68,14.44
224800,0,-81.31,14.11
225000,0,-75.47,13.72
225200,1,-65.3,14.6
225400,1,-66.95,15.03
225600,1,-71.05,9.92
225800,1,-73.37,13.9
226000,1,-74.29,15.44
226200,1,-72.5,12.51
226400,1,-68.12,15.26
226600,1,-72.76,11.38
226800,1,-71.41,15.91
227000,1,-75.7,11.06
227200,1,-76.05,16.25
227400,1,-67.45,9.85
227600,1,-74.29,13.98
227800,1,-74.83,14.6
228000,1,-67.69,16.01
228200,0,-79.21,7.42
228400,0,-75.78,5.58
228600,0,-73.04,10.15
228800,0,-77.27,5.99
229000,1,-69.6,14.49
229200,1,-71.03,13.11
229400,1,-67.89,14.07
229600,0,-83.31,7.53
229800,0,-71.05,10.28
230000,0,-75.73,10.18
230200,0,-75.82,12.19
230400,0,-80.57,11.72
230600,1,-70.03,17.68
230800,1,-67.94,13.44
231000,1,-70.81,13.04
231200,1,-70.32,14.74
231400,1,-73.26,11.04
231600,1,-72.91,15.08
231800,0,-71.25,11.81
232000,1,-70.98,13.05
232200,1,-74.23,16.0
232400,1,-70.83,16.32
232600,1,-77.45,14.73
232800,1,-74.93,14.04
233000,1,-69.73,13.96
233200,1,-69.6,15.82
233400,0,-83.01,10.42
233600,1,-68.33,14.24
233800,1,-65.07,17.9
234000,1,-68.02,13.14
234200,1,-72.89,14.08
234400,0,-69.49,7.76
234600,1,-66.6,19.75
234800,1,-70.57,12.85
235000,1,-74.35,12.18
235200,1,-73.63,15.32
235400,1,-65.5,17.01
235600,1,-70.34,15.22
235800,1,-74.09,12.21
236000,0,-70.2,14.01
236200,0,-77.9,9.65
236400,1,-71.75,13.8
236600,1,-73.09,11.7
236800,1,-72.03,16.55
237000,1,-72.5,13.73
237200,1,-68.12,14.58
237400,1,-75.75,14.86
237600,1,-73.32,10.66
237800,1,-68.94,13.33
238000,1,-70.47,16.92
238200,1,-69.66,12.6
238400,1,-69.4,13.1
238600,1,-70.1,13.53
238800,1,-69.86,11.25
239000,1,-74.71,11.24
239200,1,-74.91,16.3
239400,1,-73.84,13.63
239600,1,-72.51,15.69
239800,1,-71.59,13.29
240000,1,-70.81,14.03
240200,1,-75.22,14.19
240400,1,-69.58,16.72
240600,1,-71.35,12.88
240800,1,-68.45,14.67
241000,1,-71.45,14.93
241200,1,-72.33,14.37
241400,1,-69.81,12.54
241600,1,-66.42,11.45
241800,1,-70.65,16.64
242000,1,-74.76,17.21
242200,1,-72.4,14.24
242400,1,-71.83,13.79
242600,1,-72.29,11.88
242800,1,-72.97,19.64
243000,1,-68.86,14.42
243200,1,-76.84,13.6
243400,0,-64.48,14.71
243600,1,-66.67,17.32
243800,1,-71.78,11.71
244000,0,-82.92,6.58
244200,1,-72.35,21.23
244400,1,-70.53,11.93
244600,1,-68.8,11.76
244800,1,-77.62,8.56
245000,1,-70.4,10.93
245200,1,-65.15,12.47
245400,1,-79.27,15.12
245600,1,-72.67,15.12
245800,1,-71.18,14.48
246000,1,-73.1,10.97
246200,1,-69.19,16.05
246400,1,-71.38,12.9
246600,1,-75.4,12.32
246800,1,-68.57,10.06
247000,0,-77.87,11.25
247200,0,-81.02,8.49
247400,0,-73.51,6.59
247600,1,-73.66,12.85
247800,1,-73.28,14.25
248000,1,-73.61,16.44
248200,1,-72.34,10.71
248400,0,-76.14,13.92
248600,0,-78.29,9.85
248800,0,-79.32,6.91
249000,0,-75.16,9.46
249200,0,-76.06,8.18
249400,0,-74.22,8.62
249600,1,-74.24,13.64
249800,1,-74.77,17.88
250000,1,-69.36,15.92
250200,0,-78.93,9.46
250400,0,-78.82,8.71
250600,0,-79.83,13.47
250800,0,-74.28,5.26
251000,1,-68.99,9.03
251200,1,-70.61,12.0
251400,1,-72.38,16.25
251600,1,-72.83,20.24
251800,1,-66.08,10.65
252000,1,-68.39,12.81
252200,0,-68.55,11.24
252400,0,-72.78,10.54
252600,1,-67.42,13.95
252800,1,-72.29,10.71
253000,1,-68.39,15.99
253200,1,-66.59,14.71
253400,1,-72.28,10.65
253600,1,-67.42,12.22
253800,1,-76.24,16.0
254000,1,-65.54,11.99
254200,1,-64.56,17.53
254400,1,-70.41,15.09
254600,1,-69.45,11.32
254800,0,-69.04,16.03
255000,1,-68.46,12.14
255200,1,-72.93,12.88
255400,1,-65.36,12.92
255600,1,-67.49,17.4
255800,1,-68.0,13.44
256000,1,-61.63,15.62
256200,1,-75.24,11.79
256400,1,-73.19,18.99
256600,1,-64.75,19.61
256800,1,-71.12,16.82
257000,1,-72.02,15.74
257200,1,-72.78,19.57
257400,1,-71.31,20.07
257600,0,-74.76,10.05
257800,0,-77.52,9.21
258000,1,-74.85,15.11
258200,1,-65.63,17.92
258400,1,-74.02,16.45
258600,1,-74.72,17.8
258800,0,-78.34,11.77
259000,1,-69.25,9.84
259200,1,-67.18,15.07
259400,0,-79.69,12.68
259600,1,-70.64,17.37
259800,1,-72.25,15.95
260000,1,-72.2,15.02
260200,1,-70.68,12.64
260400,0,-80.85,8.3
260600,0,-74.32,7.34
260800,0,-79.83,7.07
261000,1,-68.3,13.86
261200,1,-73.99,13.01
261400,1,-73.7,14.05
261600,1,-73.83,13.12
261800,1,-73.8,14.97
262000,1,-65.32,13.74
262200,1,-75.12,15.59
262400,1,-71.46,9.71
262600,0,-77.33,11.21
262800,1,-67.02,16.46
263000,0,-79.11,10.89
263200,0,-76.71,13.94
263400,0,-77.33,10.81
263600,1,-63.85,11.14
263800,0,-74.54,17.11
264000,1,-75.52,10.83
264200,1,-70.03,15.93
264400,1,-70.64,15.57
264600,1,-78.34,16.26
264800,1,-71.33,11.73
265000,1,-71.65,12.5
265200,1,-73.42,15.02
265400,1,-70.17,9.92
265600,0,-74.22,12.15
265800,1,-66.79,18.11
266000,1,-68.21,13.03
266200,1,-65.9,17.87
266400,0,-68.73,16.08
266600,1,-68.18,15.9
266800,1,-69.59,16.51
267000,0,-77.13,5.67
267200,1,-72.3,11.29
267400,1,-69.49,15.7
267600,1,-69.8,16.93
267800,1,-73.54,19.1
268000,0,-78.95,11.18
268200,1,-64.22,16.09
268400,0,-76.01,11.98
268600,1,-71.36,16.88
268800,1,-70.08,23.54
269000,1,-73.27,16.45
269200,0,-74.58,12.11
269400,0,-77.72,9.63
269600,0,-73.34,12.53
269800,1,-68.35,10.66
270000,1,-69.57,13.21
270200,0,-79.68,11.7
270400,0,-76.85,10.64
270600,0,-72.24,8.74
270800,1,-73.69,15.2
271000,1,-67.41,11.4
271200,1,-64.48,17.41
271400,1,-71.29,9.18
271600,1,-70.47,17.06
271800,1,-75.45,12.39
272000,1,-67.1,15.89
272200,1,-76.97,16.38
272400,0,-72.06,10.66
272600,1,-73.12,14.49
272800,1,-72.94,12.67
273000,1,-70.87,13.23
273200,1,-66.41,11.24
273400,1,-66.46,15.5
273600,1,-67.54,15.96
273800,1,-71.3,13.23
274000,0,-71.6,15.59
274200,0,-72.41,6.89
274400,0,-72.07,3.58
274600,0,-78.75,6.68
274800,0,-69.14,12.28
275000,1,-73.17,13.86
275200,0,-77.84,7.59
275400,1,-73.17,17.13
275600,1,-65.73,12.91
275800,1,-60.34,18.23
276000,1,-73.89,12.68
276200,1,-71.07,18.76
276400,1,-67.12,12.25
276600,0,-69.62,17.88
276800,1,-72.3,10.51
277000,1,-69.16,14.91
277200,1,-70.56,12.27
277400,0,-80.37,11.4
277600,0,-80.96,10.73
277800,0,-80.13,5.45
278000,0,-71.04,10.93
278200,1,-72.63,14.91
278400,1,-73.13,17.01
278600,0,-71.39,4.95
278800,1,-71.31,12.14
279000,1,-73.23,11.29
279200,0,-80.95,8.01
279400,0,-75.23,5.64
279600,0,-77.34,10.22
279800,0,-73.2,8.86
280000,1,-72.42,13.14
280200,0,-71.18,10.34
280400,1,-73.73,12.42
280600,1,-71.9,15.18
280800,1,-69.16,16.0
281000,1,-72.08,14.66
281200,1,-71.43,16.46
281400,1,-71.82,16.15
281600,0,-79.04,10.33
281800,1,-68.72,6.13
282000,1,-73.5,15.42
282200,1,-69.49,10.5
282400,1,-69.53,16.11
282600,1,-73.28,11.92
282800,1,-70.91,15.53
283000,1,-74.52,16.19
283200,1,-73.82,14.42
283400,1,-73.45,16.87
283600,0,-75.03,10.66
283800,0,-79.76,10.3
284000,0,-78.46,12.18
284200,1,-74.0,9.91
284400,1,-69.81,10.34
284600,1,-67.58,13.55
284800,0,-76.36,11.06
285000,0,-72.22,5.68
285200,0,-74.85,11.45
285400,0,-72.6,7.67
285600,0,-65.3,15.94
285800,0,-82.1,9.79
286000,0,-83.5,8.25
286200,0,-72.47,8.2
286400,0,-78.45,5.06
286600,0,-76.78,8.89
286800,0,-74.65,4.51
287000,1,-78.07,9.2
287200,0,-76.96,7.28
287400,0,-77.31,11.54
287600,1,-70.44,16.21
287800,1,-68.11,13.68
288000,1,-68.91,13.0
288200,1,-69.71,11.38
288400,1,-72.03,10.94
288600,1,-71.52,15.46
288800,0,-77.37,11.25
289000,1,-72.3,17.74
289200,1,-69.67,14.39
289400,1,-76.48,10.84
289600,1,-66.31,16.51
289800,1,-63.02,10.38
290000,0,-76.25,6.57
290200,1,-65.55,12.23
290400,1,-76.31,12.13
290600,1,-65.97,14.19
290800,1,-70.88,13.69
291000,1,-66.04,18.06
291200,0,-70.78,14.75
291400,1,-77.35,15.42
291600,1,-69.06,9.37
291800,1,-67.28,11.95
292000,1,-73.06,19.29
292200,1,-71.62,14.67
292400,1,-69.25,17.23
292600,1,-70.99,15.02
292800,1,-68.1,14.4
293000,1,-68.01,13.3
293200,1,-73.21,16.28
293400,1,-69.69,17.25
293600,1,-65.23,10.96
293800,0,-76.23,9.17
294000,0,-76.5,7.52
294200,0,-75.56,12.53
294400,0,-64.71,9.53
294600,1,-70.96,13.3
294800,1,-69.16,17.15
295000,1,-69.51,13.22
295200,1,-73.56,11.68
295400,1,-71.93,12.59
295600,1,-71.05,12.67
295800,0,-71.32,14.28
296000,0,-69.77,13.47
296200,1,-74.08,13.13
296400,1,-72.8,13.76
296600,0,-71.6,10.35
296800,1,-67.92,13.23
297000,1,-71.01,15.5
297200,1,-68.57,14.73
297400,1,-66.75,17.64
297600,1,-67.58,11.25
297800,0,-72.45,5.55
298000,0,-75.12,9.73
298200,0,-80.73,11.22
298400,1,-71.66,8.59
298600,0,-71.86,16.68
298800,1,-69.72,10.66
299000,1,-75.33,14.74
299200,0,-67.88,10.9
299400,1,-71.48,17.24
299600,1,-74.61,13.82
299800,1,-69.04,14.68
300000,1,-76.69,10.36
300200,0,-76.68,7.29
300400,0,-73.9,8.98
300600,0,-71.43,5.64
300800,0,-77.7,12.65
301000,0,-76.3,4.16
301200,0,-78.69,8.45
301400,0,-75.58,7.53
301600,0,-78.44,10.77
301800,0,-78.29,11.16
302000,0,-81.54,13.55
302200,0,-74.18,11.15
302400,0,-76.12,10.91
302600,1,-62.02,9.94
302800,1,-66.5,16.71
303000,1,-64.9,13.76
303200,1,-69.34,9.06
303400,1,-71.52,14.49
303600,1,-67.28,16.55
303800,1,-66.26,15.9
304000,1,-73.07,11.8
304200,1,-70.96,7.85
304400,1,-69.72,10.89
304600,1,-70.61,17.08
304800,1,-71.74,13.9
305000,1,-69.22,13.48
305200,1,-67.51,16.59
305400,1,-71.73,12.16
305600,1,-70.05,12.6
305800,1,-67.95,13.66
306000,1,-73.29,14.52
306200,1,-74.52,14.03
306400,1,-76.61,13.51
306600,1,-70.31,14.65
306800,1,-69.42,18.49
307000,1,-70.26,13.15
307200,0,-81.28,10.61
307400,1,-76.07,15.33
307600,1,-61.7,14.71
307800,1,-71.25,10.98
308000,1,-69.76,16.9
308200,1,-68.7,13.78
308400,1,-75.45,17.51
308600,1,-68.83,15.37
308800,1,-69.95,15.07
309000,1,-67.55,10.03
309200,1,-68.1,14.56
309400,1,-69.93,15.11
309600,0,-76.92,8.53
309800,0,-74.47,11.44
310000,0,-76.46,8.04
310200,0,-77.57,6.17
310400,0,-79.09,7.49
310600,1,-66.8,14.92
310800,1,-72.91,11.74
311000,1,-69.75,15.07
311200,0,-75.46,10.69
311400,0,-75.1,6.79
311600,0,-74.4,8.95
311800,0,-81.02,4.52
312000,0,-72.17,11.51
312200,0,-75.18,11.87
312400,0,-75.96,8.75
312600,0,-73.85,6.11
312800,0,-73.37,10.43
313000,0,-78.08,7.48
313200,0,-75.11,9.44
313400,0,-79.15,14.46
313600,0,-73.05,10.76
313800,1,-66.07,11.44
314000,1,-69.55,14.54
314200,1,-65.09,15.8
314400,0,-75.6,10.56
314600,0,-75.98,11.42
314800,0,-75.43,8.07
315000,1,-67.24,9.75
315200,0,-76.84,12.06
315400,1,-74.29,16.79
315600,0,-73.56,14.1
315800,1,-73.71,18.78
316000,0,-75.42,4.2
316200,0,-79.77,7.61
316400,0,-74.99,7.8
316600,0,-76.45,8.07
316800,1,-76.67,14.78
317000,1,-65.74,15.04
317200,1,-67.69,18.28
317400,0,-78.23,5.2
317600,0,-70.51,11.59
317800,0,-82.54,5.23
318000,0,-73.99,10.29
318200,1,-73.14,12.68
318400,1,-71.59,19.99
318600,1,-69.1,15.32
318800,0,-73.52,7.46
319000,0,-74.87,8.54
319200,0,-77.73,12.14
319400,0,-70.04,5.57
319600,0,-76.28,7.84
319800,1,-73.57,14.9
320000,0,-78.37,10.35
320200,0,-75.78,11.49
320400,0,-78.96,9.72
320600,0,-73.04,9.78
320800,1,-73.4,8.07
321000,1,-68.53,11.69
321200,1,-67.16,12.25
321400,1,-72.43,14.65
321600,0,-74.33,11.44
321800,0,-77.33,6.72
322000,0,-76.18,11.25
322200,1,-69.57,18.59
322400,1,-67.3,14.78
322600,1,-71.09,12.25
322800,1,-68.6,18.22
323000,0,-65.14,12.36
323200,1,-74.66,12.52
323400,1,-76.23,13.73
323600,1,-67.81,16.62
323800,1,-68.17,9.96
324000,1,-69.12,16.67
324200,1,-66.05,12.81
324400,1,-69.7,20.06
324600,1,-65.0,18.35
324800,0,-75.12,11.21
325000,1,-72.18,15.71
325200,1,-74.36,10.46
325400,1,-72.92,7.68
325600,1,-72.11,18.09
325800,1,-67.39,15.74
326000,1,-73.05,15.18
326200,1,-68.5,14.87
326400,1,-73.11,13.02
326600,1,-67.49,12.27
326800,1,-69.87,15.65
327000,1,-72.62,16.74
327200,1,-74.25,11.63
327400,0,-79.49,11.35
327600,1,-69.62,13.62
327800,1,-70.51,10.8
328000,1,-72.51,11.86
328200,1,-66.12,9.8
328400,0,-75.72,6.58
328600,1,-65.89,15.17
328800,1,-71.43,13.14
329000,1,-68.11,17.34
329200,1,-70.58,19.56
329400,1,-69.57,19.04
329600,1,-71.55,16.4
329800,0,-69.46,13.61
330000,0,-74.08,10.39
330200,0,-69.22,13.92
330400,1,-74.64,13.04
330600,1,-60.71,18.28
330800,1,-75.72,11.55
331000,1,-72.23,13.85
331200,1,-72.44,11.78
331400,1,-71.46,15.95
331600,0,-73.89,8.48
331800,0,-77.03,9.52
332000,0,-73.04,9.72
332200,1,-66.69,15.41
332400,1,-71.12,12.71
332600,1,-71.85,15.58
332800,1,-70.11,11.92
333000,0,-74.58,6.86
333200,0,-82.23,8.43
333400,0,-72.54,5.96
333600,0,-78.38,10.6
333800,0,-77.8,11.44
334000,1,-74.21,15.06
334200,1,-71.47,13.45
334400,1,-73.89,13.46
334600,1,-69.51,15.63
334800,1,-69.07,12.95
335000,1,-69.88,14.6
335200,1,-69.95,10.43
335400,1,-72.33,12.97
335600,0,-74.62,9.74
335800,0,-75.44,8.8
336000,0,-83.32,12.81
336200,1,-69.86,13.79
336400,1,-75.73,15.57
336600,1,-67.91,14.95
336800,1,-70.07,14.98
337000,1,-74.63,15.1
337200,1,-68.06,16.71
337400,1,-66.78,14.92
337600,1,-67.67,14.74
337800,1,-67.38,12.56
338000,0,-78.01,10.3
338200,1,-70.29,13.55
338400,1,-74.54,16.21
338600,1,-70.49,13.39
338800,1,-68.66,14.02
339000,1,-73.26,11.7
339200,0,-74.31,10.8
339400,1,-64.94,10.7
339600,1,-73.06,11.83
339800,1,-70.88,13.14
340000,1,-73.6,17.25
340200,1,-72.68,15.64
340400,1,-65.54,15.3
340600,1,-67.33,12.81
340800,1,-65.04,11.63
341000,1,-75.38,16.21
341200,1,-69.68,17.31
341400,1,-68.64,13.84
341600,1,-72.81,9.88
341800,1,-69.15,16.43
342000,1,-70.89,13.04
342200,1,-70.27,12.54
342400,1,-70.8,10.72
342600,1,-65.48,14.57
342800,1,-71.98,11.02
343000,1,-68.48,15.7
343200,1,-72.42,15.12
343400,0,-77.9,4.47
343600,0,-76.16,5.92
343800,0,-74.78,11.34
344000,1,-66.26,15.37
344200,1,-70.85,17.22
344400,1,-64.48,15.15
344600,1,-74.1,11.44
344800,1,-68.23,17.55
345000,1,-74.22,9.96
345200,1,-72.15,16.58
345400,1,-72.29,11.58
345600,1,-72.05,10.96
345800,1,-71.27,13.29
346000,1,-65.29,16.43
346200,1,-64.94,9.97
346400,1,-65.76,11.46
346600,1,-72.69,14.5
346800,1,-67.49,14.59
347000,1,-71.45,16.91
347200,0,-67.23,14.92
347400,1,-72.66,14.75
347600,1,-77.94,11.49
347800,1,-66.23,12.04
348000,0,-78.05,10.68
348200,0,-73.28,8.86
348400,0,-71.42,9.94
348600,0,-77.07,10.77
348800,0,-75.4,5.61
349000,0,-82.57,12.31
349200,1,-70.14,12.05
349400,1,-76.12,13.55
349600,1,-75.56,16.1
349800,0,-72.88,11.85
350000,0,-81.06,9.26
350200,0,-75.46,11.15
350400,1,-73.53,10.47
350600,0,-77.45,10.2
350800,0,-78.32,9.29
351000,0,-80.37,8.11
351200,0,-74.02,5.77
351400,1,-67.55,15.74
351600,0,-70.49,8.95
351800,0,-77.31,6.36
352000,0,-77.51,10.34
352200,0,-78.23,11.91
352400,0,-72.57,11.96
352600,0,-79.54,4.95
352800,0,-75.9,13.45
353000,0,-79.14,11.94
353200,0,-75.68,12.88
353400,0,-72.96,11.87
353600,1,-75.0,16.8
353800,1,-66.98,11.54
354000,1,-68.56,12.81
354200,1,-70.79,18.55
354400,1,-65.56,16.87
354600,1,-71.77,14.31
354800,1,-66.31,13.03
355000,1,-68.08,15.65
355200,1,-77.52,16.72
355400,1,-72.03,16.25
355600,1,-66.51,16.58
355800,1,-76.34,13.53
356000,0,-86.64,9.36
356200,0,-76.77,8.57
356400,1,-69.84,16.55
356600,0,-65.2,17.57
356800,1,-63.42,11.73
357000,1,-69.15,13.05
357200,1,-75.2,12.46
357400,0,-72.11,5.49
357600,1,-73.32,18.44
357800,0,-70.83,9.93
358000,1,-72.88,13.19
358200,1,-71.08,13.11
358400,1,-72.37,16.66
358600,0,-71.51,10.85
358800,1,-66.9,13.88
359000,0,-73.15,12.79
359200,1,-73.49,16.49
359400,0,-79.41,9.1
359600,0,-76.44,9.63
359800,1,-72.84,17.93
360000,1,-68.86,16.04
360200,1,-66.21,16.55
360400,1,-68.92,15.57
360600,1,-66.44,14.8
360800,1,-67.59,10.67
361000,1,-61.72,15.54
361200,1,-66.43,13.94
361400,1,-68.2,13.59
361600,1,-68.6,11.58
361800,1,-71.21,15.79
362000,1,-72.81,13.8
362200,0,-72.02,6.94
362400,1,-71.48,17.55
362600,0,-72.67,5.7
362800,0,-68.77,13.15
363000,0,-69.51,9.47
363200,0,-74.97,7.0
363400,0,-78.28,6.16
363600,0,-79.0,5.94
363800,1,-72.01,16.34
364000,1,-75.68,12.54
364200,0,-78.07,4.73
364400,0,-69.97,9.57
364600,1,-73.53,13.61
364800,0,-74.35,5.19
365000,0,-77.61,7.9
365200,0,-77.36,9.81
365400,0,-70.69,9.2
365600,1,-65.31,11.39
365800,1,-69.42,10.07
366000,1,-70.22,17.27
366200,1,-70.02,9.05
366400,1,-65.17,13.86
366600,1,-72.77,15.13
366800,1,-68.76,13.15
367000,1,-71.39,12.12
367200,1,-72.86,15.64
367400,1,-72.44,18.11
367600,1,-71.69,12.16
367800,1,-76.46,12.92
368000,1,-66.73,17.55
368200,1,-79.33,11.87
368400,1,-67.59,12.64
368600,1,-75.17,16.05
368800,1,-66.4,18.35
369000,1,-70.63,16.15
369200,1,-71.91,13.21
369400,1,-68.49,15.25
369600,1,-72.33,15.73
369800,1,-73.97,15.93
370000,1,-69.58,14.83
370200,1,-67.9,16.81
370400,0,-72.4,17.21
370600,1,-64.87,16.99
370800,1,-76.65,11.42
371000,1,-69.76,13.48
371200,1,-70.83,14.93
371400,1,-71.86,10.68
371600,1,-69.04,12.61
371800,0,-79.69,8.78
372000,0,-74.46,9.25
372200,0,-79.87,5.02
372400,0,-80.87,9.36
372600,0,-72.03,7.22
372800,0,-72.77,6.91
373000,0,-82.11,7.38
373200,0,-72.96,11.06
373400,1,-63.0,12.59
373600,1,-71.43,14.06
373800,1,-72.18,14.68
374000,1,-71.76,17.55
374200,1,-75.19,15.58
374400,1,-72.66,15.93
374600,1,-72.2,12.35
374800,1,-70.84,15.3
375000,0,-71.35,13.53
375200,1,-65.38,13.94
375400,1,-67.63,11.65
375600,1,-71.58,15.72
375800,1,-76.1,10.85
376000,1,-67.47,10.13
376200,1,-70.56,15.49
376400,0,-76.97,6.79
376600,0,-80.03,8.76
376800,0,-78.67,8.01
377000,0,-75.07,7.3
377200,1,-66.99,20.07
377400,1,-67.02,14.85
377600,1,-71.52,13.09
377800,0,-78.16,10.88
378000,1,-70.85,12.3
378200,1,-65.94,13.19
378400,1,-76.58,17.21
378600,1,-62.84,16.57
378800,1,-72.75,12.67
379000,1,-74.11,16.18
379200,0,-75.73,9.38
379400,1,-66.88,15.89
379600,1,-69.87,15.52
379800,0,-88.73,5.89
380000,0,-79.47,10.06
380200,0,-76.03,10.2
380400,1,-71.51,14.61
380600,1,-70.96,15.91
380800,0,-77.33,10.68
381000,0,-80.64,9.51
381200,1,-70.89,13.15
381400,1,-68.46,13.68
381600,1,-73.32,13.06
381800,0,-77.78,8.95
382000,0,-82.64,7.17
382200,0,-72.83,7.44
382400,0,-70.32,9.62
382600,0,-74.21,9.61
382800,0,-77.0,11.1
383000,0,-73.72,8.78
383200,1,-63.56,12.64
383400,1,-69.67,14.9
383600,1,-67.72,14.14
383800,1,-67.79,13.73
384000,1,-75.26,15.17
384200,0,-78.55,9.84
384400,1,-71.57,12.16
384600,1,-67.06,17.12
384800,1,-76.45,17.86
385000,1,-72.95,11.07
385200,1,-72.67,14.34
385400,0,-79.08,10.94
385600,1,-69.01,11.92
385800,0,-70.8,18.82
386000,1,-73.67,15.23
386200,1,-66.86,15.98
386400,1,-72.31,13.16
386600,1,-71.95,18.57
386800,1,-66.95,11.15
387000,1,-65.21,10.79
387200,1,-68.81,13.28
387400,1,-69.18,12.92
387600,1,-67.14,16.73
387800,0,-76.26,6.53
388000,1,-68.05,9.93
388200,1,-72.24,13.05
388400,1,-68.11,14.44
388600,1,-66.67,11.15
388800,1,-69.99,13.2
389000,1,-76.53,17.58
389200,1,-72.57,15.82
389400,1,-65.16,12.09
389600,1,-65.29,15.48
389800,1,-65.96,10.92
390000,1,-70.13,14.52
390200,0,-80.73,7.71
390400,0,-69.01,13.66
390600,1,-65.97,10.66
390800,1,-71.64,18.79
391000,1,-70.34,16.97
391200,1,-70.81,15.62
391400,0,-66.85,13.04
391600,1,-68.33,11.28
391800,1,-70.89,13.94
392000,1,-71.79,16.44
392200,0,-66.77,15.47
392400,1,-72.26,15.32
392600,0,-71.74,15.78
392800,1,-71.32,17.22
393000,1,-64.85,16.83
393200,1,-73.31,20.43
393400,1,-66.91,10.15
393600,1,-72.97,18.09
393800,0,-75.98,8.57
394000,1,-66.99,12.63
394200,1,-63.33,14.25
394400,1,-72.53,13.3
394600,1,-69.68,9.9
394800,1,-68.48,18.08
395000,1,-69.64,15.78
395200,1,-70.99,17.17
395400,1,-68.01,14.38
395600,1,-68.81,13.43
395800,0,-74.42,9.08
396000,0,-75.0,3.27
396200,1,-65.69,13.44
396400,1,-74.36,19.83
396600,1,-76.16,15.59
396800,1,-70.85,15.17
397000,0,-81.72,7.8
397200,0,-75.9,7.51
397400,1,-68.57,9.65
397600,1,-66.12,12.19
397800,1,-65.68,11.44
398000,1,-67.53,11.53
398200,1,-65.52,17.75
398400,0,-71.19,14.21
398600,1,-71.37,14.75
398800,1,-70.51,14.88
399000,1,-73.88,13.32
399200,1,-68.36,10.12
399400,1,-70.17,10.71
399600,0,-68.15,11.23
399800,0,-74.73,13.09
400000,0,-80.04,9.3
400200,0,-78.56,8.77
400400,1,-74.8,14.53
400600,1,-71.21,14.81
400800,0,-73.4,9.04
401000,0,-79.87,7.95
401200,0,-75.55,8.32
401400,0,-80.2,12.14
401600,1,-70.86,12.29
401800,1,-66.23,16.9
402000,1,-77.09,11.8
402200,0,-74.69,2.95
402400,1,-68.32,12.78
402600,0,-73.88,8.41
402800,0,-74.38,4.1
403000,0,-73.48,9.37
403200,1,-71.09,11.28
403400,1,-65.81,13.09
403600,1,-71.47,11.88
403800,0,-72.21,9.7
404000,0,-73.17,8.48
404200,0,-79.51,14.54
404400,0,-74.79,11.8
404600,1,-74.75,17.46
404800,1,-71.13,14.87
405000,1,-69.57,15.19
405200,1,-73.42,14.8
405400,1,-69.92,17.1
405600,1,-67.17,10.79
405800,1,-68.12,16.17
406000,0,-75.56,6.16
406200,1,-65.33,9.54
406400,1,-65.26,16.24
406600,1,-68.99,11.65
406800,1,-72.89,12.77
407000,0,-74.26,8.1
407200,0,-76.1,8.67
407400,0,-73.05,9.73
407600,0,-80.57,5.35
407800,1,-67.07,13.5
408000,1,-69.13,13.5
408200,0,-77.83,10.35
408400,0,-74.3,18.92
408600,1,-70.7,14.81
408800,0,-75.65,8.39
409000,1,-69.49,16.43
409200,1,-75.01,12.19
409400,1,-69.76,11.28
409600,1,-68.37,15.69
409800,1,-67.21,15.19
410000,0,-68.7,17.02
410200,1,-69.59,12.9
410400,1,-68.86,13.11
410600,1,-75.44,13.53
410800,1,-66.17,17.43
411000,1,-71.15,13.99
411200,1,-74.11,17.03
411400,1,-71.39,17.71
411600,1,-65.23,9.45
411800,0,-71.46,8.13
412000,1,-70.02,12.02
412200,1,-71.51,13.57
412400,0,-80.12,8.63
412600,1,-64.72,13.89
412800,0,-75.89,7.66
413000,0,-75.79,10.37
413200,0,-77.42,11.12
413400,0,-71.58,11.08
413600,1,-72.36,12.88
413800,1,-69.72,13.25
414000,1,-68.82,13.3
414200,1,-70.18,14.29
414400,1,-65.29,14.37
414600,0,-83.26,10.29
414800,1,-68.69,13.54
415000,1,-72.25,17.22
415200,1,-69.05,17.76
415400,1,-69.26,15.46
415600,1,-71.66,14.79
415800,1,-70.82,16.51
416000,1,-71.65,14.62
416200,1,-70.86,14.15
416400,0,-81.26,8.67
416600,0,-73.38,8.73
416800,0,-75.87,4.71
417000,1,-66.77,13.83
417200,1,-71.76,15.7
417400,1,-77.0,18.37
417600,1,-64.5,15.67
417800,1,-69.42,15.16
418000,0,-71.06,16.65
418200,1,-70.94,19.69
418400,0,-70.02,7.86
418600,0,-78.45,10.39
418800,0,-77.65,11.94
419000,0,-68.79,14.63
419200,1,-76.96,6.28
419400,0,-81.66,11.14
419600,1,-73.95,12.46
419800,1,-72.45,13.72
420000,1,-67.32,13.96
420200,1,-67.5,11.69
420400,1,-72.62,15.27
420600,1,-72.47,14.87
420800,1,-62.94,16.3
421000,1,-72.4,15.47
421200,1,-72.33,14.0
421400,1,-65.35,17.71
421600,0,-72.0,15.85
421800,1,-74.72,16.05
422000,0,-78.16,7.19
422200,1,-70.68,12.46
422400,0,-76.23,7.69
422600,0,-76.35,3.93
422800,0,-71.92,13.7
423000,0,-73.85,12.08
423200,0,-77.89,13.6
423400,1,-65.84,9.05
423600,1,-70.72,12.5
423800,1,-67.56,11.3
424000,0,-79.43,7.78
424200,0,-79.39,9.25
424400,1,-63.48,14.31
424600,0,-80.61,7.78
424800,0,-77.74,7.75
425000,0,-71.14,10.73
425200,1,-65.27,10.26
425400,1,-72.22,16.23
425600,1,-68.07,11.22
425800,1,-71.08,13.93
426000,1,-75.77,18.66
426200,1,-69.64,15.81
426400,1,-69.17,14.67
426600,1,-68.34,13.73
426800,1,-75.92,14.08
427000,1,-67.25,14.55
427200,1,-75.81,17.87
427400,1,-71.39,14.41
427600,1,-67.41,12.23
427800,1,-72.2,15.79
428000,1,-73.27,14.32
428200,1,-76.27,14.22
428400,1,-75.05,12.52
428600,1,-68.36,16.15
428800,1,-71.62,12.55
429000,1,-73.82,12.6
429200,1,-65.53,10.75
429400,1,-72.95,15.49
429600,1,-72.46,11.44
429800,1,-72.9,11.67
430000,1,-60.61,10.25
430200,1,-70.32,12.65
430400,1,-67.05,12.23
430600,1,-67.89,13.83
430800,1,-78.29,12.52
431000,0,-79.69,8.42
431200,0,-79.2,8.84
431400,0,-76.55,10.95
431600,1,-69.76,11.68
431800,1,-73.75,13.87
432000,1,-69.92,13.3
432200,1,-71.62,14.37
432400,1,-70.1,16.83
432600,1,-68.46,11.12
432800,1,-70.27,12.0
433000,0,-77.72,9.27
433200,1,-69.87,14.6
433400,1,-69.03,15.12
433600,1,-78.14,14.44
433800,1,-67.98,12.88
434000,1,-69.75,11.2
434200,1,-68.35,13.57
434400,1,-71.66,13.57
434600,1,-71.72,14.22
434800,1,-73.67,11.96
435000,1,-70.72,13.52
435200,1,-69.48,14.76
435400,1,-69.87,16.35
435600,1,-68.25,12.57
435800,1,-64.58,11.14
436000,1,-73.77,12.17
436200,1,-66.21,16.7
436400,1,-73.82,11.44
436600,0,-73.94,11.0
436800,0,-76.08,9.76
437000,0,-77.67,12.71
437200,1,-69.01,9.6
437400,1,-72.66,16.49
437600,1,-70.85,15.92
437800,1,-71.13,13.37
438000,1,-72.32,16.83
438200,1,-69.79,11.75
438400,1,-70.9,13.85
438600,1,-70.48,12.1
438800,1,-71.7,12.13
439000,1,-70.7,13.3
439200,0,-79.97,9.59
439400,0,-74.06,9.87
439600,0,-78.9,11.14
439800,0,-77.45,7.79
440000,1,-64.63,13.52
440200,1,-68.12,18.42
440400,1,-74.26,15.29
440600,1,-66.76,9.72
440800,1,-71.91,12.81
441000,1,-69.42,12.89
441200,1,-68.38,15.55
441400,1,-66.67,15.22
441600,1,-71.53,12.41
441800,1,-68.2,13.97
442000,1,-70.99,11.72
442200,1,-67.6,11.66
442400,1,-67.61,14.32
442600,1,-68.92,14.37
442800,1,-70.1,10.96
443000,1,-65.65,15.39
443200,1,-75.57,14.15
443400,0,-77.71,9.57
443600,0,-77.21,9.53
443800,1,-71.58,10.88
444000,1,-70.38,16.23
444200,1,-72.54,13.9
444400,0,-77.11,11.68
444600,0,-80.33,11.0
444800,0,-80.42,6.22
445000,0,-72.11,11.35
445200,0,-78.69,9.26
445400,0,-75.1,5.51
445600,1,-64.47,16.78
445800,1,-74.59,15.19
446000,1,-67.82,13.5
446200,1,-75.49,15.1
446400,0,-67.77,16.11
446600,1,-69.17,15.38
446800,1,-68.06,13.55
447000,1,-74.08,19.52
447200,1,-70.99,20.4
447400,1,-74.59,16.21
447600,0,-75.97,8.18
447800,1,-65.27,10.38
448000,1,-69.38,9.0
448200,1,-65.45,12.53
448400,1,-71.67,12.95
448600,1,-70.84,15.39
448800,1,-70.22,17.3
449000,1,-71.38,11.28
449200,0,-77.13,15.04
449400,1,-72.34,14.41
449600,1,-69.76,13.75
449800,0,-79.09,11.08
450000,0,-69.12,10.97
450200,1,-73.91,17.72
450400,1,-70.08,12.95
450600,1,-67.93,12.24
450800,1,-69.04,12.04
451000,0,-78.78,7.26
451200,1,-62.35,10.97
451400,1,-68.94,14.9
451600,0,-76.8,10.79
451800,0,-77.11,11.82
452000,0,-81.75,8.09
452200,1,-71.74,10.92
452400,0,-75.59,5.77
452600,0,-71.77,7.27
452800,1,-66.12,11.19
453000,1,-66.82,12.24
453200,1,-65.25,11.19
453400,1,-70.81,15.67
453600,0,-80.23,10.2
453800,0,-81.15,9.39
454000,0,-76.28,6.12
454200,0,-79.26,5.87
454400,1,-72.21,18.57
454600,0,-71.29,13.83
454800,0,-72.28,14.69
455000,1,-69.57,19.2
455200,1,-70.85,10.67
455400,1,-66.72,13.42
455600,1,-73.05,12.13
455800,1,-71.31,16.36
456000,1,-72.05,13.76
456200,1,-73.23,14.51
456400,1,-68.77,14.15
456600,1,-67.79,16.35
456800,0,-68.98,18.62
457000,1,-69.09,17.15
457200,1,-74.44,11.26
457400,1,-64.14,14.98
457600,1,-63.63,14.97
457800,1,-69.72,13.84
458000,1,-74.32,15.75
458200,1,-67.39,13.03
458400,1,-74.19,15.26
458600,1,-76.97,12.86
458800,1,-69.51,13.89
459000,1,-75.07,9.93
459200,0,-83.3,11.22
459400,1,-59.34,17.74
459600,1,-71.9,14.3
459800,0,-76.88,8.78
460000,1,-68.97,11.91
460200,0,-77.98,13.18
460400,1,-65.23,11.68
460600,1,-63.59,14.97
460800,0,-73.98,5.15
461000,1,-75.19,12.0
461200,1,-69.61,16.54
461400,1,-67.49,11.09
461600,1,-66.97,17.9
461800,1,-77.24,14.68
462000,1,-72.13,12.85
462200,1,-68.06,10.67
462400,0,-68.88,15.38
462600,1,-68.89,11.77
462800,1,-68.52,14.78
463000,1,-73.73,12.51
463200,1,-69.58,9.65
463400,0,-73.16,11.69
463600,0,-74.7,10.16
463800,0,-75.77,4.71
464000,0,-79.3,9.61
464200,0,-73.72,14.78
464400,1,-77.05,13.26
464600,1,-70.31,17.45
464800,1,-63.7,14.48
465000,1,-65.12,12.96
465200,0,-76.38,11.22
465400,0,-74.54,5.52
465600,0,-76.4,8.0
465800,1,-71.56,14.22
466000,1,-69.53,14.78
466200,1,-73.1,10.32
466400,1,-70.16,14.47
466600,1,-74.45,13.15
466800,1,-74.09,15.23
467000,1,-68.57,9.12
467200,1,-72.32,14.19
467400,0,-68.14,16.33
467600,1,-64.72,14.65
467800,1,-72.87,12.02
468000,1,-68.2,11.36
468200,1,-68.99,13.65
468400,1,-70.69,15.62
468600,1,-74.61,14.59
468800,1,-72.16,11.52
469000,1,-67.55,14.63
469200,0,-68.07,14.53
469400,1,-75.44,13.12
469600,1,-76.42,15.42
469800,1,-74.16,13.82
470000,1,-64.12,15.76
470200,1,-64.94,16.69
470400,1,-71.26,15.96
470600,1,-71.0,14.48
470800,1,-70.77,16.73
471000,1,-71.9,17.29
471200,1,-74.19,16.56
471400,1,-72.19,12.63
471600,1,-71.35,22.71
471800,1,-72.85,14.67
472000,1,-74.77,13.97
472200,1,-71.08,15.77
472400,0,-68.03,14.75
472600,1,-73.68,12.29
472800,1,-75.24,9.57
473000,1,-67.14,18.87
473200,1,-70.47,17.1
473400,1,-72.63,17.09
473600,1,-73.74,13.64
473800,1,-69.65,14.16
474000,1,-72.37,10.09
474200,1,-68.56,11.62
474400,1,-67.17,12.72
474600,1,-69.32,13.44
474800,1,-69.68,12.33
475000,1,-70.77,15.62
475200,1,-65.24,15.53
475400,0,-77.45,10.28
475600,0,-63.85,14.67
475800,1,-73.33,15.55
476000,1,-70.79,14.68
476200,1,-72.89,13.74
476400,1,-75.84,13.24
476600,1,-69.07,15.64
476800,1,-71.22,12.23
477000,1,-68.39,15.06
477200,1,-63.59,12.32
477400,1,-72.51,14.75
477600,1,-75.51,15.67
477800,1,-80.58,13.53
478000,1,-69.27,11.57
478200,1,-67.44,14.09
478400,0,-73.31,13.31
478600,1,-74.3,17.89
478800,0,-71.85,7.47
479000,1,-72.87,11.8
479200,1,-72.63,14.09
479400,0,-81.12,6.77
479600,1,-62.96,12.88
479800,1,-64.99,14.17
480000,1,-72.0,16.57
480200,0,-71.08,7.3
480400,0,-72.95,6.26
480600,0,-72.96,8.75
480800,0,-74.02,6.27
481000,0,-73.21,8.51
481200,1,-70.82,15.26
481400,1,-72.76,12.19
481600,1,-70.0,19.54
481800,1,-66.61,12.99
482000,1,-76.6,13.24
482200,1,-66.59,17.81
482400,1,-77.22,14.24
482600,1,-69.22,11.95
482800,0,-78.7,8.29
483000,0,-76.93,5.09
483200,0,-72.65,7.1
483400,0,-74.95,9.4
483600,1,-69.85,14.1
483800,1,-71.88,16.4
484000,1,-73.74,13.6
484200,1,-68.77,16.76
484400,1,-68.13,16.06
484600,1,-69.98,14.51
484800,1,-68.81,12.76
485000,1,-68.66,19.63
485200,0,-73.3,8.25
485400,1,-64.67,9.89
485600,1,-69.87,13.02
485800,1,-70.19,11.94
486000,1,-71.09,12.54
486200,1,-74.98,12.19
486400,1,-73.67,15.87
486600,1,-68.98,15.04
486800,1,-63.26,17.64
487000,1,-70.97,8.93
487200,1,-75.57,12.44
487400,1,-71.89,14.72
487600,1,-69.94,11.26
487800,0,-74.07,6.85
488000,1,-69.99,11.19
488200,1,-70.15,11.86
488400,1,-70.53,15.28
488600,1,-73.24,12.97
488800,1,-63.46,13.24
489000,1,-71.09,14.12
489200,1,-73.45,13.53
489400,1,-65.3,14.69
489600,1,-66.78,15.85
489800,1,-64.83,12.93
490000,1,-70.22,8.89
490200,1,-70.72,14.5
490400,1,-73.29,16.72
490600,1,-70.56,14.14
490800,1,-72.89,13.6
491000,1,-65.54,13.94
491200,0,-76.43,13.93
491400,0,-76.19,9.24
491600,1,-74.28,12.63
491800,0,-72.96,19.05
492000,1,-66.66,14.49
492200,1,-70.62,10.13
492400,1,-72.08,18.06
492600,1,-67.99,11.48
492800,1,-70.52,16.43
493000,1,-72.48,10.26
493200,1,-68.69,17.43
493400,1,-68.35,15.3
493600,1,-70.87,12.72
493800,1,-67.65,12.82
494000,1,-72.14,14.62
494200,1,-71.17,11.8
494400,1,-62.17,15.16
494600,0,-79.05,12.48
494800,1,-67.69,14.01
495000,1,-72.9,10.58
495200,1,-70.66,16.91
495400,1,-69.79,12.96
495600,1,-71.17,17.72
495800,1,-67.57,10.31
496000,1,-66.56,13.29
496200,1,-77.61,15.11
496400,1,-69.51,14.18
496600,1,-69.14,11.08
496800,0,-77.59,9.19
497000,0,-68.37,13.32
497200,0,-70.74,11.2
497400,1,-69.81,16.91
497600,1,-72.24,10.34
497800,1,-69.29,11.33
498000,1,-68.92,11.49
498200,1,-66.58,15.53
498400,0,-73.73,9.23
498600,0,-78.72,13.81
498800,0,-79.43,8.21
499000,1,-71.57,17.41
499200,1,-67.73,16.34
499400,1,-73.08,18.06
499600,1,-70.41,10.27
499800,1,-74.07,13.73
500000,1,-70.17,10.99
500200,1,-76.68,12.74
500400,1,-69.44,12.86
500600,0,-70.34,14.98
500800,1,-73.53,13.0
501000,1,-72.27,15.94
501200,1,-72.21,13.13
501400,1,-68.44,15.77
501600,0,-69.35,15.76
501800,1,-68.52,15.29
502000,1,-68.08,17.09
502200,0,-64.51,15.33
502400,1,-71.86,14.55
502600,1,-67.24,11.44
502800,0,-72.38,6.59
503000,0,-74.04,9.08
503200,1,-71.47,14.27
503400,1,-72.8,13.57
503600,0,-75.68,8.55
503800,0,-78.87,5.55
504000,0,-74.77,10.05
504200,0,-73.58,8.18
504400,1,-74.67,12.88
504600,1,-71.02,13.2
504800,1,-71.24,16.89
505000,1,-70.54,14.25
505200,1,-72.82,15.97
505400,0,-79.16,6.9
505600,0,-75.3,9.84
505800,0,-70.55,8.96
506000,1,-67.78,10.7
506200,0,-74.99,7.25
506400,0,-73.18,9.29
506600,1,-73.4,17.45
506800,1,-73.63,16.72
507000,1,-70.49,13.22
507200,1,-67.74,11.53
507400,1,-69.77,13.59
507600,1,-65.66,14.2
507800,1,-77.07,15.75
508000,1,-69.85,14.84
508200,1,-77.55,13.06
508400,1,-72.2,13.56
508600,0,-79.02,5.6
508800,0,-75.94,13.72
509000,0,-77.54,6.8
509200,0,-76.05,9.08
509400,1,-72.51,15.39
509600,1,-67.73,14.58
509800,1,-69.39,16.48
510000,1,-73.41,15.76
510200,1,-73.18,13.17
510400,1,-72.05,13.86
510600,1,-74.08,12.73
510800,1,-72.41,14.26
511000,1,-67.21,12.48
511200,1,-64.93,15.7
511400,1,-69.66,13.87
511600,1,-69.66,13.29
511800,1,-66.14,16.72
512000,1,-69.57,14.0
512200,0,-82.71,10.75
512400,0,-74.59,8.94
512600,1,-69.69,17.09
512800,0,-75.9,14.93
513000,0,-79.35,7.52
513200,0,-78.98,4.63
513400,1,-74.8,13.76
513600,1,-71.69,12.11
513800,1,-67.98,12.85
514000,1,-67.59,13.48
514200,0,-75.86,15.79
514400,1,-69.07,16.37
514600,1,-69.49,16.5
514800,1,-71.15,15.78
515000,1,-68.53,19.79
515200,1,-67.9,15.84
515400,1,-70.73,18.14
515600,1,-73.37,14.47
515800,1,-70.19,14.67
516000,1,-69.93,13.22
516200,0,-70.94,8.37
516400,0,-70.21,9.76
516600,0,-81.23,11.08
516800,1,-70.46,12.63
517000,1,-74.56,17.66
517200,1,-67.93,15.26
517400,1,-71.03,11.38
517600,1,-75.34,11.72
517800,1,-69.58,11.76
518000,1,-68.85,11.7
518200,1,-71.51,13.88
518400,1,-72.02,12.8
518600,1,-76.74,17.67
518800,1,-75.24,11.59
519000,1,-69.7,15.74
519200,1,-71.07,14.6
519400,1,-70.4,14.59
519600,1,-65.81,15.39
519800,1,-73.27,15.27
520000,1,-74.99,15.67
520200,1,-65.97,11.45
520400,1,-73.39,10.09
520600,1,-69.59,11.58
520800,1,-70.2,10.17
521000,1,-73.64,13.76
521200,1,-62.59,13.11
521400,0,-79.52,8.87
521600,1,-69.59,15.9
521800,1,-72.7,15.14
522000,1,-70.99,16.19
522200,0,-77.08,11.18
522400,1,-72.86,14.65
522600,1,-69.22,14.84
522800,1,-72.54,17.66
523000,1,-76.93,12.12
523200,0,-77.07,6.68
523400,0,-78.14,7.06
523600,0,-79.56,8.24
523800,0,-78.69,4.85
524000,0,-74.32,9.55
524200,1,-65.47,14.73
524400,1,-69.96,14.48
524600,1,-69.86,11.66
524800,0,-80.46,11.65
525000,0,-76.62,8.89
525200,0,-82.22,8.5
525400,0,-65.6,8.68
525600,0,-71.41,13.74
525800,0,-78.47,8.23
526000,1,-74.54,11.15
526200,1,-67.37,8.38
526400,1,-75.55,14.23
526600,1,-74.78,11.25
526800,1,-75.56,10.78
527000,1,-71.03,13.19
527200,0,-78.24,7.9
527400,0,-76.38,8.52
527600,0,-75.49,5.06
527800,0,-82.8,13.22
528000,1,-68.19,18.21
528200,1,-73.56,14.85
528400,1,-73.24,11.55
528600,1,-70.68,17.79
528800,1,-73.12,12.52
529000,1,-64.0,14.71
529200,1,-70.02,10.76
529400,0,-77.51,3.85
529600,0,-83.44,12.37
529800,0,-75.28,8.4
530000,0,-75.26,8.11
530200,1,-65.37,15.06
530400,0,-74.63,4.84
530600,0,-70.19,8.08
530800,0,-77.52,12.3
531000,0,-77.32,5.01
531200,0,-78.44,11.41
531400,0,-72.88,7.7
531600,0,-75.59,11.7
531800,1,-73.45,16.48
532000,1,-69.4,14.47
532200,1,-71.73,12.02
532400,1,-73.12,14.55
532600,1,-66.71,11.47
532800,1,-66.09,15.31
533000,1,-71.29,11.02
533200,1,-65.94,10.59
533400,0,-79.24,11.13
533600,0,-77.15,9.32
533800,0,-72.45,6.36
534000,1,-70.76,13.93
534200,1,-73.88,14.5
534400,1,-63.95,9.22
534600,1,-74.66,16.35
534800,0,-68.18,15.09
535000,1,-70.9,14.59
535200,1,-65.23,17.96
535400,1,-71.07,12.75
535600,1,-70.8,14.16
535800,1,-68.85,15.8
536000,1,-70.99,12.7
536200,0,-77.02,11.23
536400,0,-73.77,7.43
536600,0,-77.82,12.91
536800,1,-68.12,17.8
537000,1,-71.05,19.71
537200,1,-68.59,15.27
537400,1,-73.87,9.17
537600,1,-69.8,11.92
537800,1,-67.39,13.04
538000,1,-68.96,14.88
538200,1,-67.31,15.46
538400,1,-70.75,20.23
538600,1,-73.84,14.82
538800,1,-68.04,14.12
539000,1,-68.67,15.32
539200,1,-75.89,10.37
539400,1,-69.34,14.86
539600,1,-72.91,13.04
539800,1,-68.62,13.93
540000,0,-74.67,7.79
540200,0,-78.2,8.54
540400,1,-63.86,17.58
540600,0,-77.91,8.13
540800,1,-71.91,18.99
541000,1,-71.63,13.91
541200,0,-65.11,12.26
541400,0,-77.91,10.06
541600,0,-77.54,5.76
541800,0,-80.09,11.89
542000,0,-78.81,9.54
542200,0,-69.46,8.28
542400,0,-79.64,8.75
542600,0,-76.92,9.76
542800,0,-74.83,6.6
543000,1,-73.61,16.4
543200,1,-71.4,15.7
543400,1,-67.29,14.26
543600,1,-70.67,15.88
543800,1,-65.34,11.59
544000,1,-77.03,9.36
544200,1,-75.01,18.32
544400,0,-76.37,10.17
544600,0,-76.94,7.46
544800,0,-82.29,12.12
545000,0,-77.42,6.55
545200,0,-76.85,8.91
545400,0,-79.27,4.92
545600,0,-70.79,9.69
545800,0,-78.2,10.55
546000,1,-64.19,16.82
546200,1,-70.66,12.53
546400,1,-69.69,10.08
546600,1,-70.29,12.28
546800,1,-74.95,15.68
547000,0,-68.27,10.84
547200,0,-80.77,10.24
547400,1,-72.82,10.68
547600,1,-66.93,14.94
547800,0,-76.32,12.13
548000,0,-82.71,9.12
548200,0,-83.1,9.33
548400,1,-70.24,14.16
548600,1,-69.81,17.22
548800,1,-69.92,8.44
549000,0,-77.4,7.87
549200,0,-78.18,6.52
549400,1,-66.98,13.33
549600,1,-74.27,12.4
549800,1,-73.5,13.85
550000,1,-68.46,13.57
550200,1,-65.02,11.79
550400,1,-71.87,12.78
550600,1,-71.61,11.74
550800,1,-70.6,13.93
551000,1,-71.57,11.93
551200,0,-71.24,15.51
551400,1,-68.61,18.75
551600,1,-75.68,13.23
551800,1,-73.35,15.24
552000,1,-73.27,13.35
552200,1,-71.71,15.43
552400,1,-72.77,17.78
552600,0,-75.69,10.63
552800,1,-66.87,11.12
553000,1,-69.9,13.84
553200,1,-73.4,8.89
553400,1,-68.26,14.56
553600,1,-70.69,18.02
553800,0,-81.17,5.8
554000,0,-82.86,8.43
554200,0,-78.67,13.38
554400,1,-67.88,15.84
554600,1,-59.43,13.96
554800,1,-68.16,14.57
555000,1,-73.69,15.82
555200,0,-77.92,10.92
555400,1,-65.29,15.12
555600,1,-71.17,13.86
555800,1,-66.28,14.57
556000,1,-68.92,15.67
556200,1,-77.17,15.55
556400,1,-76.43,14.68
556600,1,-68.81,17.47
556800,1,-66.39,9.92
557000,1,-61.35,17.41
557200,0,-79.56,11.56
557400,1,-71.94,12.8
557600,1,-66.94,15.73
557800,1,-73.24,9.96
558000,1,-70.6,18.03
558200,1,-69.27,13.32
558400,1,-70.74,14.77
558600,1,-68.7,10.96
558800,1,-73.62,14.57
559000,0,-76.13,8.66
559200,0,-73.18,9.57
559400,0,-76.7,6.38
559600,0,-75.26,7.43
559800,0,-77.97,6.43
560000,1,-70.08,16.62
560200,0,-73.85,11.99
560400,1,-71.74,15.01
560600,1,-68.52,11.86
560800,1,-71.94,14.83
561000,0,-69.53,16.46
561200,1,-66.99,11.11
561400,1,-68.37,18.56
561600,1,-74.7,13.69
561800,1,-72.95,16.77
562000,1,-70.66,14.6
562200,1,-70.21,12.55
562400,1,-72.64,13.07
562600,1,-68.62,12.59
562800,0,-74.58,8.6
563000,0,-76.9,8.82
563200,1,-70.43,13.26
563400,1,-67.9,19.49
563600,1,-68.43,13.06
563800,1,-66.77,10.18
564000,1,-71.27,15.69
564200,1,-71.81,12.87
564400,0,-69.3,16.7
564600,1,-70.48,15.95
564800,1,-73.44,14.34
565000,1,-76.29,11.76
565200,1,-70.64,14.25
565400,0,-77.51,8.17
565600,0,-74.95,7.43
565800,1,-67.62,9.2
566000,1,-68.3,18.59
566200,0,-73.53,6.95
566400,1,-65.32,10.85
566600,1,-70.75,13.86
566800,1,-70.19,14.72
567000,0,-80.45,10.83
567200,0,-77.61,8.13
567400,0,-77.9,10.78
567600,0,-76.83,11.31
567800,0,-77.85,10.89
568000,0,-71.05,6.82
568200,0,-70.13,14.64
568400,0,-75.94,7.03
568600,1,-69.29,14.72
568800,1,-70.22,12.9
569000,1,-73.72,14.22
569200,1,-69.56,12.93
569400,1,-68.99,16.03
569600,1,-65.18,13.89
569800,1,-68.93,13.83
570000,1,-69.41,13.41
570200,1,-69.66,11.66
570400,0,-71.08,15.35
570600,1,-68.49,14.93
570800,1,-71.08,14.91
571000,1,-77.88,13.57
571200,1,-77.76,13.47
571400,1,-72.48,16.23
571600,0,-73.06,4.85
571800,0,-76.59,7.74
572000,0,-77.12,7.66
572200,0,-77.51,8.32
572400,0,-79.33,8.13
572600,1,-67.69,21.16
572800,1,-72.24,10.55
573000,1,-66.63,13.65
573200,1,-71.47,13.77
573400,1,-68.1,17.54
573600,1,-69.1,15.79
573800,1,-71.4,15.34
574000,0,-75.77,4.87
574200,0,-74.59,10.69
574400,0,-78.54,6.97
574600,1,-72.39,12.99
574800,0,-67.65,11.37
575000,1,-67.78,14.15
575200,1,-65.88,13.79
575400,1,-65.14,12.18
575600,1,-69.03,17.18
575800,1,-66.25,13.69
576000,1,-72.87,8.02
576200,1,-71.6,11.67
576400,1,-72.26,13.66
576600,0,-82.03,6.11
576800,1,-70.21,16.19
577000,1,-73.99,16.16
577200,1,-62.7,13.5
577400,1,-71.11,9.42
577600,0,-70.24,14.24
577800,1,-71.32,11.33
578000,1,-71.69,12.28
578200,1,-68.84,14.41
578400,0,-75.85,14.88
578600,1,-71.15,10.82
578800,1,-71.37,17.69
579000,1,-71.76,13.68
579200,1,-73.04,17.43
579400,1,-68.0,18.69
579600,1,-74.6,10.2
579800,1,-70.45,11.77
580000,1,-68.63,18.14
580200,1,-73.89,15.74
580400,1,-64.24,13.71
580600,1,-70.07,12.94
580800,1,-70.03,14.77
581000,1,-69.37,12.13
581200,0,-73.25,7.45
581400,0,-77.22,11.08
581600,1,-71.02,13.27
581800,1,-72.47,17.97
582000,1,-72.94,12.57
582200,1,-71.73,14.89
582400,1,-75.32,9.99
582600,1,-66.18,12.91
582800,1,-68.86,12.72
583000,1,-73.92,14.39
583200,1,-76.03,13.62
583400,1,-73.08,15.32
583600,1,-71.53,17.07
583800,1,-73.74,18.26
584000,1,-67.69,8.92
584200,1,-72.15,13.87
584400,1,-76.64,14.6
584600,1,-69.79,18.16
584800,0,-76.85,9.55
585000,1,-69.16,17.72
585200,1,-69.68,15.99
585400,1,-74.43,13.53
585600,1,-74.94,14.29
585800,1,-69.95,16.49
586000,1,-69.39,9.37
586200,0,-76.22,11.4
586400,0,-74.93,6.8
586600,0,-78.75,7.84
586800,1,-67.14,15.93
587000,1,-69.97,13.56
587200,0,-71.63,13.33
587400,1,-71.76,16.82
587600,1,-67.73,15.59
587800,1,-69.3,13.89
588000,1,-72.48,12.54
588200,1,-72.42,12.83
588400,1,-73.21,13.05
588600,0,-73.72,8.23
588800,0,-77.0,9.73
589000,0,-74.02,10.48
589200,0,-85.07,11.49
589400,0,-77.8,6.57
589600,0,-73.11,8.65
589800,0,-69.38,14.31
590000,0,-72.39,9.7
590200,1,-69.74,11.73
590400,0,-69.53,14.3
590600,1,-69.24,10.32
590800,0,-72.12,12.83
591000,1,-71.64,16.56
591200,1,-71.22,14.96
591400,1,-63.69,12.75
591600,1,-72.77,17.33
591800,0,-75.23,15.77
592000,1,-74.35,15.12
592200,0,-73.89,13.2
592400,1,-73.82,14.85
592600,0,-74.5,12.09
592800,1,-68.71,11.53
593000,1,-67.02,11.22
593200,0,-76.9,9.74
593400,1,-69.49,16.85
593600,1,-65.22,13.71
593800,1,-61.57,15.8
594000,1,-73.9,13.71
594200,1,-69.09,17.1
594400,1,-70.46,13.85
594600,1,-69.15,10.49
594800,1,-70.42,11.14
595000,1,-75.22,15.81
595200,1,-70.04,16.56
595400,1,-73.91,14.84
595600,1,-69.18,9.8
595800,1,-71.01,14.83
596000,1,-73.55,16.77
596200,1,-75.35,12.61
596400,0,-79.94,10.05
596600,0,-80.87,9.88
596800,0,-78.8,9.05
597000,0,-76.07,11.04
597200,0,-74.31,11.11
597400,0,-78.54,8.17
597600,0,-78.18,9.01
597800,1,-68.4,15.13
598000,0,-67.05,9.07
598200,1,-67.22,12.78
598400,1,-70.4,16.35
598600,1,-73.29,14.47
598800,0,-81.19,6.35
599000,0,-71.7,10.02
599200,1,-71.71,15.91
599400,1,-68.39,10.28
599600,1,-69.37,13.1
599800,0,-76.4,7.6
600000,1,-71.72,14.29
600200,1,-67.24,11.08
600400,1,-66.28,11.17
600600,1,-69.44,16.13
600800,0,-79.83,11.54
601000,0,-83.59,8.49
601200,1,-71.35,12.71
601400,1,-60.6,13.27
601600,1,-77.03,14.12
601800,1,-70.94,14.75
602000,1,-64.28,13.38
602200,0,-76.56,11.31
602400,0,-81.5,10.36
602600,0,-72.82,7.81
602800,1,-66.23,13.56
603000,0,-74.23,10.24
603200,1,-70.61,9.64
603400,1,-67.48,17.19
603600,1,-74.43,10.48
603800,1,-72.21,14.57
604000,1,-68.63,12.52
604200,1,-68.13,14.68
604400,0,-72.06,13.5
604600,1,-70.84,13.64
604800,0,-81.27,5.09
605000,0,-73.47,1.19
605200,1,-69.59,12.96
605400,1,-77.75,14.53
605600,1,-75.87,15.04
605800,0,-76.4,5.03
606000,0,-75.55,7.31
606200,1,-72.16,10.72
606400,1,-72.11,12.63
606600,1,-66.14,14.49
606800,1,-67.9,15.77
607000,1,-66.41,14.1
607200,0,-76.58,9.71
607400,1,-69.69,9.04
607600,1,-68.25,12.77
607800,1,-68.72,10.41
608000,0,-75.19,13.33
608200,1,-69.86,14.95
608400,1,-69.12,16.82
608600,0,-82.74,10.49
608800,0,-70.11,7.16
609000,0,-77.51,7.21
609200,0,-74.28,10.6
609400,0,-82.24,7.56
609600,0,-71.81,6.29
609800,0,-81.85,9.07
610000,0,-70.57,10.71
610200,0,-73.27,4.11
610400,1,-72.75,16.76
610600,0,-75.92,7.62
610800,0,-79.83,9.08
611000,0,-76.19,11.92
611200,1,-64.99,11.04
611400,1,-71.12,12.79
611600,1,-67.31,13.89
611800,1,-69.18,14.92
612000,1,-68.73,12.62
612200,1,-69.81,14.19
612400,1,-68.96,11.63
612600,1,-62.46,14.65
612800,1,-68.2,13.75
613000,1,-72.24,14.81
613200,1,-74.67,19.34
613400,1,-68.47,15.04
613600,1,-74.42,13.87
613800,1,-74.29,13.66
614000,1,-68.58,14.04
614200,1,-72.75,15.33
614400,1,-69.48,10.21
614600,1,-71.6,14.16
614800,1,-69.96,15.39
615000,1,-69.84,17.46
615200,1,-72.57,14.63
615400,1,-67.41,15.54
615600,1,-72.51,18.24
615800,1,-73.39,14.7
616000,1,-69.36,14.88
616200,1,-70.12,15.77
616400,1,-63.65,11.73
616600,1,-70.78,12.17
616800,1,-67.1,12.73
617000,0,-80.25,8.25
617200,0,-76.34,6.92
617400,0,-82.07,12.36
617600,0,-76.64,11.56
617800,0,-74.45,9.78
618000,0,-76.04,13.65
618200,0,-80.9,7.67
618400,1,-71.37,11.18
618600,1,-71.94,14.47
618800,1,-67.96,12.54
619000,1,-65.3,15.75
619200,1,-74.77,14.15
619400,1,-69.52,15.33
619600,1,-68.44,15.64
619800,1,-72.42,11.36
620000,1,-65.87,10.83
620200,1,-74.49,15.99
620400,1,-69.26,12.6
620600,0,-70.7,11.53
620800,1,-69.55,9.23
621000,0,-69.51,12.4
621200,1,-69.15,14.04
621400,1,-72.53,15.63
621600,0,-70.73,16.75
621800,1,-70.24,13.59
622000,1,-71.01,16.35
622200,1,-77.07,10.92
622400,0,-81.89,8.54
622600,0,-74.01,12.99
622800,0,-75.2,8.46
623000,0,-81.55,13.95
623200,0,-78.55,7.31
623400,0,-81.36,8.88
623600,0,-69.84,9.31
623800,1,-72.79,14.39
624000,0,-79.37,10.26
624200,0,-74.51,10.12
624400,0,-75.46,6.43
624600,0,-70.01,11.02
624800,1,-64.99,17.54
625000,1,-74.88,15.65
625200,1,-72.98,12.44
625400,1,-71.91,9.52
625600,1,-70.24,13.35
625800,1,-69.26,15.16
626000,1,-62.99,10.12
626200,0,-72.96,14.14
626400,1,-73.59,14.28
626600,1,-73.7,12.51
626800,1,-67.14,12.39
627000,1,-74.07,17.33
627200,0,-77.08,6.84
627400,0,-82.43,9.54
627600,0,-79.04,13.12
627800,0,-70.51,8.67
628000,0,-77.14,13.43
628200,0,-75.24,8.68
628400,0,-74.25,6.82
628600,0,-75.55,11.15
628800,0,-72.86,5.64
629000,0,-73.96,10.56
629200,0,-75.37,9.38
629400,0,-74.44,10.86
629600,0,-74.26,10.26
629800,1,-73.04,12.98
630000,1,-77.8,17.46
630200,1,-73.03,16.01
630400,0,-79.52,10.97
630600,1,-66.17,16.83
630800,1,-74.12,15.98
631000,0,-76.66,13.66
631200,0,-75.37,8.37
631400,0,-76.75,9.56
631600,0,-74.9,5.33
631800,1,-68.25,9.69
632000,1,-71.75,17.29
632200,1,-72.98,12.53
632400,1,-64.11,13.64
632600,0,-79.98,11.69
632800,0,-80.59,11.29
633000,0,-75.29,11.08
633200,0,-76.76,10.17
633400,0,-73.82,8.71
633600,0,-75.54,8.9
633800,1,-72.54,10.93
634000,1,-70.04,13.22
634200,1,-67.87,14.89
634400,0,-71.08,7.8
634600,0,-74.54,11.05
634800,1,-77.31,18.17
635000,1,-70.79,15.41
635200,1,-66.88,13.95
635400,1,-66.25,15.09
635600,1,-74.35,14.17
635800,1,-71.08,17.09
636000,1,-68.13,17.34
636200,1,-71.02,13.66
636400,1,-64.38,15.79
636600,1,-69.43,13.6
636800,1,-76.72,11.23
637000,1,-70.97,10.47
637200,1,-67.91,15.54
637400,1,-72.95,13.89
637600,1,-67.06,12.98
637800,1,-76.82,11.71
638000,0,-75.25,6.53
638200,0,-78.06,5.5
638400,0,-80.69,8.77
638600,1,-76.91,15.25
638800,0,-76.38,6.67
639000,1,-73.07,13.59
639200,0,-74.24,12.14
639400,0,-77.53,11.14
639600,1,-71.73,15.3
639800,1,-65.63,15.16
640000,1,-74.56,16.65
640200,1,-72.75,14.16
640400,1,-72.94,13.97
640600,1,-75.85,17.21
640800,1,-74.49,18.91
641000,1,-68.89,15.39
641200,1,-69.29,13.77
641400,1,-66.59,14.85
641600,1,-74.45,18.11
641800,1,-67.7,12.29
642000,1,-72.12,12.12
642200,1,-74.09,17.12
642400,1,-73.53,16.72
642600,1,-70.81,16.7
642800,1,-74.89,15.56
643000,1,-67.5,16.56
643200,1,-68.13,17.08
643400,0,-76.34,15.24
643600,1,-73.01,12.87
643800,0,-80.42,7.46
644000,0,-76.62,7.3
644200,1,-70.09,16.47
644400,0,-76.37,18.35
644600,1,-69.08,18.84
644800,1,-64.67,13.72
645000,0,-75.97,9.63
645200,1,-70.57,18.09
645400,1,-69.73,15.03
645600,0,-68.76,16.03
645800,1,-72.35,10.89
646000,0,-74.2,17.39
646200,1,-72.65,10.86
646400,1,-69.78,16.87
646600,0,-73.92,8.84
646800,0,-74.22,8.91
647000,1,-70.32,12.98
647200,1,-73.35,16.12
647400,1,-70.0,16.87
647600,0,-77.87,8.69
647800,0,-81.84,8.57
648000,1,-68.21,15.78
648200,1,-70.1,13.89
648400,0,-68.01,16.72
648600,1,-71.99,15.52
648800,0,-78.91,5.48
649000,0,-73.04,7.82
649200,0,-72.92,7.29
649400,1,-77.81,12.54
649600,0,-75.16,7.51
649800,1,-68.81,10.72
650000,1,-72.7,13.52
650200,1,-70.09,15.28
650400,0,-75.57,11.05
650600,0,-75.3,6.7
650800,1,-75.4,10.79
651000,1,-73.65,11.5
651200,1,-73.56,15.83
651400,1,-70.71,15.12
651600,1,-67.28,12.57
651800,0,-82.23,5.91
652000,0,-76.39,8.38
652200,1,-72.39,13.57
652400,1,-70.45,13.37
652600,1,-69.38,14.04
652800,1,-69.04,15.54
653000,1,-72.14,17.06
653200,1,-65.3,16.51
653400,1,-75.35,13.32
653600,1,-76.64,12.91
653800,1,-74.04,12.65
654000,1,-67.8,16.01
654200,1,-77.37,14.39
654400,1,-67.71,14.66
654600,1,-72.15,16.43
654800,1,-71.77,10.74
655000,1,-73.41,12.1
655200,1,-65.9,17.16
655400,1,-74.5,18.1
655600,1,-66.67,13.16
655800,1,-73.48,16.26
656000,1,-68.54,17.46
656200,1,-72.8,15.48
656400,1,-71.11,12.99
656600,1,-66.91,13.71
656800,1,-70.56,14.37
657000,1,-62.93,18.59
657200,1,-71.34,15.88
657400,1,-69.55,13.33
657600,1,-77.58,10.05
657800,1,-71.07,9.92
658000,0,-78.33,5.0
658200,1,-70.66,17.89
658400,1,-72.26,16.76
658600,1,-66.41,13.04
658800,1,-61.61,14.78
659000,1,-70.93,14.76
659200,1,-61.62,12.54
659400,0,-73.41,10.6
659600,1,-68.49,9.4
659800,1,-67.85,12.14
660000,1,-67.33,16.82
660200,1,-67.36,12.85
660400,1,-67.72,14.14
660600,1,-68.45,14.21
660800,1,-78.22,10.11
661000,1,-70.98,14.89
661200,1,-70.94,11.87
661400,1,-69.74,16.53
661600,1,-68.69,10.25
661800,1,-69.64,13.92
662000,0,-78.96,9.38
662200,0,-75.78,8.21
662400,0,-77.57,10.4
662600,0,-77.98,7.99
662800,0,-79.99,8.93
663000,0,-75.92,8.79
663200,1,-71.11,11.68
663400,1,-68.4,17.15
663600,1,-72.44,15.13
663800,1,-70.79,13.93
664000,0,-77.11,8.21
664200,0,-78.79,8.45
664400,1,-68.8,13.59
664600,1,-64.97,11.07
664800,1,-66.49,11.28
665000,1,-71.04,9.89
665200,1,-70.44,11.35
665400,1,-67.44,11.36
665600,1,-63.54,14.3
665800,1,-70.05,13.57
666000,0,-80.38,9.01
666200,1,-73.28,14.0
666400,1,-67.92,16.7
666600,0,-78.17,8.37
666800,1,-66.42,15.35
667000,0,-75.41,10.09
667200,0,-71.47,10.82
667400,0,-75.97,13.0
667600,1,-76.55,15.51
667800,1,-65.67,17.71
668000,0,-72.73,13.34
668200,1,-65.06,15.68
668400,1,-69.4,11.43
668600,0,-70.43,14.47
668800,1,-70.82,12.35
669000,0,-75.72,9.07
669200,0,-80.05,9.79
669400,1,-68.96,16.09
669600,1,-68.22,15.99
669800,1,-71.32,13.28
670000,1,-72.12,14.56
670200,1,-75.94,13.07
670400,1,-72.56,15.58
670600,1,-72.25,15.32
670800,1,-64.89,13.08
671000,1,-71.89,11.04
671200,1,-69.23,10.18
671400,1,-65.3,10.29
671600,1,-61.09,17.08
671800,1,-69.15,18.36
672000,1,-69.77,13.43
672200,1,-69.05,15.06
672400,1,-70.24,15.13
672600,1,-69.46,14.18
672800,1,-70.48,14.63
673000,1,-76.79,14.61
673200,1,-70.83,14.26
673400,0,-78.5,11.02
673600,1,-69.78,16.17
673800,0,-75.05,10.12
674000,0,-75.68,8.74
674200,0,-72.87,11.05
674400,0,-78.53,9.92
674600,0,-73.68,5.82
674800,0,-73.51,8.96
675000,0,-81.84,6.88
675200,0,-74.26,8.04
675400,1,-69.31,9.9
675600,0,-74.88,9.92
675800,0,-77.42,7.35
676000,1,-73.76,13.93
676200,1,-71.51,15.35
676400,1,-72.5,16.33
676600,1,-67.86,13.63
676800,1,-70.47,12.58
677000,0,-80.16,10.82
677200,0,-74.71,8.32
677400,0,-77.19,5.73
677600,1,-73.88,15.14
677800,1,-66.98,11.19
678000,1,-71.78,13.55
678200,1,-68.12,12.02
678400,1,-68.28,12.56
678600,1,-68.41,9.8
678800,1,-73.21,11.89
679000,0,-70.33,9.35
679200,1,-70.18,17.5
679400,1,-71.5,17.21
679600,1,-70.52,19.25
679800,1,-69.77,14.69
680000,0,-74.01,8.14
680200,1,-73.7,14.09
680400,1,-69.65,10.8
680600,1,-69.53,14.51
680800,1,-70.73,11.63
681000,0,-79.65,9.09
681200,1,-73.57,16.64
681400,1,-69.04,15.25
681600,0,-80.35,10.28
681800,1,-71.08,16.36
682000,1,-73.98,13.31
682200,1,-67.5,15.36
682400,1,-67.45,13.6
682600,1,-67.78,9.15
682800,1,-69.49,12.93
683000,1,-64.26,12.76
683200,0,-76.23,10.39
683400,0,-73.71,8.96
683600,1,-67.65,12.66
683800,0,-73.89,9.79
684000,0,-71.2,7.45
684200,0,-76.24,10.52
684400,0,-76.7,7.97
684600,0,-79.42,10.81
684800,0,-72.58,9.29
685000,0,-77.21,8.78
685200,1,-66.16,13.23
685400,0,-74.3,11.97
685600,0,-75.85,6.58
685800,0,-77.1,9.71
686000,0,-77.55,10.72
686200,0,-74.98,7.74
686400,0,-74.2,10.48
686600,0,-72.95,9.74
686800,1,-68.96,10.67
687000,1,-68.72,13.1
687200,0,-70.5,17.74
687400,1,-68.52,12.58
687600,1,-73.36,13.9
687800,1,-68.43,12.82
688000,1,-72.01,17.69
688200,1,-65.37,16.75
688400,0,-68.98,10.1
688600,1,-71.02,10.54
688800,1,-70.21,14.52
689000,0,-76.59,5.34
689200,1,-66.44,16.19
689400,1,-74.49,13.64
689600,1,-72.4,11.46
689800,1,-69.15,14.06
690000,1,-69.07,12.94
690200,1,-72.71,13.1
690400,1,-66.29,14.54
690600,0,-77.37,11.55
690800,0,-78.25,9.54
691000,0,-74.85,10.73
691200,0,-72.58,9.75
691400,0,-78.99,6.75
691600,1,-71.48,15.74
691800,1,-68.43,14.05
692000,1,-73.83,13.37
692200,1,-73.64,15.27
692400,1,-72.18,13.35
692600,1,-75.73,13.28
692800,1,-72.53,14.12
693000,0,-78.23,6.78
693200,0,-76.65,6.73
693400,0,-77.22,8.72
693600,0,-68.28,11.79
693800,0,-79.58,9.58
694000,0,-75.02,8.34
694200,0,-81.44,9.78
694400,0,-78.4,11.91
694600,0,-75.09,9.67
694800,0,-77.83,7.93
695000,1,-69.93,11.26
695200,0,-75.08,14.52
695400,0,-71.61,6.13
695600,0,-78.1,14.35
695800,0,-75.98,10.27
696000,1,-76.46,15.63
696200,1,-74.52,15.74
696400,1,-67.99,13.76
696600,1,-69.58,12.62
696800,1,-65.96,14.44
697000,1,-69.63,12.27
697200,0,-75.5,8.89
697400,1,-70.6,14.34
697600,0,-76.53,13.91
697800,0,-71.75,12.26
698000,0,-78.88,12.17
698200,0,-76.13,9.94
698400,0,-70.53,8.98
698600,1,-76.85,10.44
698800,0,-79.68,12.28
699000,0,-74.07,10.89
699200,0,-75.94,7.32
699400,0,-78.6,8.12
699600,0,-74.37,5.97
699800,0,-79.06,10.55
700000,0,-73.74,9.57
700200,0,-77.14,10.32
700400,0,-72.9,8.96
700600,1,-76.25,11.6
700800,1,-72.93,16.07
701000,0,-75.69,2.26
701200,0,-77.55,6.49
701400,0,-75.25,5.34
701600,1,-75.91,13.03
701800,1,-71.73,14.36
702000,1,-67.23,9.59
702200,1,-71.93,13.48
702400,1,-71.61,18.51
702600,0,-71.22,8.18
702800,1,-73.86,12.82
703000,1,-67.93,12.58
703200,1,-71.13,15.4
703400,1,-69.73,14.55
703600,1,-67.76,13.92
703800,1,-70.54,12.94
704000,1,-67.48,13.22
704200,1,-68.02,17.57
704400,1,-75.95,12.37
704600,1,-66.1,10.71
704800,1,-76.07,9.17
705000,1,-69.47,12.94
705200,1,-68.41,19.75
705400,1,-71.43,11.62
705600,1,-62.58,11.56
705800,1,-70.99,13.43
706000,0,-75.55,11.11
706200,0,-79.33,8.78
706400,0,-74.8,5.98
706600,0,-75.85,9.22
706800,0,-75.62,8.39
707000,0,-74.27,6.74
707200,1,-76.03,17.23
707400,1,-70.09,18.95
707600,1,-65.06,12.07
707800,0,-74.09,13.56
708000,1,-72.88,11.66
708200,1,-67.32,10.73
708400,1,-77.84,13.54
708600,1,-65.04,9.43
708800,1,-74.47,12.43
709000,1,-74.85,16.47
709200,1,-73.69,13.41
709400,1,-79.48,17.85
709600,1,-66.08,10.27
709800,1,-67.72,10.54
710000,1,-68.26,19.93
710200,0,-73.91,3.97
710400,1,-70.91,14.46
710600,1,-71.42,13.8
710800,1,-73.19,11.67
711000,1,-75.93,14.72
711200,0,-72.35,13.0
711400,0,-76.54,11.73
711600,0,-73.7,12.15
711800,0,-75.09,11.45
712000,0,-77.71,11.1
712200,0,-78.54,11.96
712400,1,-74.46,15.2
712600,1,-67.44,12.79
712800,1,-68.78,9.53
713000,1,-69.21,17.82
713200,1,-68.97,14.5
713400,1,-71.57,14.67
713600,1,-69.54,17.54
713800,0,-78.31,9.53
714000,1,-66.07,13.6
714200,1,-64.13,16.26
714400,1,-73.15,15.11
714600,0,-74.69,11.9
714800,0,-77.98,10.13
715000,0,-67.69,9.17
715200,0,-78.58,8.78
715400,1,-69.31,7.57
715600,1,-73.47,10.17
715800,1,-69.18,13.39
716000,1,-67.19,14.37
716200,1,-72.87,16.2
716400,1,-64.31,13.51
716600,0,-72.65,16.27
716800,1,-75.41,14.01
717000,1,-70.31,15.14
717200,0,-79.35,8.92
717400,0,-79.6,8.23
717600,0,-71.63,11.34
717800,0,-71.26,6.05
718000,0,-78.2,13.38
718200,0,-81.74,7.15
718400,0,-75.46,9.38
718600,0,-72.66,7.04
718800,0,-77.17,8.55
719000,0,-80.58,13.04
719200,0,-78.65,9.69
719400,1,-67.2,15.67
719600,1,-69.43,11.77
719800,0,-81.98,14.53
720000,1,-75.72,17.67
720200,1,-69.69,13.13
720400,0,-73.43,11.3
720600,0,-73.66,8.42
720800,0,-69.08,6.93
721000,0,-80.03,8.63
721200,0,-79.44,10.91
721400,0,-77.54,8.88
721600,1,-73.88,13.84
721800,1,-73.19,16.35
722000,1,-70.63,12.07
722200,1,-67.05,12.03
722400,1,-68.91,15.12
722600,1,-72.78,11.08
722800,1,-71.31,16.78
723000,0,-76.69,10.97
723200,0,-73.81,6.08
723400,0,-78.13,9.56
723600,0,-78.23,7.86
723800,1,-74.13,11.97
724000,1,-71.23,13.66
724200,1,-72.57,14.76
724400,1,-66.32,13.55
724600,1,-70.7,11.9
724800,1,-67.68,15.08
725000,1,-66.59,17.54
725200,1,-68.78,14.23
725400,1,-71.77,10.24
725600,1,-70.8,20.27
725800,1,-69.35,9.19
726000,1,-78.52,15.15
726200,1,-76.01,14.53
726400,1,-71.53,15.3
726600,1,-65.51,15.75
726800,0,-75.22,12.73
727000,0,-74.67,7.51
727200,1,-66.14,14.07
727400,1,-67.96,11.15
727600,1,-70.72,14.18
727800,0,-77.62,7.12
728000,1,-66.58,13.54
728200,0,-74.58,14.28
728400,0,-74.42,7.75
728600,0,-76.6,8.54
728800,1,-75.14,12.85
729000,1,-74.88,17.31
729200,1,-72.35,12.19
729400,1,-69.76,15.15
729600,1,-76.48,9.84
729800,1,-70.95,16.63
730000,1,-71.16,17.63
730200,1,-69.5,11.04
730400,1,-68.7,14.35
730600,1,-67.9,10.93
730800,1,-69.21,13.69
731000,1,-69.42,15.52
731200,1,-72.19,14.73
731400,0,-75.05,9.1
731600,0,-79.45,14.22
731800,0,-76.79,10.93
732000,0,-74.71,9.59
732200,0,-75.51,10.05
732400,0,-77.25,5.07
732600,0,-75.71,10.31
732800,1,-65.29,11.5
733000,1,-69.93,14.41
733200,0,-73.86,11.03
733400,0,-81.07,6.86
733600,0,-77.62,7.36
733800,0,-83.68,11.02
734000,0,-82.26,7.08
734200,0,-78.22,12.44
734400,0,-76.86,7.55
734600,1,-69.97,13.49
734800,1,-64.86,17.05
735000,1,-66.02,14.06
735200,1,-67.14,12.28
735400,1,-67.59,11.56
735600,1,-70.26,13.8
735800,0,-81.53,9.39
736000,1,-73.49,13.31
736200,1,-65.09,17.55
736400,0,-76.1,9.9
736600,0,-68.41,14.47
736800,1,-72.57,11.37
737000,1,-72.55,11.5
737200,1,-65.71,15.16
737400,1,-69.66,13.33
737600,1,-74.11,13.67
737800,1,-69.12,10.4
738000,1,-71.78,15.27
738200,1,-70.8,12.1
738400,1,-64.88,12.09
738600,1,-77.25,15.5
738800,1,-63.13,14.87
739000,1,-69.07,17.24
739200,1,-71.22,13.23
739400,1,-75.24,16.81
739600,0,-79.2,10.69
739800,0,-74.13,8.29
740000,1,-65.54,12.16
740200,1,-72.17,9.36
740400,0,-76.4,8.49
740600,0,-75.68,8.51
740800,1,-71.6,14.21
741000,1,-70.14,16.56
741200,0,-75.74,7.18
741400,0,-72.33,8.86
741600,1,-70.32,13.05
741800,1,-69.94,13.82
742000,1,-72.55,13.3
742200,1,-71.62,14.94
742400,1,-62.53,12.64
742600,1,-74.82,15.45
742800,0,-80.46,3.64
743000,0,-73.73,11.17
743200,0,-79.55,12.79
743400,0,-76.36,10.48
743600,0,-76.16,11.38
743800,0,-70.19,5.99
744000,1,-68.18,15.15
744200,1,-71.29,10.39
744400,0,-75.97,6.24
744600,0,-76.82,9.61
744800,1,-66.48,13.64
745000,1,-67.41,17.51
745200,1,-72.73,14.31
745400,1,-73.73,16.17
745600,1,-72.13,16.57
745800,0,-77.23,9.16
746000,0,-76.42,7.88
746200,0,-76.6,9.5
746400,0,-75.85,10.47
746600,1,-69.23,14.07
746800,1,-73.61,12.18
747000,0,-79.92,10.91
747200,0,-77.14,9.28
747400,1,-71.3,16.53
747600,1,-74.01,14.26
747800,1,-72.59,14.32
748000,1,-70.76,11.85
748200,1,-72.96,11.96
748400,1,-75.64,16.99
748600,1,-71.52,17.59
748800,0,-77.25,10.54
749000,0,-70.67,11.45
749200,0,-78.57,7.06
749400,1,-68.38,17.72
749600,1,-78.28,12.39
749800,1,-69.62,16.0
750000,1,-70.9,19.5
750200,0,-84.42,9.16
750400,0,-72.48,8.51
750600,0,-78.16,5.61
750800,0,-74.44,11.98
751000,0,-77.11,7.99
751200,0,-79.63,9.48
751400,0,-77.16,9.17
751600,1,-71.43,19.52
751800,1,-76.56,10.31
752000,1,-72.17,10.85
752200,1,-74.18,14.72
752400,1,-74.76,14.02
752600,1,-70.61,17.05
752800,1,-65.35,18.92
753000,1,-73.88,16.0
753200,0,-82.89,9.67
753400,0,-79.76,12.02
753600,1,-76.8,9.09
753800,1,-71.18,14.45
754000,1,-75.64,17.19
754200,1,-70.27,10.85
754400,1,-70.66,13.11
754600,1,-66.46,13.88
754800,0,-72.22,13.94
755000,1,-73.45,16.71
755200,1,-66.03,13.32
755400,1,-70.02,12.07
755600,0,-75.83,6.12
755800,0,-75.98,6.62
756000,1,-69.85,13.02
756200,1,-69.93,15.53
756400,1,-69.38,12.91
756600,1,-72.11,13.3
756800,1,-71.48,14.93
757000,1,-63.53,13.1
757200,0,-78.53,10.73
757400,0,-80.63,6.87
757600,0,-72.41,8.26
757800,0,-73.56,3.07
758000,0,-76.71,13.98
758200,1,-68.34,13.28
758400,1,-69.97,14.63
758600,1,-70.45,14.85
758800,1,-72.65,12.16
759000,0,-69.46,12.68
759200,1,-72.72,13.11
759400,0,-79.7,12.37
759600,0,-78.97,8.35
759800,1,-68.92,18.78
760000,1,-67.49,10.68
760200,1,-72.51,12.98
760400,1,-69.06,18.51
760600,1,-70.43,13.94
760800,1,-74.04,13.12
761000,0,-76.41,7.16
761200,1,-63.36,11.46
761400,0,-71.17,7.65
761600,0,-73.22,8.54
761800,0,-75.19,13.25
762000,0,-74.86,10.02
762200,0,-77.73,14.5
762400,0,-72.3,12.06
762600,1,-71.99,14.56
762800,1,-70.69,13.45
763000,1,-70.18,13.98
763200,0,-80.16,10.81
763400,1,-68.89,15.78
763600,1,-69.77,14.98
763800,1,-68.82,13.76
764000,1,-71.88,9.95
764200,1,-69.73,18.32
764400,1,-69.63,20.94
764600,1,-73.11,14.78
764800,0,-73.47,15.25
765000,1,-69.94,17.51
765200,1,-69.17,14.37
765400,1,-69.04,15.05
765600,1,-70.91,12.96
765800,1,-66.26,15.63
766000,1,-66.47,13.85
766200,0,-78.48,7.96
766400,0,-69.76,8.79
766600,1,-67.84,15.1
766800,1,-73.71,14.16
767000,1,-66.76,14.0
767200,1,-74.46,19.65
767400,1,-73.51,10.54
767600,1,-75.08,13.5
767800,1,-72.26,17.24
768000,1,-69.79,17.1
768200,1,-71.3,12.1
768400,0,-82.87,9.59
768600,0,-73.6,12.08
768800,1,-76.06,18.54
769000,0,-72.87,16.19
769200,0,-72.62,13.95
769400,1,-67.33,12.09
769600,1,-71.24,10.41
769800,1,-75.48,11.87
770000,0,-72.68,6.27
770200,0,-79.53,6.32
770400,0,-81.5,14.01
770600,0,-81.88,10.43
770800,0,-77.27,6.39
771000,1,-68.25,16.84
771200,1,-59.59,14.61
771400,1,-68.85,13.88
771600,1,-74.08,14.2
771800,1,-68.47,12.33
772000,1,-66.21,14.87
772200,1,-65.16,10.28
772400,1,-69.1,14.67
772600,1,-72.97,17.05
772800,1,-65.05,18.37
773000,1,-71.33,11.52
773200,1,-64.39,9.95
773400,0,-76.79,10.63
773600,0,-73.7,12.89
773800,0,-78.46,10.83
774000,0,-77.25,10.63
774200,1,-67.77,14.76
774400,1,-72.18,13.59
774600,1,-75.16,15.34
774800,1,-69.77,13.22
775000,1,-68.06,14.45
775200,1,-63.25,13.4
775400,1,-70.92,18.06
775600,1,-72.47,15.94
775800,1,-72.44,15.64
776000,1,-68.79,15.23
776200,1,-70.38,20.65
776400,1,-72.74,15.15
776600,1,-70.24,12.07
776800,1,-73.16,16.51
777000,1,-71.67,20.26
777200,1,-73.84,13.32
777400,1,-71.18,13.93
777600,0,-81.4,10.08
777800,1,-67.73,19.89
778000,1,-72.48,12.88
778200,0,-79.27,9.7
778400,0,-77.89,7.04
778600,0,-82.01,12.05
778800,1,-71.66,16.1
779000,1,-70.26,8.7
779200,1,-69.16,14.51
779400,1,-69.4,13.78
779600,1,-77.31,18.7
779800,0,-80.23,8.4
780000,0,-82.9,11.21
780200,0,-74.09,8.75
780400,0,-83.1,7.88
780600,0,-80.49,13.04
780800,0,-72.33,8.19
781000,0,-75.88,7.84
781200,1,-71.84,13.6
781400,1,-68.54,13.53
781600,1,-68.78,13.5
781800,1,-70.85,15.96
782000,1,-64.92,17.77
782200,0,-72.47,17.4
782400,1,-71.84,12.86
782600,0,-67.67,12.69
782800,1,-71.64,14.76
783000,1,-67.14,16.5
783200,1,-70.6,11.76
783400,1,-74.68,11.91
783600,0,-74.09,11.45
783800,0,-77.63,8.11
784000,0,-79.95,9.09
784200,0,-78.32,7.74
784400,0,-77.32,4.46
784600,0,-84.34,8.32
784800,1,-65.66,15.09
785000,1,-73.1,12.84
785200,1,-71.65,17.01
785400,1,-67.49,16.87
785600,1,-70.15,16.84
785800,0,-70.94,8.45
786000,1,-71.34,14.77
786200,0,-75.91,10.35
786400,0,-76.98,8.83
786600,0,-70.62,13.14
786800,0,-74.36,7.35
787000,0,-73.97,8.97
787200,0,-69.5,14.85
787400,0,-79.51,11.35
787600,0,-76.34,9.48
787800,0,-76.44,11.09
788000,1,-75.58,13.84
788200,1,-72.21,13.06
788400,1,-69.6,10.16
788600,0,-74.36,11.25
788800,0,-74.97,10.8
789000,0,-75.62,7.42
789200,1,-75.97,14.69
789400,1,-72.19,9.81
789600,1,-72.53,13.82
789800,1,-70.18,17.49
790000,1,-67.22,16.74
790200,1,-71.76,13.52
790400,1,-64.23,11.72
790600,1,-72.14,17.93
790800,0,-77.58,11.17
791000,0,-75.08,11.98
791200,0,-69.98,8.54
791400,0,-79.16,8.72
791600,0,-72.95,13.6
791800,1,-69.15,15.13
792000,1,-69.3,16.88
792200,1,-71.18,15.92
792400,1,-66.33,12.71
792600,1,-70.56,17.1
792800,1,-71.62,11.96
793000,1,-72.29,11.91
793200,1,-72.78,16.22
793400,0,-79.97,7.49
793600,0,-81.16,9.8
793800,0,-75.8,12.97
794000,1,-69.8,15.67
794200,1,-66.88,19.29
794400,1,-68.85,12.46
794600,0,-70.01,15.37
794800,1,-65.41,16.16
795000,1,-66.88,10.42
795200,1,-67.13,13.34
795400,1,-71.51,13.41
795600,1,-73.07,11.54
795800,0,-78.43,10.74
796000,0,-67.71,9.14
796200,0,-76.89,7.71
796400,0,-76.01,10.79
796600,0,-75.21,10.98
796800,1,-64.98,10.77
797000,1,-67.51,16.25
797200,1,-72.24,13.11
797400,1,-73.4,13.8
797600,1,-69.4,12.31
797800,1,-69.72,15.08
798000,0,-73.75,10.72
798200,0,-76.97,6.45
798400,0,-74.28,10.36
798600,0,-78.27,9.1
798800,0,-75.86,8.41
799000,0,-81.61,10.83
799200,1,-68.9,15.32
799400,1,-63.26,20.08
799600,1,-71.69,15.46
799800,1,-67.78,16.31
800000,1,-72.27,14.14
800200,1,-69.44,14.59
800400,0,-76.23,7.53
800600,1,-72.96,12.72
800800,0,-73.06,7.57
801000,1,-73.77,18.32
801200,0,-74.18,14.18
801400,1,-71.31,13.33
801600,1,-73.13,13.54
801800,1,-75.58,18.76
802000,1,-71.25,12.32
802200,1,-70.14,14.68
802400,1,-70.17,15.25
802600,1,-72.81,10.55
802800,1,-71.62,15.66
803000,1,-67.25,13.28
803200,1,-73.62,15.62
803400,0,-80.71,7.54
803600,1,-72.88,12.25
803800,1,-75.44,13.71
804000,1,-65.38,15.01
804200,1,-68.86,12.91
804400,0,-77.88,7.24
804600,1,-67.91,12.11
804800,1,-67.58,17.89
805000,1,-68.54,14.63
805200,1,-67.62,14.64
805400,1,-69.47,16.22
805600,1,-77.51,16.77
805800,1,-67.68,13.87
806000,1,-73.1,12.88
806200,1,-74.06,15.74
806400,1,-72.29,14.01
806600,1,-75.03,14.7
806800,1,-65.81,15.15
807000,1,-71.12,13.19
807200,0,-78.06,12.52
807400,0,-77.86,8.3
807600,0,-73.44,4.02
807800,1,-67.32,15.01
808000,1,-75.07,15.51
808200,0,-78.52,10.19
808400,0,-77.79,7.45
808600,0,-78.21,6.64
808800,1,-66.65,13.74
809000,0,-78.14,8.7
809200,0,-76.96,7.18
809400,1,-74.79,13.79
809600,1,-70.68,10.97
809800,1,-75.42,13.84
810000,1,-76.08,18.74
810200,1,-72.51,14.48
810400,1,-73.71,17.29
810600,1,-73.91,14.25
810800,1,-73.9,11.56
811000,1,-70.44,14.97
811200,1,-72.15,14.23
811400,1,-69.22,17.61
811600,0,-65.66,17.34
811800,0,-77.42,7.65
812000,1,-69.43,10.58
812200,1,-69.95,15.38
812400,1,-80.46,12.7
812600,1,-66.27,12.42
812800,1,-64.89,13.27
813000,0,-71.89,9.59
813200,1,-75.65,13.63
813400,1,-64.27,9.54
813600,1,-73.42,10.23
813800,1,-70.87,13.58
814000,1,-70.09,13.26
814200,0,-77.09,9.47
814400,0,-69.81,15.86
814600,0,-67.58,5.86
814800,0,-76.03,11.78
815000,0,-72.89,7.05
815200,0,-70.34,8.78
815400,0,-82.49,7.58
815600,0,-81.96,15.69
815800,0,-75.39,8.55
816000,0,-77.48,7.82
816200,1,-72.13,20.54
816400,1,-72.55,15.97
816600,1,-67.66,11.13
816800,1,-68.81,16.01
817000,0,-74.32,6.04
817200,0,-77.33,9.54
817400,1,-72.91,17.4
817600,1,-67.35,12.76
817800,1,-67.37,14.83
818000,1,-69.43,14.27
818200,1,-64.37,10.67
818400,0,-78.0,6.85
818600,0,-74.21,8.55
818800,0,-81.13,7.66
819000,1,-69.73,12.4
819200,1,-75.84,12.99
819400,0,-76.29,12.95
819600,0,-71.83,4.82
819800,0,-64.43,8.14
820000,0,-72.1,10.67
820200,0,-80.09,8.94
820400,0,-73.18,7.61
820600,0,-76.88,7.14
820800,1,-71.2,14.63
821000,1,-75.78,12.46
821200,1,-73.24,10.64
821400,0,-75.06,9.91
821600,0,-76.36,8.54
821800,0,-72.7,9.77
822000,1,-65.28,17.23
822200,1,-74.09,12.25
822400,1,-70.73,15.08
822600,1,-68.52,15.54
822800,1,-68.36,16.06
823000,1,-69.92,7.27
823200,0,-78.13,6.65
823400,0,-79.7,13.25
823600,0,-76.66,2.75
823800,0,-74.73,12.33
824000,1,-76.68,14.69
824200,1,-73.23,13.0
824400,0,-70.51,13.72
824600,0,-82.57,4.99
824800,0,-80.12,8.97
825000,0,-77.66,9.34
825200,1,-67.23,15.1
825400,1,-72.68,15.23
825600,1,-68.88,13.3
825800,1,-69.81,19.52
826000,1,-67.77,15.7
826200,1,-70.04,14.95
826400,1,-75.51,14.08
826600,1,-68.73,13.12
826800,1,-67.19,13.77
827000,1,-64.87,12.66
827200,1,-71.07,15.7
827400,1,-72.04,12.87
827600,1,-73.82,9.5
827800,1,-65.78,13.27
828000,1,-71.43,18.29
828200,1,-68.47,13.69
828400,1,-64.5,14.52
828600,0,-75.96,7.26
828800,1,-70.11,17.17
829000,1,-74.02,10.25
829200,1,-71.37,17.92
829400,1,-74.15,10.06
829600,1,-70.1,13.74
829800,1,-70.74,16.0
830000,1,-70.15,9.94
830200,1,-69.45,10.86
830400,1,-67.85,13.39
830600,0,-81.22,10.15
830800,0,-79.65,9.37
831000,0,-69.45,11.23
831200,1,-63.87,13.05
831400,1,-66.55,19.03
831600,1,-71.73,14.74
831800,1,-67.48,13.37
832000,0,-79.83,8.22
832200,0,-79.84,10.48
832400,0,-82.03,9.3
832600,0,-82.18,9.44
832800,0,-78.25,8.4
833000,1,-68.03,16.39
833200,1,-70.12,12.23
833400,1,-69.74,14.77
833600,1,-71.96,17.67
833800,1,-71.23,11.89
834000,0,-75.2,9.27
834200,1,-72.43,13.77
834400,1,-69.96,11.11
834600,1,-71.2,17.57
834800,1,-67.07,10.76
835000,1,-68.31,11.11
835200,1,-67.55,10.96
835400,1,-73.37,16.31
835600,1,-71.17,11.93
835800,0,-72.95,6.61
836000,0,-73.1,9.11
836200,1,-70.82,17.04
836400,1,-62.86,16.16
836600,1,-66.43,12.24
836800,1,-71.66,13.67
837000,1,-72.36,14.39
837200,1,-75.2,15.13
837400,1,-70.6,13.35
837600,1,-76.59,16.77
837800,1,-70.95,8.44
838000,1,-69.09,13.42
838200,0,-74.9,15.28
838400,1,-68.43,14.74
838600,1,-68.21,13.58
838800,1,-68.33,14.18
839000,1,-61.81,16.34
839200,1,-67.0,13.57
839400,1,-68.11,15.98
839600,1,-72.87,14.35
839800,1,-65.39,12.32
840000,0,-70.61,13.75
840200,1,-70.37,10.63
840400,1,-73.59,15.76
840600,1,-73.67,16.94
840800,1,-68.43,18.99
841000,1,-67.71,7.74
841200,1,-72.22,13.63
841400,0,-74.88,11.9
841600,0,-75.91,7.41
841800,0,-78.02,9.76
842000,0,-77.44,6.63
842200,0,-76.72,7.29
842400,0,-75.85,12.13
842600,0,-76.33,7.41
842800,0,-78.92,11.85
843000,0,-77.36,10.52
843200,0,-76.86,6.67
843400,1,-69.36,14.53
843600,1,-70.14,12.14
843800,1,-72.94,11.73
844000,1,-72.32,13.81
844200,1,-71.22,13.63
844400,1,-70.57,16.8
844600,0,-76.49,8.49
844800,0,-78.04,7.38
845000,0,-79.51,10.49
845200,1,-71.66,11.74
845400,1,-66.51,14.07
845600,1,-72.89,9.68
845800,1,-75.02,13.34
846000,1,-69.68,16.39
846200,1,-68.1,18.74
846400,1,-61.48,12.17
846600,0,-75.1,7.73
846800,0,-78.33,7.66
847000,0,-74.61,7.07
847200,0,-73.07,10.29
847400,1,-69.36,17.75
847600,0,-77.24,9.13
847800,0,-72.21,8.2
848000,0,-73.36,6.79
848200,0,-81.97,7.96
848400,0,-78.34,9.71
848600,1,-66.77,11.48
848800,1,-68.81,16.16
849000,1,-71.86,18.04
849200,1,-68.05,14.44
849400,1,-69.88,13.5
849600,1,-68.49,17.45
849800,1,-68.92,11.06
850000,1,-75.08,14.12
850200,1,-75.2,14.83
850400,1,-70.64,10.4
850600,1,-71.49,15.56
850800,1,-63.48,12.23
851000,1,-72.27,13.09
851200,1,-66.91,12.93
851400,1,-73.48,13.78
851600,1,-68.68,14.08
851800,1,-76.35,15.65
852000,0,-74.33,4.48
852200,0,-79.34,8.13
852400,1,-62.15,12.9
852600,1,-70.14,14.22
852800,1,-73.01,17.47
853000,1,-72.91,13.57
853200,1,-73.86,14.68
853400,1,-73.27,16.84
853600,1,-73.74,12.63
853800,1,-69.99,15.24
854000,1,-73.24,13.69
854200,1,-67.13,17.5
854400,1,-73.43,12.7
854600,1,-73.18,15.2
854800,1,-68.81,11.87
855000,1,-67.96,16.22
855200,1,-70.18,17.27
855400,1,-70.54,13.32
855600,1,-68.22,14.37
855800,1,-69.72,14.1
856000,0,-73.92,11.26
856200,0,-77.35,9.8
856400,0,-77.38,12.78
856600,0,-79.34,8.62
856800,1,-72.9,17.08
857000,1,-72.84,14.45
857200,1,-71.0,14.12
857400,0,-78.79,7.97
857600,0,-79.49,9.56
857800,0,-74.04,7.78
858000,0,-78.39,9.64
858200,0,-76.53,8.61
858400,0,-67.82,5.24
858600,0,-74.47,5.4
858800,0,-71.66,11.71
859000,0,-71.16,5.34
859200,0,-75.2,9.26
859400,1,-69.08,13.42
859600,1,-74.15,12.5
859800,1,-66.76,15.88
860000,0,-70.45,14.49
860200,0,-71.49,4.89
860400,1,-65.98,13.91
860600,1,-76.93,13.28
860800,1,-68.69,13.17
861000,1,-73.24,12.01
861200,1,-72.18,13.52
861400,1,-70.09,15.14
861600,1,-76.76,14.56
861800,0,-73.66,16.73
862000,1,-70.13,11.71
862200,1,-75.95,13.85
862400,1,-68.57,9.27
862600,1,-70.11,15.15
862800,1,-71.03,14.05
863000,1,-78.61,18.72
863200,0,-77.35,8.52
863400,1,-70.92,13.24
863600,1,-66.66,16.39
863800,0,-75.81,8.84
864000,0,-76.07,5.16
864200,0,-81.1,11.01
864400,0,-74.04,12.31
864600,0,-77.15,7.33
864800,0,-74.62,8.92
865000,0,-75.63,8.76
865200,0,-78.19,10.35
865400,0,-75.92,9.61
865600,1,-72.06,11.82
865800,1,-65.97,16.69
866000,1,-75.06,15.51
866200,1,-72.17,14.3
866400,1,-69.71,11.54
866600,1,-67.09,16.72
866800,1,-70.32,17.59
867000,1,-71.28,15.47
867200,1,-69.07,11.61
867400,1,-69.76,14.21
867600,1,-72.1,15.09
867800,1,-75.78,11.23
868000,1,-72.57,13.6
868200,0,-79.52,9.68
868400,1,-72.61,14.99
868600,0,-76.24,7.47
868800,0,-72.91,13.46
869000,0,-84.05,13.59
869200,0,-78.28,7.92
869400,0,-78.15,10.54
869600,0,-83.97,7.72
869800,0,-78.43,10.54
870000,0,-77.72,8.89
870200,0,-73.78,9.62
870400,1,-67.53,15.06
870600,1,-71.95,17.5
870800,0,-72.83,13.78
871000,0,-71.07,13.04
871200,1,-66.04,12.83
871400,1,-74.64,13.88
871600,1,-73.76,13.59
871800,1,-69.65,9.21
872000,0,-75.68,8.98
872200,0,-80.93,10.12
872400,0,-74.95,8.62
872600,0,-75.61,6.62
872800,1,-73.46,16.24
873000,1,-72.47,9.57
873200,1,-71.81,11.54
873400,1,-74.72,13.54
873600,1,-69.39,13.75
873800,1,-65.75,18.11
874000,1,-74.21,8.64
874200,0,-75.31,10.82
874400,0,-78.23,8.57
874600,0,-78.52,7.3
874800,0,-71.59,10.39
875000,1,-70.1,16.11
875200,1,-74.46,11.47
875400,1,-71.18,14.92
875600,1,-70.65,13.09
875800,1,-68.55,15.37
876000,1,-71.32,15.0
876200,1,-68.5,13.75
876400,0,-69.47,10.02
876600,1,-67.74,13.08
876800,1,-64.36,9.62
877000,1,-69.95,14.8
877200,1,-64.67,14.2
877400,0,-79.78,9.68
877600,0,-75.75,4.55
877800,0,-72.83,9.95
878000,0,-79.94,5.25
878200,0,-78.65,8.17
878400,0,-77.49,10.57
878600,0,-77.23,4.64
878800,0,-69.26,12.13
879000,0,-74.09,11.82
879200,1,-70.98,19.5
879400,1,-68.3,18.09
879600,1,-69.67,16.84
879800,1,-70.89,15.27
880000,1,-69.71,12.76
880200,1,-67.49,11.28
880400,1,-72.39,11.63
880600,1,-67.17,14.22
880800,0,-80.29,7.2
881000,1,-70.81,11.68
881200,0,-72.23,14.15
881400,1,-68.32,17.3
881600,1,-72.19,13.51
881800,1,-70.06,12.18
882000,1,-67.73,9.96
882200,0,-75.08,7.11
882400,1,-73.7,9.76
882600,1,-67.52,11.03
882800,0,-80.63,5.82
883000,0,-83.29,6.76
883200,1,-72.7,12.57
883400,1,-70.66,13.77
883600,1,-70.04,14.18
883800,1,-70.19,11.63
884000,1,-70.36,8.92
884200,1,-70.85,12.6
884400,1,-68.99,13.81
884600,1,-68.83,17.08
884800,1,-73.93,10.82
885000,0,-74.14,7.28
885200,1,-73.89,12.89
885400,1,-65.07,14.83
885600,1,-70.6,12.91
885800,1,-67.61,14.59
886000,1,-67.22,12.62
886200,1,-74.98,16.17
886400,1,-68.82,12.94
886600,1,-64.61,17.24
886800,1,-70.03,18.06
887000,0,-72.02,6.46
887200,0,-69.87,7.05
887400,1,-71.95,17.34
887600,1,-72.77,16.18
887800,0,-74.82,9.29
888000,0,-72.09,11.37
888200,1,-74.45,15.02
888400,0,-74.37,4.95
888600,0,-77.42,9.04
888800,0,-79.88,8.37
889000,0,-77.29,6.95
889200,0,-77.52,10.83
889400,1,-67.39,11.52
889600,0,-73.21,5.27
889800,0,-77.04,12.21
890000,0,-80.55,10.8
890200,1,-70.77,16.16
890400,0,-77.31,9.32
890600,1,-72.67,11.81
890800,0,-68.12,13.81
891000,0,-73.58,8.11
891200,1,-79.79,9.77
891400,1,-65.22,11.52
891600,1,-73.39,14.11
891800,1,-73.04,16.59
892000,0,-74.22,7.58
892200,0,-74.44,9.62
892400,0,-77.1,10.38
892600,0,-78.2,9.96
892800,1,-64.18,14.43
893000,1,-68.39,15.84
893200,1,-72.08,11.99
893400,1,-65.01,11.79
893600,1,-75.87,15.02
893800,1,-66.38,15.61
894000,1,-73.31,14.38
894200,1,-64.95,16.55
894400,1,-66.61,14.97
894600,1,-71.96,17.34
894800,1,-64.02,12.21
895000,1,-69.31,16.35
895200,1,-70.09,11.94
895400,1,-72.63,17.01
895600,1,-67.54,16.41
895800,0,-77.44,9.42
896000,1,-69.99,13.95
896200,1,-65.63,14.89
896400,1,-70.16,7.46
896600,1,-69.8,13.64
896800,1,-64.57,9.66
897000,1,-71.33,14.65
897200,1,-65.74,15.6
897400,1,-70.62,18.14
897600,1,-72.4,15.89
897800,1,-73.94,16.55
898000,1,-66.89,10.86
898200,0,-75.46,11.61
898400,0,-74.93,11.66
898600,1,-73.42,7.65
898800,1,-70.57,14.51
899000,1,-71.56,12.37
899200,1,-70.99,17.25
899400,1,-66.39,10.23
899600,1,-70.54,15.68
899800,1,-70.31,14.35
900000,1,-75.78,18.04
900200,1,-75.45,15.27
900400,0,-77.22,13.36
900600,0,-78.88,7.42
900800,0,-79.62,12.77
901000,0,-79.27,6.86
901200,0,-71.34,9.11
901400,1,-73.31,15.19
901600,1,-78.73,14.63
901800,1,-72.32,11.61
902000,1,-72.59,14.4
902200,0,-73.29,16.34
902400,1,-68.34,11.02
902600,0,-76.62,10.68
902800,0,-74.47,6.78
903000,0,-76.66,5.26
903200,1,-71.89,12.66
903400,1,-68.68,14.78
903600,1,-74.48,15.56
903800,1,-72.28,15.11
904000,1,-75.7,10.95
904200,1,-67.46,12.34
904400,1,-71.69,13.52
904600,1,-70.21,13.99
904800,1,-72.92,15.13
905000,1,-68.39,14.97
905200,1,-75.18,16.24
905400,1,-64.84,14.09
905600,1,-71.27,9.33
905800,1,-71.81,16.34
906000,1,-72.91,13.98
906200,1,-70.21,13.12
906400,0,-75.29,9.33
906600,1,-74.63,9.33
906800,1,-78.35,15.07
907000,0,-65.02,14.28
907200,1,-72.57,11.57
907400,1,-68.05,13.75
907600,1,-70.73,18.13
907800,1,-74.46,18.41
908000,1,-70.95,14.09
908200,1,-76.75,12.51
908400,1,-69.93,12.37
908600,1,-68.29,13.41
908800,1,-73.62,14.68
909000,1,-70.38,12.51
909200,1,-64.81,11.71
909400,0,-72.55,6.31
909600,0,-76.31,9.19
909800,0,-85.28,11.86
910000,1,-65.26,12.48
910200,1,-71.2,14.51
910400,1,-70.87,11.88
910600,0,-72.72,11.85
910800,1,-66.58,16.48
911000,1,-74.57,14.1
911200,1,-65.38,15.28
911400,1,-73.51,12.78
911600,1,-67.48,13.8
911800,1,-65.02,8.81
912000,1,-70.99,11.47
912200,1,-69.59,14.75
912400,1,-65.16,15.22
912600,1,-68.14,14.59
912800,1,-69.71,12.63
913000,1,-64.78,14.25
913200,1,-75.1,14.42
913400,1,-70.15,12.73
913600,1,-71.65,14.99
913800,0,-76.67,7.73
914000,1,-64.0,16.28
914200,1,-67.56,18.32
914400,1,-68.63,14.13
914600,0,-78.02,9.18
914800,0,-72.89,9.29
915000,0,-72.27,9.89
915200,1,-70.13,13.15
915400,1,-67.31,11.82
915600,0,-77.96,4.27
915800,0,-77.16,4.98
916000,0,-79.99,14.79
916200,0,-69.88,12.04
916400,0,-82.94,10.02
916600,0,-74.8,10.83
916800,1,-71.52,12.37
917000,1,-65.55,12.09
917200,1,-73.57,14.56
917400,1,-75.76,15.19
917600,1,-67.9,12.02
917800,1,-70.98,12.61
918000,1,-69.1,13.65
918200,0,-78.62,7.54
918400,0,-76.57,7.7
918600,0,-78.63,8.41
918800,0,-78.56,5.63
919000,1,-64.23,16.78
919200,1,-67.73,14.86
919400,0,-77.41,12.15
919600,1,-72.73,14.17
919800,1,-67.44,12.55
920000,1,-73.15,14.93
920200,1,-67.14,16.55
920400,1,-67.52,13.0
920600,1,-74.15,15.53
920800,1,-67.77,10.62
921000,1,-65.56,7.34
921200,0,-75.02,8.2
921400,0,-76.42,7.08
921600,1,-65.67,12.96
921800,1,-66.89,16.55
922000,1,-72.29,7.55
922200,1,-68.58,12.38
922400,1,-71.18,14.63
922600,1,-64.99,14.69
922800,0,-74.54,7.68
923000,0,-79.04,5.39
923200,0,-73.31,6.91
923400,0,-74.05,12.51
923600,0,-80.03,9.06
923800,1,-67.63,16.14
924000,1,-79.12,14.28
924200,1,-64.52,14.91
924400,1,-71.47,9.28
924600,1,-65.15,13.79
924800,1,-75.15,16.91
925000,1,-65.3,15.81
925200,1,-69.59,12.89
925400,0,-80.62,8.53
925600,0,-74.49,5.39
925800,1,-71.34,12.55
926000,1,-68.76,9.8
926200,1,-74.88,9.82
926400,0,-74.05,9.85
926600,0,-71.05,10.28
926800,0,-75.76,2.65
927000,0,-76.95,6.46
927200,0,-80.85,12.83
927400,0,-79.89,5.96
927600,1,-73.36,12.95
927800,1,-74.05,10.44
928000,1,-74.05,12.13
928200,0,-68.92,13.24
928400,0,-78.31,7.9
928600,0,-76.84,8.84
928800,0,-78.83,7.57
929000,1,-68.48,17.33
929200,1,-65.36,16.41
929400,1,-66.2,9.46
929600,0,-77.03,12.31
929800,1,-72.86,12.09
930000,1,-68.3,14.35
930200,1,-74.23,14.47
930400,1,-70.78,15.62
930600,1,-69.82,14.24
930800,0,-73.79,12.95
931000,1,-73.4,12.73
931200,0,-74.26,11.78
931400,1,-69.82,17.46
931600,1,-66.04,14.96
931800,1,-67.53,14.62
932000,1,-67.16,14.04
932200,1,-70.4,16.06
932400,0,-79.95,11.82
932600,1,-76.12,15.31
932800,1,-71.82,12.38
933000,1,-68.05,10.94
933200,1,-69.18,11.67
933400,0,-77.05,9.63
933600,0,-76.97,7.64
933800,0,-73.02,11.26
934000,1,-68.94,7.78
934200,1,-69.28,16.08
934400,1,-73.18,10.96
934600,1,-72.35,10.0
934800,1,-67.6,18.42
935000,1,-68.7,13.86
935200,0,-77.01,8.24
935400,0,-78.08,5.49
935600,0,-78.28,6.82
935800,0,-69.77,10.99
936000,0,-73.1,9.14
936200,1,-70.77,12.64
936400,1,-75.37,16.8
936600,1,-71.11,11.74
936800,1,-66.34,17.24
937000,1,-68.94,14.81
937200,1,-70.19,14.22
937400,1,-68.18,11.25
937600,1,-67.49,14.12
937800,1,-73.46,11.6
938000,1,-65.64,14.81
938200,1,-71.67,12.12
938400,1,-71.23,12.8
938600,1,-74.95,15.04
938800,1,-72.48,14.86
939000,1,-67.39,16.67
939200,0,-70.05,12.88
939400,1,-66.06,12.28
939600,1,-78.21,15.22
939800,1,-69.85,13.14
940000,0,-70.35,13.73
940200,1,-70.06,16.32
940400,1,-73.55,13.44
940600,1,-69.5,13.16
940800,1,-69.23,16.18
941000,1,-62.87,9.13
941200,1,-73.82,11.26
941400,0,-83.52,8.71
941600,1,-69.41,14.08
941800,1,-69.79,16.47
942000,1,-66.86,11.61
942200,1,-70.87,11.66
942400,1,-66.62,10.91
942600,1,-68.46,14.59
942800,1,-68.77,16.61
943000,1,-69.75,16.66
943200,1,-73.14,15.8
943400,1,-70.77,13.28
943600,1,-70.0,16.03
943800,1,-69.7,14.04
944000,1,-71.03,13.92
944200,0,-77.71,9.41
944400,0,-76.68,9.62
944600,1,-67.88,12.83
944800,0,-74.58,9.3
945000,1,-73.39,11.11
945200,1,-66.69,16.97
945400,1,-68.76,15.19
945600,1,-68.54,14.79
945800,1,-68.13,13.23
946000,1,-70.8,9.99
946200,1,-67.79,12.1
946400,0,-67.43,20.06
946600,0,-76.96,10.13
946800,0,-76.42,13.84
947000,0,-79.51,7.96
947200,0,-79.91,12.74
947400,0,-78.06,15.01
947600,0,-75.17,5.32
947800,0,-80.54,5.87
948000,1,-73.09,12.87
948200,1,-69.64,10.04
948400,1,-73.66,16.23
948600,1,-68.05,18.68
948800,1,-68.97,16.02
949000,1,-70.29,15.25
949200,0,-73.95,16.64
949400,1,-70.71,12.8
949600,0,-66.33,10.24
949800,1,-69.99,15.73
950000,1,-71.45,12.6
950200,1,-70.28,13.31
950400,1,-71.67,14.6
950600,1,-66.93,13.44
950800,1,-67.16,19.37
951000,0,-77.18,7.23
951200,0,-82.16,10.75
951400,1,-73.08,16.04
951600,1,-71.08,16.89
951800,1,-69.78,16.8
952000,1,-72.79,9.12
952200,0,-79.62,6.16
952400,0,-80.78,6.93
952600,1,-72.82,15.03
952800,0,-80.06,7.16
953000,0,-73.06,13.71
953200,1,-70.32,14.56
953400,1,-72.37,16.48
953600,1,-72.55,16.21
953800,1,-74.36,12.09
954000,1,-67.57,13.46
954200,0,-75.44,14.78
954400,1,-72.38,14.52
954600,1,-72.8,16.59
954800,1,-73.08,16.07
955000,0,-74.6,8.34
955200,1,-68.6,10.02
955400,1,-66.84,13.84
955600,1,-77.12,15.48
955800,1,-68.22,13.74
956000,0,-78.91,9.4
956200,1,-68.95,17.03
956400,1,-66.43,7.81
956600,0,-72.47,8.9
956800,0,-77.56,7.27
957000,1,-71.68,14.51
957200,0,-79.23,12.48
957400,0,-75.06,11.91
957600,0,-76.45,8.12
957800,0,-70.09,6.27
958000,0,-80.49,12.76
958200,0,-80.74,9.67
958400,0,-78.03,5.97
958600,0,-73.65,6.92
958800,0,-76.37,7.89
959000,0,-73.57,12.13
959200,1,-71.04,14.21
959400,0,-70.54,14.5
959600,1,-74.33,14.85
959800,0,-77.57,11.8
960000,0,-84.3,11.61
960200,1,-67.09,16.01
960400,1,-69.3,13.21
960600,1,-70.59,12.36
960800,1,-67.11,14.44
961000,1,-69.38,16.29
961200,0,-73.19,5.72
961400,0,-75.6,7.07
961600,0,-75.76,8.04
961800,0,-76.68,5.79
962000,1,-71.8,10.72
962200,0,-72.87,9.57
962400,0,-76.41,9.51
962600,0,-74.92,8.25
962800,1,-68.68,12.56
963000,1,-71.24,10.26
963200,1,-68.78,12.73
963400,1,-70.86,11.24
963600,1,-67.22,17.44
963800,1,-64.75,11.43
964000,1,-73.36,16.43
964200,1,-71.72,15.45
964400,1,-72.98,13.1
964600,1,-70.54,10.9
964800,1,-76.56,16.0
965000,1,-71.26,14.52
965200,1,-71.73,14.33
965400,0,-72.27,11.1
965600,1,-74.47,14.59
965800,1,-69.78,16.77
966000,1,-70.36,15.89
966200,1,-70.87,13.57
966400,1,-67.74,14.9
966600,1,-69.4,15.14
966800,1,-66.56,12.85
967000,1,-74.56,18.77
967200,1,-72.45,16.46
967400,0,-79.3,3.83
967600,0,-73.42,17.64
967800,1,-66.04,16.28
968000,1,-69.94,12.95
968200,1,-71.6,14.09
968400,0,-79.15,8.49
968600,0,-75.38,9.16
968800,0,-74.92,9.2
969000,0,-74.42,5.82
969200,0,-77.64,10.71
969400,0,-74.86,7.68
969600,0,-75.26,10.27
969800,0,-80.9,10.95
970000,0,-76.11,10.37
970200,0,-76.73,4.6
970400,1,-69.22,14.87
970600,1,-68.04,15.27
970800,1,-67.7,9.12
971000,0,-75.41,12.11
971200,0,-71.75,9.16
971400,0,-73.81,8.32
971600,0,-76.84,11.18
971800,0,-78.35,6.95
972000,0,-76.78,7.02
972200,1,-71.5,15.5
972400,0,-82.6,6.59
972600,1,-70.5,14.29
972800,1,-64.91,20.7
973000,1,-64.83,10.16
973200,1,-69.04,15.62
973400,1,-77.53,17.53
973600,1,-68.22,14.14
973800,1,-71.18,13.13
974000,1,-66.51,10.25
974200,1,-67.8,10.48
974400,1,-67.39,17.52
974600,1,-67.21,14.37
974800,1,-68.35,14.83
975000,1,-70.58,16.48
975200,1,-67.23,17.17
975400,1,-71.29,14.88
975600,1,-66.32,13.39
975800,1,-66.04,14.96
976000,1,-67.43,13.57
976200,1,-71.52,15.69
976400,1,-70.73,12.3
976600,1,-66.29,10.32
976800,1,-66.18,16.12
977000,1,-70.46,15.14
977200,1,-72.17,10.34
977400,0,-78.7,9.95
977600,0,-77.2,8.99
977800,1,-66.85,15.0
978000,1,-73.76,15.01
978200,1,-70.52,13.1
978400,1,-65.7,13.4
978600,1,-67.16,16.05
978800,0,-68.47,13.71
979000,1,-70.4,16.16
979200,1,-65.78,13.29
979400,1,-70.13,14.99
979600,1,-68.6,14.16
979800,1,-69.45,15.54
980000,1,-71.53,18.53
980200,0,-82.83,10.15
980400,0,-71.67,10.42
980600,0,-79.07,12.06
980800,0,-78.5,10.24
981000,0,-83.07,6.91
981200,1,-71.25,11.74
981400,1,-64.17,11.47
981600,0,-68.3,11.97
981800,1,-68.34,17.55
982000,1,-69.05,13.42
982200,1,-73.69,13.99
982400,1,-70.0,13.36
982600,1,-71.23,9.99
982800,0,-77.15,10.93
983000,0,-70.78,13.8
983200,1,-66.53,12.79
983400,1,-73.57,12.54
983600,0,-77.96,7.51
983800,0,-80.3,10.66
984000,0,-80.75,11.19
984200,0,-81.1,7.92
984400,0,-76.5,8.31
984600,0,-75.47,8.9
984800,0,-80.89,5.95
985000,0,-73.12,10.91
985200,0,-74.26,10.94
985400,1,-66.42,16.02
985600,1,-70.05,13.05
985800,1,-73.7,13.24
986000,1,-72.88,7.91
986200,1,-67.5,11.44
986400,1,-76.64,14.36
986600,1,-66.68,12.68
986800,1,-74.99,17.21
987000,1,-70.31,17.28
987200,1,-69.96,12.98
987400,1,-72.08,16.81
987600,0,-78.37,5.97
987800,1,-64.62,16.71
988000,1,-71.63,10.52
988200,1,-76.68,17.28
988400,1,-66.62,15.56
988600,1,-77.36,13.77
988800,1,-73.9,12.39
989000,1,-71.12,14.54
989200,1,-73.48,18.43
989400,1,-66.6,11.24
989600,0,-75.31,7.64
989800,0,-76.78,9.33
990000,0,-79.2,7.38
990200,1,-74.0,11.62
990400,1,-65.35,19.0
990600,1,-74.07,12.53
990800,1,-70.64,16.57
991000,1,-71.5,13.95
991200,1,-73.56,14.73
991400,1,-74.05,11.67
991600,1,-66.49,11.07
991800,1,-72.42,14.12
992000,1,-71.68,12.74
992200,1,-70.94,15.47
992400,1,-73.73,17.43
992600,1,-70.66,12.49
992800,1,-61.49,12.41
993000,1,-67.01,16.57
993200,1,-66.8,11.26
993400,1,-69.01,17.33
993600,1,-71.71,10.27
993800,1,-65.91,12.07
994000,1,-64.86,14.19
994200,0,-78.69,12.91
994400,0,-75.98,10.66
994600,1,-71.0,16.04
994800,1,-70.36,15.85
995000,1,-67.03,12.05
995200,1,-72.53,16.2
995400,1,-72.15,14.83
995600,1,-71.46,11.77
995800,1,-68.21,18.91
996000,1,-71.89,17.41
996200,1,-71.06,17.03
996400,1,-68.13,15.7
996600,1,-73.07,11.01
996800,0,-76.52,8.4
997000,0,-76.34,13.22
997200,0,-78.11,7.84
997400,1,-73.64,11.88
997600,1,-67.4,10.82
997800,1,-71.01,15.14
998000,1,-71.04,15.68
998200,1,-70.69,18.52
998400,1,-69.56,14.47
998600,0,-76.6,8.75
998800,0,-73.3,9.44
999000,0,-86.21,11.91
999200,0,-65.71,14.57
999400,1,-66.2,14.36
999600,1,-74.29,12.98
999800,1,-73.77,15.83
1000000,1,-72.12,16.34
1000200,1,-73.45,14.78
1000400,1,-72.48,13.73
1000600,0,-63.1,11.92
1000800,1,-75.04,13.27
1001000,1,-69.89,15.04
1001200,1,-67.6,12.86
1001400,1,-72.29,15.68
1001600,1,-69.91,12.18
1001800,1,-69.29,13.33
1002000,0,-77.98,8.62
1002200,0,-75.7,11.29
1002400,0,-81.12,10.28
1002600,0,-76.77,9.75
1002800,0,-75.54,12.6
1003000,1,-71.2,12.52
1003200,1,-72.68,18.32
1003400,1,-69.68,16.03
1003600,1,-74.17,15.65
1003800,1,-69.83,11.39
1004000,1,-71.42,13.43
1004200,1,-68.85,13.92
1004400,1,-67.27,18.34
1004600,1,-76.84,16.58
1004800,1,-69.55,8.52
1005000,1,-64.5,10.8
1005200,0,-75.84,7.53
1005400,0,-75.98,9.53
1005600,0,-71.84,11.01
1005800,1,-72.83,13.76
1006000,1,-74.9,15.56
1006200,0,-71.17,13.86
1006400,1,-68.08,9.66
1006600,1,-67.46,14.72
1006800,1,-70.95,17.15
1007000,1,-74.83,12.6
1007200,1,-71.14,16.11
1007400,1,-69.87,12.05
1007600,1,-68.58,14.13
1007800,1,-63.55,14.8
1008000,0,-71.87,14.19
1008200,1,-69.46,17.56
1008400,1,-66.72,11.98
1008600,0,-79.56,8.98
1008800,0,-74.94,7.92
1009000,1,-68.56,12.99
1009200,1,-67.02,14.25
1009400,0,-70.15,14.26
1009600,1,-72.93,12.09
1009800,1,-80.19,12.07
1010000,1,-70.18,16.51
1010200,0,-72.71,7.75
1010400,1,-71.4,12.56
1010600,1,-70.06,10.75
1010800,1,-68.14,15.69
1011000,1,-71.06,16.72
1011200,1,-69.71,12.63
1011400,1,-72.24,9.23
1011600,1,-71.3,12.98
1011800,0,-74.02,9.99
1012000,0,-77.23,9.63
1012200,0,-78.17,8.81
1012400,0,-73.83,7.17
1012600,1,-76.86,13.28
1012800,1,-70.92,14.82
1013000,1,-69.51,16.48
1013200,1,-66.76,14.91
1013400,1,-67.33,13.09
1013600,1,-75.02,15.15
1013800,1,-64.06,12.32
1014000,1,-72.5,11.07
1014200,1,-64.25,15.86
1014400,1,-69.3,13.45
1014600,1,-64.58,12.66
1014800,1,-72.65,7.24
1015000,1,-71.4,13.12
1015200,1,-69.4,14.14
1015400,1,-71.96,13.47
1015600,1,-69.75,15.42
1015800,1,-72.26,13.93
1016000,1,-71.27,14.97
1016200,1,-72.06,14.16
1016400,0,-81.23,4.1
1016600,0,-71.7,9.36
1016800,0,-80.0,9.73
1017000,0,-78.17,7.92
1017200,0,-78.56,8.28
1017400,1,-76.65,19.66
1017600,1,-67.51,16.75
1017800,1,-68.21,14.85
1018000,1,-73.75,12.56
1018200,1,-66.07,18.05
1018400,1,-73.61,11.66
1018600,1,-75.83,14.46
1018800,1,-68.89,12.64
1019000,1,-71.38,15.45
1019200,1,-71.6,10.54
1019400,0,-75.02,9.19
1019600,0,-80.79,8.62
1019800,0,-74.11,9.87
1020000,1,-70.27,20.12
1020200,0,-75.73,8.8
1020400,1,-69.13,18.39
1020600,0,-78.64,10.53
1020800,1,-70.1,15.6
1021000,1,-72.46,12.78
1021200,1,-67.65,15.11
1021400,1,-73.2,13.84
1021600,1,-66.9,15.54
1021800,1,-67.17,9.93
1022000,1,-68.91,15.37
1022200,1,-76.63,12.76
1022400,1,-69.04,11.02
1022600,1,-68.39,11.6
1022800,1,-69.38,15.99
1023000,1,-66.62,13.69
1023200,1,-73.36,15.26
1023400,1,-71.92,10.63
1023600,0,-76.13,10.62
1023800,0,-74.09,9.94
1024000,0,-73.07,6.24
1024200,1,-64.93,14.74
1024400,1,-68.6,12.5
1024600,1,-71.94,14.77
1024800,1,-65.08,11.85
1025000,1,-76.71,15.84
1025200,1,-71.27,12.5
1025400,1,-71.78,11.54
1025600,1,-74.16,16.88
1025800,1,-70.7,12.47
1026000,1,-69.72,13.44
1026200,1,-69.59,11.59
1026400,1,-69.0,13.91
1026600,1,-66.61,16.0
1026800,1,-75.95,14.57
1027000,1,-71.06,12.12
1027200,1,-68.86,16.61
1027400,1,-65.46,13.95
1027600,0,-69.26,13.12
1027800,1,-71.49,11.54
1028000,1,-71.43,10.94
1028200,1,-72.72,10.28
1028400,1,-67.97,16.75
1028600,1,-68.89,10.57
1028800,1,-71.08,14.37
1029000,1,-70.92,16.47
1029200,1,-71.91,14.38
1029400,1,-68.51,12.79
1029600,1,-65.83,10.82
1029800,1,-62.23,14.22
1030000,0,-81.05,7.32
1030200,0,-76.9,14.36
1030400,1,-69.9,12.62
1030600,0,-73.92,9.7
1030800,1,-70.18,16.12
1031000,0,-70.03,12.61
1031200,1,-69.21,13.02
1031400,1,-66.14,17.64
1031600,1,-71.2,12.77
1031800,0,-76.15,11.81
1032000,0,-71.24,10.6
1032200,0,-75.74,10.45
1032400,0,-72.93,9.33
1032600,0,-74.88,11.54
1032800,1,-72.32,15.97
1033000,1,-65.11,12.62
1033200,1,-76.27,11.13
1033400,1,-69.01,17.21
1033600,1,-72.35,11.48
1033800,1,-70.24,15.39
1034000,1,-71.37,16.68
1034200,0,-70.57,19.33
1034400,1,-69.2,9.31
1034600,1,-74.96,12.99
1034800,0,-75.89,13.64
1035000,0,-78.14,10.46
1035200,0,-77.37,9.53
1035400,0,-80.13,8.84
1035600,0,-74.67,10.76
1035800,0,-81.02,7.92
1036000,0,-78.13,4.65
1036200,0,-76.85,11.56
1036400,0,-76.54,4.26
1036600,1,-68.45,11.1
1036800,1,-69.66,12.57
1037000,0,-73.77,7.71
1037200,1,-70.56,15.23
1037400,1,-71.43,13.98
1037600,1,-66.21,15.37
1037800,1,-68.72,15.05
1038000,1,-73.12,12.62
1038200,0,-73.43,9.21
1038400,0,-77.26,11.76
1038600,1,-71.99,15.24
1038800,1,-70.14,11.77
1039000,1,-70.54,15.31
1039200,0,-79.32,9.69
1039400,0,-76.46,8.08
1039600,1,-71.06,12.93
1039800,1,-72.76,15.15
1040000,1,-74.48,16.53
1040200,1,-74.38,15.8
1040400,1,-70.56,13.81
1040600,1,-70.27,10.72
1040800,0,-73.66,8.33
1041000,0,-70.71,10.95
1041200,0,-77.3,5.01
1041400,0,-71.93,10.99
1041600,1,-73.24,20.2
1041800,1,-66.89,12.07
1042000,1,-70.09,14.01
1042200,0,-74.07,8.73
1042400,0,-74.82,8.92
1042600,0,-73.73,7.12
1042800,0,-76.77,15.25
1043000,0,-76.31,9.94
1043200,1,-71.17,14.5
1043400,1,-70.35,17.98
1043600,1,-66.83,16.56
1043800,1,-78.73,15.33
1044000,0,-75.65,12.77
1044200,1,-77.49,13.16
1044400,0,-76.21,14.15
1044600,0,-75.38,10.52
1044800,1,-70.96,14.37
1045000,1,-73.66,14.88
1045200,1,-72.61,14.05
1045400,1,-71.69,11.92
1045600,1,-69.26,15.03
1045800,1,-69.27,13.7
1046000,1,-69.9,14.01
1046200,0,-70.79,5.33
1046400,1,-68.37,13.24
1046600,0,-73.8,4.84
1046800,1,-68.75,11.21
1047000,1,-75.97,13.14
1047200,1,-67.93,14.68
1047400,1,-70.36,14.16
1047600,1,-65.72,12.52
1047800,1,-68.71,13.35
1048000,1,-66.96,13.63
1048200,1,-68.9,15.31
1048400,1,-71.63,15.42
1048600,1,-69.37,15.96
1048800,1,-68.32,16.34
1049000,1,-68.59,13.0
1049200,1,-72.57,13.2
1049400,1,-71.11,11.86
1049600,1,-73.74,11.6
1049800,1,-77.35,13.16
1050000,1,-73.14,12.29
1050200,1,-71.27,11.84
1050400,0,-73.88,10.68
1050600,0,-81.98,11.11
1050800,1,-66.51,18.92
1051000,1,-69.97,12.71
1051200,1,-71.42,15.67
1051400,1,-73.05,14.28
1051600,1,-71.18,15.24
1051800,1,-67.32,10.28
1052000,1,-70.11,7.08
1052200,1,-67.99,12.24
1052400,1,-71.72,11.52
1052600,0,-77.83,14.14
1052800,0,-74.98,7.24
1053000,1,-76.97,12.28
1053200,1,-70.78,13.92
1053400,1,-73.5,14.57
1053600,1,-70.66,17.49
1053800,1,-72.05,15.97
1054000,1,-70.45,11.39
1054200,1,-71.31,13.52
1054400,1,-64.79,20.0
1054600,1,-69.91,13.04
1054800,0,-76.17,9.0
1055000,1,-69.61,11.74
1055200,1,-69.77,15.3
1055400,1,-72.22,14.09
1055600,1,-68.02,14.96
1055800,1,-67.38,17.58
1056000,1,-73.61,8.03
1056200,0,-75.67,11.2
1056400,0,-80.25,8.73
1056600,1,-65.29,11.35
1056800,1,-66.23,15.84
1057000,1,-71.69,13.91
1057200,0,-73.81,6.4
1057400,0,-72.6,9.19
1057600,0,-78.27,10.09
1057800,1,-68.83,12.75
1058000,1,-69.22,17.2
1058200,1,-68.44,16.54
1058400,1,-73.42,12.08
1058600,1,-67.87,14.71
1058800,1,-69.0,13.48
1059000,1,-73.24,21.77
1059200,1,-70.43,14.46
1059400,1,-73.7,15.23
1059600,0,-76.89,7.22
1059800,0,-75.78,9.61
1060000,0,-80.63,10.05
1060200,1,-69.05,14.36
1060400,1,-69.9,8.75
1060600,1,-65.71,17.07
1060800,1,-67.8,13.22
1061000,1,-67.07,15.79
1061200,1,-68.29,14.73
1061400,1,-73.91,14.27
1061600,0,-74.76,9.53
1061800,0,-77.01,7.69
1062000,1,-71.15,7.72
1062200,1,-72.3,17.88
1062400,0,-70.37,12.13
1062600,0,-75.36,8.36
1062800,1,-72.59,15.21
1063000,1,-67.13,15.8
1063200,0,-79.0,8.54
1063400,1,-68.79,8.83
1063600,1,-70.19,15.82
1063800,1,-69.26,7.44
1064000,1,-71.68,12.97
1064200,1,-69.05,12.45
1064400,1,-68.19,12.07
1064600,0,-78.54,10.0
1064800,0,-70.68,5.32
1065000,0,-76.8,10.75
1065200,0,-74.28,7.16
1065400,1,-74.64,16.52
1065600,1,-70.07,13.66
1065800,1,-66.16,13.83
1066000,1,-73.79,18.52
1066200,1,-73.14,12.95
1066400,1,-76.85,13.97
1066600,1,-66.67,9.12
1066800,0,-76.38,8.59
1067000,0,-74.19,9.23
1067200,0,-76.1,13.04
1067400,0,-77.88,11.52
1067600,0,-68.23,8.82
1067800,0,-77.96,5.8
1068000,0,-73.92,11.01
1068200,1,-66.61,11.11
1068400,1,-73.16,16.87
1068600,1,-68.57,13.03
1068800,1,-75.02,12.15
1069000,1,-66.18,12.79
1069200,1,-77.63,13.19
1069400,1,-70.9,13.32
1069600,0,-75.25,8.34
1069800,0,-77.09,6.93
1070000,0,-79.33,6.63
1070200,1,-70.76,11.28
1070400,0,-64.12,13.72
1070600,1,-73.55,13.6
1070800,1,-71.59,16.16
1071000,1,-70.01,10.56
1071200,1,-75.49,12.87
1071400,1,-71.6,15.55
1071600,0,-79.93,8.97
1071800,1,-72.71,17.87
1072000,1,-68.06,12.43
1072200,1,-68.2,16.32
1072400,1,-72.01,9.85
1072600,1,-68.97,12.76
1072800,1,-75.59,17.97
1073000,1,-72.69,5.29
1073200,1,-68.3,14.55
1073400,1,-73.25,11.78
1073600,1,-68.51,15.28
1073800,1,-69.55,17.57
1074000,1,-65.61,16.1
1074200,1,-67.37,12.74
1074400,1,-67.48,17.69
1074600,1,-69.67,11.79
1074800,1,-74.85,16.46
1075000,1,-70.84,15.82
1075200,1,-65.07,15.51
1075400,1,-72.46,15.91
1075600,1,-67.53,16.41
1075800,1,-68.24,14.97
1076000,0,-82.74,9.5
1076200,0,-72.19,7.59
1076400,0,-71.03,10.55
1076600,0,-76.76,6.56
1076800,0,-66.98,9.48
1077000,0,-74.7,9.59
1077200,1,-73.97,15.35
1077400,1,-71.63,19.23
1077600,1,-70.19,11.63
1077800,1,-69.76,14.36
1078000,1,-72.19,17.18
1078200,0,-76.73,6.93
1078400,0,-78.68,12.97
1078600,0,-76.44,5.88
1078800,1,-69.05,12.51
1079000,1,-73.22,17.25
1079200,1,-71.39,12.27
1079400,1,-73.88,14.65
1079600,1,-65.63,14.48
1079800,1,-68.39,14.07
1080000,0,-77.64,9.74
1080200,1,-67.94,13.06
1080400,0,-76.58,12.41
1080600,1,-70.41,16.16
1080800,0,-75.77,6.01
1081000,0,-76.26,8.21
1081200,1,-70.82,17.37
1081400,1,-70.8,13.19
1081600,1,-72.27,17.11
1081800,1,-67.81,17.22
1082000,1,-68.12,8.5
1082200,1,-69.22,10.09
1082400,1,-73.62,14.96
1082600,1,-72.64,17.61
1082800,1,-74.42,15.57
1083000,1,-71.08,11.45
1083200,1,-71.8,14.43
1083400,1,-79.42,13.0
1083600,1,-70.14,12.55
1083800,0,-78.6,8.09
1084000,1,-69.67,14.84
1084200,1,-67.95,14.04
1084400,1,-69.09,9.33
1084600,1,-69.8,14.72
1084800,1,-65.55,11.71
1085000,1,-70.26,18.49
1085200,1,-77.37,15.53
1085400,1,-71.94,16.5
1085600,1,-70.59,15.53
1085800,1,-64.65,12.21
1086000,1,-72.21,13.94
1086200,1,-70.49,12.22
1086400,1,-71.09,12.12
1086600,1,-72.37,14.67
1086800,1,-69.53,12.82
1087000,1,-66.74,17.24
1087200,1,-69.6,13.6
1087400,0,-76.23,10.01
1087600,0,-82.53,7.47
1087800,0,-74.32,11.62
1088000,0,-74.85,8.85
1088200,0,-75.19,7.74
1088400,0,-72.45,7.94
1088600,1,-68.81,13.12
1088800,1,-69.58,17.53
1089000,1,-71.23,14.72
1089200,0,-78.71,13.32
1089400,0,-79.86,10.18
1089600,0,-75.48,9.19
1089800,0,-82.1,10.95
1090000,0,-73.47,10.75
1090200,0,-72.27,4.53
1090400,0,-75.34,11.43
1090600,0,-69.45,9.91
1090800,1,-74.26,8.7
1091000,1,-72.87,17.02
1091200,1,-65.71,13.27
1091400,1,-69.13,14.65
1091600,1,-69.77,16.36
1091800,1,-75.38,12.0
1092000,1,-71.23,10.56
1092200,0,-78.32,6.04
1092400,0,-74.85,5.87
1092600,0,-72.02,2.39
1092800,1,-70.32,16.21
1093000,1,-74.84,13.83
1093200,1,-69.48,15.7
1093400,0,-80.57,7.67
1093600,1,-69.11,18.32
1093800,1,-71.42,16.69
1094000,1,-70.4,12.87
1094200,1,-69.29,13.27
1094400,1,-77.44,15.24
1094600,1,-68.72,14.06
1094800,1,-72.47,10.81
1095000,1,-72.56,12.31
1095200,1,-66.27,13.25
1095400,0,-76.34,8.45
1095600,0,-74.72,11.4
1095800,0,-77.13,4.62
1096000,0,-72.25,17.32
1096200,1,-74.49,14.43
1096400,1,-71.49,16.52
1096600,1,-65.13,14.51
1096800,1,-69.79,13.29
1097000,1,-73.36,11.07
1097200,1,-69.24,12.84
1097400,1,-68.07,13.62
1097600,1,-69.35,14.71
1097800,1,-73.42,16.16
1098000,1,-71.97,12.49
1098200,1,-76.56,15.17
1098400,1,-74.61,14.27
1098600,1,-65.32,11.82
1098800,1,-71.04,12.19
1099000,1,-72.96,11.55
1099200,1,-65.7,10.53
1099400,1,-71.01,12.06
1099600,1,-69.29,14.87
1099800,1,-69.54,12.98
1100000,0,-71.75,14.09
1100200,1,-69.22,15.29
1100400,1,-70.63,12.61
1100600,1,-71.61,13.39
1100800,1,-68.16,12.37
1101000,0,-76.12,16.63
1101200,1,-75.11,11.81
1101400,0,-79.31,11.04
1101600,1,-74.17,14.68
1101800,1,-68.18,15.69
1102000,0,-77.16,9.0
1102200,0,-74.8,16.59
1102400,0,-79.62,7.51
1102600,0,-75.48,11.67
1102800,0,-80.04,7.58
1103000,0,-78.59,10.5
1103200,1,-71.42,14.66
1103400,1,-72.97,16.16
1103600,0,-80.53,4.55
1103800,1,-69.96,13.78
1104000,1,-69.71,13.87
1104200,1,-68.88,14.7
1104400,0,-74.31,11.93
1104600,1,-75.62,13.27
1104800,1,-67.45,11.07
1105000,1,-70.28,13.5
1105200,0,-81.92,5.84
1105400,1,-66.94,14.66
1105600,1,-72.07,13.39
1105800,1,-71.13,13.27
1106000,1,-69.1,13.59
1106200,0,-79.43,13.62
1106400,1,-72.06,10.43
1106600,1,-63.88,10.73
1106800,0,-75.51,8.84
1107000,0,-74.4,10.12
1107200,0,-80.52,9.83
1107400,0,-73.18,6.77
1107600,1,-74.73,16.1
1107800,0,-72.92,8.49
1108000,0,-79.94,9.02
1108200,0,-72.7,9.1
1108400,0,-77.18,9.93
1108600,1,-70.17,9.54
1108800,0,-73.01,15.27
1109000,0,-75.38,9.35
1109200,0,-72.78,11.31
1109400,0,-67.45,10.18
1109600,1,-67.93,18.16
1109800,1,-71.43,14.46
1110000,1,-72.96,13.39
1110200,1,-69.07,15.38
1110400,1,-72.65,13.95
1110600,0,-76.48,10.5
1110800,0,-72.0,10.39
1111000,0,-75.91,7.64
1111200,1,-67.91,10.86
1111400,1,-72.88,12.19
1111600,1,-71.13,17.51
1111800,1,-68.23,15.43
1112000,1,-67.37,13.79
1112200,1,-67.03,16.6
1112400,1,-74.64,15.82
1112600,1,-70.45,11.01
1112800,1,-69.65,18.37
1113000,1,-72.98,15.98
1113200,1,-79.55,18.28
1113400,0,-75.49,8.0
1113600,1,-72.05,16.28
1113800,0,-80.23,12.05
1114000,0,-69.06,7.39
1114200,0,-73.75,13.34
1114400,1,-67.83,9.6
1114600,0,-74.2,7.93
1114800,0,-71.57,14.8
1115000,1,-67.85,14.8
1115200,0,-75.42,11.72
1115400,1,-73.75,10.89
1115600,1,-67.93,16.46
1115800,1,-71.43,13.84
1116000,1,-70.32,14.56
1116200,0,-77.35,7.33
1116400,0,-78.39,15.76
1116600,1,-74.06,15.17
1116800,0,-76.47,12.53
1117000,0,-69.01,14.94
1117200,1,-71.44,15.19
1117400,0,-78.85,5.8
1117600,0,-80.03,10.68
1117800,0,-80.07,9.64
1118000,0,-78.03,11.0
1118200,1,-68.05,13.67
1118400,1,-68.03,13.19
1118600,1,-72.46,12.71
1118800,1,-80.35,10.57
1119000,0,-74.3,14.42
1119200,1,-74.82,12.86
1119400,1,-70.31,13.1
1119600,1,-67.65,13.68
1119800,1,-72.92,18.96
1120000,1,-74.06,11.22
1120200,1,-70.73,11.7
1120400,1,-73.48,16.24
1120600,0,-69.45,11.72
1120800,1,-71.48,16.21
1121000,1,-68.52,13.0
1121200,1,-74.43,8.73
1121400,1,-69.31,15.12
1121600,1,-69.75,14.19
1121800,1,-67.96,16.24
1122000,1,-72.7,12.38
1122200,1,-71.68,11.15
1122400,1,-74.04,18.82
1122600,1,-70.4,11.48
1122800,1,-71.97,11.52
1123000,1,-72.7,9.33
1123200,1,-69.94,12.21
1123400,1,-73.9,14.7
1123600,0,-79.13,8.78
1123800,1,-75.56,13.06
1124000,1,-65.8,16.15
1124200,1,-72.96,13.17
1124400,1,-73.15,13.11
1124600,1,-69.68,18.45
1124800,1,-72.37,13.46
1125000,1,-76.36,15.15
1125200,0,-74.51,6.65
1125400,0,-78.95,11.49
1125600,1,-66.03,16.56
1125800,1,-70.73,15.44
1126000,0,-78.82,6.45
1126200,1,-72.75,12.22
1126400,1,-72.14,10.86
1126600,1,-71.19,16.44
1126800,1,-73.99,15.83
1127000,1,-75.56,14.75
1127200,0,-65.5,15.73
1127400,1,-71.48,13.54
1127600,1,-70.59,15.75
1127800,0,-75.34,4.63
1128000,0,-77.31,5.05
1128200,0,-73.36,6.88
1128400,0,-76.72,13.28
1128600,0,-80.75,8.83
1128800,1,-70.13,15.54
1129000,1,-72.04,15.44
1129200,0,-72.17,15.02
1129400,0,-80.56,13.18
1129600,0,-75.62,9.3
1129800,0,-74.2,8.97
1130000,1,-71.45,13.62
1130200,1,-77.59,13.2
1130400,1,-74.69,12.32
1130600,1,-73.61,11.97
1130800,1,-66.8,15.24
1131000,1,-67.01,13.68
1131200,1,-73.09,10.85
1131400,0,-73.98,9.08
1131600,1,-66.28,12.46
1131800,1,-72.08,15.47
1132000,1,-67.53,12.9
1132200,1,-71.3,15.17
1132400,1,-68.04,13.91
1132600,1,-73.35,10.53
1132800,0,-76.35,15.33
1133000,1,-70.45,12.9
1133200,0,-68.86,16.01
1133400,1,-74.81,13.7
1133600,0,-80.05,10.96
1133800,1,-70.17,19.63
1134000,0,-72.61,20.37
1134200,1,-72.59,11.36
1134400,0,-74.45,3.43
1134600,0,-62.38,6.5
1134800,0,-80.99,7.05
1135000,0,-78.81,6.06
1135200,0,-75.33,13.14
1135400,0,-75.73,11.48
1135600,1,-74.72,11.97
1135800,0,-77.17,11.33
1136000,1,-73.55,13.74
1136200,1,-70.51,13.36
1136400,1,-69.2,16.37
1136600,0,-77.24,10.05
1136800,0,-72.18,13.15
1137000,0,-74.71,10.41
1137200,0,-77.19,7.64
1137400,0,-73.26,10.73
1137600,1,-77.31,16.15
1137800,1,-67.05,16.36
1138000,1,-72.02,15.76
1138200,1,-67.45,14.51
1138400,1,-69.68,15.82
1138600,1,-77.14,11.88
1138800,1,-72.99,16.14
1139000,1,-74.15,15.17
1139200,0,-73.09,6.55
1139400,0,-71.92,7.46
1139600,0,-75.56,12.59
1139800,1,-70.9,15.85
1140000,1,-73.54,14.84
1140200,1,-72.38,14.62
1140400,1,-74.69,13.59
1140600,1,-78.31,10.97
1140800,0,-67.01,13.58
1141000,1,-70.62,13.01
1141200,1,-73.36,16.1
1141400,0,-76.2,4.51
1141600,0,-73.44,7.2
1141800,0,-76.2,5.18
1142000,0,-76.34,12.89
1142200,1,-71.35,14.75
1142400,1,-71.96,12.48
1142600,1,-66.26,13.72
1142800,1,-74.96,13.58
1143000,1,-68.76,11.84
1143200,0,-74.11,8.9
1143400,0,-81.41,9.73
1143600,0,-77.08,8.7
1143800,0,-79.54,10.96
1144000,1,-72.77,14.57
1144200,1,-74.59,13.15
1144400,1,-74.33,14.0
1144600,1,-77.82,16.33
1144800,1,-64.27,14.71
1145000,1,-70.8,17.84
1145200,1,-71.78,12.64
1145400,1,-74.42,15.47
1145600,0,-71.92,10.1
1145800,1,-70.12,13.69
1146000,0,-79.77,13.09
1146200,0,-79.38,6.93
1146400,1,-68.55,7.24
1146600,1,-66.67,13.33
1146800,1,-63.26,13.19
1147000,1,-67.99,16.3
1147200,1,-70.71,14.09
1147400,1,-64.7,14.41
1147600,1,-73.73,11.95
1147800,0,-83.13,10.83
1148000,0,-70.85,13.42
1148200,0,-73.86,11.82
1148400,0,-79.37,10.31
1148600,1,-67.8,17.05
1148800,1,-72.82,15.45
1149000,0,-77.32,5.1
1149200,1,-69.18,8.46
1149400,1,-68.15,11.63
1149600,1,-70.37,12.87
1149800,1,-61.39,14.87
1150000,1,-66.4,16.26
1150200,1,-74.39,17.43
1150400,1,-73.5,17.76
1150600,0,-74.26,17.06
1150800,1,-69.75,11.03
1151000,1,-72.42,18.78
1151200,1,-70.46,15.1
1151400,1,-69.62,10.27
1151600,1,-71.13,16.2
1151800,1,-72.42,12.61
1152000,1,-71.28,17.47
1152200,1,-72.69,13.68
1152400,1,-66.98,16.16
1152600,1,-67.19,16.28
1152800,0,-73.89,5.78
1153000,1,-71.58,12.53
1153200,1,-73.66,11.34
1153400,1,-67.62,17.8
1153600,0,-72.63,5.98
1153800,0,-73.84,16.03
1154000,0,-80.54,9.67
1154200,0,-78.64,11.16
1154400,0,-73.72,10.63
1154600,1,-68.71,13.28
1154800,1,-66.84,11.41
1155000,0,-75.17,11.44
1155200,0,-77.03,6.93
1155400,0,-72.26,10.85
1155600,0,-72.92,8.74
1155800,0,-69.32,15.21
1156000,1,-65.02,15.57
1156200,1,-66.13,14.51
1156400,1,-74.53,19.29
1156600,1,-71.81,11.6
1156800,1,-69.79,13.1
1157000,1,-70.48,14.12
1157200,1,-69.62,18.6
1157400,1,-75.83,13.73
1157600,1,-66.4,13.59
1157800,1,-70.49,15.9
1158000,1,-68.06,12.5
1158200,1,-69.59,15.16
1158400,1,-69.2,15.77
1158600,1,-70.07,13.57
1158800,1,-68.32,17.24
1159000,1,-66.54,12.52
1159200,1,-71.99,16.36
1159400,1,-73.76,19.06
1159600,0,-76.35,6.43
1159800,0,-80.31,6.37
1160000,0,-73.66,10.03
1160200,0,-75.95,11.64
1160400,1,-72.68,18.99
1160600,1,-70.63,11.47
1160800,1,-65.95,18.43
1161000,1,-71.73,9.16
1161200,1,-72.04,15.03
1161400,1,-65.63,9.13
1161600,0,-75.44,11.83
1161800,0,-79.3,3.42
1162000,0,-80.53,8.39
1162200,0,-82.55,8.92
1162400,1,-75.78,15.49
1162600,0,-78.04,7.48
1162800,0,-76.24,10.85
1163000,1,-77.6,15.25
1163200,1,-66.42,18.81
1163400,1,-67.32,13.41
1163600,1,-73.6,18.74
1163800,0,-69.7,13.79
1164000,1,-77.25,15.51
1164200,1,-67.85,10.8
1164400,1,-72.11,17.29
1164600,1,-69.16,17.02
1164800,1,-66.59,16.94
1165000,1,-69.27,14.49
1165200,1,-66.3,17.89
1165400,1,-75.95,13.7
1165600,1,-73.07,13.81
1165800,1,-68.82,11.11
1166000,1,-70.3,16.9
1166200,1,-68.04,12.28
1166400,1,-73.27,11.71
1166600,1,-70.25,17.94
1166800,0,-69.97,11.71
1167000,1,-70.97,15.9
1167200,1,-68.83,14.88
1167400,1,-69.07,12.45
1167600,1,-69.46,14.91
1167800,1,-71.57,14.53
1168000,1,-68.41,14.98
1168200,1,-70.65,13.44
1168400,1,-73.12,13.47
1168600,1,-71.93,9.63
1168800,0,-65.86,12.04
1169000,1,-71.72,17.17
1169200,1,-68.65,12.99
1169400,1,-75.25,13.23
1169600,1,-68.95,13.02
1169800,1,-73.91,13.96
1170000,1,-65.39,13.78
1170200,1,-70.66,11.83
1170400,0,-68.31,11.77
1170600,1,-71.8,12.16
1170800,1,-64.19,11.63
1171000,1,-70.87,7.9
1171200,1,-68.85,9.17
1171400,1,-65.85,14.09
1171600,1,-74.35,11.34
1171800,1,-70.26,18.0
1172000,1,-69.16,16.45
1172200,1,-72.82,13.43
1172400,1,-68.42,12.01
1172600,1,-69.65,11.24
1172800,1,-70.2,16.02
1173000,0,-77.0,6.87
1173200,1,-78.0,10.58
1173400,1,-71.19,17.42
1173600,1,-68.17,9.57
1173800,0,-74.09,13.55
1174000,1,-67.32,14.7
1174200,1,-68.05,12.44
1174400,1,-63.58,14.15
1174600,1,-67.43,15.52
1174800,1,-63.99,15.7
1175000,1,-72.43,15.0
1175200,0,-74.76,12.65
1175400,1,-70.83,13.04
1175600,1,-70.71,9.61
1175800,0,-79.3,14.7
1176000,0,-80.55,10.58
1176200,0,-78.33,8.85
1176400,0,-81.54,6.7
1176600,1,-66.35,10.99
1176800,1,-71.59,17.63
1177000,1,-63.08,14.51
1177200,1,-67.59,14.64
1177400,1,-66.51,10.76
1177600,0,-75.48,9.38
1177800,1,-70.37,12.19
1178000,1,-75.8,14.31
1178200,0,-78.34,7.95
1178400,1,-72.18,15.09
1178600,1,-68.94,13.01
1178800,0,-76.96,8.23
1179000,1,-75.67,17.7
1179200,0,-70.92,13.87
1179400,1,-68.1,14.84
1179600,1,-71.39,12.74
1179800,1,-74.69,12.27
1180000,1,-67.42,14.05
1180200,1,-66.72,9.63
1180400,1,-71.92,15.97
1180600,0,-83.29,10.61
1180800,1,-70.3,13.48
1181000,0,-79.2,8.41
1181200,0,-76.65,12.64
1181400,0,-75.11,7.84
1181600,0,-80.25,9.06
1181800,0,-78.18,8.78
1182000,1,-73.35,13.9
1182200,1,-78.21,16.52
1182400,1,-78.97,15.45
1182600,1,-65.24,14.22
1182800,0,-77.04,9.23
1183000,0,-75.08,5.69
1183200,0,-74.88,12.26
1183400,1,-65.86,13.5
1183600,0,-65.63,13.05
1183800,1,-71.86,11.58
1184000,1,-69.37,14.76
1184200,1,-69.78,17.26
1184400,1,-72.16,12.82
1184600,1,-72.7,11.16
1184800,1,-68.43,16.02
1185000,1,-72.01,18.2
1185200,1,-67.57,18.21
1185400,0,-77.67,7.75
1185600,0,-70.05,11.06
1185800,0,-79.61,9.79
1186000,0,-76.33,6.6
1186200,0,-76.04,10.22
1186400,0,-72.47,9.29
1186600,0,-77.5,12.54
1186800,0,-83.2,10.1
1187000,0,-76.5,7.7
1187200,0,-77.89,9.68
1187400,1,-68.4,14.89
1187600,0,-73.4,10.38
1187800,0,-77.59,8.76
1188000,0,-72.28,12.5
1188200,0,-73.5,8.9
1188400,1,-72.98,16.97
1188600,1,-70.66,13.73
1188800,0,-79.1,12.89
1189000,0,-78.83,11.66
1189200,1,-69.17,23.24
1189400,1,-66.3,13.08
1189600,1,-74.24,14.56
1189800,0,-77.22,9.78
1190000,0,-75.0,12.03
1190200,0,-75.57,11.04
1190400,0,-72.42,7.68
1190600,0,-77.79,9.93
1190800,0,-76.24,9.32
1191000,0,-77.08,11.52
1191200,1,-68.28,15.36
1191400,1,-75.91,15.98
1191600,1,-70.47,13.47
1191800,0,-74.54,4.96
1192000,0,-79.12,6.38
1192200,1,-66.3,18.42
1192400,1,-63.92,18.54
1192600,1,-70.71,11.14
1192800,1,-73.68,10.89
1193000,1,-71.26,14.67
1193200,1,-67.07,16.98
1193400,1,-73.11,12.0
1193600,0,-80.87,8.49
1193800,0,-74.78,12.77
1194000,0,-76.9,6.63
1194200,0,-76.46,11.88
1194400,0,-81.13,16.19
1194600,1,-71.71,13.87
1194800,1,-72.46,11.52
1195000,1,-70.25,13.58
1195200,1,-66.43,12.77
1195400,1,-70.86,15.23
1195600,1,-70.36,12.15
1195800,1,-66.88,11.94
1196000,1,-69.15,18.83
1196200,1,-72.25,14.9
1196400,1,-71.47,10.11
1196600,1,-73.13,16.46
1196800,0,-77.39,8.04
1197000,0,-78.98,11.11
1197200,0,-82.31,9.24
1197400,0,-76.46,8.94
1197600,0,-79.35,8.17
1197800,1,-65.55,16.01
1198000,1,-75.36,18.52
1198200,1,-70.93,15.52
1198400,1,-63.92,16.48
1198600,1,-75.05,15.88
1198800,1,-62.02,15.33
1199000,0,-77.72,5.09
1199200,0,-76.96,8.99
1199400,0,-75.57,8.92
1199600,0,-71.08,4.98
1199800,0,-73.85,10.07
1200000,0,-81.39,11.36
1200200,0,-70.29,5.41
1200400,0,-77.9,5.43
1200600,1,-70.68,14.76
1200800,1,-61.95,12.95
1201000,1,-69.65,15.54
1201200,1,-71.82,18.37
1201400,1,-68.99,14.65
1201600,1,-70.45,15.6
1201800,1,-75.45,15.28
1202000,1,-70.03,10.6
1202200,1,-70.02,13.61
1202400,0,-78.87,7.94
1202600,0,-74.31,7.06
1202800,0,-71.04,9.91
1203000,1,-75.43,15.6
1203200,1,-66.98,15.14
1203400,1,-68.41,13.45
1203600,1,-75.25,15.03
1203800,1,-71.38,9.28
1204000,1,-67.84,11.51
1204200,1,-71.45,8.88
1204400,1,-67.1,12.55
1204600,1,-69.17,11.85
1204800,1,-69.18,16.77
1205000,1,-62.16,16.93
1205200,0,-75.98,7.71
1205400,0,-76.52,9.74
1205600,0,-75.16,9.18
1205800,1,-70.42,13.01
1206000,0,-80.96,10.73
1206200,1,-69.94,12.38
1206400,1,-70.27,12.61
1206600,1,-65.14,14.7
1206800,1,-68.73,17.39
1207000,1,-68.99,13.7
1207200,1,-66.84,13.01
1207400,1,-67.67,8.53
1207600,0,-73.88,9.83
1207800,0,-79.64,7.64
1208000,1,-69.71,18.2
1208200,1,-72.87,14.32
1208400,0,-77.88,6.12
1208600,0,-78.16,9.59
1208800,1,-70.45,11.82
1209000,1,-66.69,15.49
1209200,0,-73.39,8.87
1209400,0,-81.21,7.82
1209600,1,-76.18,11.83
1209800,0,-72.6,4.53
1210000,0,-81.41,7.71
1210200,0,-77.91,9.24
1210400,0,-78.4,7.34
1210600,0,-74.12,10.72
1210800,1,-70.84,10.23
1211000,1,-65.62,14.79
1211200,1,-68.59,15.97
1211400,1,-72.32,12.17
1211600,1,-73.99,16.21
1211800,0,-70.06,3.09
1212000,1,-64.39,14.07
1212200,1,-69.04,9.65
1212400,1,-71.29,11.55
1212600,1,-68.55,10.6
1212800,1,-70.13,13.02
1213000,1,-68.5,16.4
1213200,1,-71.55,12.9
1213400,1,-67.33,11.7
1213600,0,-75.8,8.07
1213800,1,-69.43,10.61
1214000,1,-68.95,17.55
1214200,1,-72.6,10.77
1214400,1,-73.48,15.12
1214600,1,-63.74,11.62
1214800,1,-72.04,14.33
1215000,0,-78.88,6.48
1215200,1,-68.53,18.14
1215400,1,-70.73,13.97
1215600,1,-66.58,19.0
1215800,1,-71.59,16.06
1216000,1,-71.93,11.33
1216200,1,-67.3,13.28
1216400,1,-67.81,10.16
1216600,1,-72.37,13.79
1216800,1,-72.0,16.45
1217000,1,-71.35,18.19
1217200,1,-65.65,15.69
1217400,1,-73.95,12.85
1217600,1,-66.64,16.37
1217800,1,-70.36,16.47
1218000,1,-71.68,15.17
1218200,1,-72.0,14.38
1218400,1,-69.53,17.11
1218600,1,-67.42,17.88
1218800,0,-69.67,16.97
1219000,1,-73.68,13.49
1219200,1,-70.73,14.62
1219400,1,-70.47,14.43
1219600,1,-68.42,13.12
1219800,1,-65.91,13.97
1220000,0,-69.16,8.47
1220200,1,-69.35,14.46
1220400,1,-67.15,14.28
1220600,0,-77.19,13.99
1220800,1,-70.39,14.72
1221000,1,-68.34,12.18
1221200,1,-71.75,16.65
1221400,1,-72.33,14.4
1221600,1,-75.87,15.93
1221800,1,-72.34,15.76
1222000,1,-67.15,14.46
1222200,0,-68.37,15.47
1222400,1,-67.84,17.09
1222600,1,-70.04,14.96
1222800,1,-67.99,16.34
1223000,1,-71.81,13.59
1223200,1,-69.79,14.82
1223400,1,-70.33,11.78
1223600,1,-63.48,12.34
1223800,1,-68.05,14.24
1224000,1,-67.13,14.76
1224200,1,-71.27,14.14
1224400,1,-68.76,13.96
1224600,1,-70.59,15.94
1224800,1,-72.77,9.16
1225000,1,-69.84,17.12
1225200,1,-71.8,16.97
1225400,1,-77.16,11.31
1225600,1,-70.07,14.9
1225800,1,-69.16,12.01
1226000,1,-75.23,11.95
1226200,1,-70.92,16.54
1226400,1,-70.88,15.15
1226600,1,-70.23,14.72
1226800,1,-68.78,16.04
1227000,0,-75.81,11.39
1227200,0,-73.91,6.53
1227400,0,-72.66,5.4
1227600,1,-69.05,15.78
1227800,1,-72.33,14.61
1228000,0,-75.13,10.03
1228200,0,-72.02,5.83
1228400,0,-73.92,7.85
1228600,0,-75.55,5.4
1228800,0,-76.51,3.87
1229000,1,-75.71,16.78
1229200,0,-78.91,6.12
1229400,0,-72.33,15.37
1229600,1,-70.1,14.69
1229800,1,-74.49,12.61
1230000,1,-68.85,17.06
1230200,1,-74.68,16.23
1230400,1,-71.2,9.22
1230600,1,-73.82,12.05
1230800,1,-71.15,12.26
1231000,1,-68.52,13.74
1231200,0,-71.39,12.14
1231400,0,-73.27,7.38
1231600,0,-74.46,1.95
1231800,0,-73.63,13.99
1232000,0,-74.98,9.06
1232200,1,-65.04,12.09
1232400,0,-82.23,10.5
1232600,1,-76.62,12.42
1232800,1,-72.72,15.21
1233000,0,-71.89,15.48
1233200,1,-74.35,16.87
1233400,1,-66.72,9.18
1233600,1,-68.37,15.11
1233800,0,-75.77,9.38
1234000,0,-69.09,9.57
1234200,1,-66.34,13.28
1234400,1,-73.05,12.52
1234600,1,-73.99,14.96
1234800,1,-70.49,14.72
1235000,1,-73.36,11.04
1235200,1,-66.85,16.24
1235400,1,-75.46,14.4
1235600,1,-65.46,13.61
1235800,1,-70.02,17.18
1236000,1,-74.6,13.76
1236200,0,-73.48,8.24
1236400,1,-73.75,14.08
1236600,1,-70.48,12.35
1236800,0,-76.8,7.6
1237000,0,-73.31,8.29
1237200,0,-74.56,9.26
1237400,0,-78.06,8.73
1237600,1,-66.11,11.93
1237800,0,-70.69,11.92
1238000,1,-73.84,11.36
1238200,0,-72.29,13.72
1238400,1,-71.72,10.52
1238600,1,-70.89,10.22
1238800,1,-71.76,16.24
1239000,1,-70.63,11.38
1239200,1,-63.0,16.65
1239400,1,-78.02,16.33
1239600,1,-74.81,9.18
1239800,1,-66.16,11.49
1240000,1,-69.46,15.0
1240200,1,-72.24,11.06
1240400,1,-73.65,12.94
1240600,1,-73.15,12.72
1240800,1,-63.31,9.64
1241000,1,-75.81,14.89
1241200,0,-72.53,9.85
1241400,0,-75.6,9.35
1241600,0,-73.42,13.09
1241800,1,-73.48,14.21
1242000,1,-68.07,11.2
1242200,1,-68.31,13.97
1242400,0,-82.45,9.76
1242600,0,-77.61,9.41
1242800,0,-73.03,12.17
1243000,0,-78.22,7.01
1243200,0,-74.03,8.68
1243400,0,-78.58,6.44
1243600,1,-74.8,16.07
1243800,1,-70.12,14.34
1244000,1,-67.89,15.64
1244200,0,-79.45,12.96
1244400,0,-77.42,10.62
1244600,0,-72.75,9.33
1244800,0,-74.06,12.11
1245000,0,-75.98,10.58
1245200,1,-70.71,13.83
1245400,1,-71.01,13.67
1245600,1,-71.65,15.68
1245800,1,-73.96,9.88
1246000,1,-74.07,15.91
1246200,1,-70.98,16.11
1246400,1,-69.87,16.3
1246600,0,-71.99,9.85
1246800,1,-72.3,15.07
1247000,1,-69.65,11.04
1247200,1,-70.06,18.0
1247400,1,-68.64,13.63
1247600,1,-71.13,15.03
1247800,1,-69.4,17.81
1248000,1,-73.06,15.37
1248200,1,-76.18,9.88
1248400,1,-71.18,11.55
1248600,1,-65.85,10.85
1248800,1,-71.04,19.86
1249000,1,-65.7,14.1
1249200,1,-72.04,11.71
1249400,1,-68.3,16.0
1249600,1,-71.24,13.82
1249800,1,-72.42,14.74
1250000,1,-72.83,16.23
1250200,1,-72.28,15.48
1250400,1,-63.79,16.45
1250600,1,-75.07,13.62
1250800,1,-77.41,15.14
1251000,1,-69.43,15.71
1251200,1,-72.86,13.73
1251400,1,-69.23,9.46
1251600,1,-73.56,18.25
1251800,1,-63.76,10.79
1252000,1,-72.04,16.27
1252200,1,-73.54,17.63
1252400,1,-71.11,16.97
1252600,1,-70.85,14.59
1252800,1,-73.25,17.51
1253000,0,-77.67,8.94
1253200,0,-78.76,7.11
1253400,0,-78.08,7.55
1253600,0,-78.28,5.71
1253800,1,-75.29,15.12
1254000,1,-70.26,14.53
1254200,1,-74.34,13.41
1254400,1,-73.19,15.34
1254600,1,-74.92,15.95
1254800,1,-69.01,15.93
1255000,1,-73.06,18.42
1255200,1,-69.54,14.93
1255400,1,-67.55,14.22
1255600,1,-70.09,15.11
1255800,1,-69.33,14.35
1256000,1,-64.87,12.84
1256200,1,-71.58,16.62
1256400,1,-70.09,9.78
1256600,1,-71.45,12.43
1256800,1,-70.78,16.14
1257000,1,-76.2,11.68
1257200,1,-68.92,12.95
1257400,1,-65.27,12.19
1257600,1,-73.24,9.75
1257800,1,-69.7,15.49
1258000,1,-76.01,13.35
1258200,0,-76.47,11.88
1258400,0,-76.26,9.26
1258600,1,-67.91,12.26
1258800,1,-71.41,13.17
1259000,1,-74.16,11.03
1259200,1,-69.41,16.94
1259400,1,-70.23,11.76
1259600,1,-67.24,16.95
1259800,1,-71.84,8.5
1260000,1,-73.33,9.72
1260200,1,-72.57,13.1
1260400,1,-67.79,14.02
1260600,1,-75.75,11.63
1260800,0,-70.74,12.16
1261000,0,-68.5,11.66
1261200,1,-74.72,21.55
1261400,1,-71.25,17.68
1261600,1,-67.95,9.25
1261800,1,-70.9,9.56
1262000,1,-70.68,15.71
1262200,1,-71.55,17.76
1262400,1,-67.02,12.57
1262600,0,-76.62,10.17
1262800,1,-72.17,13.14
1263000,0,-77.32,6.88
1263200,0,-74.19,10.39
1263400,0,-71.11,8.61
1263600,1,-68.28,12.69
1263800,1,-71.05,16.68
1264000,1,-71.36,14.39
1264200,1,-71.46,10.18
1264400,1,-72.45,16.58
1264600,1,-70.08,15.99
1264800,1,-70.3,16.52
1265000,1,-69.79,13.68
1265200,1,-66.85,14.01
1265400,0,-73.65,7.72
1265600,1,-70.87,12.55
1265800,1,-72.21,13.16
1266000,0,-77.5,9.95
1266200,0,-80.41,9.25
1266400,1,-67.42,15.58
1266600,1,-71.83,19.43
1266800,0,-73.95,9.94
1267000,0,-78.63,10.65
1267200,0,-72.37,13.54
1267400,0,-77.3,6.73
1267600,0,-83.87,10.27
1267800,0,-75.86,8.69
1268000,0,-75.34,7.99
1268200,1,-67.22,14.24
1268400,0,-76.64,8.6
1268600,0,-76.55,10.31
1268800,0,-77.66,8.18
1269000,0,-74.17,12.28
1269200,0,-76.22,5.25
1269400,0,-73.33,12.01
1269600,0,-73.07,6.8
1269800,0,-72.93,11.46
1270000,1,-65.34,11.36
1270200,0,-80.88,9.95
1270400,1,-76.23,16.83
1270600,1,-67.77,10.29
1270800,1,-66.91,10.74
1271000,0,-78.98,13.63
1271200,0,-77.51,9.03
1271400,0,-76.48,7.66
1271600,0,-69.96,9.86
1271800,1,-65.42,15.69
1272000,1,-67.27,13.42
1272200,1,-70.22,15.41
1272400,1,-65.32,13.85
1272600,1,-71.06,15.49
1272800,1,-70.5,16.51
1273000,0,-75.5,11.42
1273200,0,-75.37,9.79
1273400,1,-69.59,16.88
1273600,1,-69.51,14.17
1273800,1,-76.92,14.05
1274000,1,-71.16,16.36
1274200,1,-72.41,13.0
1274400,1,-72.93,11.28
1274600,1,-73.93,12.16
1274800,0,-72.92,13.34
1275000,0,-69.86,13.92
1275200,1,-69.15,19.02
1275400,1,-74.74,15.38
1275600,0,-76.35,7.18
1275800,0,-71.64,8.27
1276000,1,-69.87,12.49
1276200,1,-71.42,12.31
1276400,1,-70.29,12.71
1276600,1,-65.18,16.28
1276800,1,-68.87,11.89
1277000,1,-69.1,10.82
1277200,1,-67.78,11.7
1277400,1,-67.5,17.96
1277600,1,-72.22,14.42
1277800,1,-65.99,11.86
1278000,1,-77.95,13.34
1278200,1,-74.92,16.76
1278400,1,-66.31,13.24
1278600,1,-69.47,14.29
1278800,1,-71.21,11.87
1279000,1,-66.77,13.18
1279200,0,-75.33,6.85
1279400,0,-80.67,7.26
1279600,0,-76.03,8.04
1279800,1,-67.65,19.0
1280000,1,-69.53,17.43
1280200,1,-69.9,10.46
1280400,1,-69.54,16.0
1280600,0,-78.94,8.56
1280800,0,-79.06,8.0
1281000,0,-72.01,11.27
1281200,1,-73.37,15.26
1281400,1,-70.99,15.22
1281600,0,-76.15,11.64
1281800,0,-79.7,4.32
1282000,0,-73.14,5.64
1282200,1,-71.53,17.38
1282400,1,-72.98,15.17
1282600,1,-69.41,13.9
1282800,1,-69.08,17.29
1283000,1,-67.89,11.76
1283200,1,-69.95,12.4
1283400,1,-70.35,13.97
1283600,1,-72.37,10.32
1283800,1,-67.4,13.93
1284000,0,-72.28,6.62
1284200,0,-77.87,9.68
1284400,0,-69.94,8.63
1284600,0,-77.5,6.25
1284800,0,-80.02,8.09
1285000,0,-77.06,10.11
1285200,0,-83.34,9.43
1285400,1,-72.56,13.69
1285600,1,-66.1,14.63
1285800,1,-70.78,13.2
1286000,1,-73.28,15.8
1286200,1,-68.59,11.78
1286400,1,-71.25,10.99
1286600,1,-67.85,15.0
1286800,0,-75.61,8.69
1287000,0,-76.57,6.34
1287200,1,-64.1,12.17
1287400,0,-70.41,9.29
1287600,0,-73.63,8.57
1287800,0,-76.75,8.8
1288000,1,-65.92,10.02
1288200,1,-73.32,11.94
1288400,1,-64.77,16.4
1288600,1,-77.61,14.8
1288800,1,-67.29,12.64
1289000,1,-71.34,15.03
1289200,1,-68.49,17.64
1289400,0,-72.52,15.53
1289600,1,-69.36,11.3
1289800,1,-71.57,11.33
1290000,1,-64.97,16.36
1290200,0,-81.58,6.97
1290400,1,-68.69,11.64
1290600,1,-68.03,13.8
1290800,1,-70.8,15.17
1291000,1,-72.38,17.34
1291200,0,-77.92,9.87
1291400,0,-73.2,8.66
1291600,0,-77.01,6.21
1291800,0,-76.39,10.18
1292000,0,-76.81,9.4
1292200,0,-74.25,9.27
1292400,0,-79.74,3.03
1292600,1,-71.03,15.36
1292800,0,-72.29,16.02
1293000,1,-67.12,10.06
1293200,1,-65.6,15.98
1293400,1,-69.27,14.36
1293600,1,-71.12,12.77
1293800,1,-72.17,13.67
1294000,1,-66.38,15.31
1294200,1,-70.45,13.89
1294400,1,-73.99,13.12
1294600,1,-68.97,15.84
1294800,1,-71.27,14.57
1295000,1,-69.46,15.66
1295200,1,-73.91,17.01
1295400,1,-72.99,16.0
1295600,1,-68.22,12.5
1295800,0,-76.02,8.51
1296000,0,-70.94,12.4
1296200,0,-69.33,6.48
1296400,1,-75.01,14.69
1296600,1,-72.77,12.43
1296800,1,-72.37,11.17
1297000,1,-68.75,15.14
1297200,1,-72.0,17.17
1297400,1,-73.85,10.46
1297600,1,-69.74,16.34
1297800,1,-75.41,13.68
1298000,1,-67.42,10.37
1298200,1,-65.42,15.67
1298400,1,-70.91,10.61
1298600,1,-70.81,12.82
1298800,1,-72.4,16.69
1299000,1,-75.41,15.6
1299200,1,-71.54,15.45
1299400,1,-68.66,11.41
1299600,1,-62.52,11.51
1299800,1,-68.55,16.54
1300000,0,-78.07,7.4
1300200,0,-74.22,7.37
1300400,1,-73.87,13.4
1300600,0,-76.17,11.64
1300800,0,-78.36,12.82
1301000,0,-73.18,7.12
1301200,1,-65.02,16.31
1301400,1,-72.88,17.51
1301600,1,-70.2,11.6
1301800,1,-73.69,14.53
1302000,1,-68.29,13.55
1302200,1,-71.17,13.02
1302400,1,-73.38,14.24
1302600,0,-74.6,9.47
1302800,0,-81.14,6.61
1303000,0,-78.93,10.48
1303200,0,-75.82,9.01
1303400,1,-69.32,13.29
1303600,1,-74.29,13.63
1303800,1,-68.17,13.93
1304000,1,-75.97,15.09
1304200,1,-65.0,12.7
1304400,1,-72.2,13.01
1304600,1,-70.38,13.1
1304800,1,-68.45,13.59
1305000,1,-71.91,13.98
1305200,1,-67.41,14.18
1305400,0,-73.57,12.25
1305600,0,-75.6,7.92
1305800,0,-72.08,11.08
1306000,1,-69.1,15.74
1306200,1,-64.66,11.15
1306400,0,-79.15,8.97
1306600,0,-72.57,8.68
1306800,1,-66.0,13.2
1307000,1,-71.06,10.08
1307200,1,-73.98,15.77
1307400,1,-70.2,16.08
1307600,0,-74.5,11.06
1307800,1,-67.86,13.21
1308000,0,-81.52,8.57
1308200,0,-73.6,10.1
1308400,0,-77.26,10.87
1308600,1,-68.92,12.98
1308800,1,-67.56,16.8
1309000,0,-75.74,12.96
1309200,0,-70.08,5.67
1309400,0,-76.55,9.7
1309600,0,-79.04,9.89
1309800,1,-71.19,12.56
1310000,1,-71.88,17.13
1310200,1,-72.84,11.45
1310400,1,-74.21,15.72
1310600,1,-69.45,16.81
1310800,1,-70.13,14.76
1311000,1,-68.15,13.98
1311200,1,-64.07,12.56
1311400,1,-70.47,16.95
1311600,1,-63.62,15.29
1311800,1,-76.07,11.61
1312000,1,-62.91,11.61
1312200,0,-76.16,5.17
1312400,0,-79.39,8.16
1312600,1,-72.42,16.61
1312800,1,-69.66,15.12
1313000,1,-70.81,11.36
1313200,0,-66.36,10.98
1313400,0,-78.38,6.79
1313600,1,-71.0,16.34
1313800,1,-70.94,16.26
1314000,1,-66.53,13.03
1314200,1,-73.53,16.35
1314400,1,-66.23,17.13
1314600,1,-72.22,14.87
1314800,1,-70.3,19.12
1315000,1,-71.66,18.23
1315200,1,-73.71,11.98
1315400,1,-66.8,15.29
1315600,1,-74.37,11.34
1315800,1,-72.62,16.44
1316000,1,-66.63,12.26
1316200,1,-68.85,10.79
1316400,1,-65.58,15.71
1316600,1,-71.57,10.27
1316800,1,-70.54,15.93
1317000,0,-68.26,18.32
1317200,1,-72.79,17.08
1317400,0,-76.08,6.61
1317600,0,-76.1,12.47
1317800,1,-62.55,14.77
1318000,1,-67.83,10.03
1318200,1,-72.73,18.49
1318400,1,-65.76,14.34
1318600,1,-67.67,14.3
1318800,0,-78.97,15.43
1319000,1,-74.91,10.05
1319200,1,-74.94,13.53
1319400,1,-68.53,14.21
1319600,1,-68.97,14.52
1319800,0,-73.05,17.58
1320000,1,-79.25,17.19
1320200,1,-67.66,15.8
1320400,0,-73.52,6.33
1320600,1,-69.7,11.45
1320800,1,-72.77,16.75
1321000,1,-73.42,12.78
1321200,1,-72.67,16.67
1321400,1,-69.68,10.61
1321600,1,-68.37,14.04
1321800,0,-71.42,8.07
1322000,0,-74.99,8.78
1322200,0,-75.09,11.96
1322400,0,-77.42,13.74
1322600,0,-84.55,6.83
1322800,0,-75.67,5.32
1323000,1,-74.21,13.4
1323200,1,-70.16,14.6
1323400,1,-70.57,12.07
1323600,0,-73.77,9.81
1323800,0,-77.76,9.0
1324000,0,-70.58,3.53
1324200,0,-75.0,4.25
1324400,1,-71.19,17.52
1324600,1,-68.66,13.16
1324800,1,-69.95,13.3
1325000,0,-74.93,5.04
1325200,1,-66.96,9.81
1325400,1,-73.56,13.14
1325600,1,-71.86,12.91
1325800,1,-73.13,14.32
1326000,1,-70.03,13.26
1326200,1,-74.46,16.75
1326400,1,-72.55,14.04
1326600,1,-72.61,10.85
1326800,1,-69.52,14.41
1327000,1,-68.7,15.19
1327200,0,-70.61,7.03
1327400,1,-64.16,16.08
1327600,0,-71.56,7.26
1327800,0,-78.06,10.2
1328000,0,-68.21,5.26
1328200,1,-71.34,19.45
1328400,1,-68.49,13.96
1328600,1,-66.65,16.56
1328800,1,-69.99,12.69
1329000,0,-79.0,4.89
1329200,0,-78.98,7.45
1329400,0,-78.03,6.58
1329600,1,-70.19,17.87
1329800,0,-72.01,6.74
1330000,0,-72.32,9.22
1330200,0,-71.91,7.05
1330400,0,-78.22,7.5
1330600,1,-69.05,15.64
1330800,0,-68.36,6.48
1331000,0,-76.8,9.32
1331200,0,-75.26,9.95
1331400,1,-72.54,14.66
1331600,1,-72.73,15.22
1331800,1,-71.16,15.02
1332000,1,-70.67,13.27
1332200,1,-71.06,17.82
1332400,1,-72.11,14.34
1332600,1,-74.39,13.76
1332800,1,-73.68,11.14
1333000,1,-65.83,13.09
1333200,1,-70.98,15.21
1333400,1,-65.87,14.08
1333600,1,-68.72,11.82
1333800,1,-67.06,10.36
1334000,1,-72.83,14.65
1334200,0,-72.68,14.97
1334400,1,-73.29,13.23
1334600,1,-71.12,16.8
1334800,1,-69.23,14.01
1335000,1,-71.86,12.49
1335200,1,-70.53,13.05
1335400,1,-63.09,12.14
1335600,1,-68.32,13.83
1335800,1,-68.7,11.54
1336000,1,-68.62,13.05
1336200,1,-71.72,15.42
1336400,1,-65.92,15.37
1336600,1,-73.3,14.9
1336800,1,-70.34,12.53
1337000,1,-73.12,11.93
1337200,1,-72.67,15.85
1337400,1,-67.55,17.57
1337600,1,-69.92,17.13
1337800,0,-83.83,9.41
1338000,0,-73.9,8.49
1338200,0,-79.28,6.12
1338400,0,-80.76,8.95
1338600,0,-76.46,9.8
1338800,0,-77.72,7.97
1339000,1,-73.39,16.49
1339200,1,-68.52,12.31
1339400,0,-77.57,9.37
1339600,0,-83.59,11.23
1339800,0,-80.35,6.24
1340000,0,-79.96,12.59
1340200,0,-74.52,6.64
1340400,0,-77.61,10.46
1340600,0,-75.43,9.3
1340800,1,-71.67,12.61
1341000,1,-68.77,16.68
1341200,1,-70.72,11.15
1341400,1,-72.55,15.72
1341600,1,-70.09,18.98
1341800,0,-81.09,8.04
1342000,0,-74.92,7.65
1342200,0,-74.56,10.17
1342400,0,-76.99,10.28
1342600,1,-64.72,12.32
1342800,1,-77.62,11.97
1343000,1,-74.48,14.3
1343200,1,-68.05,12.03
1343400,1,-70.46,11.55
1343600,1,-71.61,15.3
1343800,1,-69.72,13.02
1344000,0,-77.09,8.37
1344200,1,-78.42,11.21
1344400,1,-70.18,15.29
1344600,1,-72.75,16.39
1344800,1,-68.66,10.59
1345000,0,-74.52,9.39
1345200,0,-72.17,4.11
1345400,0,-73.74,10.72
1345600,0,-77.46,11.23
1345800,1,-72.71,13.69
1346000,1,-75.27,14.11
1346200,1,-67.33,16.3
1346400,1,-66.12,13.55
1346600,1,-79.34,15.97
1346800,0,-80.53,4.86
1347000,0,-75.42,9.15
1347200,1,-67.29,12.51
1347400,1,-72.7,13.34
1347600,1,-72.53,15.74
1347800,0,-78.84,10.38
1348000,0,-78.74,6.7
1348200,1,-68.68,11.87
1348400,1,-67.48,14.52
1348600,1,-71.48,13.56
1348800,1,-69.48,17.13
1349000,1,-71.85,11.36
1349200,0,-76.25,14.36
1349400,1,-68.86,11.47
1349600,0,-80.04,11.93
1349800,0,-76.89,8.39
1350000,1,-71.9,13.89
1350200,1,-68.75,14.61
1350400,1,-72.77,13.43
1350600,1,-68.63,15.31
1350800,1,-65.06,14.23
1351000,1,-68.83,17.15
1351200,1,-66.98,16.53
1351400,1,-69.02,12.89
1351600,1,-69.04,10.8
1351800,0,-72.01,9.41
1352000,0,-77.69,8.81
1352200,0,-73.38,11.03
1352400,0,-78.86,8.93
1352600,0,-82.68,17.39
1352800,0,-78.78,11.32
1353000,0,-81.32,4.64
1353200,0,-72.34,8.3
1353400,0,-72.51,6.59
1353600,0,-65.4,15.11
1353800,1,-76.13,18.09
1354000,0,-77.17,11.55
1354200,0,-75.15,8.49
1354400,1,-73.78,16.58
1354600,1,-69.13,13.76
1354800,1,-75.29,16.27
1355000,0,-77.24,8.81
1355200,1,-73.7,14.4
1355400,1,-75.81,14.44
1355600,1,-79.15,15.13
1355800,1,-67.78,12.79
1356000,1,-72.54,12.68
1356200,1,-70.28,18.3
1356400,1,-74.18,14.05
1356600,1,-67.92,14.41
1356800,1,-67.89,15.33
1357000,1,-71.98,13.39
1357200,1,-69.13,13.28
1357400,0,-77.0,5.69
1357600,0,-80.43,9.41
1357800,0,-79.06,12.06
1358000,1,-67.74,12.49
1358200,1,-72.76,14.7
1358400,1,-71.68,12.09
1358600,1,-66.43,8.0
1358800,1,-66.99,13.95
1359000,1,-68.89,13.94
1359200,1,-72.89,12.55
1359400,0,-79.41,7.27
1359600,1,-69.75,12.85
1359800,1,-67.29,12.91
1360000,1,-68.19,11.55
1360200,1,-72.53,13.7
1360400,1,-73.06,17.93
1360600,1,-70.85,14.41
1360800,1,-65.06,14.1
1361000,1,-64.85,13.08
1361200,1,-68.83,15.99
1361400,0,-76.03,9.77
1361600,1,-73.06,13.92
1361800,1,-68.97,9.81
1362000,1,-64.52,14.19
1362200,1,-73.43,13.63
1362400,1,-72.47,13.95
1362600,1,-69.56,13.17
1362800,1,-68.93,16.78
1363000,1,-75.54,16.19
1363200,1,-70.47,13.14
1363400,0,-66.54,15.14
1363600,1,-66.84,15.13
1363800,1,-64.33,16.62
1364000,1,-70.99,16.1
1364200,1,-70.5,14.95
1364400,1,-69.05,13.09
1364600,1,-70.29,18.73
1364800,1,-63.64,13.54
1365000,1,-74.56,10.09
1365200,1,-72.37,14.86
1365400,1,-67.82,11.53
1365600,1,-74.14,15.62
1365800,1,-68.0,14.13
1366000,0,-73.27,13.62
1366200,0,-73.26,9.84
1366400,0,-77.23,12.73
1366600,0,-76.34,10.06
1366800,0,-70.86,10.42
1367000,0,-76.12,9.45
1367200,0,-78.24,12.9
1367400,0,-75.71,12.48
1367600,0,-76.27,9.34
1367800,0,-80.81,8.06
1368000,0,-78.94,14.22
1368200,1,-69.07,13.76
1368400,1,-69.1,15.78
1368600,1,-63.63,13.33
1368800,1,-68.64,10.02
1369000,1,-67.96,12.18
1369200,1,-75.67,12.74
1369400,1,-76.67,16.41
1369600,1,-72.04,16.83
1369800,1,-70.94,13.55
1370000,0,-78.93,8.58
1370200,0,-77.43,8.59
1370400,0,-81.98,3.48
1370600,0,-72.99,10.78
1370800,1,-66.29,12.46
1371000,0,-75.49,6.05
1371200,1,-76.86,10.49
1371400,1,-72.25,12.43
1371600,0,-79.43,10.27
1371800,0,-74.41,11.86
1372000,1,-73.56,12.46
1372200,0,-80.55,10.63
1372400,0,-75.25,9.86
1372600,1,-64.92,15.13
1372800,1,-73.45,14.67
1373000,0,-75.86,7.78
1373200,1,-69.3,17.09
1373400,1,-68.0,16.1
1373600,0,-77.38,10.2
1373800,1,-68.72,15.23
1374000,1,-70.65,10.79
1374200,1,-69.74,15.19
1374400,1,-65.08,11.39
1374600,1,-68.11,14.1
1374800,0,-77.62,13.81
1375000,0,-76.96,8.98
1375200,0,-81.27,9.11
1375400,1,-74.01,15.49
1375600,1,-70.46,17.91
1375800,1,-72.16,16.24
1376000,1,-68.06,18.98
1376200,1,-70.53,16.96
1376400,1,-66.82,13.26
1376600,1,-70.35,15.62
1376800,1,-73.28,9.94
1377000,1,-69.15,14.05
1377200,1,-72.45,10.31
1377400,1,-68.38,13.42
1377600,1,-69.69,15.1
1377800,0,-76.59,11.63
1378000,1,-72.77,15.54
1378200,1,-70.44,13.86
1378400,0,-73.5,9.25
1378600,0,-77.39,8.5
1378800,0,-77.85,10.31
1379000,1,-73.65,17.45
1379200,1,-66.73,10.86
1379400,1,-64.54,15.15
1379600,1,-69.54,18.44
1379800,1,-63.71,12.92
1380000,1,-72.65,15.01
1380200,1,-72.47,13.69
1380400,1,-72.68,16.23
1380600,1,-73.86,17.52
1380800,1,-71.69,10.95
1381000,1,-70.8,14.58
1381200,1,-70.73,11.78
1381400,1,-70.23,9.7
1381600,1,-70.9,15.46
1381800,0,-76.91,7.97
1382000,1,-77.51,15.41
1382200,1,-72.79,18.33
1382400,1,-68.06,17.36
1382600,1,-70.77,11.19
1382800,1,-73.86,14.78
1383000,1,-68.22,15.87
1383200,1,-71.3,13.43
1383400,1,-78.21,14.11
1383600,1,-70.89,12.54
1383800,1,-71.54,14.58
1384000,1,-70.81,12.35
1384200,1,-67.73,19.63
1384400,1,-68.52,12.7
1384600,1,-72.6,16.57
1384800,1,-73.84,15.31
1385000,0,-77.71,10.23
1385200,0,-84.27,8.21
1385400,0,-78.84,6.46
1385600,0,-72.73,9.36
1385800,1,-67.12,11.12
1386000,1,-69.26,18.68
1386200,0,-75.15,11.79
1386400,0,-76.72,12.71
1386600,0,-80.45,8.7
1386800,0,-80.32,5.53
1387000,1,-66.63,10.58
1387200,1,-63.47,14.02
1387400,1,-72.84,11.56
1387600,1,-70.19,13.15
1387800,0,-72.11,12.27
1388000,1,-71.67,15.01
1388200,0,-63.42,11.66
1388400,1,-70.88,12.86
1388600,1,-69.05,10.31
1388800,1,-73.12,13.09
1389000,1,-71.49,14.7
1389200,1,-66.95,13.5
1389400,1,-67.12,15.21
1389600,1,-72.64,14.97
1389800,1,-71.93,14.88
1390000,1,-71.77,13.25
1390200,1,-65.15,16.24
1390400,1,-65.34,12.88
1390600,1,-64.4,14.54
1390800,0,-68.96,11.16
1391000,0,-77.61,13.32
1391200,0,-77.18,9.63
1391400,1,-71.25,12.47
1391600,1,-72.29,12.71
1391800,0,-78.32,10.84
1392000,0,-78.8,9.26
1392200,0,-78.24,6.49
1392400,1,-76.05,13.39
1392600,1,-73.81,11.89
1392800,0,-64.67,14.14
1393000,1,-74.43,17.04
1393200,1,-61.02,10.59
1393400,1,-72.14,10.63
1393600,1,-70.15,16.31
1393800,0,-73.44,18.82
1394000,1,-71.03,11.13
1394200,0,-72.25,9.5
1394400,0,-79.59,6.72
1394600,0,-75.59,13.7
1394800,1,-73.43,15.43
1395000,1,-70.85,15.59
1395200,0,-69.88,10.36
1395400,0,-77.05,7.0
1395600,0,-73.12,7.16
1395800,1,-64.0,17.1
1396000,0,-72.01,9.25
1396200,0,-76.08,5.98
1396400,1,-72.82,13.54
1396600,0,-77.1,8.17
1396800,1,-71.61,15.58
1397000,1,-67.66,17.51
1397200,0,-75.46,7.71
1397400,0,-76.28,9.81
1397600,0,-78.64,13.73
1397800,0,-74.44,13.6
1398000,0,-79.23,9.4
1398200,0,-75.78,7.51
1398400,0,-75.72,13.08
1398600,0,-77.81,11.83
1398800,0,-73.46,9.28
1399000,1,-76.87,16.93
1399200,0,-84.34,8.92
1399400,0,-76.73,8.55
1399600,0,-72.66,9.56
1399800,0,-66.7,16.75
1400000,1,-76.7,14.56
1400200,1,-68.57,13.48
1400400,1,-70.3,11.5
1400600,0,-71.34,11.15
1400800,0,-73.96,6.77
1401000,0,-83.33,7.37
1401200,0,-74.09,12.61
1401400,0,-83.72,10.96
1401600,0,-78.69,9.27
1401800,1,-66.63,17.18
1402000,1,-73.66,17.23
1402200,1,-69.47,16.28
1402400,1,-65.83,11.51
1402600,1,-69.29,11.81
1402800,1,-64.86,13.27
1403000,1,-72.95,15.41
1403200,1,-63.84,12.92
1403400,0,-72.74,9.06
1403600,0,-76.56,14.08
1403800,0,-76.89,10.27
1404000,0,-73.49,10.12
1404200,0,-76.47,8.95
1404400,1,-70.16,16.15
1404600,1,-77.09,10.8
1404800,1,-68.59,14.69
1405000,1,-66.66,14.19
1405200,1,-74.73,11.86
1405400,1,-67.19,9.58
1405600,0,-80.07,12.84
1405800,0,-75.8,7.98
1406000,1,-69.89,14.6
1406200,1,-73.78,11.78
1406400,1,-70.63,15.56
1406600,0,-75.34,8.28
1406800,0,-72.23,10.71
1407000,0,-71.89,9.43
1407200,0,-74.05,7.86
1407400,1,-69.91,16.5
1407600,1,-70.03,11.42
1407800,1,-70.4,12.78
1408000,1,-71.81,12.49
1408200,0,-74.97,7.81
1408400,0,-75.56,8.59
1408600,0,-71.2,8.9
1408800,0,-76.89,4.05
1409000,1,-64.16,14.87
1409200,1,-80.94,11.78
1409400,1,-70.89,16.19
1409600,0,-79.16,8.07
1409800,0,-72.58,8.33
1410000,0,-74.79,8.15
1410200,0,-80.43,10.39
1410400,0,-75.61,8.42
1410600,1,-65.94,9.39
1410800,1,-63.72,15.71
1411000,0,-74.15,12.0
1411200,0,-74.97,7.17
1411400,0,-81.37,6.96
1411600,0,-68.48,8.01
1411800,0,-71.83,9.4
1412000,1,-71.17,16.6
1412200,0,-65.1,14.41
1412400,1,-68.57,15.32
1412600,0,-81.41,10.22
1412800,1,-68.1,15.2
1413000,1,-71.68,11.85
1413200,1,-72.22,14.99
1413400,1,-68.3,12.44
1413600,1,-70.76,15.9
1413800,1,-68.64,14.99
1414000,0,-76.63,8.29
1414200,0,-79.92,9.67
1414400,1,-68.76,15.62
1414600,1,-64.73,13.26
1414800,1,-69.61,13.18
1415000,1,-70.22,20.32
1415200,1,-69.1,12.49
1415400,0,-78.87,9.17
1415600,0,-77.85,8.11
1415800,0,-75.76,9.02
1416000,0,-75.28,4.49
1416200,0,-78.83,5.91
1416400,1,-72.64,10.32
1416600,1,-69.28,10.58
1416800,0,-71.42,8.53
1417000,1,-74.27,17.7
1417200,1,-66.74,14.81
1417400,1,-70.04,15.67
1417600,1,-69.78,12.89
1417800,1,-75.13,13.2
1418000,1,-71.28,15.97
1418200,1,-64.58,12.83
1418400,1,-66.6,15.38
1418600,1,-66.59,9.43
1418800,1,-69.8,16.86
1419000,0,-74.04,8.6
1419200,0,-76.94,7.84
1419400,0,-78.72,9.82
1419600,0,-76.91,5.86
1419800,0,-78.33,7.48
1420000,0,-77.1,11.2
1420200,0,-79.0,9.75
1420400,0,-75.71,6.18
1420600,1,-73.76,14.09
1420800,1,-69.13,14.46
1421000,1,-70.33,14.56
1421200,1,-67.72,15.73
1421400,1,-69.0,11.55
1421600,0,-77.63,7.77
1421800,1,-63.19,17.71
1422000,0,-68.1,11.6
1422200,1,-69.77,11.17
1422400,1,-72.33,15.24
1422600,1,-71.4,14.62
1422800,1,-66.74,13.91
1423000,1,-67.29,12.95
1423200,1,-74.51,13.81
1423400,1,-71.79,13.29
1423600,1,-65.47,13.65
1423800,0,-77.24,10.46
1424000,0,-75.95,12.73
1424200,0,-79.45,8.55
1424400,1,-62.87,15.87
1424600,1,-67.4,16.6
1424800,1,-68.65,12.43
1425000,1,-64.72,13.95
1425200,1,-70.44,13.95
1425400,1,-65.66,10.02
1425600,0,-70.52,14.18
1425800,0,-79.85,9.4
1426000,0,-77.14,6.64
1426200,0,-72.59,11.77
1426400,1,-74.3,11.95
1426600,1,-67.94,11.51
1426800,1,-73.33,12.02
1427000,1,-63.32,8.87
1427200,1,-68.5,14.47
1427400,0,-68.39,13.79
1427600,0,-73.98,14.79
1427800,0,-81.11,10.82
1428000,0,-72.94,7.09
1428200,0,-76.62,9.05
1428400,0,-76.98,13.92
1428600,0,-76.08,8.53
1428800,0,-72.35,13.11
1429000,0,-75.06,11.76
1429200,0,-76.09,9.59
1429400,1,-70.62,12.95
1429600,0,-74.91,14.55
1429800,1,-70.98,14.41
1430000,1,-69.89,14.78
1430200,1,-70.46,12.67
1430400,1,-69.42,13.89
1430600,0,-78.44,12.1
1430800,0,-73.03,8.66
1431000,1,-72.35,14.46
1431200,1,-73.18,14.15
1431400,1,-71.66,13.82
1431600,1,-71.91,17.68
1431800,1,-74.52,15.4
1432000,1,-69.4,13.72
1432200,0,-69.32,15.56
1432400,1,-72.82,13.55
1432600,1,-70.86,9.21
1432800,1,-73.24,18.9
1433000,1,-70.86,10.78
1433200,1,-71.13,17.79
1433400,0,-82.23,13.87
1433600,0,-78.66,7.84
1433800,0,-74.78,3.01
1434000,0,-74.37,10.71
1434200,1,-68.65,12.31
1434400,1,-68.95,11.33
1434600,0,-75.24,8.27
1434800,0,-75.45,8.27
1435000,0,-76.02,11.05
1435200,0,-70.07,10.46
1435400,0,-73.1,7.62
1435600,1,-69.22,10.37
1435800,1,-66.71,12.35
1436000,1,-79.7,15.02
1436200,1,-65.42,13.58
1436400,1,-70.58,17.18
1436600,1,-66.21,14.92
1436800,1,-71.59,13.07
1437000,1,-74.62,12.47
1437200,0,-75.89,7.58
1437400,1,-69.48,15.24
1437600,1,-65.72,13.77
1437800,1,-67.27,14.49
1438000,0,-73.95,8.06
1438200,1,-64.86,15.93
1438400,1,-73.01,12.54
1438600,1,-68.41,11.17
1438800,1,-72.45,14.23
1439000,1,-72.76,13.74
1439200,1,-66.28,15.93
1439400,1,-77.11,12.83
1439600,1,-77.98,8.04
1439800,1,-69.6,15.15
1440000,0,-72.84,14.54
1440200,1,-71.64,16.63
1440400,1,-68.83,16.19
1440600,1,-67.43,9.74
1440800,1,-73.18,9.88
1441000,1,-69.61,15.94
1441200,1,-75.41,14.21
1441400,1,-70.18,8.78
1441600,1,-66.88,15.45
1441800,1,-67.23,14.25
1442000,1,-69.75,15.84
1442200,1,-71.75,17.85
1442400,1,-71.62,16.76
1442600,1,-71.02,12.47
1442800,0,-74.31,6.29
1443000,0,-83.12,10.23
1443200,0,-76.48,12.0
1443400,1,-71.22,10.56
1443600,0,-75.69,10.03
1443800,1,-70.7,13.95
1444000,0,-68.41,14.68
1444200,1,-68.99,12.98
1444400,1,-78.72,14.58
1444600,1,-70.87,19.95
1444800,1,-68.1,16.63
1445000,1,-69.05,10.56
1445200,0,-77.16,5.76
1445400,0,-76.08,10.11
1445600,0,-71.7,10.02
1445800,0,-77.67,11.31
1446000,1,-68.87,11.32
1446200,0,-69.09,14.25
1446400,1,-68.58,14.16
1446600,0,-77.17,5.75
1446800,1,-70.75,15.2
1447000,1,-72.43,11.67
1447200,1,-67.84,13.86
1447400,1,-72.79,15.25
1447600,0,-75.75,9.3
1447800,0,-79.14,9.0
1448000,1,-70.5,12.78
1448200,1,-70.31,11.98
1448400,0,-77.76,8.44
1448600,0,-77.46,10.85
1448800,1,-68.04,17.23
1449000,1,-71.68,14.85
1449200,1,-70.11,13.1
1449400,1,-71.53,11.44
1449600,1,-67.04,11.93
1449800,1,-70.78,13.69
1450000,1,-74.27,8.3
1450200,1,-64.46,15.77
1450400,1,-75.63,14.43
1450600,1,-68.8,14.1
1450800,1,-69.88,11.53
1451000,1,-71.99,17.96
1451200,1,-69.93,16.55
1451400,1,-65.02,12.45
1451600,0,-76.12,18.64
1451800,1,-77.55,17.8
1452000,1,-71.67,12.81
1452200,1,-73.23,18.91
1452400,1,-71.59,17.42
1452600,1,-70.64,14.84
1452800,1,-67.74,14.18
1453000,0,-82.01,9.72
1453200,0,-75.12,6.27
1453400,1,-75.21,10.01
1453600,1,-68.31,11.11
1453800,1,-70.9,15.26
1454000,1,-64.37,18.96
1454200,1,-71.31,16.16
1454400,1,-78.58,10.61
1454600,0,-71.12,4.34
1454800,1,-69.21,11.19
1455000,0,-72.65,15.24
1455200,0,-66.18,10.37
1455400,1,-71.05,12.69
1455600,1,-71.12,15.52
1455800,0,-75.52,12.16
1456000,1,-72.03,14.34
1456200,1,-69.68,12.36
1456400,1,-74.19,11.08
1456600,1,-74.61,14.75
1456800,0,-79.72,5.59
1457000,0,-72.78,10.05
1457200,1,-72.22,14.84
1457400,1,-72.5,14.6
1457600,1,-72.18,18.39
1457800,1,-67.54,9.16
1458000,1,-73.72,13.78
1458200,0,-76.02,8.74
1458400,0,-80.05,6.44
1458600,0,-79.89,13.3
1458800,0,-73.66,12.1
1459000,0,-76.83,9.18
1459200,0,-76.25,7.33
1459400,0,-78.22,11.37
1459600,1,-75.06,15.27
1459800,1,-74.7,11.39
1460000,1,-71.83,12.85
1460200,1,-66.82,20.45
1460400,1,-73.02,15.19
1460600,1,-69.97,12.25
1460800,1,-73.4,13.2
1461000,1,-70.85,12.57
1461200,1,-67.15,13.04
1461400,1,-70.55,18.86
1461600,1,-69.17,15.17
1461800,0,-72.7,15.2
1462000,1,-70.53,14.25
1462200,1,-76.59,18.67
1462400,1,-71.49,11.77
1462600,1,-68.5,12.12
1462800,1,-73.93,19.38
1463000,1,-76.65,12.45
1463200,1,-72.02,15.18
1463400,1,-70.17,12.52
1463600,1,-72.1,21.48
1463800,1,-70.85,12.0
1464000,1,-71.14,10.22
1464200,1,-63.93,14.57
1464400,1,-65.7,16.49
1464600,1,-64.1,15.1
1464800,1,-67.08,15.98
1465000,0,-73.84,9.08
1465200,0,-73.48,8.34
1465400,0,-75.15,4.92
1465600,0,-76.07,8.75
1465800,1,-71.19,11.0
1466000,1,-73.89,14.29
1466200,0,-78.95,9.9
1466400,0,-73.36,5.7
1466600,1,-73.87,15.03
1466800,1,-69.56,12.63
1467000,1,-66.72,17.28
1467200,1,-67.7,16.37
1467400,1,-70.52,12.73
1467600,1,-71.58,13.81
1467800,1,-69.88,16.8
1468000,0,-73.86,8.59
1468200,0,-78.53,11.58
1468400,0,-74.11,9.92
1468600,0,-74.58,7.71
1468800,0,-76.57,4.35
1469000,0,-67.78,10.21
1469200,0,-78.65,11.68
1469400,0,-75.69,9.9
1469600,1,-71.45,16.16
1469800,1,-72.42,14.35
1470000,1,-72.92,14.32
1470200,1,-70.08,18.13
1470400,1,-71.66,16.68
1470600,0,-72.53,9.34
1470800,0,-79.14,8.17
1471000,1,-77.55,15.47
1471200,1,-68.47,15.26
1471400,1,-68.24,14.24
1471600,1,-72.52,13.0
1471800,1,-78.48,13.65
1472000,1,-69.45,13.67
1472200,1,-64.61,18.01
1472400,0,-76.94,7.41
1472600,1,-72.92,18.78
1472800,0,-75.47,6.84
1473000,0,-80.01,12.54
1473200,0,-74.44,15.65
1473400,1,-66.13,13.74
1473600,1,-72.16,14.9
1473800,1,-69.39,17.21
1474000,0,-82.33,8.45
1474200,0,-73.11,10.83
1474400,1,-72.14,14.05
1474600,1,-73.03,14.88
1474800,0,-68.95,12.73
1475000,1,-66.33,11.31
1475200,1,-70.04,13.47
1475400,1,-66.78,15.0
1475600,1,-71.04,14.7
1475800,0,-77.68,7.31
1476000,1,-72.64,16.53
1476200,1,-67.19,15.75
1476400,1,-72.29,12.83
1476600,1,-70.83,11.08
1476800,1,-69.24,14.82
1477000,1,-72.92,13.62
1477200,1,-70.77,11.65
1477400,0,-77.46,8.32
1477600,0,-74.98,13.23
1477800,1,-65.46,8.76
1478000,1,-65.98,12.3
1478200,1,-71.9,13.87
1478400,1,-71.22,8.95
1478600,0,-75.27,3.73
1478800,0,-79.44,8.45
1479000,0,-73.39,7.46
1479200,0,-77.0,9.8
1479400,1,-61.41,16.14
1479600,1,-71.54,15.21
1479800,1,-70.23,18.84
1480000,1,-69.08,18.45
1480200,1,-68.15,14.84
1480400,1,-67.62,16.41
1480600,0,-72.95,14.64
1480800,0,-72.45,7.81
1481000,0,-78.33,8.46
1481200,0,-77.84,10.03
1481400,0,-76.98,12.27
1481600,0,-78.38,13.36
1481800,0,-80.79,9.19
1482000,1,-68.31,11.42
1482200,1,-69.03,13.1
1482400,0,-77.3,7.33
1482600,0,-77.08,7.58
1482800,0,-80.19,5.06
1483000,0,-75.99,5.49
1483200,0,-76.55,11.53
1483400,0,-78.56,10.84
1483600,1,-68.92,12.02
1483800,0,-72.88,15.48
1484000,1,-71.81,15.71
1484200,1,-67.76,10.62
1484400,1,-68.56,11.42
1484600,1,-73.61,13.08
1484800,1,-68.82,16.54
1485000,1,-71.89,13.13
1485200,1,-69.13,12.56
1485400,1,-69.15,17.54
1485600,1,-75.05,13.34
1485800,1,-71.68,14.72
1486000,1,-69.0,14.11
1486200,1,-72.88,15.65
1486400,0,-75.76,6.77
1486600,0,-72.54,9.89
1486800,0,-71.75,14.56
1487000,1,-67.87,13.19
1487200,1,-71.79,17.54
1487400,0,-73.98,10.7
1487600,0,-80.5,11.29
1487800,1,-68.0,13.91
1488000,1,-73.07,14.74
1488200,1,-65.22,14.46
1488400,1,-71.11,13.4
1488600,1,-72.97,19.18
1488800,1,-73.33,16.02
1489000,0,-75.42,7.21
1489200,1,-71.98,16.29
1489400,1,-65.62,12.22
1489600,1,-70.5,9.44
1489800,1,-70.96,12.62
1490000,1,-71.83,10.59
1490200,1,-70.72,19.21
1490400,1,-68.24,15.73
1490600,1,-76.3,15.14
1490800,0,-73.3,10.72
1491000,0,-85.33,4.93
1491200,1,-68.77,11.92
1491400,1,-73.06,15.36
1491600,1,-72.06,17.08
1491800,1,-67.61,12.7
1492000,0,-78.12,12.18
1492200,1,-67.2,16.27
1492400,1,-67.81,16.22
1492600,1,-65.25,13.49
1492800,1,-67.48,10.23
1493000,1,-72.29,10.02
1493200,1,-72.14,17.47
1493400,1,-69.84,13.5
1493600,0,-73.79,14.59
1493800,1,-68.92,12.52
1494000,1,-74.83,12.25
1494200,1,-69.13,17.04
1494400,1,-70.84,10.41
1494600,0,-77.34,6.01
1494800,1,-71.82,16.66
1495000,1,-71.87,11.55
1495200,1,-69.03,11.24
1495400,1,-68.36,10.54
1495600,1,-68.94,13.88
1495800,1,-63.99,11.69
1496000,1,-68.86,15.59
1496200,0,-78.62,9.19
1496400,1,-72.61,17.87
1496600,1,-66.76,13.9
1496800,1,-65.73,16.52
1497000,0,-71.48,4.28
1497200,1,-74.48,17.64
1497400,0,-79.57,12.8
1497600,1,-69.12,11.95
1497800,1,-68.02,11.91
1498000,1,-67.18,15.0
1498200,0,-74.84,9.19
1498400,1,-65.34,13.25
1498600,0,-79.41,10.99
1498800,0,-71.66,12.51
1499000,0,-77.12,10.99
1499200,0,-79.11,9.32
1499400,0,-74.31,3.04
1499600,0,-67.18,9.58
1499800,0,-75.89,12.84
1500000,0,-79.52,6.48
1500200,0,-77.89,14.11
1500400,0,-76.08,9.81
1500600,0,-67.01,14.59
1500800,0,-75.8,8.07
1501000,0,-81.64,7.74
1501200,0,-71.0,8.73
1501400,0,-75.18,8.51
1501600,0,-74.57,8.35
1501800,1,-64.76,16.36
1502000,1,-69.04,11.84
1502200,1,-66.74,16.1
1502400,1,-69.23,12.15
1502600,1,-72.37,14.04
1502800,1,-70.22,16.46
1503000,1,-68.0,14.16
1503200,1,-68.95,13.12
1503400,1,-69.87,12.33
1503600,1,-68.49,10.09
1503800,1,-68.02,15.58
1504000,1,-70.17,17.53
1504200,1,-68.82,11.01
1504400,1,-69.75,10.78
1504600,1,-76.24,10.79
1504800,0,-68.99,10.66
1505000,1,-70.47,16.17
1505200,1,-72.21,13.04
1505400,0,-74.34,6.28
1505600,1,-68.52,15.33
1505800,1,-70.8,19.51
1506000,0,-70.52,11.13
1506200,1,-68.35,13.22
1506400,1,-67.32,13.33
1506600,1,-74.31,12.4
1506800,1,-73.84,11.69
1507000,0,-78.63,13.82
1507200,0,-74.88,2.8
1507400,0,-85.4,6.57
1507600,0,-72.17,10.04
1507800,0,-75.36,7.58
1508000,0,-74.75,9.94
1508200,0,-71.99,8.48
1508400,1,-71.4,15.67
1508600,0,-77.7,9.67
1508800,0,-67.88,12.27
1509000,0,-81.99,11.25
1509200,0,-75.91,9.24
1509400,0,-74.84,9.28
1509600,1,-69.56,11.31
1509800,1,-74.78,15.88
1510000,1,-70.73,12.9
1510200,1,-66.56,14.52
1510400,0,-79.32,6.88
1510600,0,-69.9,11.48
1510800,0,-73.87,8.02
1511000,0,-78.1,8.41
1511200,0,-82.04,4.54
1511400,0,-70.51,11.97
1511600,0,-75.83,13.58
1511800,0,-82.06,10.41
1512000,1,-71.72,15.22
1512200,1,-70.19,12.93
1512400,1,-70.98,11.92
1512600,1,-75.03,13.9
1512800,1,-66.43,15.21
1513000,1,-68.48,14.55
1513200,1,-72.2,13.52
1513400,1,-68.58,16.42
1513600,1,-68.68,13.94
1513800,1,-65.85,15.26
1514000,1,-68.92,11.26
1514200,1,-74.3,13.79
1514400,1,-68.78,16.73
1514600,0,-70.87,13.9
1514800,1,-73.65,13.8
1515000,1,-68.04,14.69
1515200,0,-74.44,11.31
1515400,1,-73.33,16.96
1515600,1,-74.79,11.74
1515800,1,-69.77,12.78
1516000,1,-73.62,14.72
1516200,1,-66.43,11.45
1516400,1,-69.81,17.32
1516600,1,-75.09,13.72
1516800,1,-69.95,17.58
1517000,1,-64.43,13.15
1517200,0,-79.56,8.9
1517400,0,-76.42,6.8
1517600,0,-74.75,11.62
1517800,1,-74.7,15.07
1518000,1,-65.49,17.13
1518200,1,-73.27,17.83
1518400,1,-67.41,13.05
1518600,1,-70.44,11.33
1518800,1,-74.43,15.33
1519000,1,-72.29,15.95
1519200,1,-68.86,18.52
1519400,0,-79.27,12.51
1519600,0,-78.62,5.89
1519800,0,-72.39,8.84
1520000,0,-77.34,8.46
1520200,1,-72.04,15.06
1520400,0,-77.42,8.99
1520600,0,-78.31,10.03
1520800,1,-76.25,14.54
1521000,1,-68.76,13.49
1521200,0,-75.75,5.12
1521400,0,-72.02,5.89
1521600,0,-78.4,8.5
1521800,1,-75.09,17.25
1522000,1,-69.04,15.71
1522200,1,-71.99,13.15
1522400,1,-73.93,14.48
1522600,1,-74.16,12.97
1522800,1,-66.15,16.72
1523000,1,-68.69,13.04
1523200,1,-73.36,13.05
1523400,1,-69.89,11.93
1523600,1,-70.06,12.02
1523800,1,-71.81,16.27
1524000,1,-71.07,12.66
1524200,1,-69.38,12.58
1524400,1,-70.25,11.66
1524600,1,-69.74,16.79
1524800,1,-73.2,13.54
1525000,1,-70.87,12.87
1525200,1,-74.39,15.09
1525400,1,-72.51,11.17
1525600,1,-71.76,12.19
1525800,1,-69.93,6.64
1526000,1,-71.6,12.79
1526200,1,-67.15,14.14
1526400,0,-78.94,5.31
1526600,1,-67.76,12.12
1526800,1,-67.04,15.92
1527000,1,-71.99,14.27
1527200,1,-69.94,10.23
1527400,1,-76.43,17.28
1527600,1,-74.31,14.6
1527800,1,-64.98,16.89
1528000,1,-68.18,13.69
1528200,1,-75.84,14.39
1528400,1,-67.25,12.55
1528600,1,-69.64,9.39
1528800,1,-71.89,15.53
1529000,1,-64.84,19.86
1529200,0,-78.47,12.22
1529400,0,-77.44,8.89
1529600,1,-70.06,15.84
1529800,1,-69.0,10.98
1530000,1,-68.05,15.01
1530200,0,-80.75,13.04
1530400,1,-73.43,16.35
1530600,1,-68.86,8.78
1530800,1,-67.5,9.27
1531000,1,-70.29,15.54
1531200,1,-72.68,14.07
1531400,1,-68.66,12.46
1531600,1,-71.56,13.53
1531800,1,-73.28,13.71
1532000,1,-72.29,17.58
1532200,0,-79.25,8.93
1532400,0,-76.05,7.23
1532600,1,-70.43,15.06
1532800,0,-75.79,11.31
1533000,0,-72.71,10.9
1533200,1,-72.39,16.01
1533400,1,-69.17,20.85
1533600,1,-71.56,15.14
1533800,1,-68.96,14.8
1534000,0,-76.65,7.99
1534200,0,-77.09,11.3
1534400,1,-68.89,12.65
1534600,1,-71.53,14.3
1534800,1,-67.55,14.69
1535000,1,-71.56,14.29
1535200,0,-78.04,8.2
1535400,0,-76.09,14.14
1535600,0,-76.5,7.22
1535800,1,-69.18,13.2
1536000,1,-71.1,16.14
1536200,1,-69.51,12.64
1536400,1,-67.59,19.43
1536600,1,-69.53,12.43
1536800,0,-74.17,12.5
1537000,0,-78.88,5.71
1537200,0,-76.12,8.64
1537400,1,-74.96,12.5
1537600,1,-70.58,14.34
1537800,1,-65.76,9.62
1538000,1,-71.12,15.18
1538200,1,-69.41,12.39
1538400,1,-68.9,15.23
1538600,1,-76.55,12.41
1538800,1,-74.52,13.87
1539000,1,-72.02,13.83
1539200,1,-73.43,14.49
1539400,1,-66.49,9.76
1539600,1,-70.49,16.39
1539800,1,-72.86,11.27
1540000,1,-74.27,13.87
1540200,1,-70.33,13.52
1540400,1,-67.27,16.52
1540600,0,-76.38,14.59
1540800,1,-69.77,13.85
1541000,1,-70.81,15.52
1541200,0,-75.94,8.55
1541400,0,-80.3,6.73
1541600,0,-73.07,10.66
1541800,1,-71.7,9.58
1542000,0,-81.85,8.05
1542200,0,-77.15,5.06
1542400,1,-74.07,13.55
1542600,1,-68.16,12.58
1542800,1,-71.14,12.64
1543000,1,-65.54,14.55
1543200,1,-75.67,13.59
1543400,1,-64.96,16.19
1543600,1,-74.67,15.75
1543800,0,-75.6,4.85
1544000,0,-78.05,7.86
1544200,0,-75.71,9.98
1544400,1,-66.58,11.07
1544600,1,-73.04,14.59
1544800,0,-71.77,4.17
1545000,0,-71.87,6.25
1545200,0,-74.88,5.41
1545400,0,-77.39,11.51
1545600,1,-73.21,14.02
1545800,1,-68.99,10.94
1546000,1,-71.77,14.99
1546200,1,-68.62,12.0
1546400,1,-71.22,12.73
1546600,1,-70.31,18.09
1546800,0,-76.82,6.97
1547000,0,-72.59,9.13
1547200,1,-74.46,14.04
1547400,1,-68.31,11.22
1547600,1,-72.84,13.95
1547800,1,-71.89,14.08
1548000,1,-72.58,14.2
1548200,0,-79.62,10.93
1548400,0,-78.57,2.67
1548600,1,-70.83,12.13
1548800,0,-75.25,11.3
1549000,1,-69.62,17.05
1549200,1,-70.85,16.73
1549400,0,-79.82,3.0
1549600,1,-73.97,14.55
1549800,1,-70.24,16.84
1550000,1,-67.17,15.81
1550200,1,-67.83,14.44
1550400,0,-72.04,9.0
1550600,1,-73.94,14.95
1550800,1,-70.28,13.65
1551000,1,-72.13,9.91
1551200,1,-71.06,19.79
1551400,0,-73.33,9.31
1551600,1,-69.55,21.94
1551800,0,-77.39,4.0
1552000,0,-74.41,10.17
1552200,0,-74.77,3.24
1552400,0,-75.07,7.84
1552600,1,-71.35,10.62
1552800,1,-75.37,11.17
1553000,1,-66.46,15.51
1553200,0,-75.7,6.63
1553400,1,-68.88,16.95
1553600,1,-69.63,14.45
1553800,1,-73.25,10.17
1554000,1,-70.47,10.1
1554200,0,-74.23,7.2
1554400,1,-72.85,13.34
1554600,0,-78.93,12.0
1554800,0,-71.86,9.52
1555000,0,-76.08,11.04
1555200,1,-71.77,13.53
1555400,1,-66.07,16.09
1555600,0,-67.53,7.11
1555800,0,-76.59,7.8
1556000,0,-71.31,6.18
1556200,0,-76.77,12.18
1556400,0,-74.12,9.28
1556600,0,-75.2,8.51
1556800,1,-73.36,16.37
1557000,1,-72.82,12.68
1557200,1,-76.54,16.27
1557400,1,-68.9,16.68
1557600,0,-80.14,7.84
1557800,0,-80.91,6.29
1558000,0,-71.08,12.99
1558200,0,-77.93,6.81
1558400,0,-78.09,11.01
1558600,1,-70.81,12.35
1558800,1,-71.52,9.59
1559000,1,-74.42,14.96
1559200,1,-68.6,14.67
1559400,0,-77.86,10.37
1559600,0,-73.56,6.69
1559800,1,-67.5,15.0
1560000,1,-70.77,9.86
1560200,1,-69.04,13.71
1560400,1,-76.19,13.62
1560600,1,-68.54,11.79
1560800,0,-73.54,6.46
1561000,0,-72.29,7.26
1561200,0,-75.55,10.31
1561400,0,-75.82,10.21
1561600,1,-69.26,16.12
1561800,1,-63.55,13.28
1562000,1,-72.81,14.6
1562200,0,-81.89,15.86
1562400,0,-74.49,10.09
1562600,1,-74.9,15.76
1562800,0,-72.74,13.99
1563000,1,-65.9,12.49
1563200,1,-72.59,16.36
1563400,1,-69.11,12.63
1563600,1,-67.61,14.75
1563800,1,-69.34,10.61
1564000,0,-79.16,9.43
1564200,1,-70.73,17.13
1564400,0,-77.94,10.39
1564600,1,-66.61,12.4
1564800,0,-77.7,7.5
1565000,1,-76.65,14.68
1565200,1,-66.81,16.14
1565400,1,-71.17,12.91
1565600,1,-74.71,12.22
1565800,1,-74.86,16.75
1566000,1,-68.75,15.72
1566200,1,-69.96,14.71
1566400,0,-67.34,13.44
1566600,1,-67.24,7.02
1566800,1,-72.6,11.11
1567000,1,-74.4,12.11
1567200,1,-70.32,9.44
1567400,1,-73.04,10.35
1567600,1,-69.05,8.81
1567800,0,-64.83,19.84
1568000,1,-74.55,11.04
1568200,1,-71.45,15.88
1568400,1,-71.43,16.13
1568600,1,-70.23,17.59
1568800,0,-75.34,8.25
1569000,1,-69.84,17.38
1569200,1,-69.11,11.43
1569400,0,-82.76,9.45
1569600,1,-78.8,12.32
1569800,1,-66.38,15.91
1570000,1,-69.08,16.44
1570200,1,-73.7,15.31
1570400,1,-65.52,15.45
1570600,0,-75.03,13.34
1570800,0,-75.06,12.14
1571000,0,-69.89,9.64
1571200,1,-67.3,16.8
1571400,1,-70.17,15.09
1571600,1,-73.59,12.11
1571800,1,-71.21,12.17
1572000,0,-69.63,16.31
1572200,0,-78.96,7.56
1572400,1,-73.41,13.21
1572600,1,-69.49,12.18
1572800,1,-71.41,13.24
1573000,1,-72.2,11.85
1573200,1,-72.45,14.06
1573400,0,-69.4,6.89
1573600,0,-75.73,8.16
1573800,0,-77.03,7.9
1574000,0,-78.72,9.0
1574200,1,-71.57,14.12
1574400,1,-73.29,14.46
1574600,1,-69.55,11.92
1574800,1,-69.08,11.98
1575000,1,-73.33,16.49
1575200,1,-67.72,12.73
1575400,1,-67.17,17.16
1575600,0,-78.26,5.78
1575800,1,-67.62,12.55
1576000,1,-71.13,14.9
1576200,1,-71.94,18.75
1576400,1,-64.4,16.84
1576600,1,-78.4,13.49
1576800,1,-76.63,15.5
1577000,1,-66.21,14.69
1577200,1,-66.76,15.76
1577400,1,-64.36,16.06
1577600,1,-69.0,10.84
1577800,1,-67.67,15.91
1578000,1,-74.95,13.03
1578200,1,-70.31,17.11
1578400,1,-75.17,9.81
1578600,0,-82.14,11.47
1578800,1,-69.73,14.5
1579000,1,-77.35,18.46
1579200,0,-73.01,16.19
1579400,1,-68.28,13.35
1579600,0,-71.11,11.48
1579800,0,-81.73,8.51
1580000,0,-68.73,9.02
1580200,0,-78.68,8.0
1580400,0,-82.32,12.17
1580600,0,-73.97,8.71
1580800,1,-66.73,11.36
1581000,1,-71.25,13.52
1581200,1,-70.31,17.69
1581400,1,-68.02,9.18
1581600,1,-70.92,16.39
1581800,0,-67.84,11.56
1582000,1,-67.46,14.15
1582200,1,-66.6,14.58
1582400,1,-78.32,15.75
1582600,1,-72.09,12.98
1582800,1,-71.99,9.24
1583000,1,-72.21,12.95
1583200,1,-73.7,16.56
1583400,1,-75.93,15.14
1583600,1,-72.07,12.66
1583800,0,-72.26,7.58
1584000,0,-77.73,9.89
1584200,0,-72.59,8.0
1584400,1,-70.89,12.7
1584600,1,-69.77,12.7
1584800,0,-69.97,6.24
1585000,0,-67.81,10.04
1585200,1,-66.42,17.52
1585400,1,-70.98,17.76
1585600,1,-77.14,15.12
1585800,1,-69.58,10.43
1586000,1,-70.52,14.03
1586200,1,-68.93,11.28
1586400,0,-73.76,12.41
1586600,1,-71.48,15.29
1586800,0,-71.12,10.78
1587000,0,-81.31,9.67
1587200,0,-75.42,8.45
1587400,1,-71.0,10.31
1587600,1,-66.14,12.95
1587800,1,-73.54,11.68
1588000,1,-71.7,12.76
1588200,1,-67.15,13.13
1588400,0,-71.81,5.09
1588600,0,-72.4,9.02
1588800,1,-69.43,12.88
1589000,1,-79.43,13.35
1589200,1,-69.07,9.91
1589400,1,-67.55,16.89
1589600,0,-76.28,11.31
1589800,0,-75.18,5.84
1590000,1,-70.41,17.12
1590200,1,-65.93,13.04
1590400,1,-70.61,15.5
1590600,1,-72.2,12.93
1590800,1,-65.61,11.0
1591000,1,-67.85,16.11
1591200,1,-73.8,15.14
1591400,0,-72.85,12.81
1591600,0,-76.35,8.8
1591800,1,-76.75,11.42
1592000,1,-70.19,13.02
1592200,1,-67.1,12.22
1592400,1,-71.73,15.29
1592600,1,-69.98,12.25
1592800,0,-77.13,6.13
1593000,0,-79.75,9.91
1593200,0,-75.06,9.4
1593400,0,-79.99,4.54
1593600,0,-76.43,8.89
1593800,1,-68.44,16.73
1594000,1,-70.35,9.52
1594200,1,-70.48,9.58
1594400,0,-69.5,15.12
1594600,0,-78.94,7.87
1594800,0,-77.8,7.35
1595000,0,-76.75,6.1
1595200,0,-80.69,9.44
1595400,0,-78.23,10.13
1595600,1,-73.91,12.3
1595800,0,-73.04,13.54
1596000,1,-75.19,14.74
1596200,1,-71.34,13.96
1596400,0,-82.0,10.69
1596600,0,-75.41,8.43
1596800,1,-75.9,10.66
1597000,1,-72.63,10.34
1597200,0,-76.27,12.42
1597400,0,-81.47,8.44
1597600,1,-71.22,12.65
1597800,1,-70.69,15.39
1598000,0,-77.79,9.91
1598200,0,-75.96,6.99
1598400,0,-66.1,6.62
1598600,1,-68.45,12.74
1598800,1,-70.25,14.92
1599000,1,-74.65,13.47
1599200,1,-68.47,13.84
1599400,0,-75.89,15.65
1599600,1,-73.97,16.32
1599800,1,-63.12,17.71
1600000,1,-67.63,18.2
1600200,1,-72.92,11.69
1600400,1,-70.56,12.59
1600600,1,-72.04,15.0
1600800,1,-74.85,11.34
1601000,1,-72.52,15.98
1601200,1,-71.42,16.36
1601400,1,-70.98,10.11
1601600,1,-68.32,13.0
1601800,1,-76.87,14.01
1602000,1,-69.0,12.37
1602200,1,-64.01,14.74
1602400,0,-78.12,11.82
1602600,0,-79.03,8.4
1602800,0,-74.81,9.44
1603000,1,-67.36,11.96
1603200,1,-76.82,12.42
1603400,1,-63.88,16.7
1603600,0,-76.31,10.9
1603800,1,-73.27,14.27
1604000,1,-69.09,11.09
1604200,1,-73.76,14.24
1604400,1,-73.99,14.59
1604600,1,-69.78,13.73
1604800,1,-69.92,14.44
1605000,1,-71.74,15.05
1605200,0,-75.12,8.44
1605400,1,-70.92,12.56
1605600,1,-74.42,15.09
1605800,0,-77.2,7.08
1606000,1,-72.61,12.82
1606200,1,-76.1,15.78
1606400,1,-71.95,13.58
1606600,0,-67.4,12.39
1606800,1,-73.44,11.97
1607000,0,-79.62,6.38
1607200,0,-80.62,6.66
1607400,1,-64.91,10.44
1607600,1,-71.46,13.21
1607800,1,-68.3,14.5
1608000,1,-64.1,12.11
1608200,1,-71.77,12.11
1608400,1,-72.22,13.01
1608600,0,-79.93,8.34
1608800,0,-78.66,12.04
1609000,0,-71.53,8.88
1609200,0,-73.11,4.95
1609400,0,-81.66,5.02
1609600,0,-76.29,9.63
1609800,1,-68.41,16.81
1610000,1,-71.94,16.61
1610200,1,-74.08,14.31
1610400,1,-75.51,14.2
1610600,1,-69.96,20.64
1610800,1,-68.29,11.22
1611000,1,-66.37,13.82
1611200,1,-74.11,13.31
1611400,0,-75.95,10.91
1611600,1,-71.42,16.1
1611800,1,-70.99,12.95
1612000,1,-65.56,16.91
1612200,0,-76.1,9.29
1612400,1,-71.53,11.26
1612600,0,-78.91,11.74
1612800,0,-72.93,8.69
1613000,1,-69.29,9.57
1613200,0,-76.76,4.4
1613400,0,-76.84,10.83
1613600,1,-68.83,10.38
1613800,1,-72.67,11.5
1614000,1,-71.98,13.66
1614200,1,-75.35,11.36
1614400,1,-69.11,14.29
1614600,1,-69.77,12.52
1614800,1,-79.83,11.95
1615000,1,-66.17,13.08
1615200,1,-69.72,14.61
1615400,1,-70.35,16.68
1615600,1,-70.61,11.34
1615800,1,-75.65,14.79
1616000,1,-66.23,19.01
1616200,1,-74.42,14.77
1616400,1,-73.48,15.47
1616600,1,-72.17,15.09
1616800,0,-75.73,7.91
1617000,0,-72.8,10.01
1617200,1,-66.7,13.25
1617400,1,-72.53,10.09
1617600,1,-71.16,12.48
1617800,1,-70.23,13.15
1618000,0,-65.86,16.49
1618200,1,-75.11,21.26
1618400,1,-71.12,11.06
1618600,0,-77.42,8.71
1618800,0,-72.06,7.16
1619000,0,-70.94,11.83
1619200,0,-73.39,8.95
1619400,0,-83.03,9.33
1619600,0,-79.17,7.1
1619800,0,-74.61,14.66
1620000,1,-67.28,16.99
1620200,1,-71.4,18.7
1620400,1,-68.87,14.72
1620600,1,-72.94,16.13
1620800,1,-68.03,15.04
1621000,0,-75.91,10.69
1621200,0,-76.67,10.65
1621400,0,-71.8,8.97
1621600,1,-69.79,11.59
1621800,1,-74.05,18.23
1622000,0,-68.13,11.4
1622200,1,-66.92,13.13
1622400,1,-70.23,9.15
1622600,0,-77.21,6.38
1622800,0,-76.17,10.17
1623000,0,-71.94,7.17
1623200,0,-74.14,10.34
1623400,0,-79.23,6.28
1623600,0,-74.68,13.63
1623800,0,-73.09,8.85
1624000,1,-65.03,14.94
1624200,1,-72.12,14.82
1624400,1,-67.31,19.61
1624600,1,-71.57,12.54
1624800,1,-73.93,11.74
1625000,1,-68.13,15.76
1625200,1,-66.74,20.55
1625400,1,-69.24,11.29
1625600,1,-66.02,15.04
1625800,1,-71.03,16.03
1626000,1,-69.23,12.75
1626200,1,-72.91,13.94
1626400,1,-67.98,12.19
1626600,1,-70.99,8.45
1626800,1,-72.25,14.0
1627000,1,-70.51,14.65
1627200,1,-70.29,13.71
1627400,1,-72.09,18.44
1627600,1,-70.01,17.07
1627800,1,-73.77,16.2
1628000,1,-70.2,13.39
1628200,1,-70.48,16.93
1628400,1,-70.77,10.2
1628600,1,-73.48,13.49
1628800,1,-77.76,16.54
1629000,1,-65.93,16.61
1629200,1,-70.15,13.63
1629400,1,-70.5,15.99
1629600,0,-69.01,11.52
1629800,1,-71.29,13.22
1630000,1,-64.03,18.09
1630200,1,-70.16,14.27
1630400,0,-70.73,10.62
1630600,1,-67.74,13.19
1630800,1,-70.43,10.25
1631000,1,-71.99,12.63
1631200,1,-65.92,15.77
1631400,1,-71.27,16.84
1631600,1,-69.08,17.3
1631800,0,-75.67,13.03
1632000,0,-70.67,6.65
1632200,0,-82.15,7.22
1632400,0,-73.19,11.16
1632600,0,-73.5,9.71
1632800,1,-68.85,10.92
1633000,1,-71.82,14.5
1633200,0,-73.77,8.18
1633400,0,-80.65,7.34
1633600,0,-79.26,12.44
1633800,1,-73.24,16.71
1634000,1,-70.02,11.27
1634200,1,-75.82,17.16
1634400,0,-76.69,6.64
1634600,0,-76.56,5.03
1634800,0,-81.37,8.78
1635000,0,-72.09,14.73
1635200,0,-75.27,8.64
1635400,0,-74.09,10.93
1635600,0,-76.22,10.61
1635800,1,-74.97,14.18
1636000,0,-74.81,9.69
1636200,0,-75.45,9.66
1636400,0,-77.93,14.51
1636600,0,-81.53,7.83
1636800,0,-75.72,9.77
1637000,0,-76.35,7.83
1637200,0,-81.49,11.35
1637400,0,-72.95,8.25
1637600,0,-75.17,5.0
1637800,1,-70.88,14.29
1638000,1,-73.82,13.47
1638200,1,-64.81,11.63
1638400,1,-71.01,10.61
1638600,0,-76.37,10.31
1638800,0,-76.01,11.38
1639000,0,-79.23,11.33
1639200,1,-67.46,8.3
1639400,1,-68.7,14.23
1639600,1,-73.62,14.28
1639800,0,-76.15,5.2
1640000,1,-65.89,19.78
1640200,1,-71.87,12.45
1640400,1,-72.01,15.24
1640600,1,-70.14,18.12
1640800,0,-71.98,12.95
1641000,0,-76.47,8.72
1641200,1,-70.24,10.91
1641400,1,-68.88,15.72
1641600,1,-76.44,16.03
1641800,1,-72.76,17.91
1642000,1,-72.92,11.53
1642200,0,-79.58,6.39
1642400,1,-71.67,6.94
1642600,1,-63.96,13.56
1642800,1,-75.35,17.37
1643000,1,-66.14,12.37
1643200,1,-68.05,14.73
1643400,1,-73.94,13.89
1643600,1,-71.97,14.34
1643800,1,-73.68,13.75
1644000,1,-74.66,11.03
1644200,1,-72.75,12.47
1644400,1,-70.36,16.45
1644600,1,-69.56,9.83
1644800,1,-72.53,16.97
1645000,1,-74.17,12.81
1645200,1,-74.14,18.2
1645400,1,-67.4,14.9
1645600,1,-70.69,13.22
1645800,1,-69.37,11.91
1646000,1,-70.54,12.95
1646200,1,-70.73,10.62
1646400,1,-71.09,14.42
1646600,0,-70.48,8.68
1646800,1,-68.81,11.21
1647000,1,-71.04,15.16
1647200,1,-71.91,17.45
1647400,1,-76.19,10.83
1647600,0,-78.93,11.65
1647800,0,-71.3,4.48
1648000,0,-72.42,13.73
1648200,1,-70.09,13.9
1648400,1,-69.59,14.86
1648600,1,-69.69,19.06
1648800,1,-68.97,11.52
1649000,1,-72.56,14.42
1649200,1,-73.41,13.44
1649400,1,-75.09,13.9
1649600,1,-67.09,15.49
1649800,1,-74.83,11.35
1650000,1,-64.03,15.24
1650200,1,-69.69,11.66
1650400,1,-67.5,14.96
1650600,1,-72.59,14.22
1650800,1,-69.95,16.18
1651000,0,-78.02,10.96
1651200,0,-75.39,9.67
1651400,0,-73.86,9.5
1651600,0,-75.98,4.34
1651800,0,-72.63,12.35
1652000,1,-69.66,16.24
1652200,1,-66.16,18.13
1652400,1,-67.77,12.78
1652600,1,-68.74,16.61
1652800,1,-67.42,12.11
1653000,0,-73.67,9.31
1653200,0,-76.63,6.41
1653400,0,-75.44,6.45
1653600,0,-73.36,10.93
1653800,0,-77.96,9.32
1654000,1,-72.42,15.15
1654200,1,-63.44,14.48
1654400,1,-75.86,19.93
1654600,0,-77.18,11.65
1654800,0,-78.99,6.62
1655000,1,-69.12,10.32
1655200,1,-66.74,13.0
1655400,1,-68.29,8.66
1655600,1,-69.8,17.24
1655800,1,-70.91,9.28
1656000,1,-66.69,16.03
1656200,1,-76.1,16.92
1656400,1,-70.82,17.24
1656600,1,-66.49,10.53
1656800,1,-77.86,12.58
1657000,0,-79.36,9.73
1657200,0,-80.0,5.82
1657400,0,-76.35,5.43
1657600,0,-69.35,11.46
1657800,0,-75.65,10.69
1658000,0,-73.64,5.15
1658200,1,-72.9,12.47
1658400,1,-70.91,9.97
1658600,1,-69.61,14.94
1658800,0,-77.28,10.48
1659000,0,-76.65,7.32
1659200,0,-81.39,11.87
1659400,1,-70.47,14.54
1659600,1,-69.71,15.53
1659800,1,-71.3,15.01
1660000,1,-71.34,13.09
1660200,1,-69.94,14.92
1660400,1,-69.99,10.45
1660600,1,-67.87,12.18
1660800,1,-78.38,11.4
1661000,1,-72.08,15.79
1661200,1,-71.68,17.39
1661400,1,-71.06,13.38
1661600,1,-77.76,14.97
1661800,1,-67.72,13.83
1662000,0,-81.35,6.25
1662200,0,-83.15,5.71
1662400,0,-77.0,12.62
1662600,0,-77.86,6.9
1662800,0,-72.54,12.18
1663000,0,-81.99,11.45
1663200,0,-72.73,9.56
1663400,1,-71.21,13.5
1663600,1,-65.77,11.87
1663800,0,-82.39,11.16
1664000,1,-70.83,16.39
1664200,1,-71.98,14.65
1664400,0,-83.73,9.27
1664600,1,-75.42,12.23
1664800,1,-71.01,15.84
1665000,1,-74.35,15.22
1665200,1,-77.07,15.76
1665400,1,-71.66,10.22
1665600,0,-79.7,11.1
1665800,1,-70.39,14.17
1666000,1,-69.19,16.63
1666200,1,-72.66,14.35
1666400,1,-70.12,12.34
1666600,0,-77.49,13.64
1666800,0,-74.44,8.86
1667000,1,-72.47,15.55
1667200,0,-68.32,15.6
1667400,1,-68.95,15.72
1667600,1,-72.04,15.29
1667800,1,-65.02,14.21
1668000,1,-71.06,18.02
1668200,0,-76.39,10.2
1668400,0,-80.71,9.97
1668600,0,-77.91,13.45
1668800,0,-77.63,9.02
1669000,0,-73.66,7.96
1669200,0,-71.95,13.85
1669400,1,-71.56,11.54
1669600,1,-76.75,15.24
1669800,0,-77.74,10.87
1670000,1,-72.5,17.55
1670200,1,-72.04,13.36
1670400,1,-72.2,15.33
1670600,1,-68.59,10.64
1670800,0,-70.08,5.08
1671000,1,-72.4,10.73
1671200,0,-73.6,8.75
1671400,0,-78.43,7.83
1671600,0,-78.33,13.39
1671800,0,-74.68,8.6
1672000,1,-70.5,15.0
1672200,1,-75.51,11.03
1672400,1,-63.6,15.34
1672600,1,-71.49,18.31
1672800,0,-71.62,17.65
1673000,1,-69.55,15.12
1673200,1,-68.83,14.81
1673400,1,-67.43,14.39
1673600,1,-71.69,13.2
1673800,1,-73.02,16.11
1674000,1,-76.01,15.64
1674200,1,-75.35,13.75
1674400,1,-71.29,15.46
1674600,0,-73.24,8.94
1674800,0,-77.62,9.78
1675000,1,-69.55,15.52
1675200,1,-64.59,13.47
1675400,0,-69.48,9.96
1675600,1,-71.78,13.19
1675800,0,-78.19,10.57
1676000,1,-72.24,12.25
1676200,1,-69.18,11.28
1676400,1,-74.8,17.63
1676600,0,-72.72,14.41
1676800,1,-71.17,13.08
1677000,1,-67.86,12.71
1677200,0,-74.1,11.45
1677400,1,-67.73,15.24
1677600,1,-66.28,12.83
1677800,1,-72.11,13.6
1678000,0,-76.22,12.29
1678200,0,-79.85,11.9
1678400,0,-75.67,4.85
1678600,1,-72.31,12.11
1678800,1,-75.83,13.08
1679000,1,-65.2,12.83
1679200,1,-65.8,13.77
1679400,1,-70.66,10.11
1679600,1,-71.48,12.63
1679800,0,-77.65,4.91
1680000,1,-70.27,15.47
1680200,1,-69.48,13.48
1680400,1,-72.54,13.31
1680600,1,-64.73,12.67
1680800,1,-68.05,10.8
1681000,1,-69.81,14.74
1681200,1,-67.78,15.67
1681400,1,-71.19,11.58
1681600,1,-69.57,10.98
1681800,1,-68.78,12.05
1682000,1,-71.5,18.4
1682200,0,-70.3,15.26
1682400,1,-69.58,13.05
1682600,1,-71.28,12.58
1682800,1,-75.61,13.95
1683000,1,-72.31,17.32
1683200,0,-76.33,8.14
1683400,1,-72.32,11.69
1683600,1,-69.38,12.05
1683800,1,-69.47,12.54
1684000,1,-70.12,15.82
1684200,1,-64.66,17.01
1684400,1,-74.71,16.68
1684600,0,-72.48,5.78
1684800,0,-81.94,12.67
1685000,0,-77.33,13.63
1685200,0,-75.9,6.25
1685400,1,-66.58,14.07
1685600,0,-79.5,6.52
1685800,0,-74.74,12.77
1686000,0,-72.81,8.73
1686200,1,-70.66,15.0
1686400,1,-70.61,10.49
1686600,1,-67.19,13.28
1686800,1,-69.17,14.79
1687000,0,-76.29,16.25
1687200,0,-80.13,8.31
1687400,0,-70.81,8.92
1687600,0,-79.79,6.43
1687800,0,-75.36,5.34
1688000,0,-78.18,6.28
1688200,0,-79.0,11.39
1688400,0,-70.01,7.33
1688600,1,-72.3,14.95
1688800,1,-66.89,12.81
1689000,1,-71.06,16.9
1689200,1,-67.16,14.42
1689400,1,-71.61,12.7
1689600,1,-74.49,15.14
1689800,1,-67.07,12.55
1690000,1,-68.28,12.64
1690200,0,-79.29,13.4
1690400,1,-70.23,14.3
1690600,1,-74.5,13.36
1690800,1,-69.49,15.46
1691000,0,-73.76,9.29
1691200,0,-79.28,8.8
1691400,0,-74.19,11.42
1691600,0,-74.27,6.45
1691800,0,-81.6,8.01
1692000,0,-78.02,8.04
1692200,0,-75.64,7.58
1692400,0,-70.47,10.05
1692600,0,-81.89,14.07
1692800,0,-76.7,8.63
1693000,1,-71.49,13.44
1693200,1,-73.39,12.54
1693400,1,-69.17,9.77
1693600,1,-67.8,14.91
1693800,1,-74.4,17.56
1694000,1,-67.75,14.99
1694200,1,-70.53,10.93
1694400,1,-66.27,15.27
1694600,1,-73.25,17.31
1694800,1,-68.47,15.08
1695000,1,-71.29,14.69
1695200,1,-70.0,15.14
1695400,1,-65.67,14.48
1695600,0,-79.28,11.39
1695800,1,-70.71,13.76
1696000,1,-65.08,13.0
1696200,1,-65.54,17.34
1696400,1,-73.84,13.27
1696600,1,-70.72,14.8
1696800,1,-66.61,13.54
1697000,1,-64.62,16.73
1697200,1,-69.37,14.62
1697400,1,-71.81,12.18
1697600,1,-67.21,9.22
1697800,1,-71.32,14.41
1698000,1,-73.22,14.52
1698200,1,-68.89,12.23
1698400,1,-68.2,12.47
1698600,1,-71.83,13.86
1698800,1,-72.35,13.19
1699000,0,-77.81,8.57
1699200,0,-74.6,9.49
1699400,0,-77.56,7.63
1699600,0,-79.61,12.51
1699800,0,-76.84,9.92
1700000,1,-71.5,11.81
1700200,1,-72.86,17.32
1700400,0,-75.74,8.29
1700600,1,-67.51,18.56
1700800,1,-73.33,17.09
1701000,1,-67.07,16.89
1701200,1,-68.4,14.16
1701400,1,-68.6,12.89
1701600,1,-71.74,11.2
1701800,0,-77.62,7.62
1702000,1,-67.04,14.13
1702200,1,-68.47,13.45
1702400,1,-66.77,10.44
1702600,1,-73.02,14.6
1702800,1,-70.01,16.84
1703000,1,-67.53,16.08
1703200,1,-64.65,13.95
1703400,1,-71.17,17.99
1703600,1,-73.91,15.48
1703800,1,-75.68,16.15
1704000,1,-68.83,14.96
1704200,1,-67.45,14.8
1704400,1,-67.54,16.56
1704600,1,-67.91,16.14
1704800,1,-71.6,11.86
1705000,1,-70.33,16.65
1705200,1,-66.5,12.85
1705400,1,-68.54,12.73
1705600,1,-66.72,13.8
1705800,1,-71.02,16.66
1706000,1,-74.83,12.11
1706200,1,-68.34,12.73
1706400,0,-75.18,10.88
1706600,1,-65.58,14.5
1706800,0,-81.56,11.73
1707000,0,-78.05,9.14
1707200,0,-73.05,8.76
1707400,0,-79.42,8.52
1707600,1,-71.52,19.19
1707800,1,-66.58,14.16
1708000,1,-73.7,14.69
1708200,0,-77.01,5.7
1708400,0,-73.73,12.85
1708600,0,-77.83,9.51
1708800,0,-73.34,8.75
1709000,1,-71.92,12.02
1709200,1,-74.94,12.13
1709400,1,-67.07,13.72
1709600,0,-81.22,7.39
1709800,0,-74.15,3.5
1710000,0,-79.99,9.24
1710200,1,-70.59,13.39
1710400,0,-78.68,7.5
1710600,0,-74.58,7.78
1710800,0,-73.58,6.45
1711000,1,-71.17,12.16
1711200,0,-73.26,6.33
1711400,0,-73.84,8.36
1711600,1,-65.75,11.01
1711800,1,-71.26,17.21
1712000,1,-70.54,14.46
1712200,1,-72.27,15.96
1712400,1,-70.74,10.06
1712600,1,-69.32,15.61
1712800,1,-76.57,17.01
1713000,1,-73.57,13.73
1713200,1,-68.71,13.35
1713400,1,-67.08,9.06
1713600,1,-70.66,14.36
1713800,0,-77.02,11.44
1714000,0,-82.21,7.31
1714200,0,-70.81,9.44
1714400,0,-77.7,7.27
1714600,1,-64.65,13.02
1714800,1,-75.81,12.2
1715000,1,-70.01,12.84
1715200,1,-75.9,15.54
1715400,1,-68.23,16.75
1715600,1,-69.47,15.16
1715800,1,-69.01,13.47
1716000,1,-70.13,16.01
1716200,1,-76.87,13.06
1716400,1,-71.57,11.7
1716600,1,-65.8,16.17
1716800,1,-72.72,16.18
1717000,0,-73.66,15.65
1717200,1,-71.73,16.4
1717400,1,-70.69,14.66
1717600,1,-68.5,13.47
1717800,0,-74.93,9.97
1718000,1,-68.6,13.41
1718200,1,-76.93,12.32
1718400,1,-68.9,16.63
1718600,1,-73.67,11.32
1718800,1,-67.17,12.64
1719000,0,-72.32,10.4
1719200,1,-68.06,12.4
1719400,1,-72.01,15.1
1719600,1,-67.1,15.56
1719800,1,-73.65,14.39
1720000,1,-72.75,12.69
1720200,1,-70.28,15.33
1720400,1,-68.63,13.44
1720600,1,-74.22,14.17
1720800,0,-75.86,13.45
1721000,0,-78.65,6.83
1721200,1,-73.94,15.49
1721400,1,-64.48,17.36
1721600,1,-67.27,18.87
1721800,1,-66.75,13.66
1722000,1,-67.18,10.27
1722200,0,-77.78,12.46
1722400,1,-62.12,16.16
1722600,1,-69.06,12.83
1722800,1,-66.5,19.47
1723000,1,-71.16,14.5
1723200,1,-68.07,14.28
1723400,1,-69.74,14.76
1723600,1,-74.16,17.22
1723800,1,-71.89,14.4
1724000,1,-74.5,17.81
1724200,1,-63.57,16.46
1724400,1,-73.37,11.46
1724600,1,-71.75,18.4
1724800,1,-64.69,16.21
1725000,0,-73.74,14.95
1725200,0,-79.03,8.43
1725400,0,-78.75,13.24
1725600,0,-79.5,8.14
1725800,1,-70.86,10.01
1726000,1,-64.25,12.61
1726200,1,-77.8,10.9
1726400,1,-71.41,11.53
1726600,1,-70.04,13.33
1726800,1,-68.92,17.21
1727000,0,-70.37,4.95
1727200,0,-79.56,11.63
1727400,0,-73.25,9.24
1727600,0,-79.16,9.64
1727800,0,-73.48,9.56
1728000,1,-76.37,16.22
1728200,0,-78.07,11.48
1728400,1,-71.76,15.23
1728600,1,-77.13,14.76
1728800,1,-72.04,17.72
1729000,0,-74.26,11.15
1729200,0,-77.86,4.36
1729400,0,-73.02,7.79
1729600,1,-75.07,16.25
1729800,1,-66.09,18.15
1730000,0,-73.26,11.98
1730200,0,-68.02,8.2
1730400,1,-70.91,12.8
1730600,0,-78.65,11.58
1730800,0,-73.35,6.57
1731000,1,-73.61,15.05
1731200,1,-69.73,16.92
1731400,1,-74.05,17.32
1731600,0,-81.25,7.8
1731800,0,-79.03,10.33
1732000,0,-78.33,6.33
1732200,0,-81.05,8.66
1732400,0,-78.07,7.16
1732600,0,-75.74,8.02
1732800,0,-77.19,11.11
1733000,0,-77.82,7.3
1733200,0,-74.13,7.58
1733400,0,-76.68,8.6
1733600,0,-74.25,9.19
1733800,0,-77.66,12.58
1734000,0,-72.46,3.34
1734200,0,-74.31,11.37
1734400,0,-71.61,12.71
1734600,0,-74.68,12.1
1734800,0,-74.49,6.75
1735000,1,-68.18,13.05
1735200,1,-71.39,7.53
1735400,1,-67.56,12.32
1735600,1,-67.67,16.72
1735800,1,-74.72,9.98
1736000,1,-66.22,12.97
1736200,0,-74.58,6.86
1736400,0,-73.8,11.53
1736600,1,-67.81,13.62
1736800,1,-70.78,16.73
1737000,1,-74.44,16.7
1737200,1,-66.18,13.55
1737400,0,-79.54,9.61
1737600,1,-76.2,15.79
1737800,1,-68.21,16.5
1738000,0,-78.08,8.0
1738200,1,-69.66,13.03
1738400,1,-69.22,14.13
1738600,0,-79.54,4.39
1738800,1,-70.65,13.77
1739000,1,-73.21,12.22
1739200,1,-73.14,13.98
1739400,1,-69.08,13.97
1739600,1,-63.91,15.45
1739800,1,-69.18,13.06
1740000,1,-75.4,15.06
1740200,0,-72.54,8.15
1740400,0,-72.77,7.19
1740600,1,-67.85,16.17
1740800,0,-75.65,11.65
1741000,1,-70.77,13.72
1741200,1,-70.26,16.79
1741400,1,-73.13,18.84
1741600,1,-70.97,14.59
1741800,1,-69.46,17.78
1742000,1,-72.06,13.96
1742200,0,-81.25,11.32
1742400,0,-76.51,14.38
1742600,1,-67.51,15.81
1742800,0,-72.26,14.15
1743000,0,-78.29,5.88
1743200,0,-73.2,13.55
1743400,1,-74.93,11.83
1743600,1,-71.5,13.72
1743800,1,-74.6,12.8
1744000,1,-69.33,14.53
1744200,1,-68.68,13.27
1744400,1,-70.85,10.21
1744600,0,-80.49,7.75
1744800,0,-74.08,13.06
1745000,0,-72.94,10.1
1745200,0,-71.73,8.52
1745400,0,-78.28,10.74
1745600,1,-65.51,13.99
1745800,1,-66.09,13.71
1746000,1,-66.91,14.93
1746200,1,-70.51,8.52
1746400,1,-73.53,9.73
1746600,1,-70.88,12.84
1746800,1,-73.07,14.69
1747000,1,-68.68,12.63
1747200,0,-76.93,10.4
1747400,0,-75.56,6.77
1747600,1,-67.96,14.31
1747800,1,-69.48,15.74
1748000,0,-74.78,8.05
1748200,1,-74.47,13.3
1748400,1,-70.26,13.44
1748600,0,-72.24,14.42
1748800,1,-74.8,13.64
1749000,0,-72.03,13.05
1749200,1,-73.32,12.39
1749400,1,-73.94,15.96
1749600,0,-72.31,12.0
1749800,0,-77.9,7.42
1750000,0,-74.91,7.73
1750200,0,-73.02,10.85
1750400,0,-74.82,7.76
1750600,1,-64.1,20.3
1750800,1,-72.03,13.29
1751000,1,-75.92,12.91
1751200,0,-72.92,8.43
1751400,1,-71.34,16.58
1751600,0,-74.48,5.12
1751800,1,-76.32,16.71
1752000,1,-72.31,15.48
1752200,0,-80.14,10.26
1752400,0,-77.97,5.25
1752600,1,-74.03,13.43
1752800,1,-65.5,14.27
1753000,1,-74.9,17.98
1753200,0,-73.57,7.68
1753400,1,-66.35,19.59
1753600,1,-66.41,14.35
1753800,1,-71.69,14.62
1754000,1,-71.43,13.17
1754200,1,-73.98,11.85
1754400,0,-75.58,9.79
1754600,1,-70.03,11.85
1754800,0,-71.83,14.08
1755000,1,-73.08,14.51
1755200,1,-78.95,14.65
1755400,0,-75.8,10.69
1755600,0,-75.52,5.18
1755800,0,-74.15,9.31
1756000,1,-74.56,11.17
1756200,1,-74.27,11.5
1756400,1,-73.82,19.07
1756600,0,-79.46,12.12
1756800,1,-68.4,15.01
1757000,1,-69.54,16.22
1757200,1,-67.29,13.52
1757400,1,-68.86,13.63
1757600,1,-70.35,10.48
1757800,0,-76.43,10.25
1758000,0,-79.27,9.28
1758200,1,-72.39,11.8
1758400,1,-67.27,8.47
1758600,0,-77.55,4.95
1758800,0,-80.54,7.73
1759000,0,-74.97,10.31
1759200,1,-69.66,14.76
1759400,1,-78.55,17.79
1759600,1,-65.96,12.63
1759800,1,-67.62,12.92
1760000,1,-66.18,14.73
1760200,0,-74.6,5.99
1760400,0,-73.59,7.37
1760600,0,-73.23,7.83
1760800,0,-79.08,8.27
1761000,1,-70.42,11.85
1761200,1,-69.36,8.6
1761400,1,-70.4,12.6
1761600,1,-68.08,13.71
1761800,1,-65.73,16.18
1762000,1,-67.24,13.92
1762200,1,-67.9,19.04
1762400,1,-73.27,17.58
1762600,1,-71.37,13.53
1762800,1,-71.44,12.52
1763000,1,-71.92,10.63
1763200,1,-71.83,12.34
1763400,1,-72.64,16.38
1763600,1,-68.89,16.28
1763800,1,-74.3,16.53
1764000,1,-73.0,14.32
1764200,1,-74.12,11.83
1764400,1,-64.19,12.79
1764600,1,-71.89,14.69
1764800,1,-71.76,14.46
1765000,0,-72.34,15.23
1765200,1,-69.79,12.99
1765400,1,-71.36,17.59
1765600,0,-69.87,14.6
1765800,1,-62.29,12.75
1766000,1,-72.15,11.57
1766200,1,-71.57,16.87
1766400,1,-73.53,12.96
1766600,1,-76.74,13.36
1766800,1,-70.3,10.76
1767000,0,-74.1,13.17
1767200,1,-73.56,12.23
1767400,1,-65.64,13.38
1767600,1,-66.91,12.18
1767800,1,-70.22,10.21
1768000,1,-67.47,8.26
1768200,1,-69.77,12.26
1768400,1,-68.08,15.11
1768600,1,-72.53,17.64
1768800,1,-72.79,8.63
1769000,1,-68.3,17.51
1769200,1,-71.49,9.97
1769400,1,-68.17,14.72
1769600,1,-69.9,18.37
1769800,1,-68.56,10.62
1770000,1,-68.32,16.49
1770200,1,-65.15,17.19
1770400,1,-68.38,15.59
1770600,1,-69.23,15.6
1770800,1,-76.52,13.53
1771000,1,-74.91,13.1
1771200,1,-68.26,17.47
1771400,1,-65.53,15.58
1771600,0,-75.81,9.56
1771800,1,-73.07,11.31
1772000,0,-77.17,10.05
1772200,0,-74.53,11.67
1772400,0,-71.73,12.35
1772600,1,-68.76,17.79
1772800,1,-75.07,19.68
1773000,1,-74.89,15.87
1773200,1,-64.27,14.36
1773400,1,-75.15,12.14
1773600,1,-72.58,11.63
1773800,1,-77.38,14.29
1774000,1,-74.68,17.89
1774200,1,-67.8,16.25
1774400,1,-70.78,13.78
1774600,1,-69.6,15.94
1774800,1,-70.86,16.31
1775000,0,-80.4,6.99
1775200,0,-77.69,9.13
1775400,1,-76.16,15.66
1775600,1,-75.48,15.25
1775800,1,-72.72,11.91
1776000,1,-72.52,17.93
1776200,1,-73.97,12.01
1776400,0,-81.76,8.5
1776600,0,-78.82,6.76
1776800,0,-82.3,4.78
1777000,0,-69.89,8.19
1777200,0,-80.68,10.41
1777400,0,-77.08,11.75
1777600,0,-74.65,8.57
1777800,1,-69.74,10.17
1778000,1,-71.87,15.95
1778200,1,-65.12,15.35
1778400,1,-67.01,18.77
1778600,1,-63.59,16.11
1778800,1,-65.59,16.9
1779000,1,-74.19,17.75
1779200,1,-73.6,17.04
1779400,1,-73.21,13.9
1779600,1,-63.22,14.73
1779800,0,-75.58,7.0
1780000,0,-72.82,6.46
1780200,0,-84.83,10.74
1780400,1,-70.73,14.77
1780600,1,-69.69,11.04
1780800,1,-68.09,13.61
1781000,1,-68.66,16.79
1781200,1,-71.15,14.62
1781400,1,-68.97,19.55
1781600,1,-70.43,15.23
1781800,1,-68.8,12.5
1782000,1,-71.26,16.22
1782200,0,-72.24,4.28
1782400,1,-71.65,14.85
1782600,1,-69.74,13.63
1782800,1,-64.13,14.87
1783000,1,-69.28,12.31
1783200,1,-66.47,12.85
1783400,0,-81.73,5.93
1783600,1,-70.23,13.07
1783800,0,-83.78,11.4
1784000,0,-84.12,5.24
1784200,0,-77.99,16.08
1784400,0,-76.57,8.91
1784600,0,-75.24,7.07
1784800,1,-71.49,14.73
1785000,1,-67.53,16.87
1785200,1,-68.72,14.59
1785400,1,-72.85,9.04
1785600,1,-68.87,15.33
1785800,1,-74.01,17.19
1786000,1,-70.66,14.96
1786200,1,-74.49,15.07
1786400,1,-74.51,11.5
1786600,1,-75.36,15.58
1786800,0,-74.35,11.36
1787000,1,-66.52,12.42
1787200,0,-74.67,8.32
1787400,0,-65.62,5.46
1787600,1,-71.36,13.09
1787800,1,-73.0,10.24
1788000,1,-66.55,14.26
1788200,1,-67.37,15.05
1788400,1,-73.04,18.76
1788600,1,-73.91,15.38
1788800,1,-69.9,14.68
1789000,1,-74.26,12.88
1789200,0,-75.02,7.63
1789400,0,-78.44,10.17
1789600,0,-76.72,10.49
1789800,1,-72.52,16.75
1790000,1,-69.27,12.72
1790200,1,-67.72,10.22
1790400,1,-71.32,10.8
1790600,1,-71.65,19.44
1790800,1,-73.97,12.78
1791000,1,-71.79,11.03
1791200,1,-65.1,10.82
1791400,1,-69.35,11.96
1791600,1,-72.27,13.67
1791800,1,-69.32,13.23
1792000,1,-67.97,9.4
1792200,1,-75.27,12.8
1792400,0,-79.64,10.32
1792600,0,-74.76,10.3
1792800,0,-79.27,10.83
1793000,0,-73.53,9.48
1793200,0,-80.58,11.49
1793400,1,-72.19,15.01
1793600,1,-66.02,17.4
1793800,0,-74.65,13.94
1794000,1,-70.15,6.63
1794200,1,-73.33,11.6
1794400,1,-61.91,14.55
1794600,0,-79.81,12.75
1794800,1,-72.64,13.85
1795000,1,-67.52,15.26
1795200,0,-75.79,5.4
1795400,0,-76.58,10.04
1795600,1,-67.98,9.54
1795800,1,-69.31,15.61
1796000,1,-69.72,13.62
1796200,1,-71.09,16.0
1796400,1,-68.13,13.33
1796600,1,-72.31,14.53
1796800,1,-70.0,11.79
1797000,1,-68.08,17.6
1797200,1,-66.67,9.38
1797400,1,-69.75,17.48
1797600,1,-70.79,11.2
1797800,1,-71.73,13.01
1798000,1,-77.98,9.22
1798200,1,-65.6,17.26
1798400,1,-67.26,14.32
1798600,1,-71.78,12.17
1798800,1,-65.42,13.27
1799000,1,-70.35,12.87
1799200,1,-74.83,9.73
1799400,0,-77.57,8.44
1799600,1,-69.95,17.81
1799800,0,-77.0,5.63
