timestamp_ms,delivered,rssi_dbm,snr_db
0,1,-52.29,19.74
200,1,-61.23,21.12
400,1,-60.34,18.51
600,1,-63.28,18.3
800,1,-60.72,14.31
1000,1,-57.31,18.62
1200,0,-65.91,13.92
1400,0,-69.75,16.55
1600,0,-63.97,12.72
1800,1,-61.1,17.42
2000,1,-53.97,17.0
2200,1,-60.03,16.71
2400,0,-68.43,13.34
2600,0,-65.92,11.13
2800,0,-73.37,15.46
3000,1,-67.36,23.86
3200,1,-59.53,15.96
3400,1,-63.69,18.07
3600,0,-63.53,10.26
3800,0,-66.57,10.36
4000,1,-62.01,20.59
4200,1,-60.76,16.12
4400,1,-62.87,19.36
4600,1,-64.1,13.37
4800,1,-58.43,22.09
5000,1,-63.59,20.43
5200,0,-62.28,17.4
5400,1,-63.54,23.73
5600,1,-63.98,14.16
5800,1,-57.8,19.25
6000,1,-61.95,18.91
6200,1,-58.5,15.15
6400,0,-63.17,18.65
6600,1,-58.43,20.26
6800,1,-65.49,17.01
7000,1,-61.57,17.35
7200,1,-64.92,13.33
7400,1,-60.94,19.33
7600,1,-59.59,21.0
7800,1,-58.75,19.03
8000,1,-65.02,16.79
8200,1,-61.17,18.24
8400,1,-58.44,15.11
8600,1,-60.46,20.2
8800,1,-61.8,18.13
9000,1,-63.98,15.1
9200,1,-65.73,18.19
9400,1,-64.52,21.27
9600,1,-57.83,17.05
9800,0,-63.91,14.73
10000,0,-68.83,11.25
10200,0,-66.54,13.8
10400,1,-64.8,16.8
10600,1,-61.93,19.92
10800,1,-59.61,18.2
11000,1,-62.93,18.98
11200,1,-63.29,19.82
11400,1,-63.36,20.24
11600,1,-57.17,23.56
11800,1,-62.34,16.15
12000,1,-59.44,16.56
12200,1,-56.06,18.73
12400,1,-62.3,18.19
12600,1,-65.48,23.31
12800,1,-64.93,15.49
13000,1,-60.2,20.02
13200,1,-61.73,20.64
13400,1,-64.14,21.5
13600,1,-54.73,15.64
13800,1,-63.47,21.12
14000,1,-62.22,16.57
14200,1,-60.37,17.6
14400,1,-60.29,15.57
14600,1,-57.91,18.78
14800,1,-57.31,17.68
15000,1,-56.73,16.79
15200,1,-57.33,18.81
15400,1,-64.14,16.42
15600,1,-62.58,20.16
15800,1,-61.82,18.13
16000,1,-63.17,18.89
16200,1,-55.43,24.07
16400,1,-61.0,15.29
16600,0,-66.88,15.52
16800,0,-73.08,16.0
17000,0,-66.34,10.9
17200,0,-66.23,13.89
17400,1,-58.55,20.35
17600,1,-62.44,17.68
17800,1,-61.18,14.6
18000,1,-64.52,13.86
18200,1,-59.8,19.91
18400,1,-63.08,15.18
18600,1,-65.32,15.12
18800,1,-56.65,23.06
19000,1,-62.37,15.15
19200,1,-63.77,20.55
19400,0,-72.43,8.92
19600,1,-64.36,16.47
19800,1,-55.91,18.7
20000,0,-64.76,12.13
20200,0,-69.05,13.54
20400,1,-62.76,17.92
20600,1,-59.86,17.35
20800,0,-65.1,13.11
21000,1,-64.85,21.91
21200,1,-55.53,18.43
21400,1,-63.21,17.4
21600,1,-64.65,20.37
21800,0,-71.8,11.9
22000,1,-63.12,17.84
22200,1,-61.86,21.41
22400,1,-59.18,20.37
22600,1,-63.46,17.58
22800,0,-67.67,15.33
23000,1,-65.63,19.58
23200,1,-65.31,16.74
23400,1,-60.64,14.49
23600,1,-69.33,18.66
23800,1,-66.7,22.32
24000,1,-65.68,24.94
24200,1,-62.59,19.71
24400,0,-63.08,20.5
24600,1,-57.84,18.62
24800,1,-51.36,15.57
25000,1,-60.31,16.68
25200,1,-65.76,13.8
25400,1,-59.26,22.14
25600,1,-59.3,16.78
25800,1,-61.8,17.55
26000,1,-61.87,17.65
26200,1,-58.82,19.84
26400,1,-59.54,17.02
26600,1,-59.59,13.03
26800,1,-65.95,16.18
27000,1,-61.68,16.94
27200,1,-67.65,20.05
27400,1,-54.37,16.71
27600,1,-59.53,18.39
27800,1,-66.2,16.37
28000,1,-65.72,20.85
28200,1,-63.53,17.08
28400,1,-65.84,18.12
28600,1,-60.26,21.34
28800,0,-71.73,12.97
29000,0,-75.08,16.44
29200,0,-75.22,13.79
29400,1,-60.93,17.81
29600,1,-63.75,15.77
29800,1,-55.4,19.14
30000,0,-67.42,8.0
30200,0,-66.29,14.16
30400,0,-72.31,11.37
30600,0,-67.72,17.74
30800,0,-68.99,10.53
31000,0,-66.99,10.13
31200,0,-67.22,15.14
31400,0,-68.75,13.85
31600,1,-64.12,14.4
31800,0,-55.64,17.49
32000,0,-70.78,12.84
32200,0,-63.81,10.95
32400,0,-66.54,13.36
32600,1,-61.81,17.11
32800,1,-62.77,22.26
33000,1,-58.25,17.91
33200,1,-67.51,18.43
33400,1,-63.44,17.0
33600,1,-63.25,16.72
33800,1,-61.67,17.1
34000,1,-56.8,18.7
34200,1,-61.11,21.22
34400,1,-66.03,18.82
34600,0,-64.79,12.9
34800,0,-65.06,15.17
35000,0,-63.35,12.46
35200,0,-72.88,13.29
35400,1,-60.85,17.84
35600,0,-68.84,8.9
35800,0,-64.49,13.22
36000,0,-67.54,13.29
36200,0,-71.36,11.77
36400,0,-65.69,13.74
36600,1,-60.4,17.65
36800,0,-58.33,19.79
37000,1,-63.11,18.12
37200,1,-60.44,20.81
37400,1,-66.68,19.82
37600,1,-63.19,17.75
37800,1,-61.66,18.4
38000,1,-54.36,24.37
38200,0,-62.46,15.08
38400,0,-69.68,13.94
38600,1,-63.59,19.08
38800,1,-64.79,13.88
39000,0,-63.89,14.71
39200,0,-65.88,10.58
39400,1,-61.39,19.55
39600,0,-63.61,10.2
39800,1,-55.45,15.2
40000,1,-64.37,16.38
40200,1,-57.62,18.16
40400,0,-67.49,12.26
40600,0,-62.26,11.69
40800,0,-70.14,11.65
41000,0,-65.47,14.83
41200,1,-61.31,21.11
41400,1,-63.23,17.59
41600,0,-59.51,18.03
41800,1,-61.45,20.63
42000,1,-62.44,21.35
42200,1,-56.67,20.84
42400,1,-64.12,20.11
42600,0,-68.8,13.3
42800,1,-58.82,19.85
43000,1,-58.3,19.88
43200,1,-59.89,17.96
43400,1,-58.85,16.96
43600,1,-66.85,20.89
43800,1,-61.36,19.28
44000,1,-59.71,21.25
44200,1,-63.27,11.67
44400,1,-67.43,12.43
44600,1,-61.69,18.85
44800,1,-66.67,19.51
45000,1,-65.81,23.43
45200,1,-62.21,18.95
45400,1,-60.26,20.85
45600,1,-58.35,17.37
45800,1,-61.09,17.85
46000,1,-63.49,20.23
46200,1,-60.33,19.32
46400,1,-64.55,22.73
46600,1,-56.73,16.99
46800,1,-60.74,20.3
47000,1,-63.44,19.88
47200,0,-67.14,12.57
47400,0,-63.41,10.86
47600,0,-68.99,18.01
47800,1,-62.46,18.17
48000,1,-60.4,14.81
48200,1,-64.36,20.43
48400,1,-52.44,16.61
48600,0,-69.24,14.18
48800,0,-62.23,10.56
49000,0,-67.02,16.6
49200,0,-69.34,15.47
49400,0,-66.9,17.14
49600,1,-64.4,19.0
49800,1,-60.31,21.32
50000,1,-67.3,18.24
50200,0,-66.21,9.43
50400,0,-70.79,16.67
50600,1,-57.38,18.93
50800,0,-66.53,16.93
51000,1,-63.88,18.18
51200,1,-63.67,17.67
51400,1,-59.51,17.64
51600,0,-67.61,16.12
51800,0,-69.5,10.38
52000,1,-57.6,16.22
52200,1,-65.77,22.44
52400,1,-64.3,20.6
52600,1,-60.7,21.85
52800,1,-65.12,20.24
53000,1,-58.48,17.28
53200,1,-59.57,18.9
53400,0,-68.94,17.02
53600,0,-65.89,18.61
53800,0,-69.73,15.78
54000,1,-59.01,16.97
54200,0,-69.27,13.28
54400,0,-66.74,13.28
54600,0,-66.8,15.59
54800,1,-62.23,14.9
55000,1,-56.32,16.77
55200,1,-56.9,20.1
55400,1,-60.14,15.06
55600,1,-62.14,16.49
55800,1,-58.09,19.06
56000,1,-60.28,20.72
56200,0,-61.06,14.01
56400,0,-63.15,10.53
56600,1,-55.38,20.25
56800,1,-61.76,20.63
57000,0,-64.18,11.9
57200,0,-63.12,13.36
57400,0,-69.96,8.9
57600,0,-64.29,13.61
57800,0,-71.0,11.79
58000,1,-62.73,22.09
58200,1,-56.43,18.19
58400,1,-59.73,16.5
58600,1,-62.84,15.28
58800,0,-78.08,13.48
59000,0,-66.07,13.47
59200,0,-67.77,12.6
59400,0,-69.13,14.24
59600,0,-66.56,12.39
59800,0,-68.65,14.52
60000,0,-71.7,14.16
60200,0,-62.82,15.67
60400,1,-59.38,16.69
60600,1,-56.8,18.29
60800,1,-60.76,19.44
61000,1,-65.94,15.42
61200,1,-61.96,18.98
61400,1,-56.64,21.84
61600,1,-59.98,19.32
61800,1,-59.97,16.49
62000,1,-57.6,16.62
62200,1,-60.83,18.74
62400,1,-64.26,19.88
62600,0,-65.07,10.23
62800,0,-61.68,11.6
63000,1,-59.58,13.67
63200,1,-64.01,15.58
63400,0,-68.13,18.64
63600,0,-64.64,14.01
63800,1,-62.75,18.64
64000,1,-66.67,15.7
64200,1,-61.64,18.56
64400,1,-57.7,17.62
64600,1,-64.93,17.31
64800,1,-67.77,15.78
65000,1,-61.06,18.06
65200,1,-66.42,18.92
65400,1,-62.35,18.06
65600,1,-54.79,18.13
65800,0,-73.21,11.41
66000,0,-68.02,15.14
66200,0,-63.59,15.98
66400,0,-65.54,12.31
66600,1,-59.57,15.47
66800,1,-57.83,20.36
67000,1,-58.81,18.57
67200,0,-69.09,16.09
67400,1,-65.61,18.52
67600,1,-60.65,17.03
67800,0,-72.06,15.62
68000,0,-67.36,13.59
68200,1,-62.55,18.79
68400,1,-58.44,18.15
68600,1,-62.1,21.62
68800,0,-65.07,16.11
69000,0,-66.87,15.08
69200,0,-69.01,10.55
69400,0,-65.1,14.62
69600,0,-65.42,11.78
69800,1,-59.81,18.64
70000,1,-62.44,18.17
70200,1,-61.23,19.56
70400,1,-63.27,18.95
70600,1,-63.23,19.68
70800,0,-67.31,12.23
71000,0,-66.75,12.51
71200,1,-63.9,14.21
71400,1,-56.64,19.04
71600,1,-63.17,22.48
71800,1,-57.51,17.45
72000,0,-63.38,18.41
72200,1,-64.63,17.83
72400,1,-59.32,14.31
72600,1,-57.71,13.85
72800,1,-59.88,20.72
73000,1,-59.5,15.14
73200,1,-60.06,22.65
73400,1,-58.07,17.33
73600,1,-53.9,18.5
73800,1,-65.91,17.33
74000,1,-65.18,16.64
74200,0,-70.55,14.55
74400,0,-65.86,16.06
74600,0,-69.54,11.09
74800,0,-68.1,5.54
75000,1,-65.19,25.54
75200,0,-67.52,14.56
75400,0,-68.57,10.89
75600,0,-66.27,18.55
75800,0,-66.3,14.25
76000,1,-60.56,17.92
76200,1,-67.72,17.87
76400,1,-60.0,11.05
76600,1,-60.94,18.87
76800,1,-64.76,23.02
77000,1,-64.4,22.06
77200,1,-60.08,15.95
77400,1,-62.41,15.38
77600,1,-64.52,21.67
77800,1,-60.7,20.95
78000,1,-61.84,16.67
78200,1,-61.91,17.68
78400,1,-66.38,18.55
78600,0,-71.03,11.28
78800,1,-63.34,16.94
79000,1,-62.0,22.52
79200,1,-60.28,20.75
79400,1,-72.09,18.14
79600,1,-61.18,17.83
79800,1,-57.95,22.54
80000,1,-61.71,18.58
80200,1,-59.73,20.59
80400,1,-62.55,19.08
80600,1,-61.75,20.22
80800,1,-63.61,19.55
81000,0,-65.31,12.78
81200,0,-64.45,10.58
81400,0,-70.07,14.6
81600,0,-68.85,11.67
81800,0,-69.98,13.46
82000,0,-65.61,14.28
82200,0,-63.17,10.92
82400,1,-60.48,20.7
82600,1,-61.79,16.83
82800,1,-57.0,18.3
83000,0,-70.35,14.97
83200,0,-67.97,12.92
83400,1,-56.65,24.39
83600,1,-60.84,17.66
83800,0,-66.79,15.07
84000,1,-60.8,17.65
84200,1,-67.52,19.54
84400,1,-60.61,13.53
84600,0,-62.69,14.27
84800,0,-73.93,13.89
85000,0,-66.57,11.49
85200,0,-72.04,15.16
85400,0,-58.95,17.16
85600,1,-62.38,17.24
85800,1,-66.26,14.25
86000,1,-62.91,21.37
86200,1,-57.67,15.86
86400,1,-65.62,17.56
86600,1,-62.02,20.01
86800,1,-64.59,17.92
87000,1,-68.49,18.39
87200,0,-64.86,11.92
87400,0,-58.98,13.39
87600,1,-52.97,25.33
87800,1,-61.81,17.43
88000,0,-69.87,15.07
88200,0,-69.55,10.46
88400,0,-65.23,16.71
88600,0,-71.75,14.47
88800,0,-62.42,11.87
89000,0,-74.37,11.06
89200,0,-67.9,12.74
89400,0,-71.6,12.02
89600,0,-68.45,15.17
89800,1,-65.49,18.05
90000,0,-55.67,16.66
90200,1,-64.09,19.79
90400,1,-61.8,17.12
90600,1,-59.78,16.93
90800,1,-53.77,20.63
91000,1,-61.25,14.48
91200,1,-60.93,19.23
91400,1,-57.19,19.93
91600,0,-67.04,17.87
91800,0,-63.29,12.58
92000,1,-60.01,15.76
92200,1,-57.8,23.26
92400,1,-58.97,18.24
92600,1,-65.68,15.22
92800,1,-61.99,21.61
93000,1,-57.62,18.16
93200,1,-55.22,15.93
93400,1,-60.1,16.38
93600,1,-57.32,18.5
93800,0,-64.77,14.77
94000,0,-63.24,15.88
94200,1,-65.09,17.75
94400,1,-65.08,22.33
94600,1,-62.04,18.31
94800,1,-63.71,16.8
95000,1,-58.27,14.18
95200,1,-60.41,17.5
95400,1,-64.11,20.26
95600,1,-63.4,23.07
95800,1,-64.73,18.24
96000,1,-60.04,23.39
96200,0,-67.29,11.34
96400,0,-64.45,14.7
96600,1,-56.63,16.68
96800,0,-64.34,15.53
97000,1,-62.46,18.1
97200,1,-62.2,18.52
97400,0,-62.72,14.57
97600,1,-61.37,21.79
97800,1,-64.19,18.22
98000,1,-60.94,17.55
98200,1,-58.29,20.73
98400,0,-71.99,13.31
98600,0,-68.57,13.12
98800,0,-65.98,10.85
99000,0,-63.02,11.1
99200,1,-61.67,22.9
99400,1,-60.69,17.67
99600,1,-62.86,18.11
99800,1,-56.52,18.45
100000,1,-69.15,21.01
100200,1,-54.42,18.37
100400,1,-63.01,16.02
100600,0,-69.12,10.38
100800,0,-70.73,12.21
101000,0,-65.67,10.85
101200,1,-64.42,19.83
101400,1,-65.34,19.39
101600,1,-62.15,18.14
101800,1,-63.93,17.39
102000,1,-57.25,18.14
102200,1,-64.36,17.56
102400,0,-67.99,15.36
102600,0,-62.65,12.95
102800,0,-68.17,14.12
103000,1,-60.64,18.09
103200,0,-65.38,9.81
103400,0,-70.1,20.47
103600,1,-60.97,20.08
103800,0,-73.14,17.52
104000,1,-61.77,18.99
104200,1,-61.54,21.16
104400,1,-65.98,19.62
104600,1,-66.02,20.47
104800,1,-64.64,19.16
105000,1,-61.83,18.04
105200,1,-59.48,17.14
105400,0,-63.41,15.15
105600,0,-70.76,14.44
105800,0,-63.85,8.34
106000,0,-67.54,12.5
106200,0,-66.95,11.65
106400,0,-64.99,15.23
106600,1,-62.77,17.15
106800,1,-58.25,19.26
107000,1,-60.73,21.06
107200,1,-57.91,19.7
107400,1,-63.11,19.72
107600,1,-57.96,22.16
107800,1,-60.04,16.06
108000,1,-61.16,17.09
108200,1,-66.65,20.66
108400,1,-55.43,17.44
108600,0,-73.83,10.91
108800,0,-67.22,16.46
109000,0,-72.04,12.99
109200,0,-68.06,18.3
109400,0,-74.54,13.18
109600,1,-64.18,18.48
109800,1,-61.35,19.29
110000,1,-60.01,17.17
110200,1,-59.71,19.3
110400,1,-62.79,14.69
110600,1,-64.2,17.44
110800,1,-64.71,20.22
111000,1,-67.35,16.93
111200,1,-69.73,17.69
111400,1,-57.43,22.01
111600,1,-61.53,18.68
111800,0,-67.47,12.2
112000,1,-66.79,15.55
112200,0,-65.69,12.63
112400,0,-72.1,12.38
112600,0,-63.93,15.6
112800,1,-57.23,17.92
113000,0,-64.0,17.31
113200,1,-60.46,18.13
113400,1,-63.35,17.22
113600,1,-57.11,18.37
113800,0,-63.49,10.85
114000,1,-61.86,14.05
114200,1,-62.76,18.42
114400,1,-54.0,17.68
114600,1,-58.37,18.92
114800,1,-61.91,21.21
115000,1,-60.18,16.72
115200,1,-60.36,16.61
115400,1,-57.43,18.2
115600,1,-63.1,18.51
115800,1,-59.97,14.58
116000,1,-60.6,20.39
116200,1,-62.73,18.21
116400,1,-62.27,26.37
116600,0,-63.99,13.29
116800,1,-58.24,17.42
117000,1,-54.61,13.66
117200,1,-63.49,14.01
117400,1,-63.26,18.6
117600,1,-63.58,20.23
117800,1,-62.34,22.11
118000,1,-60.24,19.83
118200,1,-66.38,19.01
118400,1,-61.59,23.22
118600,1,-60.6,20.86
118800,0,-73.24,12.57
119000,0,-65.33,15.49
119200,1,-62.56,18.82
119400,1,-64.95,17.06
119600,1,-64.98,13.69
119800,1,-61.07,18.27
120000,0,-65.91,11.35
120200,0,-73.47,10.16
120400,1,-63.97,19.47
120600,1,-65.08,16.9
120800,1,-66.33,18.0
121000,1,-56.72,21.85
121200,1,-58.46,16.96
121400,1,-65.14,18.05
121600,1,-66.34,20.46
121800,1,-61.34,20.5
122000,1,-57.52,20.04
122200,1,-58.01,18.64
122400,1,-63.73,19.47
122600,1,-59.44,23.33
122800,1,-54.95,18.97
123000,1,-61.44,19.18
123200,1,-64.05,15.8
123400,1,-60.32,20.76
123600,0,-63.09,13.24
123800,1,-61.11,19.41
124000,1,-65.2,18.32
124200,1,-62.85,19.35
124400,0,-68.98,16.69
124600,0,-67.11,18.78
124800,0,-65.94,14.73
125000,0,-62.33,11.84
125200,0,-65.07,16.44
125400,0,-65.01,11.13
125600,1,-62.59,20.5
125800,1,-65.39,18.73
126000,1,-59.5,21.09
126200,1,-58.38,15.04
126400,1,-61.05,19.33
126600,1,-65.83,19.42
126800,1,-64.54,19.26
127000,1,-64.06,18.26
127200,0,-61.85,16.78
127400,1,-58.91,16.47
127600,1,-66.38,19.15
127800,1,-60.22,21.85
128000,1,-59.98,15.15
128200,1,-66.06,19.02
128400,1,-55.55,20.78
128600,0,-69.52,14.64
128800,0,-71.17,13.75
129000,0,-62.29,12.64
129200,1,-63.04,19.52
129400,1,-64.68,19.41
129600,1,-64.59,20.24
129800,0,-61.89,13.53
130000,0,-67.98,10.12
130200,0,-68.17,12.61
130400,0,-66.31,13.12
130600,0,-68.26,14.69
130800,0,-73.86,13.97
131000,0,-64.24,14.13
131200,0,-67.95,12.82
131400,0,-68.79,16.93
131600,0,-66.68,11.72
131800,0,-67.28,14.2
132000,0,-67.62,15.97
132200,0,-61.65,12.83
132400,0,-63.33,13.23
132600,1,-65.48,15.19
132800,1,-64.62,14.38
133000,1,-59.42,16.13
133200,1,-57.48,13.11
133400,1,-63.78,16.85
133600,1,-65.37,17.16
133800,1,-66.75,18.87
134000,1,-64.09,21.55
134200,1,-60.6,21.28
134400,1,-68.66,12.44
134600,1,-57.78,18.76
134800,1,-60.15,19.35
135000,1,-63.44,18.27
135200,1,-62.07,16.48
135400,1,-64.73,18.84
135600,0,-66.37,14.51
135800,0,-64.34,13.88
136000,1,-61.26,15.32
136200,0,-58.36,21.57
136400,1,-57.88,23.68
136600,1,-66.07,18.8
136800,0,-68.59,15.08
137000,1,-62.82,22.01
137200,0,-66.69,14.57
137400,0,-71.02,13.42
137600,0,-74.31,14.43
137800,1,-64.29,14.21
138000,1,-58.78,15.78
138200,1,-65.87,20.22
138400,1,-62.88,14.78
138600,1,-58.43,20.42
138800,1,-61.15,15.88
139000,1,-61.08,21.61
139200,0,-63.03,14.07
139400,0,-64.92,9.21
139600,1,-63.63,20.12
139800,0,-66.96,13.89
140000,1,-60.61,20.67
140200,1,-63.93,20.55
140400,0,-68.75,14.94
140600,0,-73.45,15.96
140800,1,-65.39,17.98
141000,1,-59.67,17.98
141200,1,-62.66,20.75
141400,1,-63.98,18.72
141600,1,-62.42,23.76
141800,1,-60.01,17.19
142000,1,-60.71,17.16
142200,1,-58.95,20.36
142400,1,-63.23,19.49
142600,1,-63.33,12.35
142800,1,-59.41,19.81
143000,1,-59.96,17.78
143200,0,-66.25,15.33
143400,0,-63.34,16.0
143600,1,-61.21,18.55
143800,1,-59.25,22.1
144000,1,-60.42,19.27
144200,0,-68.16,13.8
144400,0,-64.7,13.51
144600,0,-69.19,13.78
144800,0,-64.19,16.68
145000,0,-66.85,12.45
145200,0,-68.22,9.75
145400,0,-71.11,13.66
145600,0,-65.99,10.93
145800,0,-67.84,13.95
146000,1,-58.61,21.27
146200,1,-61.23,17.98
146400,1,-59.2,15.03
146600,1,-60.16,18.49
146800,0,-56.34,17.18
147000,1,-59.69,16.28
147200,1,-56.09,17.52
147400,1,-66.59,14.79
147600,0,-67.53,15.88
147800,1,-69.42,20.2
148000,1,-64.52,18.77
148200,1,-57.37,13.67
148400,1,-70.72,18.8
148600,1,-65.86,16.71
148800,1,-67.85,15.78
149000,1,-59.12,24.44
149200,0,-67.62,9.4
149400,0,-68.8,14.55
149600,0,-67.93,15.91
149800,0,-71.88,13.49
150000,0,-62.84,10.87
150200,0,-64.6,13.6
150400,0,-67.54,13.81
150600,0,-63.59,11.48
150800,0,-64.36,16.77
151000,0,-65.22,11.18
151200,0,-71.6,14.53
151400,0,-69.01,12.92
151600,1,-62.93,19.22
151800,1,-62.96,20.03
152000,1,-64.38,16.95
152200,0,-63.06,15.94
152400,0,-65.38,15.5
152600,0,-70.99,9.7
152800,1,-53.33,17.6
153000,0,-74.87,11.43
153200,0,-69.13,15.61
153400,1,-62.77,17.04
153600,0,-64.64,11.99
153800,0,-69.18,13.24
154000,1,-59.68,21.05
154200,1,-62.86,18.09
154400,0,-50.47,16.85
154600,1,-61.79,20.58
154800,1,-69.96,18.08
155000,0,-65.47,11.55
155200,1,-59.57,17.9
155400,1,-69.04,19.09
155600,1,-60.84,15.51
155800,1,-61.59,18.45
156000,1,-56.89,19.9
156200,1,-58.13,18.1
156400,1,-59.41,19.77
156600,1,-57.56,14.7
156800,1,-67.6,19.9
157000,1,-56.26,18.59
157200,1,-65.37,20.34
157400,1,-62.89,20.28
157600,1,-57.58,23.46
157800,1,-59.63,18.3
158000,1,-59.8,18.96
158200,1,-61.88,18.39
158400,0,-66.72,10.87
158600,1,-58.51,19.39
158800,1,-61.08,18.21
159000,1,-56.72,20.56
159200,0,-64.1,14.52
159400,1,-57.33,14.26
159600,1,-59.82,17.15
159800,1,-58.69,19.23
160000,1,-59.31,18.22
160200,1,-61.19,17.08
160400,1,-64.87,22.4
160600,1,-55.74,19.89
160800,1,-64.74,17.28
161000,1,-56.89,22.78
161200,1,-58.93,20.35
161400,1,-61.66,22.56
161600,1,-63.0,22.48
161800,1,-61.02,22.17
162000,1,-61.83,21.04
162200,1,-61.54,18.95
162400,1,-56.28,16.54
162600,1,-58.11,19.55
162800,1,-59.39,21.36
163000,1,-63.36,17.6
163200,1,-55.7,19.09
163400,1,-62.25,19.0
163600,1,-57.99,19.01
163800,0,-60.08,17.84
164000,1,-63.79,21.26
164200,1,-55.9,21.04
164400,0,-67.39,14.61
164600,0,-67.28,8.87
164800,1,-59.74,20.81
165000,1,-61.85,17.95
165200,1,-58.66,20.55
165400,1,-61.87,18.07
165600,1,-60.92,16.8
165800,1,-59.32,20.99
166000,1,-68.45,18.06
166200,1,-58.59,20.95
166400,0,-61.5,10.32
166600,1,-62.46,18.24
166800,1,-59.71,16.87
167000,1,-64.85,18.1
167200,1,-62.45,21.36
167400,0,-64.17,10.06
167600,0,-70.93,15.03
167800,1,-57.42,19.68
168000,1,-61.41,16.17
168200,1,-60.35,16.01
168400,1,-64.92,15.04
168600,1,-57.55,21.0
168800,1,-54.71,19.63
169000,1,-61.85,19.24
169200,1,-57.16,12.53
169400,1,-64.53,16.94
169600,1,-65.03,19.52
169800,1,-62.07,20.87
170000,1,-61.42,17.94
170200,1,-63.32,22.24
170400,1,-58.15,19.45
170600,1,-60.83,14.87
170800,1,-63.44,18.28
171000,1,-65.6,19.54
171200,0,-68.45,16.36
171400,0,-64.17,12.67
171600,0,-67.48,15.48
171800,1,-63.28,20.32
172000,1,-62.53,15.24
172200,1,-58.85,21.36
172400,1,-65.3,18.64
172600,1,-56.59,17.28
172800,1,-59.6,15.49
173000,1,-59.29,20.13
173200,1,-64.42,15.79
173400,1,-66.6,20.4
173600,1,-64.66,15.79
173800,1,-59.72,17.62
174000,0,-67.33,16.62
174200,0,-67.26,13.06
174400,1,-61.74,18.75
174600,1,-58.44,14.93
174800,0,-60.76,20.52
175000,1,-62.31,20.12
175200,1,-56.15,20.97
175400,0,-68.03,14.6
175600,1,-62.97,16.2
175800,1,-60.43,16.51
176000,0,-70.26,17.66
176200,1,-60.76,20.46
176400,1,-57.85,15.58
176600,0,-60.99,13.15
176800,1,-63.73,14.87
177000,1,-64.7,21.46
177200,1,-62.52,19.99
177400,0,-67.32,8.25
177600,1,-61.4,16.75
177800,1,-65.92,14.82
178000,1,-56.69,22.91
178200,1,-58.93,20.65
178400,1,-63.52,16.88
178600,1,-66.03,16.01
178800,1,-59.88,19.57
179000,0,-70.79,14.57
179200,0,-60.64,12.47
179400,1,-62.54,21.83
179600,1,-60.21,18.1
179800,1,-61.48,18.06
180000,1,-61.45,18.93
180200,1,-61.72,17.37
180400,1,-55.73,17.4
180600,0,-60.84,11.23
180800,1,-59.38,19.02
181000,1,-57.31,20.14
181200,1,-58.15,19.14
181400,0,-62.2,21.06
181600,1,-70.7,20.35
181800,1,-64.01,22.9
182000,1,-55.67,20.37
182200,1,-54.78,23.04
182400,1,-63.69,20.23
182600,1,-59.99,16.94
182800,1,-63.5,15.19
183000,1,-62.42,17.77
183200,1,-60.74,18.67
183400,1,-62.27,15.32
183600,0,-67.14,19.79
183800,0,-71.53,13.95
184000,1,-63.65,18.92
184200,1,-59.42,19.15
184400,1,-63.5,18.12
184600,1,-62.93,18.63
184800,0,-62.55,12.51
185000,0,-60.97,11.74
185200,0,-68.48,14.76
185400,0,-68.85,13.87
185600,0,-61.16,16.56
185800,1,-62.33,17.55
186000,1,-61.81,20.78
186200,1,-58.56,19.44
186400,1,-57.01,13.95
186600,1,-58.95,17.48
186800,1,-53.54,20.87
187000,1,-61.47,15.27
187200,1,-58.16,16.67
187400,1,-64.65,13.61
187600,1,-54.42,16.45
187800,1,-62.16,14.24
188000,1,-58.23,21.01
188200,1,-57.91,20.55
188400,1,-67.53,16.46
188600,1,-59.84,17.4
188800,0,-66.9,14.25
189000,1,-61.74,17.06
189200,1,-61.18,18.77
189400,1,-63.16,17.4
189600,1,-65.92,16.72
189800,1,-62.36,13.95
190000,1,-63.0,15.65
190200,1,-67.98,19.17
190400,0,-63.0,19.55
190600,1,-62.24,15.82
190800,1,-61.44,20.3
191000,0,-64.74,10.89
191200,1,-60.36,13.84
191400,1,-61.41,16.99
191600,0,-63.34,13.87
191800,1,-62.06,22.88
192000,1,-61.1,22.26
192200,1,-62.08,22.24
192400,1,-61.63,22.2
192600,0,-65.38,15.79
192800,1,-62.03,18.36
193000,0,-74.49,12.52
193200,1,-60.15,16.1
193400,1,-61.46,18.55
193600,1,-61.39,14.54
193800,0,-67.17,10.91
194000,1,-60.98,19.19
194200,0,-63.14,19.08
194400,0,-67.22,9.7
194600,1,-61.81,14.74
194800,1,-55.49,17.61
195000,1,-54.96,17.71
195200,1,-59.63,19.7
195400,1,-58.15,19.63
195600,0,-69.96,9.97
195800,0,-67.56,15.53
196000,1,-56.93,18.41
196200,1,-66.75,17.15
196400,1,-63.54,19.86
196600,1,-56.12,16.3
196800,0,-71.28,11.55
197000,0,-67.68,11.01
197200,0,-71.63,16.62
197400,0,-69.36,12.96
197600,0,-67.92,12.54
197800,0,-66.96,14.62
198000,1,-61.04,20.51
198200,1,-70.62,16.73
198400,0,-64.3,10.04
198600,0,-64.5,13.44
198800,1,-60.5,16.15
199000,1,-64.11,18.12
199200,1,-64.83,14.91
199400,1,-58.27,17.57
199600,0,-70.52,12.19
199800,0,-68.53,15.63
200000,0,-67.8,12.53
200200,1,-60.32,18.77
200400,1,-58.82,19.85
200600,1,-64.28,20.23
200800,1,-60.55,17.67
201000,1,-64.59,17.83
201200,1,-59.84,20.86
201400,1,-58.4,19.76
201600,0,-71.2,17.52
201800,0,-67.46,12.89
202000,0,-64.76,15.03
202200,1,-55.69,17.36
202400,1,-59.05,17.49
202600,0,-64.53,13.77
202800,0,-69.86,13.96
203000,0,-71.3,17.78
203200,0,-64.31,11.66
203400,1,-59.81,15.67
203600,1,-64.33,20.44
203800,1,-64.21,19.1
204000,1,-59.25,21.79
204200,1,-58.02,17.76
204400,1,-62.97,14.21
204600,1,-55.38,21.84
204800,1,-58.76,22.15
205000,0,-72.5,13.46
205200,0,-62.36,14.46
205400,0,-70.3,14.36
205600,0,-67.21,12.27
205800,1,-64.63,18.48
206000,1,-62.71,21.21
206200,1,-61.1,18.48
206400,1,-64.24,19.28
206600,1,-59.5,21.94
206800,1,-63.12,18.14
207000,1,-62.58,20.47
207200,0,-66.92,12.89
207400,0,-66.43,17.84
207600,0,-68.67,11.65
207800,1,-59.96,16.55
208000,1,-62.33,18.44
208200,1,-63.21,10.74
208400,0,-61.72,14.98
208600,1,-61.21,19.18
208800,1,-58.58,21.7
209000,1,-59.12,21.5
209200,1,-66.3,17.34
209400,1,-68.63,25.04
209600,1,-61.96,20.72
209800,0,-69.95,14.02
210000,0,-67.96,14.31
210200,0,-72.96,10.88
210400,0,-69.2,15.32
210600,0,-67.02,11.74
210800,0,-68.33,12.62
211000,1,-59.73,19.4
211200,1,-60.61,18.04
211400,0,-70.64,13.56
211600,0,-59.21,14.2
211800,0,-65.65,11.4
212000,0,-64.92,8.82
212200,1,-62.9,17.36
212400,1,-59.81,22.38
212600,1,-64.07,22.74
212800,1,-65.88,19.89
213000,1,-62.75,18.56
213200,1,-68.37,17.65
213400,1,-57.51,15.59
213600,1,-63.87,15.65
213800,1,-61.18,16.4
214000,1,-60.49,18.54
214200,1,-62.62,19.48
214400,1,-63.11,17.16
214600,1,-62.75,13.55
214800,1,-59.59,17.33
215000,1,-52.43,19.45
215200,1,-60.88,16.17
215400,1,-67.61,18.37
215600,1,-62.04,14.74
215800,1,-61.7,18.16
216000,1,-59.52,20.64
216200,0,-60.86,19.76
216400,1,-65.97,17.5
216600,1,-63.92,19.26
216800,1,-58.28,19.79
217000,0,-65.82,12.53
217200,1,-58.17,18.06
217400,1,-58.69,17.52
217600,1,-65.7,19.66
217800,1,-57.82,18.81
218000,1,-65.16,18.69
218200,1,-58.32,15.32
218400,1,-58.05,15.58
218600,1,-57.89,15.49
218800,1,-59.23,19.86
219000,1,-59.98,18.75
219200,1,-57.3,17.95
219400,0,-68.16,12.19
219600,1,-57.7,15.81
219800,1,-57.99,22.43
220000,0,-60.12,17.25
220200,1,-64.05,21.28
220400,1,-59.18,16.93
220600,1,-62.05,19.43
220800,1,-62.01,19.23
221000,1,-61.64,16.77
221200,1,-61.12,15.83
221400,1,-63.83,21.24
221600,1,-60.82,17.03
221800,0,-69.19,12.43
222000,0,-68.97,10.67
222200,0,-66.94,16.07
222400,1,-61.14,17.4
222600,1,-59.68,20.51
222800,0,-74.35,14.07
223000,1,-60.97,21.17
223200,0,-70.38,11.99
223400,1,-54.45,19.11
223600,1,-61.84,19.38
223800,0,-62.8,22.1
224000,1,-62.9,23.3
224200,1,-59.73,18.4
224400,1,-62.85,16.18
224600,1,-66.11,19.87
224800,0,-66.7,14.9
225000,0,-62.09,9.64
225200,0,-71.7,10.47
225400,0,-63.96,13.2
225600,1,-58.01,12.98
225800,1,-61.49,18.79
226000,0,-66.93,17.58
226200,1,-59.19,24.67
226400,1,-60.16,18.91
226600,1,-65.06,20.53
226800,1,-64.76,22.15
227000,1,-67.71,19.78
227200,1,-65.36,14.95
227400,1,-60.44,17.35
227600,0,-70.29,6.16
227800,0,-63.92,14.4
228000,0,-63.18,11.06
228200,0,-74.19,15.09
228400,0,-64.08,17.82
228600,0,-61.04,10.2
228800,0,-69.0,9.18
229000,0,-71.35,14.06
229200,0,-61.24,13.97
229400,0,-64.44,13.42
229600,0,-69.41,8.65
229800,1,-59.18,17.75
230000,0,-69.66,9.93
230200,0,-72.22,12.67
230400,0,-69.47,11.19
230600,1,-61.55,17.07
230800,1,-62.59,17.17
231000,1,-54.81,20.5
231200,0,-75.06,14.61
231400,1,-63.24,18.2
231600,1,-58.65,14.21
231800,1,-61.94,17.84
232000,1,-61.54,20.69
232200,1,-65.15,22.25
232400,1,-60.42,19.45
232600,0,-61.75,16.1
232800,0,-67.05,16.91
233000,1,-61.35,19.18
233200,1,-57.72,21.36
233400,1,-63.79,22.04
233600,1,-60.05,20.62
233800,1,-64.48,16.75
234000,1,-59.17,18.19
234200,1,-61.24,15.66
234400,1,-69.16,13.08
234600,1,-60.97,22.38
234800,1,-68.29,19.04
235000,1,-65.41,17.65
235200,1,-62.89,16.02
235400,0,-67.9,13.9
235600,0,-68.28,12.38
235800,1,-59.46,17.68
236000,1,-65.22,15.34
236200,1,-64.53,17.76
236400,1,-57.33,14.83
236600,0,-71.35,13.44
236800,0,-65.72,12.5
237000,0,-64.65,9.21
237200,0,-69.2,9.99
237400,0,-67.1,13.98
237600,0,-59.69,21.02
237800,1,-56.07,18.77
238000,1,-57.53,20.58
238200,1,-62.24,19.22
238400,1,-66.19,20.06
238600,1,-61.67,18.26
238800,1,-67.53,13.83
239000,1,-63.35,15.75
239200,1,-63.04,18.37
239400,1,-63.23,20.58
239600,1,-63.94,19.16
239800,1,-63.54,23.97
240000,1,-60.05,10.41
240200,1,-58.1,16.67
240400,1,-58.15,18.7
240600,0,-71.72,16.57
240800,0,-64.2,9.06
241000,0,-65.57,17.27
241200,1,-61.93,22.74
241400,1,-55.17,20.82
241600,1,-62.07,16.87
241800,1,-64.59,22.15
242000,0,-67.99,17.65
242200,0,-64.66,14.93
242400,0,-71.59,16.95
242600,0,-68.64,11.6
242800,0,-74.01,12.26
243000,1,-59.42,18.97
243200,1,-58.31,21.93
243400,1,-65.61,19.94
243600,0,-68.33,13.84
243800,1,-57.7,18.25
244000,0,-69.47,11.89
244200,0,-67.89,16.99
244400,0,-65.71,11.52
244600,1,-68.27,17.33
244800,0,-68.38,13.01
245000,0,-63.06,14.32
245200,1,-57.65,18.48
245400,1,-63.24,18.34
245600,1,-62.13,18.64
245800,1,-63.79,17.38
246000,1,-56.38,16.17
246200,1,-60.11,16.24
246400,1,-67.15,19.19
246600,1,-58.9,21.21
246800,0,-59.54,14.57
247000,1,-62.6,19.45
247200,1,-61.84,16.15
247400,1,-57.28,24.17
247600,0,-67.89,17.53
247800,0,-63.1,12.02
248000,0,-66.95,14.33
248200,1,-63.46,16.39
248400,1,-63.95,19.05
248600,1,-58.26,18.63
248800,1,-63.9,13.63
249000,1,-63.53,20.93
249200,1,-63.87,18.2
249400,0,-64.63,14.9
249600,0,-72.43,15.17
249800,0,-64.86,12.24
250000,0,-69.78,11.6
250200,1,-59.41,16.97
250400,1,-60.48,20.39
250600,1,-62.29,17.78
250800,1,-64.53,21.4
251000,1,-57.66,19.54
251200,0,-67.19,11.18
251400,0,-66.36,19.15
251600,1,-58.75,15.92
251800,1,-65.06,18.36
252000,1,-62.09,21.8
252200,1,-67.77,17.8
252400,1,-61.32,14.6
252600,0,-67.64,14.73
252800,1,-68.96,17.31
253000,1,-60.0,18.04
253200,1,-65.41,17.0
253400,1,-61.31,18.53
253600,1,-59.48,16.38
253800,1,-60.82,20.2
254000,1,-60.94,16.31
254200,1,-59.58,14.42
254400,0,-64.18,16.45
254600,0,-63.35,17.31
254800,0,-62.86,9.89
255000,0,-59.52,18.34
255200,1,-60.27,17.2
255400,1,-63.55,17.73
255600,0,-68.74,11.66
255800,0,-69.7,16.39
256000,1,-60.54,20.99
256200,1,-62.88,20.38
256400,1,-61.23,20.54
256600,1,-55.56,17.66
256800,1,-58.01,21.81
257000,0,-72.5,15.81
257200,1,-66.6,17.63
257400,1,-64.65,22.1
257600,1,-58.46,16.43
257800,1,-68.88,17.51
258000,1,-63.84,14.67
258200,1,-66.29,16.11
258400,1,-57.53,15.16
258600,1,-58.23,18.88
258800,1,-65.65,18.19
259000,1,-58.97,19.14
259200,1,-61.84,19.3
259400,1,-58.49,16.64
259600,1,-62.0,17.62
259800,1,-63.37,16.91
260000,0,-66.57,14.36
260200,1,-67.92,16.34
260400,0,-66.87,13.75
260600,1,-57.59,19.3
260800,0,-62.6,16.59
261000,0,-67.17,13.96
261200,0,-67.82,16.9
261400,0,-60.39,11.32
261600,0,-57.99,13.41
261800,1,-63.99,16.84
262000,1,-59.23,17.2
262200,1,-60.84,18.21
262400,1,-63.52,25.1
262600,0,-63.38,14.64
262800,1,-67.84,16.9
263000,1,-59.79,20.4
263200,1,-63.52,15.65
263400,1,-60.74,20.72
263600,0,-67.11,15.07
263800,0,-65.24,12.97
264000,1,-54.22,19.66
264200,0,-69.17,15.84
264400,0,-66.0,13.48
264600,1,-64.13,20.08
264800,1,-61.41,20.44
265000,1,-60.67,23.15
265200,1,-61.71,17.48
265400,1,-60.96,19.4
265600,1,-63.94,18.29
265800,0,-59.61,20.04
266000,1,-62.82,19.47
266200,1,-58.82,17.81
266400,1,-58.65,18.05
266600,1,-57.22,19.14
266800,0,-67.58,11.53
267000,1,-61.69,18.64
267200,1,-63.26,21.42
267400,1,-58.68,17.25
267600,1,-59.16,18.62
267800,0,-63.08,19.59
268000,1,-60.98,14.39
268200,1,-64.18,15.78
268400,0,-63.85,8.29
268600,0,-72.36,13.88
268800,1,-64.17,14.93
269000,0,-70.39,11.27
269200,1,-57.44,18.48
269400,1,-73.54,18.41
269600,0,-71.59,17.2
269800,0,-65.84,9.29
270000,0,-68.65,16.88
270200,0,-67.91,13.67
270400,0,-68.74,12.31
270600,0,-73.29,13.06
270800,0,-67.57,14.8
271000,1,-59.19,21.64
271200,1,-64.68,19.64
271400,1,-58.58,15.3
271600,0,-70.35,15.75
271800,1,-64.81,21.16
272000,1,-66.01,20.06
272200,1,-58.21,16.23
272400,1,-63.35,21.66
272600,1,-63.74,19.05
272800,1,-58.89,18.15
273000,1,-65.95,18.93
273200,1,-56.31,18.51
273400,1,-57.28,18.52
273600,0,-69.61,9.72
273800,1,-55.64,17.22
274000,1,-58.44,18.65
274200,0,-68.63,14.16
274400,1,-67.66,17.51
274600,0,-61.84,14.94
274800,0,-70.57,11.47
275000,1,-59.68,18.86
275200,0,-68.66,16.12
275400,0,-66.67,12.78
275600,0,-64.66,14.05
275800,0,-62.28,11.03
276000,0,-67.65,15.73
276200,1,-61.1,19.75
276400,1,-56.64,19.92
276600,0,-65.24,16.85
276800,0,-64.72,12.54
277000,0,-66.56,12.73
277200,1,-61.74,22.54
277400,1,-63.23,20.02
277600,1,-62.19,16.53
277800,1,-57.34,16.88
278000,1,-63.77,17.87
278200,1,-58.72,17.65
278400,1,-50.16,19.62
278600,1,-62.04,19.02
278800,1,-64.15,14.88
279000,1,-56.62,14.55
279200,1,-59.31,16.65
279400,0,-68.17,9.98
279600,0,-67.73,16.79
279800,1,-60.36,17.79
280000,1,-63.85,17.55
280200,1,-67.33,20.83
280400,0,-69.1,10.06
280600,0,-69.1,13.9
280800,0,-71.56,8.14
281000,0,-62.28,15.65
281200,1,-58.39,14.61
281400,0,-64.13,15.57
281600,0,-67.24,11.93
281800,0,-71.89,15.96
282000,1,-58.96,16.0
282200,1,-58.98,16.46
282400,1,-64.56,21.71
282600,1,-61.57,25.21
282800,1,-60.62,18.02
283000,1,-60.82,14.87
283200,1,-58.5,18.51
283400,0,-64.97,17.36
283600,1,-60.68,13.68
283800,1,-61.86,18.36
284000,1,-69.01,17.47
284200,1,-56.83,17.25
284400,1,-56.43,18.74
284600,1,-58.42,16.76
284800,1,-63.62,13.38
285000,1,-62.6,17.36
285200,1,-60.23,12.32
285400,1,-65.25,19.06
285600,1,-59.37,17.88
285800,1,-59.88,20.68
286000,1,-53.91,19.33
286200,1,-61.37,17.02
286400,1,-58.62,21.49
286600,1,-64.0,22.98
286800,1,-58.7,19.43
287000,1,-57.75,17.0
287200,1,-57.4,14.86
287400,1,-59.9,16.76
287600,1,-64.46,19.63
287800,1,-57.57,17.31
288000,1,-64.83,20.03
288200,1,-59.14,20.82
288400,1,-60.74,15.38
288600,1,-71.32,19.68
288800,1,-57.75,20.22
289000,1,-59.54,18.66
289200,1,-60.37,19.56
289400,1,-58.43,18.59
289600,0,-68.95,16.41
289800,0,-65.79,10.64
290000,1,-58.82,16.27
290200,1,-59.52,17.93
290400,1,-59.63,20.05
290600,1,-64.18,20.08
290800,1,-63.63,12.28
291000,0,-65.39,15.26
291200,1,-59.23,18.88
291400,1,-60.53,17.5
291600,1,-55.93,20.33
291800,1,-64.33,19.83
292000,1,-60.56,19.42
292200,1,-65.46,22.63
292400,1,-64.87,21.39
292600,1,-62.4,20.12
292800,0,-68.7,8.35
293000,0,-68.69,15.25
293200,1,-59.68,19.67
293400,0,-60.31,14.47
293600,0,-64.37,12.53
293800,0,-66.24,17.95
294000,0,-67.41,14.92
294200,0,-64.15,12.8
294400,0,-70.43,12.72
294600,0,-70.42,11.35
294800,0,-60.64,14.37
295000,1,-62.37,15.83
295200,1,-68.25,19.71
295400,1,-67.0,14.52
295600,1,-55.59,16.49
295800,1,-60.77,16.37
296000,1,-61.14,22.22
296200,1,-61.14,14.49
296400,1,-58.07,16.91
296600,1,-58.77,16.16
296800,1,-60.76,16.01
297000,1,-60.91,17.51
297200,1,-61.29,15.26
297400,1,-60.92,17.58
297600,1,-58.11,15.97
297800,1,-60.34,17.21
298000,1,-56.48,23.79
298200,0,-66.78,14.99
298400,0,-64.77,14.01
298600,0,-67.02,18.11
298800,1,-59.74,18.52
299000,1,-56.4,20.73
299200,1,-59.31,21.12
299400,1,-61.8,17.73
299600,1,-64.11,17.38
299800,1,-58.41,14.8
300000,1,-61.97,15.24
300200,1,-62.2,22.89
300400,1,-64.5,14.58
300600,1,-64.35,17.79
300800,0,-60.84,18.02
301000,0,-67.63,9.5
301200,0,-67.47,16.56
301400,0,-66.61,15.72
301600,0,-73.18,11.79
301800,0,-73.78,12.04
302000,0,-67.96,12.76
302200,0,-59.9,12.59
302400,0,-63.72,10.78
302600,1,-53.93,20.14
302800,1,-61.99,18.72
303000,1,-59.71,19.42
303200,1,-61.1,17.35
303400,1,-60.78,18.17
303600,1,-64.02,16.84
303800,1,-58.65,20.43
304000,1,-54.59,15.95
304200,1,-61.82,19.63
304400,1,-58.82,18.96
304600,1,-58.53,20.75
304800,1,-63.4,24.29
305000,1,-62.67,16.71
305200,1,-63.38,23.81
305400,1,-67.55,20.04
305600,1,-59.23,20.29
305800,1,-58.42,21.65
306000,1,-55.12,18.95
306200,1,-59.6,19.16
306400,1,-63.94,20.4
306600,1,-61.81,17.99
306800,0,-64.7,8.74
307000,0,-67.54,12.2
307200,1,-68.57,16.67
307400,1,-67.17,18.85
307600,0,-64.96,14.76
307800,0,-64.47,8.72
308000,0,-65.55,17.85
308200,0,-66.23,12.9
308400,0,-66.45,15.3
308600,0,-58.21,21.95
308800,1,-58.31,20.64
309000,1,-62.11,17.03
309200,1,-59.62,23.17
309400,1,-62.91,17.94
309600,1,-61.11,19.35
309800,1,-58.99,15.77
310000,1,-60.69,23.25
310200,1,-61.83,21.61
310400,0,-66.0,15.57
310600,0,-65.42,14.96
310800,0,-68.82,12.64
311000,0,-66.93,18.96
311200,0,-66.42,16.15
311400,0,-67.97,14.42
311600,1,-56.8,17.55
311800,1,-62.09,19.44
312000,0,-70.72,10.9
312200,0,-63.5,11.21
312400,1,-63.11,19.95
312600,1,-59.27,14.97
312800,1,-62.43,17.3
313000,1,-61.03,20.55
313200,1,-67.01,19.23
313400,1,-61.87,18.65
313600,1,-62.18,20.7
313800,1,-65.19,15.01
314000,1,-64.02,23.1
314200,1,-60.0,19.8
314400,0,-66.86,18.95
314600,0,-68.69,11.29
314800,1,-60.35,16.76
315000,1,-56.14,16.25
315200,1,-61.94,18.21
315400,1,-60.91,21.52
315600,1,-59.72,19.22
315800,1,-64.56,19.64
316000,0,-61.84,18.95
316200,1,-61.72,17.77
316400,1,-62.47,14.58
316600,1,-55.12,17.79
316800,1,-59.1,16.69
317000,1,-57.86,21.22
317200,0,-75.26,14.97
317400,1,-62.25,18.03
317600,1,-61.39,21.78
317800,1,-59.96,17.69
318000,1,-58.65,19.61
318200,1,-61.74,17.41
318400,1,-60.32,22.19
318600,1,-63.09,22.86
318800,1,-61.1,21.05
319000,1,-63.44,15.16
319200,1,-62.42,18.84
319400,1,-57.68,23.0
319600,1,-62.47,17.23
319800,1,-68.09,24.63
320000,1,-65.86,21.42
320200,1,-54.5,18.22
320400,1,-60.74,18.91
320600,1,-61.19,21.2
320800,1,-54.58,17.51
321000,1,-60.32,21.92
321200,1,-62.3,19.04
321400,0,-64.7,10.56
321600,0,-67.46,11.8
321800,1,-59.56,18.08
322000,0,-64.52,15.06
322200,0,-61.92,16.3
322400,1,-62.95,19.3
322600,1,-60.74,19.4
322800,1,-67.05,17.8
323000,1,-63.91,14.58
323200,0,-70.67,14.55
323400,0,-72.07,16.07
323600,1,-60.84,15.85
323800,1,-59.01,20.81
324000,1,-57.97,19.02
324200,1,-67.05,19.75
324400,1,-58.59,18.06
324600,1,-57.13,22.72
324800,1,-61.59,21.56
325000,1,-58.21,22.13
325200,1,-58.54,19.56
325400,0,-67.46,17.33
325600,1,-56.79,18.35
325800,1,-60.99,18.45
326000,1,-57.0,19.05
326200,1,-60.75,15.09
326400,1,-58.57,20.09
326600,1,-66.99,18.71
326800,1,-64.87,20.53
327000,0,-61.65,11.02
327200,0,-65.07,8.87
327400,0,-64.34,17.55
327600,0,-66.11,13.2
327800,1,-63.36,18.08
328000,1,-61.25,19.77
328200,1,-57.36,17.52
328400,1,-57.0,16.41
328600,1,-58.98,17.23
328800,0,-68.51,13.96
329000,1,-60.37,18.92
329200,1,-58.56,18.21
329400,1,-62.26,18.83
329600,1,-58.49,25.17
329800,1,-59.25,23.6
330000,1,-66.19,17.58
330200,1,-59.13,18.62
330400,1,-62.29,15.73
330600,1,-60.46,18.48
330800,1,-56.07,15.54
331000,1,-58.54,17.33
331200,1,-63.61,20.54
331400,1,-59.56,18.51
331600,1,-63.09,19.33
331800,1,-60.45,21.82
332000,1,-55.42,20.03
332200,1,-63.12,18.52
332400,1,-64.64,17.29
332600,1,-65.92,17.74
332800,0,-67.31,11.32
333000,0,-67.52,7.66
333200,0,-74.26,9.87
333400,0,-69.17,14.23
333600,0,-63.97,17.74
333800,0,-67.88,14.89
334000,0,-70.82,13.78
334200,1,-60.97,19.3
334400,1,-67.62,20.15
334600,1,-62.96,15.31
334800,1,-54.43,20.21
335000,1,-66.59,21.84
335200,1,-66.78,19.88
335400,1,-59.92,15.99
335600,1,-55.09,19.98
335800,1,-58.34,19.89
336000,1,-60.14,18.66
336200,1,-64.38,16.01
336400,1,-60.97,20.7
336600,1,-59.32,19.21
336800,1,-61.13,19.41
337000,1,-64.27,19.67
337200,0,-70.37,18.23
337400,0,-68.0,12.59
337600,1,-63.35,20.36
337800,1,-62.19,16.24
338000,1,-63.79,22.24
338200,1,-61.29,19.61
338400,1,-62.63,19.32
338600,1,-61.89,21.88
338800,0,-68.34,12.42
339000,0,-64.22,14.15
339200,0,-69.85,10.59
339400,1,-55.98,16.86
339600,0,-60.41,19.42
339800,1,-63.4,19.94
340000,1,-64.41,18.44
340200,1,-58.64,16.47
340400,1,-57.4,18.53
340600,1,-61.69,16.37
340800,1,-57.92,14.56
341000,1,-63.67,21.95
341200,1,-62.88,19.14
341400,1,-60.69,12.56
341600,1,-63.76,18.53
341800,1,-63.36,13.42
342000,1,-61.68,21.53
342200,0,-67.04,15.34
342400,1,-64.4,14.32
342600,1,-61.07,16.21
342800,0,-64.84,16.78
343000,1,-69.85,14.58
343200,1,-65.95,18.51
343400,0,-63.92,15.33
343600,1,-60.24,19.05
343800,1,-65.15,19.49
344000,1,-64.31,17.66
344200,1,-63.72,24.09
344400,1,-58.59,17.58
344600,0,-69.98,11.02
344800,0,-64.23,14.14
345000,0,-65.49,15.51
345200,1,-57.82,16.73
345400,1,-58.67,24.76
345600,0,-65.45,15.3
345800,0,-66.91,8.86
346000,0,-66.18,18.45
346200,0,-68.46,13.91
346400,0,-64.28,11.62
346600,0,-66.5,12.62
346800,0,-67.11,15.55
347000,1,-58.87,21.48
347200,0,-59.61,20.84
347400,1,-59.43,18.31
347600,0,-65.7,12.05
347800,0,-63.49,11.72
348000,1,-58.73,14.51
348200,0,-70.79,13.4
348400,1,-67.05,18.61
348600,1,-59.4,15.27
348800,1,-65.11,18.32
349000,1,-62.99,20.12
349200,0,-58.51,17.54
349400,1,-64.27,16.05
349600,1,-62.37,18.47
349800,1,-63.63,17.75
350000,1,-62.7,17.4
350200,1,-61.94,17.87
350400,0,-57.77,14.2
350600,1,-62.74,20.24
350800,1,-58.64,19.58
351000,1,-62.63,19.75
351200,1,-58.77,16.15
351400,1,-62.05,14.62
351600,1,-62.09,13.72
351800,1,-66.22,23.07
352000,1,-63.32,15.07
352200,1,-64.44,22.12
352400,1,-58.66,18.53
352600,1,-59.86,16.96
352800,0,-69.79,11.13
353000,0,-68.28,14.86
353200,0,-70.65,14.61
353400,0,-62.9,11.6
353600,0,-67.62,12.9
353800,1,-61.88,17.06
354000,1,-66.87,16.56
354200,0,-63.72,14.85
354400,1,-60.69,19.44
354600,1,-54.55,17.12
354800,1,-60.39,20.99
355000,1,-58.38,17.4
355200,1,-62.14,20.75
355400,1,-59.4,16.44
355600,1,-63.14,16.42
355800,1,-60.76,18.47
356000,1,-66.34,18.7
356200,1,-69.76,13.87
356400,1,-62.94,17.67
356600,1,-57.01,18.34
356800,1,-61.78,21.38
357000,1,-61.34,15.5
357200,1,-57.25,21.58
357400,1,-60.75,19.65
357600,1,-54.79,14.02
357800,1,-60.11,19.91
358000,1,-61.88,16.34
358200,1,-61.34,16.48
358400,1,-62.45,14.2
358600,1,-65.98,14.32
358800,1,-56.95,19.24
359000,1,-49.86,12.09
359200,1,-56.24,19.66
359400,1,-59.89,17.36
359600,1,-66.32,17.67
359800,1,-61.43,16.75
360000,1,-61.34,16.43
360200,1,-64.39,14.94
360400,0,-63.23,12.9
360600,0,-66.03,8.72
360800,0,-64.01,16.76
361000,0,-67.54,13.55
361200,0,-70.25,12.0
361400,0,-64.33,13.4
361600,0,-68.46,9.93
361800,0,-65.55,12.27
362000,1,-64.64,19.1
362200,1,-57.94,18.47
362400,1,-55.37,19.0
362600,1,-63.43,19.87
362800,0,-60.58,18.06
363000,1,-61.13,23.26
363200,0,-67.17,14.99
363400,1,-62.39,18.6
363600,1,-60.46,19.32
363800,1,-63.49,19.58
364000,1,-57.32,19.45
364200,1,-66.76,17.85
364400,1,-64.2,19.77
364600,1,-65.24,20.55
364800,0,-63.37,10.37
365000,1,-68.14,15.28
365200,1,-65.3,17.16
365400,1,-61.79,15.92
365600,1,-60.83,18.57
365800,1,-58.47,23.21
366000,0,-65.46,14.86
366200,1,-64.31,15.85
366400,1,-61.39,15.23
366600,1,-61.47,20.17
366800,1,-58.43,16.36
367000,1,-62.68,17.94
367200,1,-66.26,19.29
367400,1,-58.43,17.9
367600,1,-62.21,20.52
367800,1,-59.81,18.21
368000,1,-61.82,17.31
368200,1,-61.11,22.59
368400,1,-63.4,21.5
368600,1,-65.08,19.3
368800,0,-66.85,12.04
369000,1,-65.15,17.81
369200,0,-60.57,16.59
369400,0,-65.38,15.84
369600,0,-66.36,12.3
369800,0,-67.54,14.33
370000,0,-70.38,14.61
370200,0,-64.74,14.15
370400,0,-64.29,15.89
370600,0,-69.77,12.14
370800,0,-66.59,15.0
371000,0,-63.11,13.33
371200,1,-61.53,19.7
371400,0,-69.53,14.93
371600,0,-62.75,14.31
371800,0,-62.76,17.47
372000,0,-68.57,13.5
372200,0,-71.36,14.4
372400,0,-62.81,13.84
372600,1,-62.07,22.09
372800,1,-61.41,20.79
373000,1,-60.19,19.47
373200,1,-57.85,22.61
373400,1,-61.87,16.05
373600,1,-58.91,15.29
373800,1,-56.0,18.75
374000,1,-63.72,17.2
374200,0,-59.12,18.04
374400,1,-59.81,15.36
374600,0,-66.17,17.93
374800,1,-64.31,20.18
375000,1,-57.86,25.52
375200,1,-53.73,20.15
375400,1,-57.4,13.44
375600,1,-62.09,21.52
375800,1,-60.51,18.92
376000,1,-58.62,19.39
376200,1,-60.37,17.03
376400,1,-63.39,19.25
376600,0,-68.01,13.89
376800,0,-71.69,10.45
377000,0,-66.09,11.75
377200,0,-66.43,11.43
377400,0,-68.5,12.76
377600,0,-66.53,15.73
377800,0,-72.06,15.07
378000,0,-64.08,14.38
378200,0,-67.18,12.09
378400,1,-61.74,13.37
378600,1,-57.45,19.41
378800,1,-54.15,18.09
379000,1,-59.7,19.6
379200,1,-66.03,19.72
379400,1,-59.09,16.83
379600,0,-67.51,13.8
379800,0,-65.93,9.36
380000,0,-69.93,12.36
380200,1,-61.49,21.49
380400,0,-66.04,16.89
380600,0,-65.33,11.46
380800,0,-69.34,12.16
381000,0,-70.79,13.9
381200,0,-62.46,14.05
381400,0,-69.01,8.82
381600,1,-56.59,20.41
381800,1,-63.06,16.15
382000,1,-63.27,15.65
382200,1,-61.35,23.46
382400,1,-60.97,19.08
382600,1,-61.13,22.11
382800,1,-63.59,17.71
383000,1,-63.54,19.19
383200,0,-69.81,12.81
383400,1,-60.94,21.99
383600,1,-59.32,17.2
383800,1,-59.6,20.87
384000,1,-66.03,15.68
384200,0,-71.67,9.02
384400,1,-58.49,20.09
384600,1,-59.36,16.76
384800,1,-61.18,21.48
385000,1,-64.53,18.9
385200,1,-56.7,18.97
385400,0,-63.19,16.75
385600,1,-56.97,19.13
385800,1,-64.53,19.97
386000,1,-62.99,18.46
386200,0,-59.27,17.89
386400,1,-61.73,18.46
386600,1,-56.09,18.19
386800,1,-61.48,17.58
387000,1,-62.03,16.55
387200,1,-61.97,16.87
387400,1,-58.3,19.9
387600,0,-61.57,17.62
387800,1,-64.31,14.74
388000,1,-60.53,18.55
388200,1,-59.63,19.91
388400,0,-66.92,20.3
388600,0,-61.26,16.82
388800,1,-63.62,20.18
389000,1,-61.92,17.23
389200,1,-59.26,19.77
389400,1,-65.25,19.33
389600,1,-58.0,19.0
389800,1,-61.11,18.12
390000,1,-64.8,16.13
390200,1,-64.02,20.25
390400,1,-68.28,19.81
390600,1,-62.94,17.38
390800,0,-63.83,12.72
391000,0,-68.86,15.93
391200,1,-56.92,16.71
391400,1,-62.29,21.21
391600,1,-64.62,19.62
391800,1,-61.66,23.16
392000,1,-56.49,18.34
392200,0,-64.95,12.7
392400,0,-65.83,13.48
392600,1,-57.17,18.92
392800,1,-56.95,19.91
393000,1,-59.6,18.95
393200,0,-64.83,14.44
393400,0,-66.65,12.93
393600,0,-66.32,13.78
393800,1,-61.12,18.9
394000,1,-62.08,18.88
394200,1,-62.16,23.14
394400,1,-64.66,14.54
394600,1,-70.16,19.08
394800,1,-53.54,21.65
395000,1,-57.63,17.56
395200,1,-67.47,16.32
395400,1,-58.79,15.34
395600,1,-61.3,16.9
395800,1,-65.93,14.0
396000,1,-60.09,17.06
396200,0,-65.82,15.76
396400,0,-67.01,9.27
396600,0,-72.0,14.93
396800,0,-70.13,12.54
397000,1,-63.2,17.23
397200,1,-61.45,16.29
397400,1,-59.11,17.74
397600,1,-62.41,19.58
397800,1,-61.12,16.75
398000,1,-64.02,16.84
398200,0,-69.73,12.47
398400,0,-61.53,15.5
398600,0,-71.02,15.88
398800,0,-69.06,13.67
399000,0,-62.48,15.84
399200,0,-71.02,12.73
399400,0,-67.96,11.2
399600,0,-71.29,16.43
399800,0,-67.32,12.12
400000,0,-57.85,22.95
400200,0,-60.44,10.91
400400,1,-62.99,14.96
400600,1,-63.36,21.34
400800,0,-62.84,15.72
401000,0,-65.45,12.66
401200,0,-62.78,10.92
401400,0,-65.53,11.88
401600,0,-66.43,13.32
401800,0,-69.01,16.35
402000,0,-62.13,13.83
402200,0,-64.3,12.76
402400,0,-70.26,13.39
402600,1,-58.19,23.22
402800,1,-62.57,25.83
403000,0,-66.59,10.06
403200,0,-66.34,18.47
403400,0,-70.27,11.12
403600,0,-73.02,9.68
403800,1,-65.44,16.82
404000,0,-64.27,13.9
404200,0,-63.14,13.31
404400,1,-61.22,18.95
404600,1,-57.81,15.55
404800,0,-66.76,13.29
405000,0,-66.58,8.77
405200,1,-56.45,18.65
405400,1,-59.78,21.78
405600,1,-59.26,15.19
405800,1,-61.38,18.75
406000,1,-61.48,18.5
406200,1,-55.62,15.74
406400,1,-57.75,21.37
406600,1,-55.12,17.08
406800,1,-63.4,18.2
407000,1,-67.7,15.33
407200,1,-59.51,19.84
407400,0,-68.27,11.99
407600,1,-59.04,19.74
407800,1,-59.75,19.69
408000,1,-60.79,20.51
408200,1,-62.02,17.6
408400,1,-56.61,23.72
408600,1,-64.42,19.23
408800,1,-62.13,19.73
409000,1,-56.81,19.14
409200,1,-63.02,20.66
409400,1,-63.94,18.71
409600,1,-65.04,21.42
409800,1,-61.9,20.44
410000,1,-59.78,15.31
410200,1,-57.91,17.71
410400,0,-70.75,11.46
410600,1,-53.45,16.95
410800,1,-59.35,17.15
411000,1,-61.6,21.01
411200,1,-62.78,16.54
411400,1,-59.02,17.14
411600,1,-62.42,20.18
411800,1,-62.0,15.44
412000,1,-63.83,15.35
412200,1,-63.43,15.55
412400,0,-66.11,14.68
412600,1,-60.77,17.4
412800,1,-57.64,17.99
413000,1,-58.52,19.1
413200,1,-61.44,17.85
413400,1,-54.12,14.29
413600,1,-59.26,14.94
413800,1,-59.43,21.8
414000,1,-66.85,16.56
414200,1,-61.09,15.74
414400,1,-65.84,17.39
414600,1,-58.75,18.2
414800,1,-59.18,17.44
415000,1,-60.29,19.89
415200,1,-63.11,22.0
415400,1,-66.03,16.94
415600,1,-60.99,21.95
415800,0,-60.33,20.35
416000,1,-64.41,19.61
416200,1,-68.63,19.04
416400,1,-65.05,19.35
416600,0,-68.86,16.13
416800,0,-66.02,12.69
417000,0,-70.43,11.11
417200,0,-69.48,11.01
417400,1,-64.39,15.74
417600,1,-72.79,14.85
417800,1,-63.29,14.65
418000,1,-64.83,17.32
418200,1,-60.06,21.66
418400,1,-57.95,17.38
418600,1,-63.39,18.18
418800,1,-53.14,15.91
419000,1,-63.18,20.87
419200,1,-57.17,15.74
419400,0,-69.14,18.09
419600,0,-66.14,17.71
419800,0,-63.81,19.61
420000,0,-65.69,12.78
420200,0,-61.24,13.07
420400,0,-60.52,13.7
420600,1,-63.95,16.89
420800,1,-62.85,19.66
421000,1,-62.45,15.19
421200,1,-59.73,19.32
421400,1,-59.36,15.94
421600,0,-69.28,12.83
421800,0,-65.75,12.84
422000,1,-59.09,17.19
422200,1,-62.63,25.55
422400,1,-62.49,20.67
422600,1,-55.12,18.89
422800,1,-60.6,18.78
423000,1,-60.72,19.12
423200,1,-60.08,19.51
423400,0,-66.41,14.86
423600,0,-71.24,12.72
423800,0,-63.37,14.19
424000,1,-64.76,17.14
424200,1,-60.5,18.67
424400,1,-56.3,16.79
424600,1,-61.88,16.32
424800,0,-68.0,14.1
425000,0,-67.57,16.41
425200,0,-65.12,16.18
425400,0,-64.24,16.76
425600,1,-61.81,14.73
425800,1,-61.15,18.08
426000,1,-59.1,18.85
426200,1,-59.68,17.94
426400,1,-62.11,17.44
426600,1,-59.21,18.3
426800,0,-68.08,15.72
427000,0,-73.75,11.92
427200,1,-61.76,17.81
427400,0,-67.38,13.21
427600,0,-63.33,15.18
427800,1,-60.24,15.7
428000,1,-60.53,19.7
428200,1,-63.23,14.64
428400,1,-56.24,19.79
428600,1,-68.26,19.81
428800,1,-57.76,18.04
429000,0,-62.36,13.98
429200,0,-65.6,18.77
429400,0,-67.9,15.62
429600,0,-64.64,16.23
429800,0,-67.03,13.09
430000,0,-71.61,14.15
430200,0,-72.31,17.38
430400,0,-71.92,16.33
430600,1,-51.62,18.17
430800,1,-60.11,16.98
431000,1,-61.24,20.46
431200,1,-56.82,14.97
431400,1,-66.76,17.83
431600,1,-66.32,17.28
431800,0,-64.96,14.12
432000,1,-62.07,17.49
432200,1,-60.81,23.39
432400,0,-70.47,13.23
432600,1,-58.51,18.53
432800,1,-56.52,20.49
433000,1,-60.78,23.41
433200,1,-57.86,21.59
433400,0,-56.72,19.83
433600,0,-67.67,13.22
433800,0,-71.78,14.39
434000,0,-67.1,11.48
434200,0,-66.73,16.38
434400,0,-68.91,15.81
434600,0,-69.09,13.4
434800,0,-62.96,14.35
435000,0,-67.69,8.76
435200,0,-70.83,16.32
435400,1,-60.05,14.46
435600,1,-59.16,19.04
435800,1,-63.28,17.38
436000,1,-62.78,18.22
436200,1,-64.34,18.97
436400,1,-59.74,17.48
436600,1,-55.9,17.35
436800,1,-58.05,20.1
437000,1,-69.71,22.53
437200,1,-61.51,19.88
437400,0,-65.7,15.04
437600,1,-63.85,15.76
437800,0,-71.17,14.57
438000,1,-60.99,21.68
438200,1,-56.24,15.59
438400,1,-59.96,19.54
438600,1,-58.08,17.3
438800,1,-60.3,22.75
439000,1,-58.43,18.15
439200,0,-64.3,14.07
439400,0,-58.7,12.2
439600,1,-63.86,20.51
439800,1,-66.61,20.76
440000,0,-69.96,12.88
440200,0,-66.11,16.56
440400,1,-64.19,16.47
440600,1,-56.03,17.59
440800,1,-62.94,18.72
441000,1,-59.35,16.67
441200,1,-61.67,18.05
441400,1,-61.87,18.5
441600,0,-66.81,11.1
441800,0,-63.92,13.58
442000,0,-58.05,19.38
442200,0,-56.45,16.8
442400,1,-66.87,18.89
442600,0,-69.42,13.77
442800,0,-71.39,15.59
443000,0,-57.88,14.96
443200,1,-56.55,12.99
443400,1,-59.31,17.39
443600,1,-63.26,16.3
443800,0,-62.67,14.48
444000,1,-63.2,18.33
444200,1,-53.86,18.55
444400,1,-63.95,19.61
444600,1,-65.56,17.86
444800,1,-59.64,17.52
445000,1,-56.0,24.35
445200,0,-64.55,15.99
445400,0,-66.17,13.19
445600,1,-61.91,16.11
445800,1,-57.97,19.56
446000,1,-66.52,16.24
446200,1,-62.7,15.12
446400,1,-63.42,16.6
446600,1,-64.33,19.61
446800,1,-62.95,16.22
447000,1,-61.18,13.86
447200,1,-57.61,17.37
447400,1,-61.43,15.93
447600,0,-66.66,12.44
447800,1,-61.76,17.23
448000,1,-61.91,17.38
448200,1,-63.24,15.91
448400,1,-58.37,19.59
448600,1,-64.48,18.09
448800,1,-58.88,19.14
449000,0,-69.27,14.39
449200,0,-69.07,14.7
449400,0,-71.86,17.59
449600,1,-60.73,21.0
449800,1,-55.2,18.57
450000,1,-58.05,17.24
450200,1,-63.52,19.47
450400,0,-63.24,7.64
450600,0,-65.99,15.13
450800,0,-66.69,10.49
451000,1,-60.85,16.55
451200,1,-61.24,19.64
451400,1,-58.31,23.53
451600,1,-60.03,16.34
451800,1,-59.53,15.62
452000,1,-61.22,15.89
452200,1,-62.36,19.71
452400,0,-65.88,11.91
452600,0,-67.59,14.54
452800,1,-60.38,20.43
453000,1,-59.98,21.63
453200,1,-65.04,20.85
453400,1,-61.29,15.25
453600,1,-60.5,22.9
453800,1,-63.65,16.11
454000,1,-63.97,21.47
454200,1,-62.49,15.83
454400,1,-61.59,19.07
454600,1,-67.36,19.71
454800,1,-64.98,17.18
455000,1,-58.04,19.68
455200,1,-64.97,21.48
455400,1,-57.09,18.88
455600,1,-59.91,19.2
455800,1,-61.82,23.34
456000,1,-56.77,14.59
456200,1,-59.76,16.14
456400,1,-57.37,18.37
456600,1,-60.74,19.11
456800,1,-63.16,22.75
457000,1,-63.18,22.29
457200,0,-67.34,11.07
457400,0,-61.03,12.93
457600,0,-69.94,16.52
457800,0,-71.3,13.1
458000,0,-67.07,11.2
458200,0,-64.38,9.62
458400,0,-66.5,14.89
458600,1,-59.53,16.29
458800,1,-60.59,19.55
459000,1,-61.66,14.64
459200,1,-58.52,20.08
459400,1,-66.38,19.59
459600,1,-63.06,20.05
459800,1,-59.01,19.31
460000,1,-64.08,13.85
460200,1,-62.21,22.67
460400,1,-60.75,18.29
460600,1,-57.23,19.38
460800,1,-64.1,15.18
461000,1,-60.82,14.72
461200,1,-63.43,14.6
461400,1,-69.2,18.72
461600,1,-63.44,21.47
461800,1,-56.22,17.9
462000,1,-64.42,17.02
462200,1,-62.31,17.44
462400,1,-64.96,14.2
462600,1,-64.17,16.98
462800,0,-68.37,10.78
463000,0,-68.36,16.84
463200,1,-62.21,21.3
463400,1,-61.5,19.2
463600,1,-55.21,14.62
463800,0,-67.11,16.99
464000,0,-61.08,8.53
464200,0,-65.36,8.43
464400,0,-70.82,11.6
464600,1,-66.17,18.31
464800,1,-57.11,21.16
465000,1,-61.71,21.36
465200,1,-59.55,14.37
465400,1,-58.07,20.54
465600,1,-61.03,14.5
465800,1,-62.0,17.84
466000,1,-59.76,17.24
466200,1,-63.23,15.23
466400,1,-60.91,19.7
466600,1,-54.97,19.42
466800,0,-58.54,15.4
467000,1,-59.95,21.54
467200,1,-62.86,19.3
467400,0,-63.23,19.48
467600,1,-58.91,13.87
467800,1,-56.16,21.87
468000,0,-60.74,16.37
468200,1,-63.01,14.74
468400,1,-64.02,16.16
468600,1,-61.54,20.53
468800,0,-69.77,13.33
469000,0,-60.52,12.86
469200,0,-63.5,7.99
469400,0,-66.95,11.15
469600,0,-66.85,11.61
469800,0,-66.83,14.84
470000,0,-63.31,18.35
470200,1,-62.84,17.42
470400,1,-58.19,23.4
470600,1,-62.35,18.16
470800,1,-63.01,19.31
471000,1,-63.47,18.58
471200,1,-59.18,19.41
471400,1,-64.48,21.73
471600,0,-69.12,13.18
471800,1,-68.75,17.83
472000,1,-60.11,22.43
472200,0,-69.51,9.96
472400,0,-69.68,9.86
472600,0,-70.44,11.82
472800,1,-58.68,19.22
473000,1,-65.02,22.69
473200,1,-55.08,16.22
473400,0,-68.73,14.49
473600,1,-57.93,15.58
473800,0,-62.48,9.57
474000,0,-66.63,11.37
474200,1,-60.1,19.28
474400,1,-65.96,21.89
474600,1,-61.07,15.64
474800,1,-56.48,20.21
475000,1,-62.21,22.15
475200,0,-68.52,13.14
475400,0,-65.9,12.88
475600,0,-66.38,11.14
475800,0,-61.47,13.55
476000,0,-69.77,13.58
476200,1,-59.08,20.14
476400,1,-59.32,23.02
476600,1,-62.78,16.23
476800,1,-58.57,19.03
477000,0,-68.15,9.93
477200,0,-70.11,13.39
477400,0,-65.48,15.21
477600,1,-64.78,18.5
477800,1,-61.43,16.96
478000,1,-62.37,20.08
478200,1,-61.65,20.72
478400,1,-63.97,16.35
478600,1,-67.39,18.03
478800,1,-54.36,15.5
479000,1,-63.31,17.43
479200,1,-60.12,18.37
479400,1,-56.25,17.13
479600,0,-68.19,14.56
479800,0,-63.93,13.33
480000,1,-59.74,16.84
480200,1,-60.27,19.19
480400,1,-59.17,20.74
480600,1,-62.48,20.01
480800,1,-58.7,19.12
481000,0,-65.57,13.41
481200,1,-59.44,22.76
481400,1,-64.12,21.27
481600,1,-60.18,13.08
481800,1,-58.04,20.95
482000,0,-65.22,16.63
482200,1,-62.0,18.76
482400,1,-59.28,21.45
482600,1,-64.71,22.44
482800,1,-60.79,20.13
483000,1,-54.69,13.44
483200,1,-65.23,19.67
483400,1,-59.14,17.55
483600,1,-56.55,16.96
483800,1,-59.03,14.75
484000,0,-71.42,14.45
484200,0,-65.07,15.75
484400,0,-60.99,11.57
484600,1,-62.95,18.62
484800,1,-63.23,18.88
485000,0,-71.71,17.09
485200,0,-68.48,14.8
485400,0,-67.54,14.37
485600,1,-64.02,20.7
485800,1,-61.12,18.9
486000,0,-65.25,15.82
486200,0,-71.44,11.56
486400,0,-65.7,11.13
486600,1,-62.34,17.6
486800,1,-58.54,20.71
487000,1,-55.9,15.23
487200,1,-60.57,18.59
487400,1,-61.7,14.71
487600,1,-60.14,21.56
487800,1,-58.37,22.55
488000,0,-67.48,16.75
488200,0,-70.95,9.44
488400,1,-61.6,20.36
488600,1,-59.36,15.8
488800,1,-58.47,16.44
489000,1,-55.13,16.38
489200,1,-59.99,19.81
489400,1,-62.03,22.57
489600,1,-67.42,16.03
489800,1,-58.47,21.8
490000,1,-56.94,19.35
490200,1,-58.31,20.44
490400,1,-57.63,19.8
490600,0,-57.98,22.57
490800,1,-60.71,18.48
491000,1,-62.44,20.14
491200,0,-64.89,14.98
491400,1,-61.78,13.68
491600,1,-58.41,21.37
491800,1,-63.37,16.95
492000,0,-64.51,8.42
492200,0,-64.47,11.33
492400,0,-66.58,18.02
492600,1,-59.21,18.16
492800,1,-62.37,20.89
493000,1,-58.76,15.89
493200,1,-58.33,21.11
493400,1,-57.3,18.2
493600,1,-57.09,18.47
493800,1,-63.04,15.23
494000,1,-58.32,17.43
494200,0,-61.64,12.41
494400,0,-66.9,9.3
494600,1,-68.84,18.61
494800,1,-58.19,19.56
495000,1,-60.33,14.73
495200,1,-59.17,15.78
495400,1,-59.32,20.25
495600,1,-57.44,20.05
495800,1,-65.27,19.6
496000,1,-60.64,18.78
496200,1,-59.5,16.83
496400,1,-63.0,21.05
496600,1,-57.09,19.08
496800,1,-63.32,17.13
497000,1,-63.97,15.38
497200,1,-65.76,18.08
497400,0,-58.17,13.61
497600,0,-69.57,12.35
497800,0,-71.52,14.8
498000,0,-66.33,11.5
498200,0,-63.23,16.69
498400,0,-68.31,16.95
498600,1,-63.16,16.25
498800,1,-59.28,14.29
499000,1,-61.14,15.08
499200,0,-69.48,16.77
499400,0,-58.83,18.33
499600,1,-56.16,18.71
499800,1,-57.19,22.62
500000,1,-59.18,19.34
500200,1,-61.81,18.32
500400,1,-61.5,17.9
500600,1,-62.46,17.1
500800,1,-61.42,16.48
501000,1,-57.23,18.0
501200,1,-57.5,18.26
501400,0,-71.48,10.48
501600,0,-66.63,12.25
501800,0,-63.61,14.12
502000,0,-71.02,15.53
502200,0,-68.22,14.33
502400,1,-63.33,15.8
502600,0,-66.13,16.06
502800,1,-62.73,15.17
503000,1,-55.62,18.34
503200,0,-69.87,6.87
503400,0,-67.24,10.81
503600,0,-68.82,9.38
503800,1,-62.51,14.64
504000,1,-60.03,20.67
504200,1,-60.57,19.93
504400,0,-57.52,21.79
504600,0,-68.96,14.13
504800,0,-68.44,9.92
505000,0,-68.81,17.46
505200,1,-60.51,20.05
505400,1,-53.58,16.09
505600,1,-65.13,21.68
505800,1,-61.52,18.76
506000,1,-60.01,13.63
506200,1,-63.75,12.85
506400,1,-66.32,21.25
506600,1,-60.5,18.45
506800,1,-62.1,15.97
507000,1,-61.38,21.14
507200,1,-60.74,18.04
507400,0,-71.0,17.63
507600,0,-68.76,15.38
507800,0,-66.49,8.38
508000,0,-66.7,13.48
508200,0,-68.14,12.99
508400,0,-65.4,12.94
508600,0,-68.94,13.23
508800,1,-62.89,20.55
509000,1,-60.44,17.12
509200,0,-63.78,13.46
509400,1,-67.38,19.63
509600,0,-70.56,8.56
509800,0,-69.88,12.59
510000,0,-61.27,9.14
510200,0,-73.53,8.63
510400,1,-62.16,15.43
510600,1,-67.44,22.36
510800,1,-63.07,15.38
511000,1,-68.93,15.81
511200,0,-67.27,12.42
511400,0,-69.33,16.52
511600,0,-68.92,13.64
511800,1,-56.11,24.36
512000,1,-56.42,19.76
512200,1,-61.56,18.26
512400,0,-64.71,18.56
512600,1,-63.72,19.98
512800,0,-64.06,8.18
513000,0,-69.22,15.75
513200,1,-64.14,20.09
513400,1,-59.38,22.37
513600,1,-61.39,16.63
513800,1,-62.17,23.28
514000,1,-61.89,19.15
514200,1,-60.09,19.54
514400,1,-64.52,14.09
514600,1,-57.84,18.48
514800,0,-66.34,14.81
515000,0,-65.78,15.38
515200,1,-62.95,21.14
515400,1,-60.83,19.47
515600,1,-59.47,19.81
515800,0,-66.17,16.26
516000,0,-67.66,15.3
516200,0,-71.71,14.76
516400,1,-60.32,21.34
516600,1,-68.05,19.23
516800,1,-57.75,17.94
517000,0,-57.5,19.2
517200,1,-59.58,21.07
517400,1,-60.92,19.78
517600,0,-67.3,11.19
517800,1,-62.25,12.15
518000,1,-60.99,20.26
518200,1,-62.85,15.08
518400,0,-58.4,8.76
518600,1,-56.34,19.7
518800,1,-55.24,20.07
519000,1,-59.93,21.27
519200,1,-58.09,19.24
519400,1,-59.38,20.15
519600,1,-60.13,19.89
519800,1,-58.1,16.83
520000,1,-61.16,15.96
520200,1,-64.51,21.71
520400,0,-68.51,13.73
520600,0,-62.53,12.34
520800,0,-70.72,11.43
521000,0,-63.95,6.0
521200,0,-66.5,13.5
521400,1,-68.64,17.12
521600,1,-63.69,14.93
521800,1,-58.16,21.3
522000,0,-65.71,14.67
522200,0,-59.57,15.33
522400,1,-62.03,21.27
522600,1,-60.18,13.77
522800,1,-66.02,18.68
523000,1,-61.55,16.06
523200,1,-56.25,16.19
523400,1,-58.75,14.44
523600,1,-64.88,16.64
523800,1,-59.49,16.63
524000,1,-59.32,19.48
524200,0,-65.81,15.17
524400,0,-68.15,11.47
524600,1,-61.74,18.86
524800,1,-55.66,14.69
525000,1,-66.84,18.41
525200,1,-64.31,26.18
525400,1,-62.23,17.84
525600,0,-67.79,14.77
525800,0,-71.04,16.83
526000,1,-61.6,18.24
526200,1,-59.0,21.11
526400,1,-60.64,20.02
526600,1,-66.01,19.13
526800,1,-64.44,15.55
527000,1,-63.84,18.51
527200,1,-61.54,18.61
527400,0,-63.07,13.54
527600,1,-62.14,18.58
527800,1,-59.95,16.57
528000,1,-60.39,16.23
528200,1,-58.5,19.09
528400,1,-60.12,24.1
528600,1,-55.8,17.99
528800,0,-66.3,14.09
529000,1,-57.59,19.06
529200,1,-57.75,18.71
529400,1,-53.75,16.1
529600,1,-59.97,18.86
529800,1,-65.48,18.57
530000,0,-64.23,14.26
530200,0,-63.88,15.24
530400,0,-68.87,9.44
530600,0,-68.23,15.8
530800,0,-70.26,12.35
531000,0,-63.14,13.04
531200,0,-64.88,17.38
531400,0,-65.96,9.63
531600,0,-62.03,16.05
531800,0,-66.57,13.41
532000,0,-64.51,14.54
532200,0,-66.62,14.62
532400,0,-69.11,14.8
532600,0,-65.49,14.97
532800,1,-59.54,18.12
533000,1,-60.19,19.79
533200,1,-66.92,19.23
533400,0,-68.67,14.38
533600,0,-60.87,15.79
533800,0,-66.43,13.57
534000,0,-62.16,13.89
534200,0,-68.46,12.38
534400,0,-65.02,16.84
534600,1,-57.18,18.73
534800,1,-56.36,22.59
535000,1,-61.82,20.63
535200,1,-61.1,19.35
535400,0,-63.42,16.88
535600,1,-53.79,17.59
535800,1,-64.37,11.34
536000,0,-66.7,12.52
536200,0,-64.63,12.16
536400,0,-65.06,15.08
536600,0,-66.87,14.49
536800,1,-57.27,17.33
537000,1,-60.67,19.63
537200,0,-65.65,12.78
537400,1,-64.45,17.69
537600,1,-63.86,14.55
537800,1,-63.54,16.86
538000,1,-61.33,19.22
538200,1,-61.34,14.01
538400,1,-58.57,19.88
538600,1,-57.88,19.95
538800,0,-65.87,12.47
539000,1,-63.45,19.59
539200,0,-69.02,12.92
539400,1,-54.95,22.54
539600,1,-59.71,20.35
539800,1,-60.0,15.0
540000,1,-63.22,19.05
540200,1,-63.51,17.84
540400,1,-60.83,19.21
540600,1,-65.98,21.22
540800,1,-63.12,18.0
541000,1,-63.13,16.94
541200,1,-60.2,18.4
541400,0,-73.88,8.83
541600,0,-69.35,15.87
541800,1,-62.88,15.52
542000,1,-55.35,17.59
542200,1,-59.25,17.55
542400,1,-58.46,22.31
542600,0,-65.78,16.8
542800,1,-59.92,19.15
543000,1,-61.91,20.85
543200,0,-68.19,16.27
543400,0,-65.43,12.98
543600,0,-65.93,13.1
543800,0,-66.18,14.33
544000,1,-55.67,15.0
544200,1,-58.64,15.34
544400,1,-64.57,22.73
544600,0,-70.2,16.23
544800,0,-66.21,16.61
545000,0,-67.73,13.77
545200,0,-70.47,19.46
545400,0,-62.75,18.86
545600,0,-68.96,12.61
545800,0,-65.96,16.27
546000,1,-56.94,19.04
546200,1,-62.07,18.51
546400,1,-67.07,21.79
546600,1,-64.18,19.53
546800,0,-67.69,11.13
547000,0,-71.41,14.04
547200,1,-58.49,17.1
547400,0,-71.16,12.19
547600,1,-69.14,17.7
547800,1,-58.08,18.76
548000,1,-63.69,17.51
548200,1,-65.78,15.0
548400,0,-62.38,16.32
548600,1,-63.56,20.46
548800,1,-64.35,15.35
549000,1,-63.25,19.12
549200,1,-59.32,18.54
549400,1,-60.14,16.72
549600,0,-69.07,15.16
549800,0,-59.4,13.63
550000,1,-63.11,21.55
550200,1,-59.04,20.3
550400,1,-64.36,20.52
550600,1,-61.14,15.87
550800,1,-61.4,13.39
551000,1,-63.66,20.65
551200,1,-61.68,17.01
551400,0,-69.2,15.69
551600,1,-59.5,19.53
551800,1,-66.44,23.03
552000,1,-58.29,16.91
552200,1,-53.31,17.88
552400,1,-57.21,15.03
552600,1,-59.44,19.01
552800,1,-55.0,16.63
553000,1,-59.55,20.28
553200,1,-62.15,20.32
553400,0,-63.4,23.28
553600,1,-59.32,16.74
553800,1,-62.22,14.73
554000,1,-62.65,13.89
554200,1,-62.71,18.76
554400,1,-63.23,17.98
554600,1,-63.77,20.05
554800,1,-61.59,18.37
555000,1,-62.59,19.66
555200,1,-60.87,17.72
555400,1,-62.85,19.49
555600,1,-60.05,23.24
555800,1,-59.64,15.44
556000,1,-64.38,17.36
556200,1,-60.08,15.96
556400,1,-61.2,17.51
556600,1,-66.8,17.52
556800,1,-59.51,18.04
557000,1,-58.94,18.59
557200,1,-61.76,17.98
557400,1,-59.44,16.85
557600,1,-66.73,17.49
557800,1,-59.44,19.06
558000,1,-58.74,21.13
558200,1,-60.46,19.43
558400,1,-57.45,13.38
558600,1,-56.13,19.58
558800,1,-60.33,17.3
559000,1,-61.0,17.53
559200,1,-56.83,19.82
559400,1,-62.99,23.21
559600,1,-55.41,18.18
559800,0,-66.31,14.55
560000,0,-63.41,10.1
560200,0,-69.65,17.06
560400,1,-56.87,19.97
560600,1,-55.2,16.3
560800,1,-55.06,16.29
561000,0,-65.47,13.26
561200,0,-70.68,14.71
561400,0,-70.29,14.83
561600,0,-68.93,10.96
561800,0,-67.16,12.77
562000,0,-66.41,9.81
562200,0,-62.66,11.41
562400,1,-64.43,17.87
562600,1,-58.61,19.44
562800,1,-60.42,18.99
563000,1,-61.32,20.18
563200,1,-62.49,19.1
563400,1,-62.41,18.76
563600,1,-59.3,18.95
563800,1,-55.43,14.84
564000,1,-62.92,17.72
564200,0,-67.02,11.56
564400,0,-69.25,10.05
564600,1,-57.62,14.06
564800,1,-61.04,16.77
565000,1,-63.74,14.57
565200,1,-62.31,18.18
565400,1,-59.25,17.95
565600,0,-69.57,15.26
565800,0,-62.58,15.27
566000,0,-68.12,14.55
566200,0,-67.17,12.46
566400,1,-60.89,18.53
566600,1,-65.59,21.21
566800,1,-55.23,22.94
567000,1,-65.56,18.01
567200,1,-63.38,17.99
567400,1,-62.02,21.69
567600,0,-68.24,11.1
567800,0,-67.03,13.89
568000,0,-61.89,12.51
568200,0,-68.07,14.2
568400,0,-71.11,11.84
568600,1,-64.29,17.07
568800,1,-65.2,18.29
569000,1,-57.59,21.2
569200,1,-64.39,16.9
569400,1,-60.25,19.73
569600,1,-60.51,21.46
569800,1,-54.78,21.86
570000,1,-61.55,18.16
570200,1,-63.76,16.46
570400,1,-57.42,21.4
570600,1,-62.95,18.76
570800,1,-57.67,16.17
571000,1,-56.11,16.4
571200,0,-64.1,14.69
571400,0,-65.01,12.5
571600,1,-64.34,20.29
571800,0,-65.02,20.77
572000,1,-59.91,16.89
572200,1,-65.71,14.57
572400,0,-70.28,12.02
572600,1,-57.35,19.03
572800,1,-60.54,17.81
573000,1,-67.13,19.33
573200,1,-61.72,16.15
573400,1,-62.08,17.36
573600,0,-69.19,12.98
573800,0,-68.01,12.6
574000,1,-60.43,12.97
574200,1,-65.76,13.77
574400,1,-66.52,23.99
574600,0,-69.5,11.65
574800,0,-70.33,12.97
575000,0,-57.54,7.34
575200,0,-67.99,14.27
575400,0,-65.57,13.93
575600,0,-65.42,12.77
575800,0,-63.23,12.66
576000,0,-62.66,16.89
576200,0,-68.13,13.33
576400,1,-58.41,15.04
576600,1,-63.28,20.44
576800,1,-66.15,21.01
577000,1,-60.89,16.99
577200,1,-56.65,14.97
577400,1,-55.71,19.7
577600,0,-61.21,14.58
577800,0,-64.2,12.39
578000,1,-59.39,18.26
578200,1,-56.62,17.97
578400,1,-56.56,17.72
578600,1,-58.02,19.77
578800,1,-65.69,19.38
579000,0,-64.34,7.56
579200,1,-57.77,14.8
579400,1,-62.46,18.39
579600,1,-63.52,20.48
579800,1,-60.73,20.43
580000,1,-60.9,18.98
580200,1,-57.72,21.96
580400,1,-59.51,16.28
580600,1,-62.24,18.12
580800,0,-71.56,17.07
581000,0,-65.03,12.86
581200,1,-61.49,21.2
581400,1,-59.47,22.96
581600,0,-65.74,11.21
581800,0,-65.82,12.33
582000,0,-70.76,11.99
582200,0,-66.42,11.74
582400,0,-65.34,11.73
582600,1,-63.6,15.25
582800,1,-53.91,22.77
583000,1,-60.91,21.51
583200,1,-65.08,21.92
583400,0,-64.0,22.76
583600,1,-61.1,16.47
583800,1,-58.46,19.19
584000,1,-64.04,14.24
584200,0,-63.6,12.99
584400,1,-55.95,13.77
584600,1,-56.47,18.7
584800,1,-58.43,16.24
585000,1,-62.79,21.24
585200,0,-63.28,10.58
585400,0,-68.84,12.69
585600,0,-66.55,14.76
585800,1,-70.8,18.16
586000,1,-64.4,13.77
586200,1,-60.09,14.3
586400,1,-63.45,20.78
586600,1,-62.69,19.88
586800,1,-63.39,17.22
587000,1,-57.46,18.2
587200,1,-58.57,16.21
587400,1,-59.8,17.96
587600,1,-55.02,17.52
587800,1,-61.38,19.97
588000,0,-59.19,20.82
588200,1,-61.06,17.08
588400,0,-67.0,14.06
588600,1,-58.62,18.31
588800,1,-64.02,17.97
589000,1,-66.94,20.27
589200,1,-58.56,22.75
589400,1,-60.35,19.95
589600,1,-54.45,18.98
589800,1,-57.39,20.96
590000,1,-58.02,17.99
590200,0,-66.88,11.81
590400,0,-61.81,11.77
590600,0,-63.06,10.23
590800,0,-64.68,18.58
591000,0,-73.0,13.54
591200,1,-53.61,19.46
591400,0,-69.46,12.53
591600,0,-66.93,14.85
591800,0,-69.8,14.58
592000,0,-69.07,12.34
592200,0,-65.65,17.16
592400,0,-64.08,12.03
592600,0,-70.0,15.92
592800,0,-65.26,14.62
593000,0,-64.52,15.01
593200,1,-61.06,19.3
593400,1,-67.65,18.27
593600,0,-61.49,15.12
593800,1,-58.49,22.62
594000,1,-58.66,18.51
594200,1,-60.64,24.02
594400,1,-63.6,17.26
594600,1,-54.88,16.73
594800,1,-61.23,16.29
595000,0,-57.17,17.88
595200,1,-56.23,21.38
595400,0,-68.45,13.09
595600,1,-60.07,21.63
595800,1,-56.39,20.47
596000,1,-65.42,17.06
596200,0,-70.04,17.98
596400,0,-65.67,8.45
596600,0,-67.4,13.5
596800,1,-66.13,15.17
597000,1,-66.49,19.1
597200,0,-66.65,11.39
597400,1,-60.88,21.07
597600,1,-58.98,16.45
597800,1,-62.98,20.02
598000,1,-59.71,19.52
598200,0,-66.15,15.72
598400,0,-61.83,14.32
598600,0,-68.6,10.48
598800,0,-67.46,12.44
599000,0,-69.13,14.63
599200,0,-63.5,15.56
599400,0,-73.72,16.67
599600,1,-64.43,16.18
599800,0,-69.26,12.96
600000,0,-64.97,11.81
600200,0,-70.3,12.94
600400,0,-68.39,12.66
600600,0,-61.76,13.01
600800,1,-59.25,16.96
601000,0,-65.08,16.25
601200,0,-62.8,13.35
601400,0,-69.72,13.35
601600,0,-69.68,12.15
601800,1,-60.68,17.49
602000,1,-60.75,18.16
602200,1,-59.13,20.25
602400,1,-62.74,22.18
602600,1,-53.03,19.57
602800,1,-58.7,16.07
603000,0,-69.13,15.03
603200,0,-63.39,12.12
603400,0,-60.44,18.12
603600,0,-68.64,11.67
603800,0,-64.77,12.16
604000,1,-60.06,19.87
604200,0,-62.53,13.6
604400,0,-67.74,13.8
604600,0,-65.67,12.97
604800,0,-63.59,14.32
605000,1,-59.37,17.2
605200,1,-62.0,19.69
605400,0,-70.43,10.32
605600,0,-62.96,16.57
605800,0,-67.41,13.11
606000,0,-75.51,14.41
606200,0,-73.4,13.47
606400,0,-67.16,13.8
606600,0,-68.8,15.01
606800,0,-67.37,11.91
607000,0,-69.59,11.63
607200,0,-67.27,15.15
607400,1,-58.22,18.43
607600,0,-68.76,9.74
607800,0,-64.24,11.28
608000,1,-60.68,18.47
608200,1,-61.01,15.76
608400,1,-53.86,22.17
608600,0,-68.53,18.4
608800,1,-63.16,19.94
609000,1,-56.18,18.41
609200,1,-55.27,22.01
609400,1,-64.85,17.25
609600,1,-64.21,15.94
609800,1,-62.23,15.57
610000,1,-63.49,20.27
610200,1,-65.19,20.74
610400,0,-68.95,10.02
610600,0,-68.02,12.75
610800,1,-61.65,13.05
611000,1,-63.09,18.58
611200,1,-57.85,18.63
611400,1,-64.73,18.0
611600,1,-59.54,15.06
611800,0,-67.97,14.09
612000,0,-68.46,10.91
612200,0,-69.53,12.43
612400,1,-62.56,20.42
612600,1,-67.64,17.02
612800,1,-60.29,23.89
613000,1,-59.92,18.24
613200,1,-58.29,20.45
613400,1,-59.45,21.15
613600,1,-62.73,21.53
613800,1,-58.71,16.22
614000,1,-62.33,16.86
614200,1,-62.17,20.62
614400,1,-62.73,14.68
614600,1,-61.07,20.89
614800,1,-57.47,17.27
615000,1,-65.83,19.69
615200,1,-62.22,17.32
615400,1,-58.49,20.18
615600,1,-62.73,19.76
615800,1,-61.64,22.95
616000,1,-62.13,17.97
616200,1,-59.29,15.38
616400,1,-57.12,19.23
616600,1,-60.23,17.8
616800,1,-63.23,16.87
617000,1,-65.67,18.72
617200,1,-68.99,17.92
617400,1,-64.77,21.74
617600,1,-66.18,19.62
617800,0,-60.21,21.86
618000,1,-58.95,21.39
618200,1,-54.25,18.46
618400,1,-56.17,18.95
618600,1,-65.32,15.67
618800,1,-65.42,16.83
619000,0,-64.56,15.15
619200,0,-68.97,16.81
619400,1,-60.99,22.94
619600,1,-66.61,19.85
619800,0,-68.38,13.38
620000,0,-65.63,15.94
620200,0,-70.5,16.25
620400,1,-64.38,21.22
620600,1,-55.13,15.06
620800,1,-61.38,14.08
621000,0,-68.78,16.35
621200,0,-71.57,13.05
621400,1,-62.06,18.37
621600,1,-60.37,20.35
621800,1,-56.82,20.18
622000,1,-57.55,20.69
622200,1,-58.63,20.73
622400,1,-61.81,19.19
622600,1,-58.11,17.54
622800,1,-63.46,16.63
623000,1,-61.23,21.21
623200,1,-62.53,18.21
623400,1,-61.23,15.56
623600,1,-61.6,20.74
623800,1,-66.88,20.56
624000,0,-63.78,12.43
624200,0,-69.0,15.55
624400,1,-63.56,15.65
624600,1,-54.52,18.55
624800,1,-61.9,17.72
625000,1,-54.65,15.28
625200,0,-60.52,17.34
625400,1,-62.75,19.76
625600,0,-67.18,10.06
625800,0,-73.11,14.07
626000,1,-67.17,20.02
626200,1,-64.92,15.62
626400,1,-65.09,17.41
626600,1,-63.87,19.4
626800,1,-65.16,19.3
627000,1,-64.23,19.0
627200,1,-66.09,18.03
627400,1,-56.54,18.44
627600,1,-56.76,17.48
627800,1,-64.75,18.33
628000,1,-62.66,19.8
628200,1,-57.35,16.33
628400,1,-64.36,20.92
628600,0,-64.57,13.59
628800,0,-66.75,11.1
629000,1,-62.95,15.93
629200,0,-61.06,21.75
629400,1,-65.78,22.1
629600,1,-60.21,21.54
629800,0,-67.03,13.26
630000,1,-63.55,17.37
630200,0,-67.07,13.31
630400,1,-57.33,16.84
630600,1,-59.42,17.13
630800,0,-65.7,15.13
631000,0,-64.13,11.76
631200,1,-62.0,22.11
631400,0,-61.9,15.26
631600,1,-59.52,14.63
631800,1,-64.87,15.48
632000,1,-58.95,16.53
632200,1,-60.55,20.19
632400,1,-62.74,18.29
632600,1,-58.26,18.7
632800,1,-64.33,17.75
633000,1,-62.98,19.49
633200,0,-66.12,15.18
633400,0,-69.63,12.16
633600,0,-63.65,9.8
633800,0,-65.89,16.34
634000,1,-62.15,17.55
634200,0,-59.67,17.62
634400,1,-56.69,15.88
634600,1,-61.95,18.69
634800,0,-57.52,20.32
635000,0,-66.43,12.2
635200,0,-65.85,18.39
635400,1,-64.64,20.03
635600,1,-62.99,16.2
635800,1,-57.82,14.69
636000,1,-54.37,18.46
636200,1,-59.51,20.79
636400,0,-68.15,11.89
636600,0,-65.84,11.41
636800,1,-62.82,10.23
637000,1,-57.08,22.34
637200,1,-64.22,16.39
637400,1,-60.26,16.55
637600,0,-65.6,10.48
637800,0,-68.84,16.81
638000,1,-62.86,20.39
638200,1,-56.97,15.65
638400,1,-57.08,21.24
638600,1,-57.76,21.81
638800,1,-58.96,20.45
639000,1,-54.68,17.05
639200,0,-67.38,16.19
639400,0,-65.92,12.91
639600,0,-64.74,18.21
639800,1,-59.93,18.99
640000,1,-60.22,20.44
640200,0,-62.63,17.64
640400,1,-63.06,17.73
640600,1,-63.09,20.98
640800,1,-61.47,20.04
641000,1,-63.63,20.18
641200,1,-56.36,14.44
641400,1,-55.33,16.56
641600,1,-57.18,17.85
641800,0,-69.73,13.1
642000,0,-63.78,16.21
642200,1,-59.32,20.57
642400,1,-60.58,17.23
642600,1,-62.94,17.25
642800,1,-64.54,17.62
643000,1,-54.44,13.95
643200,1,-66.25,17.86
643400,1,-55.22,17.86
643600,1,-58.9,20.59
643800,1,-65.12,21.51
644000,1,-58.93,17.19
644200,1,-60.69,22.24
644400,1,-56.91,17.63
644600,1,-62.37,22.98
644800,0,-67.39,13.28
645000,0,-67.58,13.33
645200,0,-70.43,12.28
645400,0,-67.85,13.3
645600,1,-60.9,18.56
645800,0,-69.92,13.71
646000,1,-64.15,15.23
646200,1,-51.93,16.36
646400,1,-61.24,19.73
646600,1,-59.62,16.56
646800,0,-65.97,9.84
647000,0,-68.19,15.64
647200,1,-59.49,19.93
647400,1,-56.79,17.57
647600,0,-69.33,15.87
647800,0,-69.65,15.7
648000,1,-59.51,20.54
648200,1,-58.57,14.57
648400,1,-56.12,15.52
648600,0,-67.77,14.18
648800,0,-65.6,15.6
649000,1,-59.27,20.98
649200,1,-61.16,16.82
649400,1,-57.27,18.76
649600,0,-65.39,8.36
649800,0,-67.97,14.1
650000,0,-71.01,13.24
650200,1,-64.43,19.98
650400,1,-63.69,17.73
650600,0,-66.19,11.4
650800,0,-59.54,12.89
651000,1,-63.92,15.1
651200,0,-66.55,12.39
651400,1,-57.48,19.11
651600,1,-59.71,20.1
651800,1,-61.01,14.64
652000,1,-59.7,17.14
652200,0,-68.39,14.64
652400,1,-63.63,19.58
652600,1,-63.76,19.15
652800,1,-58.39,16.66
653000,0,-72.51,14.19
653200,0,-62.24,10.75
653400,0,-67.58,16.76
653600,0,-66.43,10.48
653800,0,-63.94,12.46
654000,0,-68.4,12.04
654200,0,-67.25,15.01
654400,0,-65.86,15.65
654600,0,-63.86,11.66
654800,1,-61.15,17.25
655000,1,-65.86,22.32
655200,1,-61.39,19.62
655400,1,-61.62,20.0
655600,0,-59.03,10.25
655800,0,-61.7,12.89
656000,1,-60.07,18.66
656200,1,-63.94,17.12
656400,1,-60.04,18.88
656600,1,-64.34,18.18
656800,1,-64.9,19.19
657000,1,-62.11,18.78
657200,1,-59.42,18.21
657400,0,-63.09,18.05
657600,1,-64.91,20.23
657800,1,-57.84,19.57
658000,1,-64.76,18.68
658200,1,-57.48,18.19
658400,1,-62.45,22.5
658600,1,-63.01,18.37
658800,0,-63.53,10.7
659000,0,-71.01,13.72
659200,0,-58.79,24.68
659400,1,-61.6,17.84
659600,0,-68.27,11.8
659800,0,-63.63,14.69
660000,0,-70.13,12.24
660200,1,-59.93,19.47
660400,0,-57.83,21.54
660600,0,-55.41,23.18
660800,1,-60.08,17.84
661000,1,-60.76,13.49
661200,1,-58.41,18.88
661400,1,-61.0,15.78
661600,1,-59.48,15.81
661800,1,-62.1,21.4
662000,1,-67.73,19.41
662200,0,-69.78,14.47
662400,1,-63.56,19.37
662600,1,-60.93,19.48
662800,1,-68.96,22.01
663000,1,-54.36,14.88
663200,1,-59.72,20.09
663400,0,-62.49,18.38
663600,1,-61.2,21.78
663800,1,-59.4,19.8
664000,1,-57.45,18.48
664200,1,-60.81,16.68
664400,0,-64.17,12.58
664600,0,-59.67,14.21
664800,0,-67.6,8.35
665000,0,-65.34,12.28
665200,0,-70.76,9.67
665400,1,-66.92,19.16
665600,1,-59.78,19.1
665800,1,-62.89,18.0
666000,1,-56.89,21.12
666200,1,-65.64,19.19
666400,1,-65.8,20.49
666600,0,-71.49,16.8
666800,0,-67.01,17.95
667000,1,-60.0,18.94
667200,0,-69.24,8.15
667400,1,-62.57,18.14
667600,0,-68.7,14.27
667800,1,-56.71,21.79
668000,0,-69.82,16.98
668200,0,-67.58,13.65
668400,0,-61.82,10.07
668600,1,-62.03,17.06
668800,1,-62.39,20.92
669000,1,-59.81,15.75
669200,1,-63.18,16.76
669400,1,-62.01,18.26
669600,1,-59.77,17.59
669800,1,-55.11,21.83
670000,0,-63.18,12.2
670200,0,-63.21,11.43
670400,0,-69.35,12.32
670600,1,-60.09,15.79
670800,1,-63.0,17.68
671000,0,-64.03,15.04
671200,0,-67.59,16.69
671400,0,-65.09,13.8
671600,0,-60.29,14.93
671800,0,-71.25,12.37
672000,0,-66.83,13.52
672200,0,-63.91,11.35
672400,0,-68.17,14.52
672600,1,-64.4,17.07
672800,1,-60.49,19.06
673000,0,-70.13,10.66
673200,0,-68.79,14.31
673400,0,-66.7,18.42
673600,1,-64.27,15.59
673800,1,-60.59,16.89
674000,1,-64.18,14.68
674200,1,-63.25,18.48
674400,0,-70.88,11.8
674600,0,-65.9,13.84
674800,0,-64.23,14.38
675000,0,-69.4,15.42
675200,0,-72.31,12.35
675400,0,-64.89,16.36
675600,0,-61.19,10.12
675800,0,-68.55,12.61
676000,0,-69.59,11.02
676200,1,-65.09,19.14
676400,1,-63.3,21.52
676600,0,-64.81,12.75
676800,0,-68.04,10.76
677000,1,-54.87,18.07
677200,1,-54.62,20.34
677400,1,-59.45,19.35
677600,1,-61.45,19.57
677800,1,-57.97,19.32
678000,1,-61.68,19.13
678200,1,-63.16,18.67
678400,0,-56.03,25.27
678600,0,-66.33,17.54
678800,1,-64.07,20.84
679000,0,-63.39,13.38
679200,0,-65.76,11.18
679400,0,-65.26,10.84
679600,0,-67.5,16.63
679800,0,-66.09,11.59
680000,1,-59.31,20.66
680200,1,-59.63,20.7
680400,1,-58.48,20.24
680600,1,-66.08,17.78
680800,0,-69.47,17.07
681000,0,-70.23,15.31
681200,1,-63.31,21.15
681400,1,-64.83,20.07
681600,1,-64.21,21.89
681800,0,-72.57,12.37
682000,0,-66.32,16.73
682200,1,-71.04,16.81
682400,1,-63.9,15.44
682600,1,-63.08,14.81
682800,0,-67.34,10.07
683000,0,-70.36,11.91
683200,1,-66.61,15.44
683400,1,-58.13,16.74
683600,1,-57.33,15.48
683800,1,-56.01,14.78
684000,1,-65.01,19.01
684200,1,-58.28,18.99
684400,1,-63.45,19.01
684600,1,-65.07,17.67
684800,1,-61.91,17.02
685000,1,-64.19,21.4
685200,1,-65.37,22.05
685400,1,-64.99,15.98
685600,1,-60.81,17.9
685800,1,-59.36,15.34
686000,1,-59.26,20.75
686200,0,-64.18,9.06
686400,1,-68.44,19.07
686600,0,-62.7,16.45
686800,0,-70.36,15.83
687000,1,-59.18,22.9
687200,1,-57.86,16.18
687400,1,-62.75,17.91
687600,0,-68.93,18.18
687800,0,-65.24,14.78
688000,0,-65.78,10.32
688200,1,-62.62,17.7
688400,0,-58.33,18.19
688600,1,-57.37,21.38
688800,1,-61.52,20.67
689000,0,-70.92,7.66
689200,1,-68.04,17.46
689400,1,-64.49,20.0
689600,1,-57.54,15.48
689800,1,-56.6,22.67
690000,1,-58.06,16.35
690200,1,-64.36,17.35
690400,1,-61.16,17.96
690600,1,-58.36,18.61
690800,1,-65.81,21.14
691000,1,-63.74,16.86
691200,1,-60.76,16.12
691400,1,-67.3,16.69
691600,1,-58.14,21.86
691800,1,-61.95,22.55
692000,0,-65.2,17.39
692200,1,-62.62,16.61
692400,1,-65.82,18.32
692600,1,-53.61,21.24
692800,1,-63.84,16.73
693000,1,-60.05,20.18
693200,1,-68.51,22.81
693400,1,-62.82,18.59
693600,1,-61.92,15.09
693800,1,-64.31,19.23
694000,1,-62.12,21.09
694200,1,-62.62,16.43
694400,0,-66.02,15.9
694600,0,-68.38,12.01
694800,0,-67.09,15.51
695000,0,-64.54,17.64
695200,1,-63.65,15.96
695400,0,-64.34,12.54
695600,0,-69.0,14.51
695800,0,-63.36,16.96
696000,1,-62.93,18.66
696200,1,-58.48,17.17
696400,0,-68.86,14.39
696600,0,-70.95,10.54
696800,1,-63.77,17.75
697000,1,-59.22,19.81
697200,1,-57.29,20.76
697400,1,-54.41,22.31
697600,0,-64.32,15.36
697800,0,-69.71,12.02
698000,1,-62.93,18.45
698200,1,-57.55,15.12
698400,1,-66.48,21.82
698600,1,-62.38,21.05
698800,0,-56.34,16.53
699000,1,-65.48,19.34
699200,1,-63.51,16.71
699400,1,-65.49,18.24
699600,1,-56.4,17.03
699800,1,-59.73,18.95
700000,1,-60.05,22.3
700200,1,-65.05,25.82
700400,1,-62.05,19.91
700600,0,-68.89,14.34
700800,0,-63.09,10.81
701000,0,-64.58,12.01
701200,0,-63.81,13.36
701400,0,-68.2,13.63
701600,1,-67.72,16.75
701800,1,-59.93,18.4
702000,1,-56.26,19.9
702200,1,-62.43,19.38
702400,1,-59.98,19.28
702600,0,-69.99,15.99
702800,0,-58.01,16.57
703000,1,-62.54,14.24
703200,1,-53.55,16.85
703400,0,-65.28,9.01
703600,0,-66.21,15.58
703800,0,-62.92,13.87
704000,0,-66.01,15.95
704200,0,-66.13,16.24
704400,0,-68.17,14.81
704600,1,-61.24,14.59
704800,0,-70.15,13.14
705000,1,-55.1,16.49
705200,1,-58.67,20.66
705400,1,-65.16,14.59
705600,1,-62.61,20.58
705800,1,-59.35,20.94
706000,1,-58.51,18.16
706200,1,-56.48,19.1
706400,1,-64.94,13.13
706600,1,-66.55,19.51
706800,1,-62.63,16.91
707000,1,-65.33,14.01
707200,0,-66.55,16.98
707400,0,-69.05,13.63
707600,0,-67.8,12.19
707800,0,-62.82,14.01
708000,1,-61.37,17.88
708200,1,-60.38,20.17
708400,1,-61.62,16.52
708600,1,-59.8,18.47
708800,1,-59.98,18.79
709000,0,-62.68,19.34
709200,1,-60.88,18.87
709400,0,-66.47,7.54
709600,0,-70.64,13.34
709800,0,-59.42,12.01
710000,1,-62.57,19.93
710200,1,-55.49,16.16
710400,1,-58.77,16.3
710600,1,-61.3,18.17
710800,1,-61.22,16.54
711000,0,-62.01,12.3
711200,0,-65.13,16.44
711400,1,-59.29,16.78
711600,1,-61.67,15.88
711800,0,-66.92,13.91
712000,0,-66.61,12.41
712200,1,-62.86,20.87
712400,1,-61.17,15.99
712600,0,-65.81,16.49
712800,0,-63.76,21.7
713000,1,-59.94,13.84
713200,1,-63.95,19.8
713400,1,-56.53,21.38
713600,1,-61.23,17.44
713800,0,-71.28,12.99
714000,1,-65.34,20.67
714200,1,-64.15,13.9
714400,1,-58.87,15.85
714600,1,-62.78,16.6
714800,1,-59.11,18.82
715000,1,-56.81,15.29
715200,1,-56.47,13.32
715400,0,-65.76,12.33
715600,0,-65.41,14.27
715800,0,-63.54,14.18
716000,0,-67.48,16.44
716200,0,-63.93,18.66
716400,0,-66.56,9.02
716600,1,-57.13,13.96
716800,1,-59.46,18.88
717000,1,-55.13,15.79
717200,1,-59.27,18.42
717400,1,-58.26,22.42
717600,1,-59.22,17.5
717800,0,-62.01,11.6
718000,0,-69.74,15.59
718200,1,-61.57,16.6
718400,0,-57.53,24.84
718600,1,-63.23,17.13
718800,1,-62.03,16.39
719000,1,-56.7,17.22
719200,1,-61.56,13.91
719400,1,-66.94,17.95
719600,1,-60.59,19.19
719800,0,-71.91,12.48
720000,1,-54.44,19.97
720200,0,-72.25,14.16
720400,0,-67.0,15.3
720600,1,-61.27,16.34
720800,1,-64.81,18.14
721000,0,-62.37,9.82
721200,0,-69.06,17.54
721400,0,-69.08,14.57
721600,0,-66.97,12.06
721800,1,-56.03,18.42
722000,1,-57.8,18.8
722200,0,-63.82,13.75
722400,0,-64.44,11.38
722600,0,-70.52,11.8
722800,0,-67.06,12.72
723000,0,-66.86,9.59
723200,1,-62.01,14.82
723400,0,-67.49,13.84
723600,0,-65.44,13.77
723800,0,-65.8,14.3
724000,0,-70.49,14.9
724200,0,-67.25,10.07
724400,1,-62.85,19.91
724600,1,-58.59,28.92
724800,0,-60.81,19.95
725000,0,-65.42,10.4
725200,0,-67.94,12.83
725400,0,-65.49,11.49
725600,0,-70.0,19.13
725800,1,-62.37,14.93
726000,1,-64.65,19.54
726200,0,-67.62,12.08
726400,0,-62.42,13.62
726600,1,-65.2,18.26
726800,0,-65.17,17.14
727000,0,-74.59,12.68
727200,1,-61.26,17.86
727400,0,-63.77,13.65
727600,0,-64.37,13.26
727800,0,-67.48,14.91
728000,0,-67.16,11.98
728200,0,-65.54,13.94
728400,0,-65.24,17.35
728600,1,-62.6,16.4
728800,1,-63.16,13.9
729000,1,-61.31,17.17
729200,1,-63.75,20.11
729400,1,-68.37,20.88
729600,1,-63.07,16.99
729800,1,-63.5,17.51
730000,1,-60.8,13.92
730200,1,-61.17,18.89
730400,1,-64.19,18.23
730600,1,-62.69,17.82
730800,1,-59.5,17.71
731000,1,-64.94,16.16
731200,1,-61.87,18.59
731400,1,-59.36,20.65
731600,1,-56.71,21.0
731800,1,-57.3,12.16
732000,1,-65.09,16.83
732200,0,-69.42,14.64
732400,0,-71.56,10.95
732600,1,-61.93,20.5
732800,1,-60.9,16.4
733000,1,-66.56,18.03
733200,1,-60.07,24.23
733400,1,-58.82,20.79
733600,1,-65.86,17.53
733800,0,-64.62,12.69
734000,1,-63.37,16.17
734200,0,-59.72,19.77
734400,0,-64.42,13.04
734600,0,-67.33,9.92
734800,0,-59.83,13.53
735000,1,-64.57,22.93
735200,0,-62.4,10.55
735400,0,-64.51,15.59
735600,0,-65.61,20.35
735800,0,-63.5,13.63
736000,0,-63.26,12.5
736200,0,-65.15,18.91
736400,1,-60.0,16.09
736600,1,-59.53,15.37
736800,1,-62.86,20.15
737000,1,-60.18,21.0
737200,1,-61.51,18.86
737400,1,-61.88,18.05
737600,0,-68.6,14.16
737800,1,-64.58,21.23
738000,1,-65.04,16.85
738200,1,-61.23,20.47
738400,1,-61.43,20.36
738600,0,-65.83,9.53
738800,0,-68.65,8.73
739000,1,-62.99,22.65
739200,1,-65.55,21.11
739400,1,-62.01,23.11
739600,1,-59.33,20.51
739800,1,-57.45,18.31
740000,0,-68.15,16.39
740200,0,-68.88,17.81
740400,0,-66.53,15.51
740600,0,-69.39,10.78
740800,0,-74.82,14.71
741000,1,-62.02,20.7
741200,1,-58.73,17.97
741400,1,-66.96,19.74
741600,1,-56.68,15.98
741800,1,-58.97,18.38
742000,0,-66.62,11.25
742200,0,-63.51,12.07
742400,1,-70.69,16.45
742600,1,-65.62,18.81
742800,1,-57.17,15.58
743000,1,-62.79,20.64
743200,1,-65.46,21.28
743400,1,-61.57,15.99
743600,1,-61.9,16.22
743800,1,-63.23,18.23
744000,1,-57.81,15.06
744200,1,-62.64,16.72
744400,1,-58.18,20.38
744600,1,-70.07,17.76
744800,1,-65.57,16.3
745000,1,-62.27,18.35
745200,1,-65.61,18.04
745400,1,-61.98,17.42
745600,1,-60.26,17.72
745800,1,-56.7,20.82
746000,1,-62.52,18.52
746200,1,-61.09,14.87
746400,0,-67.1,13.87
746600,0,-67.29,13.69
746800,0,-60.59,12.04
747000,1,-54.63,17.65
747200,0,-64.92,14.39
747400,0,-69.2,11.34
747600,1,-62.15,17.22
747800,0,-67.07,12.8
748000,0,-71.68,9.73
748200,0,-63.57,13.56
748400,0,-69.46,16.83
748600,0,-67.04,14.48
748800,0,-67.02,14.47
749000,0,-67.28,12.17
749200,0,-69.42,15.74
749400,1,-63.71,21.83
749600,1,-62.44,17.54
749800,1,-61.0,16.03
750000,1,-56.81,20.69
750200,1,-62.45,18.93
750400,1,-58.98,20.6
750600,1,-59.74,19.78
750800,1,-62.88,16.26
751000,1,-58.17,19.13
751200,1,-64.79,16.21
751400,1,-61.81,13.87
751600,1,-60.42,19.26
751800,1,-56.12,18.89
752000,1,-65.01,18.8
752200,1,-58.18,19.63
752400,1,-63.03,18.04
752600,1,-63.0,20.28
752800,1,-65.11,24.55
753000,1,-62.44,21.65
753200,1,-63.45,17.25
753400,1,-55.57,19.29
753600,1,-62.15,15.66
753800,0,-65.65,11.52
754000,0,-68.88,11.42
754200,0,-66.44,13.27
754400,0,-69.53,12.69
754600,0,-67.03,11.51
754800,0,-60.33,15.07
755000,0,-63.2,15.87
755200,0,-68.95,18.15
755400,1,-56.83,18.32
755600,1,-65.38,21.38
755800,1,-65.27,19.54
756000,1,-69.7,16.84
756200,0,-72.47,7.21
756400,0,-65.02,12.37
756600,0,-68.03,12.92
756800,1,-58.72,21.55
757000,1,-55.65,17.2
757200,1,-66.98,17.28
757400,0,-68.41,9.43
757600,0,-69.78,13.4
757800,0,-65.11,13.39
758000,0,-65.51,5.77
758200,1,-62.76,20.12
758400,0,-64.56,18.14
758600,1,-61.38,15.3
758800,0,-63.79,12.37
759000,0,-63.87,13.34
759200,0,-69.43,10.52
759400,1,-55.94,17.69
759600,0,-65.7,19.18
759800,1,-61.27,14.85
760000,1,-65.27,16.33
760200,1,-60.79,17.16
760400,1,-63.23,20.48
760600,1,-63.74,17.18
760800,1,-60.12,23.03
761000,1,-68.14,19.89
761200,1,-61.14,17.3
761400,1,-65.46,16.55
761600,0,-66.33,11.98
761800,1,-61.42,19.31
762000,1,-56.79,15.19
762200,1,-60.52,19.13
762400,1,-58.61,16.99
762600,1,-62.03,15.42
762800,0,-60.31,23.65
763000,1,-58.36,17.88
763200,1,-62.69,16.99
763400,1,-60.09,17.56
763600,0,-67.81,16.31
763800,0,-69.95,11.97
764000,0,-72.76,15.43
764200,0,-70.94,12.99
764400,1,-61.88,19.52
764600,1,-65.83,14.83
764800,1,-60.94,18.97
765000,1,-61.76,17.74
765200,1,-59.34,19.41
765400,0,-65.44,18.52
765600,1,-56.65,19.84
765800,1,-63.69,19.5
766000,1,-63.55,17.03
766200,0,-66.19,9.99
766400,0,-68.33,13.46
766600,0,-71.56,10.89
766800,0,-68.74,15.34
767000,0,-59.67,12.51
767200,0,-73.11,10.21
767400,0,-73.78,15.33
767600,0,-69.07,12.47
767800,1,-65.85,18.56
768000,1,-65.45,19.63
768200,1,-59.77,19.38
768400,1,-59.37,21.2
768600,1,-60.07,18.71
768800,1,-61.09,18.38
769000,1,-59.66,21.24
769200,1,-59.43,22.43
769400,0,-65.34,12.46
769600,1,-59.93,17.1
769800,1,-61.54,17.46
770000,0,-65.33,11.94
770200,1,-59.11,14.31
770400,1,-64.62,18.42
770600,0,-67.51,11.96
770800,1,-60.76,21.36
771000,1,-61.11,17.61
771200,1,-63.34,18.2
771400,0,-68.02,15.94
771600,0,-67.26,14.55
771800,0,-68.14,10.67
772000,0,-66.15,13.03
772200,0,-70.49,16.2
772400,1,-55.76,21.05
772600,1,-60.39,16.73
772800,0,-70.4,15.57
773000,1,-58.7,16.01
773200,1,-60.09,18.18
773400,1,-61.94,22.51
773600,1,-61.01,20.69
773800,1,-61.92,18.91
774000,1,-61.83,17.79
774200,1,-58.18,18.0
774400,0,-60.9,12.91
774600,0,-65.53,17.9
774800,0,-71.17,10.27
775000,0,-65.44,18.34
775200,0,-70.88,14.24
775400,1,-57.03,17.72
775600,1,-59.45,20.0
775800,0,-60.88,18.6
776000,0,-65.61,11.53
776200,1,-61.78,14.73
776400,1,-61.54,18.49
776600,1,-61.02,13.24
776800,0,-61.23,18.49
777000,1,-64.91,21.01
777200,1,-57.0,20.22
777400,0,-60.61,12.52
777600,0,-58.96,12.05
777800,0,-65.84,12.75
778000,1,-64.6,18.38
778200,0,-60.76,20.66
778400,1,-69.97,21.25
778600,1,-63.86,15.79
778800,1,-64.11,14.33
779000,1,-56.9,19.65
779200,1,-62.36,21.75
779400,1,-56.93,19.41
779600,1,-59.09,17.56
779800,1,-65.08,16.31
780000,1,-57.49,16.01
780200,1,-62.83,19.68
780400,1,-63.13,16.44
780600,0,-66.72,16.37
780800,0,-60.61,15.75
781000,0,-67.3,16.25
781200,0,-62.42,8.3
781400,1,-60.49,18.43
781600,1,-62.23,19.34
781800,1,-54.2,13.54
782000,1,-62.35,19.03
782200,1,-58.54,13.76
782400,1,-59.75,19.22
782600,0,-63.96,18.88
782800,0,-66.0,14.5
783000,0,-63.09,9.52
783200,1,-60.82,17.32
783400,1,-66.56,17.44
783600,1,-56.56,16.77
783800,1,-59.55,20.72
784000,1,-61.38,14.87
784200,1,-63.47,19.14
784400,1,-61.45,22.11
784600,1,-61.76,17.37
784800,0,-62.2,12.25
785000,0,-66.92,13.06
785200,0,-67.63,12.96
785400,1,-60.33,13.07
785600,1,-65.89,21.33
785800,0,-66.05,8.87
786000,1,-61.62,18.96
786200,1,-62.98,13.37
786400,1,-59.34,16.48
786600,1,-56.74,20.05
786800,1,-59.12,19.16
787000,1,-59.81,17.13
787200,1,-61.33,17.2
787400,1,-59.76,16.58
787600,1,-60.33,21.78
787800,1,-62.16,18.16
788000,1,-56.83,18.64
788200,1,-61.95,22.62
788400,1,-62.91,21.75
788600,1,-57.7,19.03
788800,1,-60.01,17.1
789000,0,-65.33,21.17
789200,1,-56.33,20.09
789400,1,-58.36,21.6
789600,1,-65.38,21.76
789800,0,-67.25,14.44
790000,1,-65.61,18.16
790200,1,-64.12,21.67
790400,0,-65.0,18.04
790600,1,-66.14,20.28
790800,1,-57.56,21.3
791000,1,-57.04,19.88
791200,1,-64.36,20.78
791400,1,-63.63,16.89
791600,1,-59.67,25.29
791800,0,-69.5,17.25
792000,0,-70.39,11.19
792200,1,-61.09,16.25
792400,1,-63.81,14.2
792600,1,-62.92,22.04
792800,1,-60.8,14.16
793000,0,-71.39,16.57
793200,0,-67.02,8.58
793400,0,-67.0,11.64
793600,0,-68.94,14.35
793800,0,-69.04,14.62
794000,1,-57.29,20.58
794200,0,-63.22,13.27
794400,1,-64.53,16.37
794600,1,-57.22,20.58
794800,1,-62.0,20.73
795000,1,-60.01,18.75
795200,0,-69.11,12.38
795400,1,-64.32,18.73
795600,1,-55.77,19.45
795800,1,-60.06,15.55
796000,1,-66.58,17.9
796200,1,-59.28,18.33
796400,0,-69.75,13.87
796600,0,-65.31,11.36
796800,0,-66.42,12.72
797000,0,-64.51,10.37
797200,0,-71.38,17.72
797400,0,-65.9,13.23
797600,0,-65.68,13.06
797800,0,-72.91,12.27
798000,0,-64.98,14.46
798200,0,-62.98,9.81
798400,1,-62.7,22.46
798600,1,-59.92,23.36
798800,1,-58.71,23.04
799000,1,-63.1,15.68
799200,1,-63.68,17.59
799400,0,-72.23,12.33
799600,0,-69.28,13.82
799800,0,-70.08,10.92
800000,0,-65.28,14.84
800200,0,-65.78,12.86
800400,0,-64.05,11.5
800600,0,-66.26,15.24
800800,0,-70.45,13.73
801000,1,-61.31,16.55
801200,1,-66.17,21.13
801400,1,-53.58,12.97
801600,1,-62.37,19.9
801800,0,-67.52,16.56
802000,0,-65.84,13.82
802200,1,-60.32,19.27
802400,1,-55.81,19.74
802600,0,-67.02,12.29
802800,1,-62.84,19.19
803000,1,-66.35,18.67
803200,1,-63.43,18.08
803400,1,-56.69,17.07
803600,1,-60.12,16.8
803800,1,-62.63,16.87
804000,0,-65.89,17.89
804200,1,-64.26,17.19
804400,0,-66.12,11.42
804600,0,-62.42,22.98
804800,0,-59.2,23.4
805000,1,-63.13,22.22
805200,1,-63.31,16.74
805400,1,-58.61,21.84
805600,0,-59.18,17.84
805800,0,-73.93,14.0
806000,0,-62.71,10.29
806200,1,-62.15,18.97
806400,1,-60.64,16.98
806600,1,-64.32,15.35
806800,1,-59.8,22.47
807000,1,-63.18,18.02
807200,0,-61.75,12.75
807400,1,-64.32,15.47
807600,1,-59.55,15.21
807800,1,-63.83,17.44
808000,0,-69.43,11.96
808200,1,-60.57,20.84
808400,1,-61.19,14.84
808600,1,-58.95,22.39
808800,1,-61.07,17.32
809000,1,-58.5,20.13
809200,1,-56.85,16.11
809400,1,-62.88,19.24
809600,1,-72.88,18.97
809800,1,-60.13,17.82
810000,1,-61.63,20.61
810200,1,-64.93,23.4
810400,1,-62.73,18.04
810600,1,-64.63,13.47
810800,0,-65.72,13.77
811000,0,-68.45,16.94
811200,0,-66.15,13.59
811400,0,-66.94,12.51
811600,0,-67.66,16.73
811800,0,-64.75,16.99
812000,0,-69.9,12.49
812200,0,-65.88,17.81
812400,1,-61.82,16.1
812600,1,-69.88,20.7
812800,1,-61.68,18.34
813000,1,-64.2,16.6
813200,1,-61.54,21.86
813400,0,-72.44,14.64
813600,1,-59.82,20.8
813800,1,-59.79,20.63
814000,1,-65.83,19.74
814200,1,-63.32,20.95
814400,1,-65.61,19.01
814600,1,-69.06,15.96
814800,0,-68.07,14.49
815000,0,-66.78,14.88
815200,1,-63.62,18.65
815400,1,-53.35,20.4
815600,1,-60.21,19.4
815800,1,-60.78,19.89
816000,1,-65.16,20.89
816200,1,-61.98,19.93
816400,1,-56.29,19.59
816600,1,-59.9,20.75
816800,1,-57.5,19.37
817000,1,-62.57,21.97
817200,0,-62.58,13.36
817400,0,-70.89,11.39
817600,0,-65.11,10.43
817800,0,-63.84,14.14
818000,1,-59.89,21.06
818200,1,-61.94,18.83
818400,1,-66.34,20.52
818600,0,-61.4,16.43
818800,1,-58.06,17.6
819000,1,-59.79,16.05
819200,0,-62.98,16.24
819400,1,-63.68,23.42
819600,1,-61.96,20.47
819800,1,-61.56,21.49
820000,0,-69.98,15.23
820200,1,-62.2,18.8
820400,1,-66.38,17.04
820600,0,-70.34,13.82
820800,0,-70.92,18.07
821000,1,-60.64,20.37
821200,0,-60.34,22.24
821400,1,-54.95,17.83
821600,1,-62.74,19.5
821800,1,-61.05,16.86
822000,0,-65.91,9.73
822200,0,-66.14,16.73
822400,0,-65.67,18.38
822600,1,-60.73,17.42
822800,1,-64.66,16.44
823000,1,-61.02,18.67
823200,0,-67.79,13.11
823400,1,-67.58,18.48
823600,1,-64.75,19.31
823800,1,-56.53,21.79
824000,1,-61.44,17.75
824200,1,-63.54,17.36
824400,1,-58.46,18.21
824600,1,-58.12,20.69
824800,1,-59.57,21.54
825000,1,-61.77,15.92
825200,1,-58.41,17.03
825400,1,-61.9,18.98
825600,0,-68.28,12.98
825800,1,-59.13,15.82
826000,1,-61.39,13.85
826200,1,-60.8,15.89
826400,1,-64.33,15.44
826600,1,-65.33,14.62
826800,1,-61.17,19.17
827000,1,-57.68,20.68
827200,1,-56.73,18.17
827400,1,-60.74,19.11
827600,0,-70.4,10.73
827800,0,-69.05,14.71
828000,0,-66.09,9.77
828200,0,-65.46,11.17
828400,0,-66.09,12.55
828600,0,-65.28,13.68
828800,0,-63.12,12.0
829000,0,-64.34,13.79
829200,1,-66.87,21.13
829400,1,-62.63,22.43
829600,1,-62.52,19.3
829800,0,-65.72,16.51
830000,0,-62.5,11.3
830200,1,-61.44,17.12
830400,0,-54.93,17.66
830600,0,-60.97,16.38
830800,0,-58.78,18.51
831000,1,-62.14,12.95
831200,0,-67.27,14.76
831400,1,-65.59,17.16
831600,1,-59.37,23.67
831800,1,-59.13,18.78
832000,1,-62.52,20.26
832200,1,-61.87,21.71
832400,1,-59.68,18.86
832600,1,-57.82,15.33
832800,1,-57.09,18.27
833000,1,-64.25,16.28
833200,1,-64.4,16.39
833400,1,-62.01,20.03
833600,1,-63.21,12.23
833800,1,-60.72,19.0
834000,1,-59.19,18.72
834200,1,-57.18,16.35
834400,1,-64.52,17.21
834600,1,-63.25,15.73
834800,1,-60.33,16.01
835000,0,-66.93,14.77
835200,0,-69.44,12.28
835400,1,-57.8,19.62
835600,0,-65.62,15.17
835800,0,-72.7,12.15
836000,0,-59.67,16.15
836200,1,-62.44,20.86
836400,1,-62.93,19.83
836600,0,-60.83,16.18
836800,0,-73.82,12.72
837000,0,-60.19,15.13
837200,1,-63.62,19.83
837400,1,-63.51,14.99
837600,1,-61.22,19.07
837800,1,-63.69,17.74
838000,0,-66.02,22.93
838200,1,-59.25,16.93
838400,0,-62.51,12.16
838600,0,-64.22,13.1
838800,0,-66.61,11.35
839000,0,-63.4,16.43
839200,0,-63.64,10.43
839400,0,-65.08,8.9
839600,1,-62.3,19.44
839800,1,-58.66,22.18
840000,1,-61.91,19.08
840200,0,-72.73,13.89
840400,0,-63.86,16.3
840600,1,-64.75,17.04
840800,1,-56.7,17.06
841000,1,-61.16,18.81
841200,1,-64.6,16.65
841400,1,-60.85,19.02
841600,1,-59.86,17.81
841800,1,-64.55,17.67
842000,1,-69.24,20.28
842200,1,-58.64,17.41
842400,1,-62.94,19.79
842600,1,-60.26,19.53
842800,1,-57.63,17.14
843000,1,-55.62,21.55
843200,0,-74.81,12.13
843400,0,-70.05,12.54
843600,1,-58.57,21.13
843800,0,-61.41,19.52
844000,1,-63.48,18.66
844200,1,-62.25,20.35
844400,1,-57.54,20.02
844600,1,-64.47,19.42
844800,1,-61.06,19.43
845000,1,-60.35,15.9
845200,1,-59.91,17.81
845400,1,-63.43,21.17
845600,1,-62.21,20.77
845800,1,-60.94,22.03
846000,1,-60.13,16.48
846200,1,-62.35,17.03
846400,1,-68.54,22.73
846600,1,-61.78,19.18
846800,1,-58.65,17.59
847000,1,-56.58,15.95
847200,1,-64.09,19.0
847400,0,-64.9,13.78
847600,0,-71.54,13.28
847800,1,-59.01,21.55
848000,1,-66.19,20.29
848200,0,-68.74,7.2
848400,0,-65.93,12.95
848600,1,-59.95,18.48
848800,0,-67.74,13.7
849000,0,-69.53,12.32
849200,0,-65.75,21.12
849400,1,-65.74,17.17
849600,1,-62.68,19.58
849800,0,-68.97,11.32
850000,1,-65.09,18.77
850200,1,-61.92,20.84
850400,0,-69.23,8.24
850600,1,-65.86,17.78
850800,1,-59.29,21.83
851000,1,-62.31,16.8
851200,0,-70.1,9.59
851400,1,-55.35,16.97
851600,1,-59.64,17.14
851800,1,-52.34,19.73
852000,1,-64.95,17.28
852200,0,-62.97,16.84
852400,1,-58.1,17.95
852600,1,-61.82,22.1
852800,1,-64.13,17.62
853000,1,-62.47,14.15
853200,1,-58.35,20.15
853400,1,-63.14,20.81
853600,1,-63.75,18.36
853800,1,-63.61,18.73
854000,0,-69.74,12.23
854200,1,-67.13,14.51
854400,1,-57.64,15.5
854600,1,-57.84,18.79
854800,1,-58.43,21.66
855000,1,-56.64,20.29
855200,1,-61.38,21.69
855400,1,-59.88,21.44
855600,1,-65.71,17.4
855800,1,-64.47,15.07
856000,1,-58.09,17.17
856200,0,-61.75,19.94
856400,1,-58.45,18.58
856600,1,-62.6,19.8
856800,1,-62.24,15.88
857000,1,-61.78,15.52
857200,0,-72.25,11.51
857400,0,-66.18,11.46
857600,0,-68.45,12.31
857800,1,-60.9,17.23
858000,1,-59.54,17.51
858200,1,-63.27,14.01
858400,1,-62.91,18.74
858600,1,-64.91,15.78
858800,1,-58.41,18.3
859000,1,-63.89,17.48
859200,1,-56.98,16.28
859400,1,-58.8,15.91
859600,1,-62.64,21.34
859800,1,-59.06,17.37
860000,1,-63.0,22.48
860200,1,-53.97,16.05
860400,1,-59.55,16.79
860600,1,-61.26,18.55
860800,1,-62.93,19.37
861000,1,-58.94,15.09
861200,0,-66.81,6.31
861400,0,-67.23,14.56
861600,1,-68.18,16.01
861800,1,-56.73,17.16
862000,1,-59.65,18.54
862200,1,-64.36,20.79
862400,1,-55.58,17.54
862600,1,-58.16,17.86
862800,1,-64.06,15.0
863000,1,-60.98,20.67
863200,1,-59.09,17.7
863400,1,-60.37,18.99
863600,1,-56.88,18.79
863800,1,-60.92,21.18
864000,1,-58.17,23.89
864200,1,-55.93,17.01
864400,1,-63.59,21.0
864600,1,-59.11,20.94
864800,1,-59.2,17.81
865000,1,-64.15,18.41
865200,1,-64.01,22.62
865400,0,-61.38,18.62
865600,1,-67.9,19.81
865800,1,-58.34,18.22
866000,1,-61.11,18.99
866200,1,-64.5,19.61
866400,1,-61.83,13.9
866600,0,-61.6,16.56
866800,1,-66.75,18.64
867000,1,-56.95,17.74
867200,0,-65.93,15.58
867400,0,-66.1,12.48
867600,0,-63.51,17.35
867800,0,-71.0,13.36
868000,0,-69.38,14.29
868200,1,-67.07,20.59
868400,1,-55.63,21.28
868600,0,-70.44,14.24
868800,1,-59.68,21.34
869000,1,-68.7,18.82
869200,1,-61.32,19.97
869400,0,-68.26,13.01
869600,1,-61.51,21.5
869800,1,-58.55,17.9
870000,1,-67.38,15.94
870200,1,-62.98,19.45
870400,0,-69.99,13.95
870600,1,-63.72,14.83
870800,1,-62.59,14.16
871000,0,-59.27,18.81
871200,1,-60.04,12.94
871400,1,-61.11,19.87
871600,1,-63.31,16.7
871800,1,-62.08,20.1
872000,1,-58.69,18.57
872200,1,-55.09,18.17
872400,1,-58.48,18.33
872600,0,-63.91,14.27
872800,0,-67.91,17.31
873000,0,-70.24,13.62
873200,0,-69.08,12.41
873400,0,-70.92,11.62
873600,1,-62.24,22.06
873800,0,-55.6,16.3
874000,1,-61.82,14.26
874200,1,-62.66,18.91
874400,1,-64.1,17.83
874600,1,-61.77,15.89
874800,1,-64.39,14.64
875000,0,-68.33,7.8
875200,0,-68.32,14.49
875400,0,-58.93,8.97
875600,0,-69.71,13.74
875800,1,-63.0,22.62
876000,1,-60.82,19.74
876200,1,-57.67,16.44
876400,1,-60.76,16.24
876600,1,-64.02,19.72
876800,1,-65.59,20.5
877000,1,-59.89,18.45
877200,1,-58.82,20.46
877400,1,-56.86,22.69
877600,1,-64.34,16.11
877800,1,-60.16,20.85
878000,0,-67.66,13.77
878200,0,-64.04,7.99
878400,0,-66.36,16.31
878600,1,-62.56,13.32
878800,1,-60.05,21.22
879000,1,-63.36,18.55
879200,0,-67.94,10.91
879400,1,-58.74,20.91
879600,1,-61.61,17.31
879800,0,-70.9,11.62
880000,1,-61.47,20.28
880200,1,-60.38,19.65
880400,1,-62.65,16.02
880600,1,-66.01,15.02
880800,1,-61.06,19.47
881000,1,-64.23,17.4
881200,0,-70.51,20.25
881400,0,-67.66,13.47
881600,0,-63.62,13.54
881800,1,-60.68,18.76
882000,0,-58.88,20.07
882200,0,-68.71,16.28
882400,0,-62.3,13.43
882600,0,-64.84,16.19
882800,0,-62.07,15.46
883000,0,-73.44,11.83
883200,0,-68.54,14.66
883400,0,-64.5,12.66
883600,0,-68.1,10.52
883800,0,-62.87,10.65
884000,1,-57.46,19.99
884200,0,-65.97,12.64
884400,1,-61.24,15.56
884600,1,-60.35,16.46
884800,1,-58.66,15.86
885000,1,-56.91,22.47
885200,1,-64.91,20.36
885400,1,-62.98,18.94
885600,1,-64.86,15.94
885800,1,-64.38,16.41
886000,1,-60.63,16.14
886200,0,-68.06,16.68
886400,1,-62.22,21.9
886600,1,-62.07,20.4
886800,0,-62.37,16.17
887000,0,-66.26,11.15
887200,0,-70.04,10.49
887400,0,-69.25,11.81
887600,0,-69.08,15.15
887800,1,-58.97,17.14
888000,1,-60.48,18.65
888200,0,-64.73,8.41
888400,0,-63.29,13.08
888600,1,-58.36,18.09
888800,1,-64.17,17.51
889000,1,-64.8,16.05
889200,1,-56.88,18.68
889400,0,-61.69,21.62
889600,0,-71.56,12.89
889800,0,-60.68,12.25
890000,0,-71.47,11.24
890200,0,-69.56,12.6
890400,0,-63.45,12.93
890600,1,-62.37,18.41
890800,1,-59.76,19.07
891000,1,-58.29,17.54
891200,0,-73.66,8.55
891400,1,-58.84,18.92
891600,1,-56.06,23.9
891800,1,-67.09,17.19
892000,1,-56.03,16.53
892200,1,-66.53,18.06
892400,0,-63.96,20.33
892600,1,-62.07,19.02
892800,1,-61.93,18.38
893000,1,-57.01,18.89
893200,1,-55.17,17.67
893400,0,-69.54,10.1
893600,0,-63.75,13.71
893800,0,-63.76,11.33
894000,0,-69.28,11.82
894200,1,-63.15,19.52
894400,1,-62.14,20.67
894600,1,-58.79,17.97
894800,1,-64.29,19.72
895000,1,-61.46,19.5
895200,0,-63.51,16.51
895400,1,-55.3,14.38
895600,1,-62.21,14.91
895800,1,-64.14,18.29
896000,1,-65.83,17.21
896200,1,-59.51,18.25
896400,1,-60.81,18.28
896600,0,-64.66,18.04
896800,0,-69.57,17.37
897000,0,-69.01,19.72
897200,0,-70.87,11.84
897400,0,-64.99,10.45
897600,0,-63.18,14.19
897800,0,-66.59,16.0
898000,1,-66.61,16.06
898200,1,-66.59,19.83
898400,1,-58.09,14.53
898600,0,-70.04,13.29
898800,1,-56.32,15.27
899000,1,-61.94,20.35
899200,1,-57.6,18.98
899400,1,-54.25,20.5
899600,1,-54.87,19.95
899800,1,-68.64,18.0
900000,1,-62.77,17.89
900200,1,-67.61,18.38
900400,1,-55.8,20.81
900600,1,-61.38,19.25
900800,1,-57.36,18.21
901000,1,-61.02,18.11
901200,1,-61.53,19.24
901400,1,-69.49,22.15
901600,1,-58.77,19.98
901800,1,-63.94,18.13
902000,0,-60.7,14.39
902200,0,-68.24,18.48
902400,1,-66.17,17.4
902600,0,-63.42,12.73
902800,0,-65.01,8.63
903000,0,-63.25,9.93
903200,1,-61.12,19.91
903400,0,-71.19,12.47
903600,0,-65.83,14.18
903800,1,-67.85,21.18
904000,1,-62.31,21.36
904200,1,-57.0,19.11
904400,1,-60.39,18.32
904600,1,-61.26,17.27
904800,1,-64.85,19.34
905000,1,-55.55,21.59
905200,1,-62.65,19.1
905400,0,-68.47,15.04
905600,0,-72.33,11.81
905800,0,-69.03,14.78
906000,0,-65.5,11.42
906200,0,-76.44,15.08
906400,0,-64.55,11.96
906600,0,-68.47,10.33
906800,0,-67.93,14.92
907000,0,-67.56,12.13
907200,0,-72.21,7.66
907400,1,-62.9,17.95
907600,1,-64.05,18.99
907800,0,-61.33,14.51
908000,0,-68.35,8.03
908200,0,-64.01,11.11
908400,0,-68.84,17.59
908600,0,-68.97,10.6
908800,1,-59.59,22.98
909000,1,-54.99,12.74
909200,1,-58.78,19.84
909400,1,-59.02,15.31
909600,1,-66.64,12.79
909800,0,-68.35,14.5
910000,0,-64.55,11.2
910200,1,-61.01,14.73
910400,1,-69.13,16.25
910600,1,-63.35,16.76
910800,1,-66.22,17.71
911000,1,-58.37,15.28
911200,1,-62.46,18.08
911400,1,-62.73,17.84
911600,1,-59.23,18.56
911800,1,-49.3,17.76
912000,1,-61.91,14.32
912200,1,-64.35,16.45
912400,0,-66.97,11.37
912600,1,-64.49,17.32
912800,1,-60.11,19.8
913000,1,-59.88,16.35
913200,1,-63.37,16.79
913400,1,-63.17,16.96
913600,1,-61.58,22.55
913800,1,-61.54,19.19
914000,1,-62.36,16.23
914200,1,-62.58,19.07
914400,1,-59.67,19.83
914600,0,-62.34,15.24
914800,0,-68.19,19.87
915000,1,-63.81,17.81
915200,1,-59.91,17.97
915400,1,-56.55,19.7
915600,1,-53.9,19.89
915800,1,-59.18,15.47
916000,1,-61.89,18.64
916200,1,-60.91,18.62
916400,1,-70.81,17.61
916600,1,-62.02,19.5
916800,1,-57.57,24.03
917000,1,-64.3,20.75
917200,0,-62.04,16.14
917400,1,-65.72,22.05
917600,1,-57.08,21.59
917800,1,-56.54,19.02
918000,1,-65.66,21.7
918200,1,-58.36,17.22
918400,1,-57.66,13.46
918600,0,-65.88,10.82
918800,0,-64.41,12.46
919000,0,-64.38,19.42
919200,0,-67.5,17.66
919400,0,-70.5,15.64
919600,1,-56.26,15.83
919800,1,-57.93,15.89
920000,1,-60.26,19.93
920200,1,-59.96,20.31
920400,0,-68.51,13.87
920600,0,-71.35,11.7
920800,1,-68.84,21.48
921000,1,-66.77,19.53
921200,1,-59.68,20.95
921400,1,-61.68,21.56
921600,0,-72.55,11.7
921800,0,-67.03,14.2
922000,1,-63.12,15.4
922200,0,-72.52,17.21
922400,0,-71.54,14.37
922600,0,-65.75,17.4
922800,0,-64.84,11.4
923000,0,-67.28,9.4
923200,0,-65.66,15.04
923400,0,-67.19,12.73
923600,0,-65.79,13.31
923800,0,-70.84,15.4
924000,0,-59.89,10.64
924200,0,-61.58,17.72
924400,1,-59.13,15.35
924600,0,-68.21,11.93
924800,1,-62.36,20.11
925000,0,-67.76,13.4
925200,1,-67.84,21.38
925400,1,-62.58,20.57
925600,1,-58.55,18.24
925800,1,-55.08,17.73
926000,1,-65.18,14.62
926200,0,-68.68,14.84
926400,0,-66.91,10.0
926600,0,-69.53,13.44
926800,0,-65.42,10.78
927000,1,-64.81,17.75
927200,1,-66.22,19.59
927400,1,-57.82,15.5
927600,1,-65.8,22.58
927800,1,-57.07,18.12
928000,0,-60.76,18.27
928200,1,-63.03,19.43
928400,0,-68.7,19.7
928600,1,-61.02,18.87
928800,1,-58.53,16.54
929000,1,-60.64,19.29
929200,1,-66.47,13.61
929400,1,-61.9,16.92
929600,1,-65.48,18.42
929800,1,-63.56,17.42
930000,0,-65.69,11.76
930200,0,-65.05,9.55
930400,0,-67.77,14.66
930600,0,-71.99,15.63
930800,1,-63.94,18.86
931000,1,-67.21,20.42
931200,1,-64.4,21.6
931400,0,-66.62,9.62
931600,0,-73.51,13.03
931800,0,-70.45,12.83
932000,1,-57.56,23.31
932200,1,-63.39,15.04
932400,1,-65.15,16.08
932600,0,-63.6,12.45
932800,1,-57.26,17.66
933000,0,-67.16,14.67
933200,0,-63.84,11.13
933400,1,-64.08,19.39
933600,1,-58.46,20.5
933800,0,-67.27,11.9
934000,1,-58.36,16.3
934200,1,-63.66,16.76
934400,1,-59.0,17.49
934600,1,-56.83,15.41
934800,1,-66.29,19.73
935000,1,-54.58,22.59
935200,0,-71.79,11.67
935400,0,-70.34,15.23
935600,1,-54.5,14.89
935800,0,-64.55,14.53
936000,0,-67.27,13.3
936200,1,-67.07,17.26
936400,1,-59.84,19.21
936600,1,-59.37,20.22
936800,1,-59.75,22.5
937000,1,-60.42,19.3
937200,0,-63.93,14.67
937400,0,-72.47,18.28
937600,0,-66.11,10.01
937800,1,-58.09,20.55
938000,0,-59.99,18.86
938200,0,-66.31,13.04
938400,1,-59.16,18.62
938600,1,-65.68,18.26
938800,1,-56.77,18.13
939000,1,-65.18,18.62
939200,1,-63.43,19.46
939400,1,-55.89,17.49
939600,1,-63.33,20.42
939800,1,-58.32,20.38
940000,1,-58.73,17.9
940200,1,-65.64,19.78
940400,1,-67.82,16.78
940600,1,-62.68,17.1
940800,1,-58.92,18.59
941000,1,-61.31,16.91
941200,1,-51.27,20.26
941400,1,-60.96,24.54
941600,1,-57.2,19.62
941800,1,-57.14,13.87
942000,1,-61.25,19.39
942200,1,-65.36,13.72
942400,1,-62.69,16.73
942600,1,-58.6,18.58
942800,1,-64.46,17.77
943000,1,-56.14,20.25
943200,1,-63.42,24.38
943400,1,-61.04,20.08
943600,1,-64.21,17.7
943800,1,-64.69,23.32
944000,1,-66.53,19.17
944200,1,-59.29,15.54
944400,1,-59.21,17.38
944600,1,-62.61,19.0
944800,1,-64.77,16.75
945000,1,-67.12,19.88
945200,1,-65.08,21.15
945400,0,-64.01,14.74
945600,0,-63.83,17.82
945800,0,-64.43,14.32
946000,0,-65.37,13.25
946200,1,-59.41,22.3
946400,0,-71.86,15.22
946600,0,-64.03,17.39
946800,0,-64.76,16.53
947000,0,-71.06,15.14
947200,1,-62.1,21.79
947400,0,-63.47,12.71
947600,0,-71.99,11.72
947800,0,-63.37,17.06
948000,0,-65.96,12.54
948200,1,-60.33,19.38
948400,1,-68.55,19.83
948600,0,-62.17,13.78
948800,0,-73.23,12.96
949000,0,-71.38,10.91
949200,1,-62.99,22.17
949400,1,-61.25,18.6
949600,1,-57.41,18.64
949800,1,-59.62,17.67
950000,1,-59.63,17.46
950200,1,-58.99,23.2
950400,0,-67.9,12.63
950600,1,-61.69,17.98
950800,1,-63.17,18.5
951000,1,-61.01,16.38
951200,1,-62.18,17.09
951400,1,-59.83,18.94
951600,1,-61.04,21.43
951800,0,-65.07,11.93
952000,1,-64.73,15.24
952200,1,-61.8,17.03
952400,1,-58.73,19.67
952600,1,-59.6,17.72
952800,1,-61.9,21.25
953000,1,-57.31,14.0
953200,1,-59.56,21.49
953400,1,-66.26,19.65
953600,1,-62.35,13.78
953800,1,-55.28,16.82
954000,1,-61.45,19.15
954200,1,-65.38,19.69
954400,0,-68.58,10.26
954600,1,-56.13,19.87
954800,1,-59.24,18.99
955000,1,-63.86,18.78
955200,1,-58.28,17.18
955400,0,-62.83,14.19
955600,0,-70.39,13.11
955800,1,-54.3,15.79
956000,1,-62.28,19.38
956200,1,-55.88,18.4
956400,1,-62.82,14.64
956600,1,-61.84,19.78
956800,1,-61.23,16.46
957000,1,-61.37,17.15
957200,0,-62.73,18.85
957400,0,-67.55,18.63
957600,0,-65.62,15.36
957800,1,-64.19,16.99
958000,1,-62.44,19.06
958200,0,-62.68,14.89
958400,0,-68.32,15.24
958600,0,-71.09,9.47
958800,0,-70.65,15.27
959000,0,-67.13,14.05
959200,1,-59.27,19.59
959400,1,-60.74,15.85
959600,0,-66.2,15.75
959800,0,-69.2,6.64
960000,1,-63.33,17.11
960200,1,-63.0,17.8
960400,0,-69.17,15.85
960600,0,-63.81,13.18
960800,0,-71.59,12.01
961000,0,-62.73,16.21
961200,1,-59.01,17.61
961400,1,-62.95,21.16
961600,1,-66.08,19.07
961800,0,-67.46,13.36
962000,0,-68.95,13.05
962200,1,-61.18,20.62
962400,0,-69.11,13.11
962600,1,-62.4,17.78
962800,1,-59.27,20.32
963000,1,-63.52,21.43
963200,1,-67.21,21.18
963400,0,-67.24,11.57
963600,0,-67.14,14.73
963800,1,-67.48,20.72
964000,1,-61.94,22.1
964200,1,-61.35,18.38
964400,0,-68.18,14.69
964600,0,-65.41,12.52
964800,0,-69.78,13.2
965000,0,-68.51,11.91
965200,1,-63.15,21.32
965400,1,-51.45,18.16
965600,1,-60.78,18.77
965800,1,-67.74,21.48
966000,1,-62.36,15.97
966200,0,-67.45,14.44
966400,0,-75.24,14.2
966600,1,-60.05,17.62
966800,1,-60.23,14.56
967000,1,-63.52,19.74
967200,1,-62.87,16.18
967400,1,-60.4,18.23
967600,1,-60.25,15.81
967800,1,-58.78,13.88
968000,0,-62.64,21.56
968200,1,-64.31,20.33
968400,1,-62.02,12.99
968600,1,-63.21,18.49
968800,0,-65.52,15.91
969000,0,-70.14,11.59
969200,0,-65.2,10.17
969400,0,-69.19,14.15
969600,0,-73.29,13.37
969800,0,-71.0,11.66
970000,1,-58.6,19.57
970200,1,-64.63,18.27
970400,1,-65.61,20.96
970600,1,-58.75,17.51
970800,1,-56.78,21.32
971000,1,-58.64,18.31
971200,1,-61.53,21.28
971400,1,-60.68,15.95
971600,1,-61.01,18.27
971800,1,-62.37,19.79
972000,0,-65.61,14.81
972200,0,-68.88,13.37
972400,0,-64.01,9.82
972600,1,-58.4,15.76
972800,1,-58.61,15.24
973000,1,-63.88,15.89
973200,1,-61.81,18.5
973400,0,-73.14,13.43
973600,1,-53.61,22.27
973800,1,-61.55,18.02
974000,1,-61.95,14.22
974200,0,-67.64,14.88
974400,0,-66.65,18.59
974600,1,-63.46,19.22
974800,1,-61.62,20.7
975000,1,-64.27,23.58
975200,1,-58.85,20.1
975400,1,-62.11,20.06
975600,1,-59.47,17.1
975800,0,-65.05,17.48
976000,1,-55.99,18.36
976200,0,-64.46,19.3
976400,1,-60.76,22.12
976600,0,-70.35,13.7
976800,0,-72.07,13.92
977000,0,-70.94,10.98
977200,1,-67.85,21.96
977400,0,-68.07,9.55
977600,0,-70.74,12.63
977800,0,-62.01,13.9
978000,0,-69.03,15.44
978200,0,-69.87,12.8
978400,0,-67.89,8.57
978600,0,-65.51,8.13
978800,1,-61.73,22.42
979000,1,-58.72,18.17
979200,1,-59.17,13.99
979400,0,-67.88,12.88
979600,0,-62.71,14.95
979800,0,-65.68,14.26
980000,0,-62.62,13.07
980200,0,-66.15,15.59
980400,0,-63.95,14.76
980600,0,-66.0,13.67
980800,0,-64.87,12.11
981000,1,-58.12,19.91
981200,1,-60.4,16.84
981400,1,-66.75,20.03
981600,0,-69.9,13.67
981800,0,-70.63,12.48
982000,0,-69.2,16.12
982200,1,-62.49,20.87
982400,1,-66.3,20.27
982600,1,-61.86,15.07
982800,1,-67.31,17.42
983000,1,-60.22,16.18
983200,1,-58.48,18.82
983400,0,-61.54,13.98
983600,0,-66.79,13.03
983800,0,-72.76,16.82
984000,0,-65.84,13.53
984200,1,-63.87,17.61
984400,1,-54.16,15.27
984600,1,-65.15,19.47
984800,1,-64.15,24.47
985000,1,-55.11,18.52
985200,0,-61.62,11.14
985400,0,-63.25,14.12
985600,0,-66.92,12.18
985800,0,-62.75,12.4
986000,0,-63.53,11.81
986200,1,-63.4,18.17
986400,0,-67.2,15.42
986600,0,-69.61,11.53
986800,0,-63.73,14.37
987000,0,-66.92,13.28
987200,0,-65.99,12.15
987400,0,-68.56,15.03
987600,1,-61.58,18.94
987800,1,-52.03,18.67
988000,1,-57.72,23.79
988200,1,-56.99,17.14
988400,1,-60.59,18.49
988600,1,-68.11,18.41
988800,1,-62.74,17.78
989000,1,-63.08,17.56
989200,0,-67.64,11.37
989400,1,-57.06,18.3
989600,1,-66.51,17.95
989800,1,-63.78,15.6
990000,1,-58.41,16.2
990200,1,-64.55,21.48
990400,1,-60.65,23.5
990600,1,-64.0,19.62
990800,1,-61.3,17.81
991000,1,-62.24,17.75
991200,1,-55.81,19.42
991400,1,-61.2,17.22
991600,1,-59.78,18.75
991800,1,-63.87,18.41
992000,0,-62.86,16.84
992200,1,-61.68,18.12
992400,1,-63.18,16.68
992600,0,-66.41,11.76
992800,1,-59.68,20.32
993000,1,-61.32,14.18
993200,1,-59.64,14.45
993400,1,-60.29,20.88
993600,1,-65.7,19.77
993800,1,-64.64,13.49
994000,1,-55.58,16.67
994200,1,-57.25,21.87
994400,1,-61.3,15.79
994600,1,-60.52,16.83
994800,1,-59.31,18.0
995000,1,-59.52,16.36
995200,1,-63.21,16.13
995400,1,-61.84,23.79
995600,1,-55.88,21.97
995800,1,-58.24,16.67
996000,1,-55.62,24.03
996200,0,-66.4,15.29
996400,0,-68.72,16.05
996600,0,-60.79,12.08
996800,1,-60.68,20.04
997000,1,-53.82,17.6
997200,1,-64.09,21.23
997400,1,-59.83,18.99
997600,1,-59.27,18.86
997800,0,-69.54,15.29
998000,0,-68.77,8.51
998200,0,-67.21,10.56
998400,0,-65.55,13.23
998600,1,-58.3,17.77
998800,1,-66.68,19.51
999000,1,-60.55,20.73
999200,0,-72.57,16.63
999400,0,-69.29,16.28
999600,0,-66.42,14.71
999800,0,-63.12,9.12
1000000,0,-66.8,10.96
1000200,1,-57.98,18.43
1000400,0,-73.03,13.05
1000600,1,-60.6,14.78
1000800,1,-63.27,15.59
1001000,1,-61.44,20.76
1001200,1,-54.12,17.38
1001400,1,-60.49,20.7
1001600,1,-64.76,19.88
1001800,1,-64.73,15.74
1002000,1,-61.95,19.15
1002200,1,-62.2,15.54
1002400,1,-60.54,24.63
1002600,1,-62.75,18.63
1002800,1,-58.18,19.47
1003000,0,-62.13,20.95
1003200,1,-61.74,18.13
1003400,1,-61.31,19.46
1003600,1,-60.81,17.86
1003800,1,-60.46,19.07
1004000,1,-60.06,16.96
1004200,1,-62.65,16.74
1004400,1,-64.07,17.65
1004600,1,-61.79,16.38
1004800,1,-57.02,20.34
1005000,0,-71.3,14.47
1005200,0,-64.92,14.83
1005400,1,-65.77,20.8
1005600,1,-63.27,19.46
1005800,1,-62.0,22.99
1006000,1,-63.9,22.45
1006200,1,-62.49,23.96
1006400,1,-59.29,21.75
1006600,1,-69.51,18.42
1006800,1,-58.19,13.51
1007000,1,-72.37,18.87
1007200,1,-58.81,13.1
1007400,1,-65.48,22.32
1007600,0,-58.63,23.45
1007800,1,-63.64,13.84
1008000,1,-61.06,15.23
1008200,1,-66.21,24.53
1008400,1,-63.23,17.43
1008600,1,-58.41,18.21
1008800,1,-64.46,18.45
1009000,0,-64.74,12.77
1009200,1,-60.99,19.61
1009400,1,-62.07,22.95
1009600,1,-63.52,14.06
1009800,1,-64.72,18.47
1010000,1,-60.64,16.05
1010200,1,-64.63,16.85
1010400,1,-61.29,15.24
1010600,1,-65.42,22.87
1010800,1,-66.57,18.71
1011000,1,-64.74,18.98
1011200,1,-61.65,20.3
1011400,1,-62.9,17.09
1011600,1,-60.31,16.7
1011800,1,-64.15,15.97
1012000,0,-62.98,14.33
1012200,0,-65.94,14.01
1012400,0,-68.88,12.03
1012600,0,-65.0,20.03
1012800,1,-60.97,16.58
1013000,1,-61.49,18.27
1013200,1,-65.36,16.28
1013400,1,-61.12,21.62
1013600,0,-63.3,8.83
1013800,0,-59.13,14.39
1014000,0,-64.24,15.16
1014200,0,-69.93,16.59
1014400,0,-62.87,12.9
1014600,0,-69.7,15.1
1014800,1,-61.21,17.53
1015000,1,-56.86,19.1
1015200,1,-57.1,19.72
1015400,1,-59.99,14.67
1015600,1,-65.82,22.14
1015800,1,-59.09,17.78
1016000,1,-59.29,21.27
1016200,1,-59.0,19.38
1016400,0,-67.59,11.62
1016600,0,-65.96,11.55
1016800,0,-59.02,12.39
1017000,1,-56.19,13.33
1017200,1,-64.05,16.21
1017400,1,-60.23,20.2
1017600,1,-63.56,20.03
1017800,1,-55.6,18.24
1018000,1,-65.05,13.87
1018200,0,-66.94,8.98
1018400,0,-68.0,15.24
1018600,0,-69.63,16.6
1018800,1,-62.21,21.69
1019000,0,-72.41,13.95
1019200,0,-68.19,13.01
1019400,1,-58.89,22.07
1019600,1,-63.51,17.91
1019800,0,-59.47,7.67
1020000,0,-62.42,12.19
1020200,0,-66.33,15.58
1020400,0,-63.2,12.53
1020600,0,-62.77,12.25
1020800,1,-60.79,22.92
1021000,0,-70.31,15.76
1021200,1,-64.75,17.4
1021400,1,-63.34,17.15
1021600,0,-66.13,16.27
1021800,0,-68.84,15.09
1022000,0,-66.07,14.79
1022200,0,-72.13,12.85
1022400,1,-57.09,16.78
1022600,1,-61.22,20.45
1022800,0,-66.46,10.53
1023000,0,-69.49,13.35
1023200,0,-64.19,13.84
1023400,1,-62.75,17.77
1023600,1,-59.01,18.14
1023800,1,-59.64,14.84
1024000,1,-71.04,22.12
1024200,1,-62.57,14.1
1024400,1,-59.33,16.08
1024600,1,-64.56,23.33
1024800,1,-66.26,21.62
1025000,1,-63.92,15.41
1025200,0,-65.32,13.51
1025400,0,-68.8,14.01
1025600,0,-72.57,8.57
1025800,0,-68.14,13.92
1026000,1,-60.63,21.27
1026200,1,-55.86,20.57
1026400,1,-60.39,16.83
1026600,1,-60.06,20.94
1026800,1,-65.73,18.84
1027000,1,-57.41,19.88
1027200,1,-63.42,21.07
1027400,0,-68.34,14.76
1027600,0,-67.53,11.56
1027800,0,-71.43,11.13
1028000,1,-62.52,18.25
1028200,1,-59.97,18.48
1028400,1,-60.7,19.75
1028600,0,-63.07,16.65
1028800,0,-68.41,11.38
1029000,0,-68.57,9.79
1029200,1,-56.81,20.86
1029400,1,-62.22,14.35
1029600,1,-63.76,17.15
1029800,1,-64.88,18.31
1030000,1,-57.51,17.49
1030200,0,-68.55,14.85
1030400,1,-58.05,13.68
1030600,1,-66.8,16.07
1030800,1,-62.18,19.33
1031000,1,-60.6,19.61
1031200,1,-55.87,14.58
1031400,1,-66.94,21.96
1031600,1,-61.48,17.98
1031800,0,-58.67,20.37
1032000,1,-58.57,22.36
1032200,1,-61.88,17.48
1032400,1,-61.33,20.33
1032600,1,-61.62,22.08
1032800,1,-69.07,18.64
1033000,1,-59.21,14.45
1033200,1,-61.49,17.43
1033400,1,-60.93,24.38
1033600,1,-60.25,17.77
1033800,0,-68.67,12.26
1034000,0,-73.68,10.4
1034200,0,-70.55,14.49
1034400,0,-62.15,12.98
1034600,0,-74.4,13.39
1034800,0,-69.0,12.07
1035000,0,-71.48,11.88
1035200,0,-59.94,14.33
1035400,0,-66.43,10.7
1035600,0,-66.09,11.58
1035800,1,-58.64,19.1
1036000,1,-62.49,18.13
1036200,1,-57.17,14.23
1036400,1,-58.55,19.22
1036600,1,-57.55,17.69
1036800,1,-61.92,18.35
1037000,1,-65.29,19.23
1037200,1,-62.39,18.74
1037400,1,-61.62,15.29
1037600,1,-62.08,19.3
1037800,1,-57.06,12.47
1038000,1,-59.48,17.73
1038200,0,-62.92,22.79
1038400,1,-60.14,16.05
1038600,1,-60.17,14.67
1038800,1,-64.91,18.72
1039000,1,-66.2,20.21
1039200,1,-65.53,21.44
1039400,0,-68.06,10.94
1039600,0,-67.6,17.3
1039800,0,-67.17,11.34
1040000,1,-62.7,17.73
1040200,1,-54.57,14.55
1040400,1,-69.79,18.81
1040600,1,-54.32,18.19
1040800,1,-63.08,19.36
1041000,1,-59.14,17.38
1041200,1,-63.16,16.72
1041400,0,-67.64,16.24
1041600,0,-72.53,13.26
1041800,0,-68.03,11.7
1042000,0,-69.56,14.5
1042200,0,-70.65,14.17
1042400,0,-69.07,13.99
1042600,1,-62.65,16.11
1042800,0,-58.39,17.83
1043000,1,-63.02,17.32
1043200,1,-66.87,17.74
1043400,1,-61.95,21.37
1043600,0,-69.96,15.36
1043800,0,-72.76,8.91
1044000,1,-63.29,19.52
1044200,0,-69.61,13.14
1044400,0,-70.31,10.89
1044600,0,-66.61,15.77
1044800,0,-63.81,13.09
1045000,1,-60.97,16.65
1045200,1,-60.15,18.58
1045400,1,-61.32,17.09
1045600,1,-63.14,12.96
1045800,0,-61.61,15.03
1046000,1,-64.11,20.17
1046200,1,-62.24,21.53
1046400,1,-60.38,15.86
1046600,0,-67.02,16.2
1046800,1,-61.64,18.34
1047000,1,-57.61,17.07
1047200,1,-60.34,19.29
1047400,1,-57.54,14.78
1047600,1,-64.46,20.9
1047800,0,-68.81,12.09
1048000,0,-71.89,8.24
1048200,0,-68.27,17.45
1048400,1,-57.37,19.15
1048600,1,-66.82,17.14
1048800,1,-62.13,15.48
1049000,1,-63.6,22.07
1049200,1,-65.99,19.6
1049400,0,-60.54,12.5
1049600,1,-63.95,14.93
1049800,1,-60.49,18.6
1050000,0,-68.35,16.13
1050200,1,-59.68,21.8
1050400,0,-69.98,13.81
1050600,0,-71.05,18.06
1050800,1,-61.65,18.05
1051000,1,-60.44,19.23
1051200,0,-65.83,19.48
1051400,0,-62.55,15.42
1051600,0,-65.9,14.55
1051800,1,-59.56,16.62
1052000,1,-61.41,22.85
1052200,1,-62.82,17.49
1052400,0,-67.27,13.89
1052600,0,-72.07,15.76
1052800,0,-71.75,8.39
1053000,0,-66.34,12.06
1053200,0,-60.9,14.15
1053400,0,-66.85,12.97
1053600,1,-60.25,21.75
1053800,1,-63.73,18.06
1054000,1,-64.47,18.04
1054200,0,-67.25,12.93
1054400,1,-53.53,21.36
1054600,1,-53.98,14.7
1054800,1,-61.85,20.11
1055000,1,-64.72,20.94
1055200,1,-59.1,16.12
1055400,1,-61.02,20.14
1055600,1,-59.44,18.38
1055800,1,-60.16,18.61
1056000,0,-71.09,8.45
1056200,0,-70.1,12.28
1056400,1,-63.37,20.27
1056600,1,-61.96,18.04
1056800,1,-64.5,21.09
1057000,1,-61.11,21.89
1057200,1,-62.1,16.12
1057400,1,-57.39,21.77
1057600,1,-63.35,16.99
1057800,0,-68.95,15.95
1058000,0,-68.21,13.53
1058200,0,-68.17,12.92
1058400,0,-60.4,15.04
1058600,0,-62.16,12.59
1058800,1,-56.85,19.79
1059000,1,-63.13,21.21
1059200,1,-61.8,14.38
1059400,1,-62.92,18.06
1059600,1,-60.91,18.24
1059800,1,-63.09,19.23
1060000,1,-64.43,19.75
1060200,1,-66.08,19.17
1060400,1,-57.07,19.35
1060600,1,-61.12,17.77
1060800,0,-59.85,15.89
1061000,1,-56.59,17.19
1061200,1,-62.11,16.96
1061400,1,-55.58,17.74
1061600,1,-64.36,20.53
1061800,0,-64.78,14.01
1062000,0,-71.55,13.05
1062200,0,-67.7,11.56
1062400,0,-69.99,14.34
1062600,1,-60.16,18.8
1062800,1,-56.03,19.87
1063000,1,-57.35,16.69
1063200,1,-65.31,17.96
1063400,0,-60.83,17.99
1063600,1,-61.42,20.83
1063800,1,-62.28,15.17
1064000,0,-63.67,17.86
1064200,1,-65.3,24.01
1064400,1,-57.0,19.1
1064600,1,-55.57,15.56
1064800,1,-67.71,15.75
1065000,1,-61.56,18.22
1065200,1,-57.9,18.71
1065400,1,-64.68,18.05
1065600,0,-68.66,13.58
1065800,0,-63.31,13.36
1066000,0,-63.01,11.79
1066200,1,-58.73,17.05
1066400,1,-61.96,16.61
1066600,1,-64.38,16.05
1066800,1,-58.97,20.36
1067000,0,-76.05,17.14
1067200,0,-68.61,8.61
1067400,0,-70.36,12.34
1067600,0,-65.96,12.76
1067800,1,-62.82,18.78
1068000,1,-58.74,18.54
1068200,1,-63.74,20.0
1068400,1,-56.17,20.06
1068600,0,-73.41,12.57
1068800,0,-65.98,12.93
1069000,0,-68.39,15.35
1069200,0,-62.31,13.99
1069400,0,-65.03,13.6
1069600,1,-61.23,14.67
1069800,1,-58.31,18.83
1070000,1,-66.63,15.9
1070200,1,-58.61,18.74
1070400,1,-61.17,24.07
1070600,1,-61.45,21.98
1070800,0,-56.58,20.63
1071000,0,-66.25,12.46
1071200,0,-68.06,18.55
1071400,0,-67.19,9.89
1071600,0,-68.5,12.61
1071800,0,-72.08,13.17
1072000,0,-66.9,13.32
1072200,0,-64.85,10.12
1072400,0,-66.56,12.92
1072600,0,-59.74,15.92
1072800,1,-65.71,19.1
1073000,1,-63.99,23.28
1073200,1,-61.83,13.64
1073400,1,-61.32,20.5
1073600,1,-56.98,17.08
1073800,0,-67.42,12.02
1074000,0,-65.85,15.75
1074200,0,-70.51,9.82
1074400,0,-61.79,13.94
1074600,0,-69.23,10.91
1074800,1,-66.35,19.0
1075000,1,-59.26,15.94
1075200,1,-60.79,18.05
1075400,1,-58.14,19.01
1075600,1,-58.51,18.31
1075800,1,-58.05,15.2
1076000,1,-59.94,18.08
1076200,1,-64.14,16.31
1076400,1,-61.66,17.13
1076600,1,-58.48,22.89
1076800,1,-58.77,17.22
1077000,1,-60.87,13.19
1077200,1,-63.75,18.08
1077400,1,-62.26,19.59
1077600,0,-63.59,13.35
1077800,1,-60.4,19.62
1078000,1,-61.29,21.34
1078200,1,-63.35,15.52
1078400,1,-63.79,17.17
1078600,1,-61.19,21.95
1078800,1,-59.14,20.04
1079000,1,-61.32,20.35
1079200,1,-58.9,17.89
1079400,1,-59.05,20.81
1079600,1,-59.73,19.08
1079800,1,-63.37,17.65
1080000,1,-57.29,21.98
1080200,1,-57.05,17.15
1080400,1,-62.85,18.47
1080600,1,-57.42,19.75
1080800,1,-63.37,17.18
1081000,1,-59.32,15.64
1081200,1,-58.25,19.74
1081400,1,-64.76,20.2
1081600,1,-62.38,18.48
1081800,0,-64.27,7.51
1082000,0,-69.75,10.9
1082200,1,-61.71,19.1
1082400,1,-57.9,17.14
1082600,1,-65.36,20.26
1082800,1,-63.54,16.84
1083000,1,-58.39,17.59
1083200,1,-63.17,16.6
1083400,1,-60.04,17.74
1083600,1,-62.98,19.18
1083800,1,-57.77,19.63
1084000,1,-63.93,19.61
1084200,1,-58.79,16.48
1084400,0,-68.84,12.1
1084600,1,-61.88,19.8
1084800,0,-68.53,10.07
1085000,0,-69.55,12.2
1085200,0,-70.06,16.04
1085400,0,-67.96,16.8
1085600,0,-67.41,14.59
1085800,0,-62.55,13.42
1086000,0,-64.85,8.86
1086200,1,-61.87,14.45
1086400,0,-64.7,15.12
1086600,0,-66.63,12.27
1086800,0,-62.27,12.13
1087000,0,-69.2,15.37
1087200,1,-63.71,20.31
1087400,0,-62.2,19.67
1087600,0,-64.69,15.14
1087800,0,-68.85,14.63
1088000,0,-61.7,13.21
1088200,0,-67.29,12.07
1088400,0,-70.82,13.02
1088600,0,-69.63,13.8
1088800,1,-57.49,21.08
1089000,0,-62.55,19.93
1089200,1,-60.93,18.42
1089400,0,-68.73,11.38
1089600,1,-63.04,22.56
1089800,1,-64.26,18.04
1090000,1,-56.27,18.97
1090200,0,-66.92,13.43
1090400,0,-64.23,16.04
1090600,0,-67.94,8.25
1090800,0,-64.04,14.19
1091000,1,-60.25,21.97
1091200,1,-59.7,22.91
1091400,1,-63.83,23.22
1091600,0,-57.89,16.68
1091800,1,-54.7,18.21
1092000,1,-58.43,21.36
1092200,1,-63.12,18.19
1092400,1,-63.11,16.62
1092600,1,-64.51,13.31
1092800,1,-58.55,20.78
1093000,1,-63.69,21.47
1093200,0,-69.27,13.23
1093400,0,-71.32,13.83
1093600,1,-62.86,18.01
1093800,0,-68.4,14.76
1094000,1,-63.56,18.93
1094200,1,-65.64,17.35
1094400,1,-61.15,16.3
1094600,1,-59.11,19.69
1094800,1,-60.52,17.84
1095000,1,-61.28,17.53
1095200,1,-59.83,18.65
1095400,1,-64.62,14.54
1095600,1,-56.66,19.33
1095800,1,-59.86,18.54
1096000,1,-61.7,17.94
1096200,1,-57.47,18.17
1096400,1,-60.17,14.66
1096600,0,-61.23,16.68
1096800,0,-67.68,14.4
1097000,1,-65.37,15.22
1097200,1,-65.42,15.86
1097400,0,-64.94,17.87
1097600,0,-69.26,18.34
1097800,1,-58.51,20.37
1098000,1,-61.73,18.06
1098200,0,-69.18,13.5
1098400,0,-65.96,12.34
1098600,0,-71.31,13.95
1098800,1,-59.7,16.17
1099000,1,-58.9,19.28
1099200,0,-67.9,19.13
1099400,1,-62.88,19.95
1099600,1,-61.53,18.1
1099800,1,-60.44,21.9
1100000,1,-67.67,16.6
1100200,1,-62.92,17.51
1100400,0,-61.02,19.12
1100600,1,-64.24,17.54
1100800,1,-56.88,17.29
1101000,1,-59.47,17.59
1101200,1,-59.41,19.73
1101400,1,-62.52,18.71
1101600,0,-71.18,13.99
1101800,0,-63.2,10.63
1102000,1,-59.66,19.17
1102200,1,-58.54,18.97
1102400,1,-62.37,24.13
1102600,0,-69.1,10.69
1102800,0,-72.11,15.81
1103000,0,-67.14,15.39
1103200,1,-67.21,16.11
1103400,0,-69.93,10.77
1103600,0,-73.41,12.3
1103800,0,-67.35,13.13
1104000,1,-61.89,20.43
1104200,1,-63.53,16.41
1104400,0,-62.59,12.34
1104600,0,-66.41,13.91
1104800,0,-65.36,12.08
1105000,0,-64.83,17.68
1105200,0,-65.91,15.06
1105400,1,-63.81,15.6
1105600,1,-58.16,17.56
1105800,1,-59.54,16.3
1106000,1,-62.89,18.97
1106200,1,-58.61,20.83
1106400,1,-59.35,16.98
1106600,1,-57.89,21.96
1106800,1,-63.17,21.12
1107000,1,-62.01,16.56
1107200,0,-60.1,18.34
1107400,0,-69.62,14.65
1107600,0,-65.09,17.2
1107800,1,-58.65,18.22
1108000,1,-59.83,18.96
1108200,1,-59.74,15.4
1108400,1,-61.77,17.62
1108600,0,-67.09,15.47
1108800,1,-59.26,14.26
1109000,1,-64.54,14.34
1109200,1,-63.56,20.27
1109400,1,-67.05,19.52
1109600,1,-70.56,17.5
1109800,1,-61.48,18.33
1110000,1,-60.01,14.72
1110200,1,-63.17,14.24
1110400,1,-58.46,16.89
1110600,1,-64.77,14.11
1110800,1,-63.43,19.79
1111000,1,-63.66,18.6
1111200,1,-68.0,24.4
1111400,1,-66.65,20.81
1111600,0,-61.32,14.93
1111800,1,-63.79,19.2
1112000,1,-61.14,18.92
1112200,1,-61.59,20.58
1112400,1,-63.16,15.77
1112600,1,-56.55,19.64
1112800,1,-59.39,20.31
1113000,1,-61.13,17.4
1113200,0,-63.74,16.19
1113400,0,-67.4,9.46
1113600,0,-65.62,9.16
1113800,0,-69.88,11.21
1114000,0,-68.52,13.03
1114200,0,-67.74,11.02
1114400,1,-55.91,16.73
1114600,1,-62.63,16.28
1114800,1,-57.65,19.28
1115000,1,-58.37,15.71
1115200,1,-62.87,16.37
1115400,1,-64.78,18.45
1115600,1,-61.66,15.81
1115800,0,-69.08,15.2
1116000,1,-61.2,21.29
1116200,1,-64.79,15.63
1116400,1,-59.77,23.58
1116600,1,-59.26,18.46
1116800,0,-75.22,16.72
1117000,0,-63.81,12.05
1117200,0,-71.59,14.15
1117400,1,-61.89,16.69
1117600,1,-59.14,20.91
1117800,0,-66.25,11.04
1118000,1,-67.43,16.88
1118200,1,-67.97,19.22
1118400,1,-59.83,15.91
1118600,1,-63.78,19.97
1118800,1,-58.66,16.81
1119000,1,-57.37,20.11
1119200,1,-56.41,16.66
1119400,0,-66.64,10.1
1119600,1,-54.64,18.22
1119800,1,-64.08,21.81
1120000,1,-61.89,20.37
1120200,0,-62.84,11.34
1120400,1,-66.16,21.62
1120600,0,-65.54,11.13
1120800,0,-65.56,13.28
1121000,1,-54.98,15.6
1121200,1,-54.55,15.26
1121400,1,-59.98,19.78
1121600,1,-59.1,20.97
1121800,1,-62.63,20.83
1122000,0,-67.2,13.04
1122200,0,-65.49,16.39
1122400,0,-70.34,15.25
1122600,0,-68.4,12.43
1122800,1,-60.35,17.15
1123000,0,-69.03,10.57
1123200,0,-67.1,6.77
1123400,1,-59.08,19.91
1123600,1,-59.23,22.79
1123800,1,-62.77,15.07
1124000,1,-59.31,17.73
1124200,1,-60.43,23.32
1124400,1,-63.34,19.31
1124600,1,-63.77,18.1
1124800,0,-70.22,10.66
1125000,0,-66.19,9.32
1125200,0,-69.15,15.97
1125400,1,-59.8,19.48
1125600,1,-54.18,13.54
1125800,1,-58.77,24.34
1126000,1,-64.32,18.94
1126200,0,-67.37,19.15
1126400,0,-68.83,14.37
1126600,0,-66.2,14.99
1126800,0,-70.21,14.04
1127000,0,-70.02,14.94
1127200,0,-69.29,15.8
1127400,0,-65.55,14.28
1127600,1,-60.14,20.9
1127800,1,-61.35,20.81
1128000,1,-61.93,18.62
1128200,1,-64.58,16.74
1128400,0,-72.7,16.08
1128600,0,-70.52,17.82
1128800,1,-59.42,17.15
1129000,1,-63.81,13.72
1129200,1,-55.87,17.35
1129400,1,-56.5,18.19
1129600,1,-63.71,19.25
1129800,1,-58.75,16.59
1130000,1,-60.4,19.33
1130200,1,-56.87,18.44
1130400,1,-55.13,19.19
1130600,1,-59.4,18.53
1130800,1,-65.0,21.84
1131000,0,-69.31,13.71
1131200,0,-73.27,16.3
1131400,0,-66.76,14.15
1131600,1,-63.63,19.37
1131800,1,-62.97,18.23
1132000,1,-64.57,15.29
1132200,1,-58.38,16.02
1132400,0,-60.83,14.17
1132600,1,-56.73,19.37
1132800,1,-63.47,19.12
1133000,0,-62.71,16.86
1133200,0,-57.87,18.53
1133400,1,-59.31,16.42
1133600,1,-59.66,17.45
1133800,0,-63.77,6.69
1134000,0,-67.77,15.89
1134200,1,-64.43,12.78
1134400,1,-58.4,12.47
1134600,1,-56.74,19.34
1134800,0,-56.62,20.51
1135000,1,-59.31,20.87
1135200,1,-57.83,19.42
1135400,1,-60.31,18.56
1135600,1,-62.52,19.98
1135800,1,-55.22,14.49
1136000,1,-60.34,16.68
1136200,1,-64.57,23.84
1136400,1,-57.79,20.01
1136600,0,-70.48,12.14
1136800,1,-56.38,18.41
1137000,1,-57.69,15.32
1137200,1,-67.97,15.34
1137400,1,-58.36,16.85
1137600,1,-59.8,17.53
1137800,1,-62.42,18.26
1138000,1,-55.95,17.04
1138200,0,-69.38,9.64
1138400,1,-63.12,17.62
1138600,1,-60.99,20.03
1138800,0,-67.49,18.11
1139000,0,-67.23,16.04
1139200,1,-64.77,20.98
1139400,1,-58.9,22.28
1139600,1,-52.55,13.17
1139800,0,-65.84,15.41
1140000,0,-70.45,13.29
1140200,1,-60.93,18.91
1140400,1,-57.7,13.1
1140600,0,-66.04,14.53
1140800,0,-66.94,17.07
1141000,1,-61.14,12.8
1141200,1,-57.56,14.52
1141400,1,-61.83,18.19
1141600,0,-63.48,17.7
1141800,1,-54.31,16.79
1142000,1,-63.15,19.17
1142200,1,-60.95,19.71
1142400,0,-65.38,11.05
1142600,0,-63.81,10.55
1142800,0,-65.37,17.3
1143000,0,-71.82,13.14
1143200,1,-64.1,18.63
1143400,1,-67.27,23.1
1143600,0,-64.71,15.72
1143800,0,-66.7,12.2
1144000,0,-72.41,15.78
1144200,0,-70.58,18.35
1144400,1,-64.48,15.35
1144600,0,-61.46,19.36
1144800,1,-63.91,23.78
1145000,1,-61.8,16.88
1145200,0,-67.94,11.18
1145400,1,-67.06,17.38
1145600,1,-59.5,16.65
1145800,0,-64.12,11.48
1146000,0,-66.54,15.33
1146200,1,-63.06,16.56
1146400,0,-67.16,14.31
1146600,1,-61.93,16.15
1146800,1,-60.93,18.72
1147000,0,-66.66,23.89
1147200,1,-61.8,20.56
1147400,1,-67.33,15.99
1147600,1,-67.13,23.26
1147800,1,-58.96,17.81
1148000,1,-64.0,17.48
1148200,1,-54.29,14.81
1148400,1,-66.56,15.66
1148600,1,-57.97,12.9
1148800,1,-59.9,19.34
1149000,1,-62.84,16.87
1149200,1,-63.66,16.72
1149400,0,-68.9,11.65
1149600,1,-60.36,15.38
1149800,1,-62.54,21.21
1150000,1,-62.74,16.99
1150200,1,-62.67,19.42
1150400,0,-68.85,15.62
1150600,0,-66.92,12.63
1150800,0,-74.27,16.73
1151000,0,-64.23,13.09
1151200,0,-67.97,13.26
1151400,0,-65.11,11.52
1151600,0,-67.02,16.0
1151800,1,-60.41,15.48
1152000,1,-51.5,19.68
1152200,1,-62.97,16.75
1152400,1,-64.48,20.89
1152600,1,-64.59,19.32
1152800,1,-59.59,18.06
1153000,1,-62.08,17.03
1153200,1,-64.26,15.52
1153400,1,-55.65,17.79
1153600,1,-57.77,17.91
1153800,1,-57.12,20.2
1154000,1,-63.44,16.5
1154200,1,-65.55,22.86
1154400,0,-70.9,13.19
1154600,0,-63.89,13.12
1154800,0,-70.2,12.63
1155000,1,-61.89,15.71
1155200,1,-60.46,18.73
1155400,1,-59.24,16.52
1155600,1,-60.27,17.98
1155800,1,-60.95,18.09
1156000,1,-58.49,17.73
1156200,1,-62.66,23.55
1156400,1,-61.74,18.91
1156600,0,-68.19,14.23
1156800,1,-58.67,20.26
1157000,1,-59.46,21.36
1157200,1,-58.07,13.57
1157400,1,-61.65,17.27
1157600,1,-64.24,12.27
1157800,1,-55.66,17.19
1158000,1,-58.74,14.55
1158200,1,-62.23,21.19
1158400,1,-52.76,20.94
1158600,1,-55.83,16.45
1158800,1,-58.21,20.62
1159000,0,-69.03,13.25
1159200,1,-62.49,20.09
1159400,1,-61.39,22.07
1159600,1,-63.87,17.97
1159800,1,-61.76,15.9
1160000,1,-60.91,17.65
1160200,1,-63.14,20.43
1160400,1,-58.96,18.97
1160600,1,-61.36,16.86
1160800,0,-68.34,13.88
1161000,0,-70.22,15.07
1161200,1,-61.93,19.99
1161400,1,-62.73,17.39
1161600,1,-65.08,18.03
1161800,1,-59.37,21.27
1162000,0,-66.1,17.72
1162200,1,-61.24,17.95
1162400,1,-60.76,14.34
1162600,1,-68.19,18.25
1162800,0,-69.07,17.28
1163000,0,-64.99,11.63
1163200,0,-68.54,10.86
1163400,0,-69.73,13.18
1163600,1,-60.06,18.93
1163800,1,-62.62,15.99
1164000,1,-62.63,16.04
1164200,1,-66.89,15.29
1164400,0,-72.63,15.68
1164600,1,-62.03,17.53
1164800,1,-60.29,15.54
1165000,0,-64.46,18.78
1165200,1,-63.03,18.4
1165400,1,-61.57,18.36
1165600,1,-59.69,19.72
1165800,1,-59.27,18.19
1166000,1,-61.66,19.98
1166200,1,-62.31,21.75
1166400,1,-62.29,19.91
1166600,1,-62.12,19.95
1166800,1,-57.24,19.88
1167000,0,-66.96,17.68
1167200,1,-60.51,23.19
1167400,1,-60.52,18.87
1167600,1,-59.59,17.27
1167800,1,-63.95,17.47
1168000,1,-56.42,18.47
1168200,1,-64.05,16.82
1168400,1,-57.41,15.9
1168600,1,-56.34,18.37
1168800,0,-57.52,18.96
1169000,1,-59.3,17.11
1169200,0,-66.32,9.55
1169400,0,-68.92,13.98
1169600,1,-60.62,19.66
1169800,0,-74.44,15.16
1170000,0,-63.57,13.73
1170200,0,-63.77,12.9
1170400,0,-65.73,13.98
1170600,0,-67.09,11.5
1170800,0,-67.59,12.34
1171000,0,-67.22,7.36
1171200,1,-62.23,16.43
1171400,0,-58.96,17.22
1171600,1,-59.81,18.21
1171800,0,-63.16,10.4
1172000,0,-63.64,11.78
1172200,0,-68.25,12.72
1172400,1,-59.08,15.79
1172600,1,-57.35,18.09
1172800,1,-61.48,16.92
1173000,0,-66.11,13.65
1173200,0,-63.35,11.34
1173400,1,-58.09,19.48
1173600,0,-59.64,18.62
1173800,0,-61.53,17.1
1174000,0,-71.53,6.85
1174200,0,-66.02,10.71
1174400,1,-60.54,16.78
1174600,1,-61.41,13.66
1174800,1,-55.71,17.27
1175000,0,-71.3,11.71
1175200,0,-65.55,12.08
1175400,1,-63.38,20.47
1175600,1,-63.79,17.36
1175800,1,-64.53,18.36
1176000,1,-62.51,19.03
1176200,1,-62.89,19.31
1176400,1,-64.55,17.03
1176600,1,-61.84,11.0
1176800,1,-60.6,19.76
1177000,1,-62.69,17.75
1177200,0,-69.8,14.4
1177400,0,-64.8,15.65
1177600,1,-62.31,21.29
1177800,1,-58.16,21.19
1178000,0,-70.78,13.15
1178200,0,-68.32,12.93
1178400,0,-60.9,14.74
1178600,0,-71.16,15.03
1178800,0,-64.75,11.88
1179000,0,-72.5,16.25
1179200,1,-62.45,19.11
1179400,1,-60.12,18.0
1179600,1,-63.71,20.91
1179800,1,-57.82,15.74
1180000,1,-64.01,16.5
1180200,1,-63.41,19.94
1180400,1,-60.12,14.42
1180600,0,-70.01,14.67
1180800,0,-64.61,13.8
1181000,0,-72.65,10.58
1181200,1,-57.72,23.38
1181400,0,-60.17,20.9
1181600,1,-64.69,11.9
1181800,1,-62.01,17.4
1182000,1,-60.5,20.04
1182200,1,-65.38,18.51
1182400,1,-62.22,19.99
1182600,0,-68.91,12.38
1182800,0,-67.53,10.87
1183000,1,-62.17,17.68
1183200,1,-64.38,19.63
1183400,1,-59.75,17.6
1183600,1,-60.04,13.58
1183800,1,-63.6,19.74
1184000,1,-64.56,19.75
1184200,1,-56.15,15.87
1184400,1,-60.96,18.29
1184600,1,-62.84,16.61
1184800,0,-58.94,20.33
1185000,1,-63.0,20.38
1185200,1,-57.57,17.82
1185400,1,-63.13,18.91
1185600,1,-63.27,13.17
1185800,1,-57.88,16.94
1186000,1,-60.37,19.74
1186200,1,-64.55,19.97
1186400,1,-66.23,16.61
1186600,1,-56.3,15.13
1186800,1,-60.85,17.68
1187000,1,-62.97,19.12
1187200,1,-65.66,21.03
1187400,1,-59.79,18.05
1187600,1,-59.53,19.3
1187800,1,-60.98,19.48
1188000,1,-64.38,20.62
1188200,0,-65.73,9.77
1188400,0,-68.37,10.77
1188600,1,-57.21,15.59
1188800,1,-62.48,21.61
1189000,1,-61.43,21.25
1189200,0,-65.02,14.79
1189400,0,-70.05,14.04
1189600,1,-61.28,16.62
1189800,1,-69.06,17.36
1190000,1,-63.48,15.6
1190200,0,-71.3,10.94
1190400,0,-65.99,16.32
1190600,1,-61.51,15.47
1190800,1,-57.18,19.93
1191000,1,-57.13,14.5
1191200,1,-68.15,19.06
1191400,1,-59.99,21.27
1191600,1,-64.98,18.3
1191800,1,-61.72,15.54
1192000,1,-57.93,18.44
1192200,1,-58.83,21.02
1192400,1,-60.58,17.94
1192600,0,-67.97,17.47
1192800,0,-71.51,10.32
1193000,1,-60.36,14.25
1193200,1,-62.47,14.81
1193400,1,-62.55,16.77
1193600,1,-61.16,24.4
1193800,1,-60.46,17.63
1194000,1,-58.92,22.17
1194200,1,-58.46,13.5
1194400,1,-54.47,19.96
1194600,1,-55.88,14.35
1194800,0,-60.81,15.96
1195000,1,-60.57,22.96
1195200,1,-63.37,20.12
1195400,1,-57.74,20.09
1195600,1,-61.79,14.03
1195800,1,-54.02,14.96
1196000,1,-52.69,18.55
1196200,1,-60.46,17.97
1196400,1,-55.07,16.61
1196600,1,-62.51,19.12
1196800,1,-57.75,21.79
1197000,1,-64.16,15.7
1197200,1,-62.98,20.14
1197400,1,-60.93,18.3
1197600,1,-60.0,21.3
1197800,0,-68.0,9.67
1198000,1,-62.06,18.33
1198200,1,-62.08,17.61
1198400,1,-58.02,17.24
1198600,1,-57.53,22.15
1198800,1,-66.02,20.12
1199000,1,-59.58,19.47
1199200,1,-53.63,17.24
1199400,1,-64.49,18.83
1199600,0,-72.6,13.15
1199800,0,-70.87,15.43
1200000,0,-66.51,13.43
1200200,0,-68.82,10.15
1200400,0,-74.38,11.37
1200600,0,-66.06,10.85
1200800,0,-63.1,12.43
1201000,0,-70.55,13.95
1201200,0,-64.01,12.59
1201400,1,-61.21,19.26
1201600,1,-63.01,20.95
1201800,1,-59.26,18.84
1202000,0,-69.59,13.67
1202200,1,-63.5,19.79
1202400,1,-64.03,22.87
1202600,1,-60.64,15.0
1202800,0,-73.66,12.13
1203000,0,-70.66,15.72
1203200,0,-67.75,12.89
1203400,1,-59.17,18.83
1203600,1,-57.24,13.99
1203800,0,-58.76,20.23
1204000,0,-69.64,13.16
1204200,0,-68.23,10.11
1204400,0,-70.36,13.99
1204600,0,-65.84,13.38
1204800,0,-60.96,12.62
1205000,1,-58.9,16.78
1205200,1,-61.0,20.24
1205400,1,-60.09,16.67
1205600,1,-58.75,20.8
1205800,1,-64.68,18.98
1206000,1,-69.54,16.06
1206200,1,-59.34,14.94
1206400,1,-66.1,20.18
1206600,1,-63.75,15.19
1206800,1,-60.92,16.27
1207000,1,-58.44,17.5
1207200,1,-56.41,17.41
1207400,0,-67.37,11.38
1207600,1,-59.29,18.46
1207800,1,-59.92,19.71
1208000,1,-66.88,18.13
1208200,0,-74.59,13.84
1208400,0,-65.95,12.25
1208600,0,-73.02,15.48
1208800,0,-64.79,15.98
1209000,1,-62.7,19.96
1209200,1,-62.76,21.34
1209400,1,-62.64,20.64
1209600,1,-59.3,19.0
1209800,1,-58.46,18.24
1210000,1,-58.64,15.25
1210200,1,-63.84,16.48
1210400,1,-63.77,21.18
1210600,0,-70.54,11.82
1210800,0,-70.03,14.25
1211000,0,-76.82,12.55
1211200,0,-67.88,15.45
1211400,0,-69.66,7.75
1211600,0,-62.94,15.99
1211800,0,-66.77,11.77
1212000,0,-67.54,11.52
1212200,1,-59.41,22.82
1212400,1,-58.5,15.36
1212600,0,-70.34,13.79
1212800,1,-58.84,18.26
1213000,1,-55.07,23.37
1213200,1,-61.36,17.14
1213400,1,-59.47,19.57
1213600,0,-71.93,11.56
1213800,1,-61.22,19.58
1214000,1,-61.47,14.96
1214200,1,-57.56,18.42
1214400,1,-60.96,19.02
1214600,1,-63.69,14.93
1214800,1,-61.85,22.24
1215000,1,-60.85,18.5
1215200,1,-59.89,18.72
1215400,1,-64.88,19.17
1215600,1,-59.78,16.37
1215800,1,-66.18,22.23
1216000,1,-56.31,17.83
1216200,0,-59.82,12.78
1216400,0,-66.51,12.69
1216600,0,-70.08,15.83
1216800,0,-69.42,12.15
1217000,1,-60.77,16.93
1217200,0,-67.79,14.51
1217400,0,-71.55,13.98
1217600,0,-69.07,15.52
1217800,0,-64.44,13.72
1218000,0,-67.94,11.16
1218200,0,-69.63,12.56
1218400,0,-59.58,14.51
1218600,1,-59.81,17.21
1218800,1,-64.69,16.84
1219000,0,-69.73,15.62
1219200,0,-62.55,14.41
1219400,1,-64.02,20.95
1219600,1,-58.91,17.6
1219800,1,-65.59,17.36
1220000,1,-66.35,20.85
1220200,1,-61.52,16.73
1220400,1,-60.9,17.11
1220600,1,-63.29,19.69
1220800,1,-59.08,18.32
1221000,1,-62.9,19.99
1221200,1,-58.69,17.13
1221400,1,-60.46,18.12
1221600,1,-64.19,23.1
1221800,1,-65.19,19.41
1222000,1,-56.61,20.11
1222200,1,-64.54,16.11
1222400,1,-64.7,18.4
1222600,1,-61.49,16.56
1222800,0,-65.33,10.89
1223000,0,-66.86,16.9
1223200,1,-62.19,19.68
1223400,1,-61.87,17.31
1223600,1,-61.94,17.95
1223800,1,-60.38,19.03
1224000,1,-57.6,20.9
1224200,0,-60.98,20.76
1224400,0,-65.79,13.06
1224600,0,-68.33,12.53
1224800,1,-66.51,17.2
1225000,1,-62.53,15.97
1225200,1,-64.85,23.13
1225400,0,-70.55,12.66
1225600,0,-67.92,16.08
1225800,0,-69.59,17.04
1226000,0,-68.49,14.61
1226200,0,-64.52,18.8
1226400,0,-63.18,11.72
1226600,0,-68.36,14.01
1226800,1,-66.48,20.43
1227000,0,-58.57,21.89
1227200,1,-57.53,19.48
1227400,1,-57.43,22.48
1227600,1,-62.55,19.82
1227800,1,-60.91,18.6
1228000,1,-57.95,21.33
1228200,1,-52.26,17.38
1228400,1,-61.62,19.02
1228600,1,-57.25,16.12
1228800,0,-64.5,11.77
1229000,1,-62.66,15.84
1229200,0,-60.41,15.88
1229400,1,-58.97,22.27
1229600,1,-60.09,14.64
1229800,1,-55.16,19.87
1230000,1,-60.64,18.85
1230200,0,-61.54,12.25
1230400,0,-67.29,13.5
1230600,0,-64.52,14.26
1230800,1,-57.82,19.58
1231000,1,-70.55,20.52
1231200,1,-64.02,19.18
1231400,1,-60.34,14.99
1231600,1,-63.09,18.82
1231800,1,-63.91,14.87
1232000,0,-61.18,12.45
1232200,0,-66.46,11.98
1232400,0,-63.15,10.12
1232600,0,-69.6,15.17
1232800,1,-58.28,21.94
1233000,1,-67.27,15.83
1233200,1,-59.72,19.47
1233400,1,-61.97,21.88
1233600,1,-57.66,15.31
1233800,1,-58.02,22.99
1234000,0,-71.74,16.02
1234200,1,-59.41,19.37
1234400,1,-61.54,18.71
1234600,1,-60.18,19.99
1234800,1,-58.82,16.76
1235000,0,-61.67,14.49
1235200,1,-66.79,18.93
1235400,1,-58.82,17.02
1235600,1,-62.01,18.11
1235800,1,-59.51,19.06
1236000,0,-63.54,20.82
1236200,1,-59.81,17.54
1236400,1,-56.97,19.23
1236600,1,-61.71,16.94
1236800,1,-65.2,18.76
1237000,0,-64.49,17.16
1237200,1,-60.09,20.87
1237400,1,-62.33,17.95
1237600,0,-67.58,13.41
1237800,0,-65.73,15.7
1238000,0,-68.51,11.68
1238200,1,-60.0,18.79
1238400,1,-61.14,21.0
1238600,0,-68.27,14.28
1238800,0,-58.48,13.29
1239000,1,-58.42,14.44
1239200,1,-59.25,15.89
1239400,1,-67.07,14.62
1239600,1,-55.62,15.49
1239800,1,-62.83,19.07
1240000,1,-60.18,17.92
1240200,0,-69.88,12.94
1240400,0,-69.36,13.62
1240600,0,-68.87,11.77
1240800,0,-66.12,12.94
1241000,0,-71.61,14.07
1241200,1,-60.22,17.38
1241400,0,-65.52,13.61
1241600,0,-65.99,16.75
1241800,0,-63.44,15.32
1242000,0,-65.94,18.99
1242200,0,-62.12,14.78
1242400,1,-55.59,21.23
1242600,1,-53.12,17.02
1242800,1,-59.35,18.89
1243000,1,-63.38,15.95
1243200,1,-62.29,15.59
1243400,1,-59.41,16.86
1243600,1,-63.37,16.24
1243800,1,-63.51,16.72
1244000,1,-60.9,19.84
1244200,1,-63.6,18.72
1244400,1,-64.08,25.07
1244600,0,-54.1,16.74
1244800,1,-57.71,20.39
1245000,1,-59.94,14.48
1245200,1,-56.83,17.01
1245400,1,-62.36,20.74
1245600,1,-57.07,16.63
1245800,1,-62.95,19.01
1246000,1,-56.56,19.73
1246200,0,-66.77,14.52
1246400,1,-60.3,18.22
1246600,0,-60.38,21.96
1246800,1,-63.81,21.88
1247000,0,-68.77,13.88
1247200,1,-57.75,19.0
1247400,1,-63.35,18.43
1247600,1,-59.58,16.85
1247800,1,-57.84,18.28
1248000,0,-65.51,15.9
1248200,1,-59.11,21.07
1248400,0,-62.07,11.85
1248600,0,-67.52,14.38
1248800,1,-60.35,19.12
1249000,0,-67.99,11.59
1249200,0,-66.53,15.14
1249400,0,-64.25,13.14
1249600,1,-62.01,19.97
1249800,1,-66.18,18.23
1250000,1,-62.99,18.1
1250200,1,-60.3,17.15
1250400,0,-65.65,9.16
1250600,1,-61.13,19.06
1250800,1,-61.96,16.41
1251000,1,-56.14,15.29
1251200,1,-53.99,21.83
1251400,1,-67.18,17.01
1251600,1,-62.99,17.86
1251800,1,-61.41,18.16
1252000,0,-64.38,11.97
1252200,0,-59.47,17.61
1252400,1,-62.55,18.72
1252600,1,-60.63,19.41
1252800,1,-59.71,17.37
1253000,0,-68.84,12.17
1253200,0,-67.75,15.1
1253400,0,-69.32,13.42
1253600,0,-61.87,16.57
1253800,0,-69.47,12.78
1254000,0,-69.01,14.46
1254200,0,-65.66,13.32
1254400,1,-61.32,20.5
1254600,1,-61.79,16.51
1254800,1,-61.51,21.61
1255000,1,-69.38,19.03
1255200,1,-58.68,20.41
1255400,1,-62.1,20.01
1255600,0,-67.58,14.02
1255800,0,-69.19,13.63
1256000,0,-62.18,14.87
1256200,0,-67.56,11.85
1256400,0,-67.05,18.7
1256600,0,-71.73,15.84
1256800,1,-57.0,17.88
1257000,1,-59.28,14.51
1257200,1,-59.03,19.8
1257400,1,-60.1,20.5
1257600,1,-67.21,20.99
1257800,0,-62.56,13.33
1258000,0,-70.54,13.26
1258200,0,-66.51,13.37
1258400,1,-60.74,19.47
1258600,0,-69.47,10.33
1258800,0,-73.23,11.03
1259000,0,-71.81,15.07
1259200,0,-66.98,15.12
1259400,0,-67.36,11.83
1259600,0,-69.24,15.55
1259800,0,-70.25,16.99
1260000,1,-60.88,20.36
1260200,0,-69.34,15.13
1260400,1,-59.15,13.98
1260600,1,-59.45,18.79
1260800,1,-63.16,14.84
1261000,0,-66.38,14.03
1261200,0,-69.07,14.25
1261400,0,-71.24,10.78
1261600,0,-65.96,11.05
1261800,1,-59.45,17.5
1262000,0,-64.73,10.87
1262200,0,-70.22,11.62
1262400,1,-58.23,19.21
1262600,0,-70.37,10.69
1262800,0,-64.48,10.59
1263000,1,-59.68,18.4
1263200,1,-57.28,19.27
1263400,1,-62.46,17.6
1263600,1,-65.54,18.12
1263800,1,-59.57,14.43
1264000,0,-62.52,17.08
1264200,1,-59.95,25.32
1264400,1,-59.23,21.13
1264600,1,-60.76,20.09
1264800,1,-66.94,18.52
1265000,0,-78.84,13.19
1265200,0,-58.89,13.96
1265400,0,-70.89,11.67
1265600,1,-60.11,20.39
1265800,1,-57.78,12.93
1266000,0,-68.7,12.88
1266200,0,-70.85,13.5
1266400,0,-67.9,10.76
1266600,0,-66.54,15.27
1266800,0,-66.87,14.89
1267000,0,-65.74,9.09
1267200,1,-64.28,16.32
1267400,1,-59.81,20.35
1267600,1,-58.51,22.79
1267800,0,-67.09,14.04
1268000,1,-63.99,17.17
1268200,0,-71.06,12.27
1268400,0,-62.01,17.4
1268600,0,-59.4,11.17
1268800,0,-66.67,14.35
1269000,1,-61.65,14.47
1269200,1,-61.79,19.48
1269400,1,-61.68,16.96
1269600,1,-53.88,16.73
1269800,1,-53.02,22.3
1270000,1,-61.85,16.1
1270200,1,-59.97,18.84
1270400,1,-65.04,19.9
1270600,1,-64.7,21.31
1270800,1,-63.07,20.96
1271000,0,-63.14,15.14
1271200,0,-65.23,11.14
1271400,0,-70.4,14.48
1271600,0,-69.36,16.37
1271800,0,-72.49,13.89
1272000,0,-63.79,14.8
1272200,0,-66.31,10.41
1272400,0,-66.55,12.94
1272600,0,-73.08,12.86
1272800,1,-62.26,22.17
1273000,1,-64.37,20.55
1273200,1,-62.92,15.64
1273400,0,-64.6,18.39
1273600,1,-63.97,18.33
1273800,0,-70.02,10.09
1274000,0,-70.69,9.36
1274200,0,-62.42,13.18
1274400,1,-64.24,18.91
1274600,0,-69.6,12.62
1274800,0,-60.11,15.31
1275000,0,-69.24,9.14
1275200,0,-66.67,16.31
1275400,1,-62.17,16.12
1275600,1,-58.43,18.09
1275800,1,-58.08,18.37
1276000,0,-61.72,20.16
1276200,1,-64.36,20.06
1276400,1,-62.19,19.52
1276600,1,-64.3,20.38
1276800,0,-66.69,13.97
1277000,1,-59.11,17.47
1277200,1,-64.1,19.97
1277400,1,-59.04,21.02
1277600,0,-62.57,13.12
1277800,0,-66.09,14.5
1278000,0,-69.28,16.75
1278200,0,-64.22,13.6
1278400,0,-70.55,16.27
1278600,0,-72.47,16.55
1278800,0,-71.85,10.04
1279000,0,-67.34,13.65
1279200,1,-60.99,13.63
1279400,1,-62.16,20.13
1279600,0,-67.76,10.91
1279800,0,-66.43,14.98
1280000,0,-70.08,10.99
1280200,0,-66.96,11.17
1280400,0,-68.72,11.71
1280600,0,-65.92,15.33
1280800,0,-60.6,15.1
1281000,1,-60.81,19.02
1281200,1,-61.55,15.07
1281400,1,-57.66,21.34
1281600,1,-57.69,17.79
1281800,1,-62.21,17.56
1282000,1,-61.19,21.72
1282200,0,-72.46,10.44
1282400,1,-66.7,17.43
1282600,1,-63.56,20.61
1282800,1,-56.86,17.05
1283000,1,-61.64,13.45
1283200,1,-67.03,19.79
1283400,1,-56.89,19.09
1283600,0,-68.32,12.87
1283800,0,-67.55,12.01
1284000,1,-55.37,17.77
1284200,1,-58.63,21.72
1284400,1,-59.21,17.73
1284600,1,-65.67,22.32
1284800,1,-62.94,19.03
1285000,1,-60.27,21.49
1285200,0,-69.35,12.86
1285400,0,-72.06,10.86
1285600,0,-66.35,12.05
1285800,1,-63.33,21.08
1286000,1,-61.31,17.18
1286200,1,-63.63,19.6
1286400,1,-61.93,19.81
1286600,1,-54.47,14.47
1286800,1,-58.28,13.41
1287000,1,-56.15,20.03
1287200,1,-56.45,16.55
1287400,1,-57.22,15.9
1287600,1,-60.74,18.19
1287800,0,-61.46,11.28
1288000,0,-64.48,12.41
1288200,0,-69.91,17.39
1288400,1,-68.06,17.6
1288600,0,-62.35,17.38
1288800,1,-60.23,19.25
1289000,1,-59.17,20.26
1289200,1,-62.54,20.04
1289400,0,-66.72,15.33
1289600,0,-65.93,12.48
1289800,0,-66.44,16.02
1290000,0,-70.46,14.01
1290200,1,-60.97,24.75
1290400,0,-59.31,17.12
1290600,1,-64.72,15.28
1290800,1,-63.89,20.26
1291000,1,-61.44,18.71
1291200,1,-60.22,13.28
1291400,0,-67.5,15.97
1291600,1,-59.46,16.62
1291800,1,-53.01,17.79
1292000,1,-61.1,18.66
1292200,1,-55.01,16.1
1292400,1,-64.52,19.75
1292600,1,-60.6,19.03
1292800,1,-57.52,17.64
1293000,1,-55.88,18.98
1293200,1,-59.51,17.8
1293400,1,-59.6,15.78
1293600,1,-61.04,21.08
1293800,0,-70.47,11.35
1294000,0,-62.22,10.99
1294200,1,-63.67,18.36
1294400,1,-61.99,15.84
1294600,1,-66.62,16.51
1294800,1,-57.63,18.2
1295000,1,-58.12,19.48
1295200,1,-63.98,17.67
1295400,1,-68.82,18.22
1295600,0,-62.4,14.64
1295800,0,-67.12,10.9
1296000,0,-67.89,11.79
1296200,1,-61.3,15.34
1296400,1,-64.99,17.61
1296600,1,-63.88,13.7
1296800,0,-62.97,16.52
1297000,0,-64.02,10.76
1297200,0,-71.87,13.83
1297400,1,-56.48,17.35
1297600,1,-62.95,17.28
1297800,1,-62.48,21.6
1298000,1,-58.09,18.08
1298200,1,-60.74,19.49
1298400,1,-63.69,14.86
1298600,1,-60.09,17.2
1298800,1,-61.23,15.56
1299000,1,-61.9,21.57
1299200,1,-66.9,17.98
1299400,1,-62.91,16.57
1299600,1,-64.74,16.43
1299800,1,-58.47,14.58
1300000,1,-60.17,22.31
1300200,0,-62.85,11.94
1300400,0,-63.48,14.88
1300600,0,-64.77,18.49
1300800,1,-68.42,19.26
1301000,1,-63.63,17.73
1301200,1,-60.4,19.49
1301400,1,-64.19,16.11
1301600,1,-64.44,16.12
1301800,0,-67.0,12.48
1302000,1,-55.85,18.2
1302200,1,-59.87,17.55
1302400,1,-61.06,19.47
1302600,0,-60.67,18.02
1302800,0,-64.99,14.05
1303000,0,-63.74,11.31
1303200,0,-60.94,12.89
1303400,0,-64.15,13.9
1303600,0,-69.46,15.95
1303800,1,-58.12,15.65
1304000,1,-61.68,19.27
1304200,1,-59.29,17.02
1304400,1,-62.92,24.11
1304600,1,-59.69,13.65
1304800,1,-61.06,16.52
1305000,0,-67.62,14.18
1305200,0,-67.82,12.85
1305400,1,-65.42,17.19
1305600,1,-61.83,17.87
1305800,1,-58.2,17.99
1306000,1,-59.74,18.02
1306200,1,-63.38,17.01
1306400,1,-62.25,18.45
1306600,1,-58.86,22.5
1306800,1,-61.24,19.58
1307000,1,-65.53,16.29
1307200,1,-65.39,19.05
1307400,1,-56.27,19.14
1307600,0,-54.5,16.0
1307800,1,-56.45,12.43
1308000,1,-59.25,19.17
1308200,1,-58.21,14.27
1308400,1,-59.62,17.61
1308600,0,-67.0,15.07
1308800,0,-72.2,12.1
1309000,1,-57.05,16.55
1309200,1,-63.64,20.52
1309400,1,-59.58,17.3
1309600,1,-57.37,17.65
1309800,1,-64.82,19.92
1310000,1,-65.96,18.78
1310200,1,-64.73,15.86
1310400,1,-58.4,14.59
1310600,0,-71.92,17.07
1310800,0,-64.94,15.3
1311000,1,-63.94,17.13
1311200,1,-60.88,18.48
1311400,1,-64.65,18.9
1311600,1,-64.33,16.8
1311800,1,-65.1,14.65
1312000,1,-61.91,20.32
1312200,1,-63.82,21.29
1312400,1,-62.77,19.28
1312600,1,-61.89,13.49
1312800,1,-61.12,21.08
1313000,1,-62.5,15.4
1313200,1,-60.11,20.57
1313400,0,-66.11,15.38
1313600,1,-63.48,20.2
1313800,1,-64.0,16.34
1314000,1,-64.94,21.12
1314200,1,-60.4,19.33
1314400,1,-61.88,19.05
1314600,1,-58.02,13.69
1314800,1,-61.04,15.23
1315000,1,-52.59,22.84
1315200,1,-66.65,17.22
1315400,1,-57.91,17.66
1315600,1,-59.96,19.5
1315800,1,-66.3,16.82
1316000,1,-59.17,19.15
1316200,1,-59.77,17.06
1316400,1,-57.25,15.24
1316600,1,-64.14,17.39
1316800,1,-56.02,20.22
1317000,1,-54.1,18.65
1317200,1,-55.12,19.34
1317400,1,-60.52,15.91
1317600,1,-58.82,17.65
1317800,1,-61.86,15.7
1318000,1,-64.15,21.82
1318200,1,-55.88,17.72
1318400,1,-58.25,16.15
1318600,0,-72.1,13.35
1318800,0,-69.58,11.47
1319000,1,-59.25,18.72
1319200,0,-59.3,15.53
1319400,1,-62.76,15.94
1319600,0,-67.42,16.3
1319800,0,-71.11,11.68
1320000,0,-64.42,11.77
1320200,1,-60.2,15.76
1320400,1,-56.0,19.2
1320600,1,-66.06,10.61
1320800,1,-57.86,14.4
1321000,0,-72.8,17.59
1321200,0,-61.18,15.82
1321400,0,-67.21,16.08
1321600,0,-70.39,13.26
1321800,0,-66.04,15.24
1322000,0,-65.08,16.44
1322200,0,-65.69,13.27
1322400,0,-67.78,9.3
1322600,0,-68.27,12.31
1322800,1,-59.56,21.99
1323000,1,-62.97,22.19
1323200,0,-66.77,11.51
1323400,0,-65.59,12.87
1323600,0,-67.72,13.4
1323800,0,-68.32,16.71
1324000,0,-64.72,19.46
1324200,1,-59.47,21.56
1324400,1,-56.54,20.18
1324600,0,-67.79,8.99
1324800,0,-66.88,13.87
1325000,0,-65.14,16.67
1325200,0,-67.15,12.79
1325400,1,-62.51,14.51
1325600,1,-59.82,15.25
1325800,1,-61.88,20.18
1326000,1,-60.55,18.89
1326200,1,-59.82,20.34
1326400,1,-55.66,17.56
1326600,1,-64.48,15.59
1326800,1,-57.73,20.63
1327000,1,-65.38,16.2
1327200,1,-55.49,17.73
1327400,1,-58.22,18.74
1327600,1,-64.76,22.22
1327800,1,-57.6,16.47
1328000,1,-59.77,17.73
1328200,0,-65.71,14.08
1328400,1,-57.37,16.07
1328600,0,-69.82,18.52
1328800,0,-60.65,17.79
1329000,1,-62.66,22.96
1329200,0,-58.83,17.5
1329400,1,-63.25,17.84
1329600,1,-60.49,14.01
1329800,1,-59.84,18.41
1330000,1,-60.44,15.57
1330200,0,-70.18,15.95
1330400,1,-57.41,23.62
1330600,0,-65.97,9.97
1330800,0,-64.04,11.53
1331000,0,-61.74,14.92
1331200,0,-65.84,15.42
1331400,1,-59.01,17.21
1331600,0,-64.32,14.41
1331800,0,-64.28,16.82
1332000,0,-71.48,14.9
1332200,1,-63.91,19.32
1332400,1,-61.82,13.73
1332600,1,-63.43,16.72
1332800,1,-62.88,17.49
1333000,1,-62.5,18.74
1333200,1,-66.16,17.27
1333400,0,-68.9,9.24
1333600,0,-64.91,11.99
1333800,0,-69.63,14.12
1334000,1,-65.09,18.78
1334200,1,-59.15,16.65
1334400,1,-65.44,17.18
1334600,1,-55.9,15.29
1334800,1,-60.22,18.09
1335000,0,-65.59,21.06
1335200,0,-65.16,14.38
1335400,1,-59.35,20.73
1335600,0,-60.35,16.14
1335800,0,-65.58,12.75
1336000,1,-58.65,15.82
1336200,1,-67.33,14.23
1336400,1,-61.39,22.73
1336600,1,-63.57,15.19
1336800,1,-61.89,18.1
1337000,0,-65.33,8.46
1337200,0,-66.88,13.79
1337400,0,-67.36,11.04
1337600,1,-63.25,19.84
1337800,1,-61.85,19.73
1338000,1,-68.42,19.86
1338200,1,-65.84,18.42
1338400,1,-59.32,24.77
1338600,1,-56.71,12.18
1338800,0,-61.14,19.36
1339000,1,-57.16,20.75
1339200,1,-62.4,17.32
1339400,1,-60.09,20.19
1339600,1,-57.59,17.44
1339800,1,-67.27,18.62
1340000,0,-63.74,13.82
1340200,0,-72.02,9.36
1340400,1,-68.21,18.38
1340600,1,-62.86,20.06
1340800,0,-66.16,10.97
1341000,0,-66.94,15.4
1341200,1,-58.88,11.38
1341400,0,-68.27,11.77
1341600,0,-63.29,13.69
1341800,0,-65.24,9.72
1342000,0,-65.13,12.54
1342200,0,-60.71,16.6
1342400,0,-70.75,18.65
1342600,0,-69.73,6.27
1342800,1,-60.42,22.78
1343000,0,-70.67,12.99
1343200,0,-60.96,13.68
1343400,1,-62.8,14.77
1343600,0,-64.73,11.54
1343800,0,-60.01,10.13
1344000,1,-66.56,20.63
1344200,1,-62.08,16.44
1344400,0,-62.48,17.69
1344600,1,-62.51,21.92
1344800,1,-58.69,15.8
1345000,1,-66.29,23.17
1345200,1,-60.41,19.39
1345400,1,-59.02,16.04
1345600,0,-69.1,18.52
1345800,0,-63.41,17.8
1346000,1,-59.3,17.69
1346200,1,-61.8,14.27
1346400,1,-66.32,18.75
1346600,1,-64.38,18.19
1346800,0,-56.18,16.77
1347000,1,-56.16,17.56
1347200,1,-57.97,17.28
1347400,1,-61.98,14.64
1347600,1,-64.42,15.79
1347800,1,-61.69,22.0
1348000,1,-59.8,16.18
1348200,0,-63.37,12.97
1348400,1,-58.83,22.64
1348600,1,-64.3,23.79
1348800,1,-59.17,16.09
1349000,1,-57.71,18.59
1349200,1,-58.06,24.16
1349400,1,-61.67,18.43
1349600,1,-63.06,21.4
1349800,1,-63.16,16.87
1350000,0,-69.33,9.17
1350200,0,-66.71,16.17
1350400,1,-56.8,17.53
1350600,1,-61.73,18.32
1350800,0,-63.93,8.96
1351000,0,-75.36,12.38
1351200,1,-56.53,17.59
1351400,1,-59.25,21.04
1351600,1,-66.35,21.88
1351800,1,-56.05,16.44
1352000,0,-71.19,12.67
1352200,0,-67.29,14.14
1352400,0,-62.82,12.37
1352600,0,-68.43,13.11
1352800,0,-68.34,13.01
1353000,1,-58.74,18.49
1353200,1,-58.16,18.09
1353400,0,-58.78,15.76
1353600,1,-58.32,18.23
1353800,0,-60.72,13.43
1354000,0,-68.21,12.03
1354200,0,-63.46,14.5
1354400,0,-64.46,13.73
1354600,1,-59.46,19.5
1354800,1,-62.54,15.42
1355000,1,-59.64,22.67
1355200,0,-63.99,19.01
1355400,0,-66.86,19.07
1355600,0,-69.25,10.01
1355800,1,-64.44,16.82
1356000,1,-59.93,20.63
1356200,1,-59.64,17.5
1356400,0,-68.31,10.87
1356600,0,-66.99,13.63
1356800,1,-58.74,16.74
1357000,0,-71.59,14.54
1357200,1,-65.4,19.56
1357400,0,-65.78,10.06
1357600,0,-68.21,12.9
1357800,0,-65.28,15.6
1358000,1,-53.62,16.3
1358200,1,-60.81,17.0
1358400,0,-65.62,17.38
1358600,0,-68.18,10.01
1358800,0,-62.93,13.92
1359000,0,-61.41,14.8
1359200,1,-58.23,15.11
1359400,1,-55.56,15.33
1359600,1,-57.26,22.11
1359800,1,-60.13,20.59
1360000,0,-66.44,21.18
1360200,1,-65.46,20.37
1360400,0,-68.32,10.58
1360600,1,-56.68,15.24
1360800,1,-57.42,16.17
1361000,1,-60.33,13.32
1361200,1,-58.33,21.79
1361400,1,-61.84,18.28
1361600,1,-59.96,16.74
1361800,1,-54.18,22.2
1362000,0,-68.45,16.87
1362200,0,-68.19,17.24
1362400,0,-73.07,17.16
1362600,0,-66.66,14.0
1362800,0,-64.43,14.83
1363000,1,-57.39,16.02
1363200,0,-70.9,10.78
1363400,0,-62.7,16.02
1363600,1,-56.67,17.21
1363800,1,-60.68,14.14
1364000,1,-60.67,16.65
1364200,1,-61.45,23.54
1364400,1,-53.56,16.09
1364600,0,-69.88,11.1
1364800,1,-61.2,19.36
1365000,1,-65.54,15.22
1365200,1,-58.53,17.33
1365400,1,-60.31,19.34
1365600,1,-61.42,16.34
1365800,1,-63.28,20.92
1366000,0,-64.5,9.93
1366200,0,-70.02,11.67
1366400,1,-58.69,17.63
1366600,0,-67.55,19.25
1366800,0,-63.59,10.14
1367000,0,-60.06,12.84
1367200,1,-66.84,17.22
1367400,1,-63.66,14.8
1367600,1,-59.64,17.23
1367800,1,-56.19,19.26
1368000,1,-67.95,20.55
1368200,1,-60.79,15.79
1368400,1,-66.73,17.21
1368600,1,-62.11,15.75
1368800,1,-55.32,17.3
1369000,1,-63.23,17.29
1369200,1,-59.58,16.62
1369400,0,-58.06,17.2
1369600,1,-65.73,17.93
1369800,0,-63.42,19.88
1370000,1,-57.37,15.7
1370200,1,-66.8,20.97
1370400,1,-65.71,18.02
1370600,1,-62.01,20.9
1370800,1,-56.36,17.22
1371000,1,-62.46,19.22
1371200,0,-70.55,16.15
1371400,0,-76.47,14.18
1371600,0,-67.36,14.1
1371800,0,-59.78,14.27
1372000,0,-65.95,12.47
1372200,0,-66.09,15.84
1372400,1,-59.69,14.5
1372600,0,-69.49,10.29
1372800,1,-59.31,14.07
1373000,0,-73.61,14.4
1373200,0,-70.02,15.05
1373400,0,-73.34,12.85
1373600,1,-59.51,17.17
1373800,1,-62.76,19.39
1374000,1,-58.99,16.57
1374200,1,-55.96,18.43
1374400,1,-60.98,21.46
1374600,1,-64.65,19.36
1374800,1,-62.56,17.01
1375000,0,-66.76,12.58
1375200,1,-58.86,18.27
1375400,0,-71.27,12.83
1375600,0,-64.44,10.42
1375800,0,-64.72,8.18
1376000,0,-70.26,8.31
1376200,0,-64.54,16.72
1376400,0,-67.84,17.13
1376600,0,-65.95,9.64
1376800,0,-66.46,12.9
1377000,0,-64.47,10.17
1377200,1,-60.77,17.98
1377400,1,-60.86,19.12
1377600,1,-65.95,17.87
1377800,1,-59.55,16.98
1378000,1,-61.01,15.91
1378200,1,-59.71,20.88
1378400,1,-65.96,16.98
1378600,0,-65.98,19.0
1378800,1,-69.96,18.96
1379000,1,-64.17,18.69
1379200,1,-65.38,18.25
1379400,0,-66.53,14.36
1379600,0,-66.8,11.33
1379800,0,-65.76,16.49
1380000,0,-68.58,10.53
1380200,0,-68.81,15.86
1380400,1,-66.03,15.2
1380600,1,-57.94,17.21
1380800,1,-61.71,20.28
1381000,1,-63.06,18.5
1381200,1,-62.35,20.85
1381400,1,-56.05,15.56
1381600,1,-62.02,16.92
1381800,1,-62.28,19.05
1382000,1,-55.87,19.63
1382200,0,-65.63,12.12
1382400,0,-66.93,13.64
1382600,0,-66.77,12.77
1382800,1,-61.59,19.84
1383000,1,-55.89,12.84
1383200,1,-60.68,15.14
1383400,0,-70.18,12.81
1383600,0,-65.77,11.57
1383800,0,-69.95,12.84
1384000,1,-61.48,21.08
1384200,1,-60.69,18.06
1384400,1,-61.71,17.73
1384600,1,-61.32,17.56
1384800,1,-58.83,13.57
1385000,0,-65.81,10.81
1385200,1,-58.07,17.67
1385400,1,-58.69,20.27
1385600,1,-61.95,19.7
1385800,1,-60.56,21.01
1386000,1,-52.18,15.93
1386200,0,-64.61,13.19
1386400,0,-70.14,10.4
1386600,0,-63.15,14.61
1386800,1,-61.87,16.46
1387000,1,-54.77,23.49
1387200,1,-54.33,18.8
1387400,0,-73.44,13.32
1387600,0,-68.99,11.6
1387800,0,-66.94,10.62
1388000,1,-60.26,14.18
1388200,1,-60.47,16.82
1388400,0,-68.43,8.86
1388600,0,-65.19,16.11
1388800,1,-58.03,22.0
1389000,1,-62.22,16.08
1389200,1,-62.3,21.52
1389400,1,-57.17,22.61
1389600,1,-59.43,18.18
1389800,1,-64.6,20.31
1390000,1,-63.46,13.84
1390200,1,-55.29,20.78
1390400,1,-61.77,15.55
1390600,0,-66.67,13.11
1390800,0,-68.42,13.78
1391000,0,-63.19,11.55
1391200,1,-52.84,20.04
1391400,1,-59.8,21.16
1391600,1,-64.94,19.29
1391800,0,-71.9,12.82
1392000,0,-71.97,10.26
1392200,0,-60.03,13.67
1392400,0,-69.6,11.22
1392600,0,-68.95,13.03
1392800,0,-70.88,13.5
1393000,0,-71.86,9.97
1393200,0,-68.71,8.22
1393400,0,-64.05,15.84
1393600,1,-60.52,18.8
1393800,0,-69.67,18.06
1394000,0,-66.08,16.32
1394200,0,-67.13,10.55
1394400,1,-62.49,15.62
1394600,1,-64.87,16.97
1394800,1,-62.67,19.4
1395000,1,-59.9,22.25
1395200,1,-69.43,19.86
1395400,1,-62.98,20.79
1395600,1,-60.71,17.63
1395800,1,-61.22,18.81
1396000,1,-60.07,16.29
1396200,0,-63.22,20.13
1396400,0,-70.07,12.46
1396600,1,-64.31,19.3
1396800,1,-63.75,18.0
1397000,1,-65.92,18.85
1397200,1,-59.66,20.13
1397400,1,-58.12,25.67
1397600,1,-62.66,17.03
1397800,1,-59.86,20.65
1398000,1,-60.48,17.2
1398200,0,-70.04,15.02
1398400,0,-68.27,14.02
1398600,0,-65.01,13.45
1398800,0,-61.49,15.16
1399000,0,-71.6,12.87
1399200,1,-64.71,20.65
1399400,1,-63.14,18.81
1399600,1,-61.06,21.72
1399800,0,-68.87,14.69
1400000,0,-66.86,11.45
1400200,0,-64.39,12.84
1400400,1,-60.66,15.67
1400600,1,-62.78,16.91
1400800,1,-58.83,16.51
1401000,1,-62.02,22.42
1401200,0,-56.15,15.24
1401400,0,-55.37,18.43
1401600,1,-56.31,18.87
1401800,0,-67.37,13.71
1402000,1,-58.45,20.33
1402200,1,-63.59,23.35
1402400,0,-72.44,18.32
1402600,0,-71.33,12.82
1402800,1,-63.05,18.57
1403000,1,-62.69,17.17
1403200,0,-63.15,12.66
1403400,1,-63.07,19.36
1403600,1,-63.26,16.08
1403800,1,-61.1,20.15
1404000,1,-63.18,22.28
1404200,1,-59.48,19.91
1404400,1,-60.78,15.86
1404600,1,-61.17,16.96
1404800,0,-69.12,9.95
1405000,1,-61.43,18.44
1405200,1,-69.7,19.01
1405400,1,-63.48,16.69
1405600,1,-63.66,19.49
1405800,0,-72.72,13.67
1406000,0,-64.52,12.43
1406200,0,-60.91,8.05
1406400,0,-68.82,14.76
1406600,0,-63.74,12.88
1406800,0,-64.83,14.7
1407000,1,-56.58,19.31
1407200,1,-64.38,14.14
1407400,0,-67.25,11.6
1407600,1,-66.55,20.11
1407800,1,-55.54,22.71
1408000,1,-61.57,17.55
1408200,0,-68.98,13.71
1408400,1,-64.26,21.23
1408600,0,-65.77,11.38
1408800,1,-58.99,14.96
1409000,1,-62.1,19.13
1409200,1,-62.55,20.05
1409400,1,-59.8,19.91
1409600,1,-63.16,20.36
1409800,1,-64.58,18.45
1410000,1,-59.4,19.55
1410200,1,-63.12,20.62
1410400,1,-63.19,20.78
1410600,0,-59.87,17.89
1410800,1,-59.19,18.37
1411000,1,-64.47,20.9
1411200,1,-63.15,21.07
1411400,0,-66.67,11.36
1411600,1,-61.17,21.33
1411800,1,-56.73,18.36
1412000,1,-58.91,21.32
1412200,1,-59.73,14.23
1412400,1,-58.03,19.89
1412600,1,-70.56,17.01
1412800,1,-61.72,15.36
1413000,1,-58.79,21.32
1413200,1,-58.95,17.9
1413400,1,-63.06,18.43
1413600,1,-61.2,15.07
1413800,0,-70.79,13.81
1414000,0,-68.61,11.9
1414200,1,-59.29,23.7
1414400,1,-57.4,19.31
1414600,1,-59.06,18.36
1414800,1,-59.88,17.79
1415000,1,-60.59,21.19
1415200,0,-65.87,10.21
1415400,1,-55.98,14.48
1415600,1,-65.95,21.36
1415800,1,-60.7,19.8
1416000,1,-57.92,15.83
1416200,1,-60.17,18.97
1416400,1,-58.97,15.23
1416600,1,-62.63,17.84
1416800,1,-57.02,18.82
1417000,1,-57.86,22.72
1417200,1,-60.95,17.07
1417400,1,-59.6,17.5
1417600,1,-59.63,18.1
1417800,1,-56.76,18.84
1418000,1,-63.58,17.76
1418200,1,-60.32,18.86
1418400,1,-64.37,15.89
1418600,1,-57.92,17.14
1418800,1,-66.22,22.94
1419000,1,-63.69,19.13
1419200,0,-63.14,18.42
1419400,1,-58.22,18.72
1419600,1,-63.51,16.07
1419800,1,-62.58,21.0
1420000,0,-62.85,20.52
1420200,1,-58.33,17.64
1420400,1,-59.04,19.51
1420600,1,-65.19,18.2
1420800,1,-62.94,17.59
1421000,0,-62.01,13.63
1421200,0,-66.65,15.57
1421400,0,-68.87,15.84
1421600,0,-64.64,12.92
1421800,0,-65.31,14.74
1422000,0,-65.22,15.85
1422200,0,-65.94,15.12
1422400,1,-56.89,16.54
1422600,0,-69.13,11.69
1422800,1,-65.05,19.8
1423000,1,-64.02,19.55
1423200,1,-63.77,20.88
1423400,1,-58.81,21.38
1423600,1,-62.88,22.56
1423800,0,-70.2,15.95
1424000,0,-66.53,14.83
1424200,0,-67.37,10.24
1424400,0,-63.96,8.79
1424600,0,-67.94,13.22
1424800,0,-67.37,13.8
1425000,1,-63.12,20.99
1425200,1,-65.35,16.1
1425400,1,-65.86,16.05
1425600,1,-60.62,19.57
1425800,1,-61.75,13.52
1426000,1,-61.11,16.72
1426200,0,-66.72,13.75
1426400,0,-67.09,13.07
1426600,1,-64.41,15.69
1426800,1,-59.19,18.24
1427000,1,-59.58,18.51
1427200,1,-63.59,19.14
1427400,0,-62.91,11.16
1427600,1,-60.52,15.54
1427800,0,-66.65,12.28
1428000,0,-71.48,10.2
1428200,1,-64.62,17.75
1428400,1,-61.54,18.49
1428600,1,-62.56,18.01
1428800,0,-68.07,15.36
1429000,0,-66.76,17.73
1429200,0,-70.2,9.94
1429400,0,-66.59,13.2
1429600,0,-59.48,13.37
1429800,0,-69.64,11.24
1430000,0,-62.23,15.82
1430200,0,-66.61,10.42
1430400,0,-61.79,15.78
1430600,0,-71.85,11.84
1430800,0,-68.42,9.95
1431000,1,-61.86,17.91
1431200,1,-60.11,18.93
1431400,0,-68.69,13.58
1431600,0,-66.17,12.39
1431800,0,-64.28,14.8
1432000,0,-63.73,12.31
1432200,0,-64.07,13.1
1432400,0,-62.94,15.34
1432600,0,-66.31,15.76
1432800,0,-65.94,11.09
1433000,0,-72.15,14.59
1433200,0,-74.19,15.84
1433400,0,-62.31,19.31
1433600,1,-64.61,17.8
1433800,0,-60.61,10.79
1434000,1,-56.58,21.2
1434200,0,-60.84,17.48
1434400,1,-60.28,16.21
1434600,1,-65.13,23.86
1434800,0,-65.89,18.7
1435000,1,-67.84,18.26
1435200,1,-64.76,17.5
1435400,1,-59.33,16.59
1435600,1,-62.41,20.17
1435800,1,-57.01,14.19
1436000,1,-65.99,19.44
1436200,1,-61.77,17.19
1436400,1,-65.05,16.06
1436600,0,-66.92,15.28
1436800,0,-66.75,14.17
1437000,0,-65.82,12.82
1437200,0,-69.82,10.49
1437400,0,-76.88,11.76
1437600,1,-62.96,18.91
1437800,0,-69.96,18.39
1438000,0,-63.47,13.39
1438200,1,-56.97,17.71
1438400,1,-60.12,23.76
1438600,1,-59.84,15.56
1438800,1,-61.1,20.42
1439000,1,-58.36,16.04
1439200,1,-59.6,18.97
1439400,1,-61.3,18.06
1439600,1,-63.05,19.55
1439800,0,-73.51,12.89
1440000,0,-67.69,10.71
1440200,0,-67.95,14.04
1440400,0,-70.59,14.58
1440600,0,-62.28,14.55
1440800,1,-56.44,15.66
1441000,0,-66.79,12.92
1441200,1,-60.41,16.29
1441400,1,-55.09,20.81
1441600,1,-66.49,19.34
1441800,0,-62.81,11.68
1442000,0,-68.82,14.33
1442200,0,-70.78,15.83
1442400,0,-67.11,13.99
1442600,0,-65.73,14.38
1442800,0,-68.69,10.64
1443000,0,-72.47,11.26
1443200,0,-65.82,11.87
1443400,0,-64.93,14.62
1443600,0,-67.97,14.96
1443800,0,-68.78,13.1
1444000,0,-66.75,19.16
1444200,1,-62.82,15.27
1444400,1,-58.83,20.45
1444600,1,-60.92,16.1
1444800,0,-66.29,13.06
1445000,1,-65.79,18.72
1445200,1,-55.75,18.67
1445400,1,-57.81,16.24
1445600,1,-61.37,21.51
1445800,1,-66.2,20.99
1446000,1,-61.78,20.16
1446200,1,-57.66,20.25
1446400,1,-63.39,16.11
1446600,1,-64.76,18.7
1446800,1,-52.13,19.49
1447000,1,-61.08,16.61
1447200,1,-67.8,15.19
1447400,1,-62.54,17.23
1447600,1,-55.74,19.88
1447800,1,-63.56,18.74
1448000,1,-61.49,18.03
1448200,1,-62.69,17.94
1448400,0,-57.58,16.53
1448600,1,-62.99,17.9
1448800,0,-69.38,9.43
1449000,0,-69.22,18.34
1449200,1,-66.43,21.74
1449400,0,-67.39,14.73
1449600,1,-63.72,18.55
1449800,1,-61.78,21.13
1450000,0,-64.96,15.07
1450200,0,-68.85,14.78
1450400,0,-68.28,14.16
1450600,0,-63.5,10.77
1450800,0,-66.32,15.06
1451000,1,-58.34,15.48
1451200,1,-57.93,18.38
1451400,1,-58.83,14.0
1451600,1,-62.15,20.68
1451800,0,-71.04,12.11
1452000,1,-61.95,22.26
1452200,1,-64.5,13.77
1452400,0,-64.58,13.45
1452600,1,-65.54,19.3
1452800,1,-58.44,18.96
1453000,1,-61.9,20.84
1453200,1,-62.81,20.08
1453400,1,-67.4,21.66
1453600,1,-60.07,22.35
1453800,0,-68.2,9.07
1454000,0,-69.58,14.44
1454200,0,-68.44,12.14
1454400,0,-70.23,13.57
1454600,0,-72.24,13.45
1454800,0,-62.84,11.61
1455000,0,-68.53,17.47
1455200,0,-64.37,12.78
1455400,0,-68.5,13.58
1455600,0,-62.83,16.66
1455800,1,-68.6,15.76
1456000,0,-68.0,15.57
1456200,0,-65.25,12.4
1456400,0,-69.24,13.15
1456600,1,-59.13,19.03
1456800,1,-55.53,10.95
1457000,1,-61.92,16.9
1457200,1,-54.25,17.91
1457400,0,-69.14,11.99
1457600,0,-68.27,13.27
1457800,1,-62.96,14.1
1458000,1,-63.65,17.99
1458200,1,-56.59,19.8
1458400,0,-72.81,9.97
1458600,1,-61.67,21.75
1458800,1,-70.05,20.98
1459000,1,-59.2,16.75
1459200,1,-60.36,16.22
1459400,1,-58.21,18.86
1459600,0,-70.01,16.29
1459800,0,-64.37,10.21
1460000,0,-65.45,16.95
1460200,0,-70.82,10.51
1460400,0,-67.64,13.29
1460600,1,-61.31,17.4
1460800,1,-59.21,17.51
1461000,1,-59.57,19.27
1461200,0,-66.18,16.94
1461400,0,-67.57,12.1
1461600,0,-65.21,17.85
1461800,0,-68.02,10.86
1462000,0,-65.16,13.82
1462200,0,-67.23,14.72
1462400,0,-67.04,14.46
1462600,0,-69.66,15.88
1462800,0,-62.75,11.83
1463000,0,-65.91,15.36
1463200,0,-65.95,16.76
1463400,0,-68.42,13.32
1463600,0,-68.68,10.97
1463800,0,-65.35,16.22
1464000,0,-69.69,11.42
1464200,0,-69.11,15.51
1464400,0,-67.76,13.96
1464600,0,-61.36,13.25
1464800,0,-62.91,11.52
1465000,0,-61.56,16.36
1465200,1,-59.65,19.33
1465400,1,-64.52,19.7
1465600,1,-64.44,20.76
1465800,0,-60.29,12.49
1466000,1,-68.02,14.84
1466200,1,-62.06,16.9
1466400,1,-58.07,17.52
1466600,1,-69.26,17.14
1466800,0,-70.19,17.59
1467000,0,-69.17,14.47
1467200,0,-64.13,12.25
1467400,0,-71.77,10.26
1467600,1,-59.34,20.23
1467800,1,-53.62,15.61
1468000,1,-62.47,20.73
1468200,1,-62.93,18.77
1468400,0,-62.62,19.53
1468600,1,-58.94,19.89
1468800,1,-62.81,18.85
1469000,1,-57.87,18.34
1469200,1,-64.56,16.96
1469400,1,-60.93,20.57
1469600,1,-60.59,15.45
1469800,1,-64.15,17.43
1470000,1,-61.39,18.91
1470200,1,-59.24,17.96
1470400,0,-64.52,19.5
1470600,1,-60.59,17.02
1470800,1,-61.03,18.02
1471000,1,-65.1,18.12
1471200,1,-62.89,17.31
1471400,1,-61.16,20.0
1471600,1,-66.54,20.19
1471800,0,-71.65,15.4
1472000,1,-63.44,17.54
1472200,1,-56.57,17.61
1472400,1,-61.72,17.07
1472600,1,-60.43,21.53
1472800,1,-61.23,19.76
1473000,1,-64.92,18.57
1473200,1,-62.69,21.17
1473400,1,-59.83,19.14
1473600,1,-64.72,17.02
1473800,1,-62.24,20.76
1474000,1,-60.51,21.34
1474200,1,-62.5,18.96
1474400,1,-53.04,19.86
1474600,1,-67.88,15.66
1474800,1,-60.6,19.85
1475000,0,-59.5,18.62
1475200,1,-58.06,15.2
1475400,0,-65.89,17.24
1475600,0,-66.21,15.03
1475800,1,-65.01,19.23
1476000,1,-60.95,21.6
1476200,1,-60.65,16.62
1476400,0,-68.11,12.56
1476600,0,-63.23,12.34
1476800,0,-61.02,12.67
1477000,0,-73.62,14.91
1477200,1,-63.69,21.2
1477400,0,-57.72,18.81
1477600,1,-57.35,17.69
1477800,1,-63.65,17.0
1478000,1,-55.32,18.21
1478200,1,-60.9,21.31
1478400,1,-58.75,23.46
1478600,1,-67.84,22.0
1478800,1,-56.29,19.21
1479000,0,-63.18,16.33
1479200,0,-65.62,13.92
1479400,0,-61.73,14.39
1479600,0,-66.66,13.72
1479800,0,-68.25,16.12
1480000,0,-62.87,13.2
1480200,0,-67.18,15.27
1480400,0,-67.09,12.13
1480600,1,-65.35,23.17
1480800,1,-59.8,19.32
1481000,1,-63.5,20.64
1481200,1,-65.54,20.16
1481400,1,-61.78,20.29
1481600,1,-59.86,21.23
1481800,1,-68.62,13.69
1482000,1,-55.85,23.05
1482200,1,-58.63,18.23
1482400,0,-65.16,17.23
1482600,1,-72.92,21.5
1482800,1,-62.52,16.28
1483000,1,-68.44,19.94
1483200,1,-59.88,22.25
1483400,0,-65.81,16.06
1483600,0,-61.31,13.38
1483800,0,-67.64,8.04
1484000,0,-69.08,12.26
1484200,0,-68.35,18.21
1484400,0,-61.31,13.82
1484600,1,-67.49,16.12
1484800,1,-66.95,19.43
1485000,1,-61.52,18.67
1485200,1,-60.07,21.94
1485400,1,-59.57,17.32
1485600,1,-56.05,11.78
1485800,1,-62.64,18.4
1486000,1,-60.27,20.33
1486200,1,-60.55,21.34
1486400,1,-56.24,15.6
1486600,1,-67.9,18.47
1486800,1,-60.67,18.56
1487000,1,-58.0,16.86
1487200,1,-62.92,15.98
1487400,1,-57.24,17.38
1487600,1,-64.71,20.64
1487800,1,-61.04,23.06
1488000,1,-60.62,20.39
1488200,1,-63.81,20.1
1488400,1,-66.4,16.61
1488600,1,-60.82,16.92
1488800,1,-65.19,20.8
1489000,1,-59.2,17.04
1489200,1,-56.77,20.69
1489400,1,-61.25,16.95
1489600,0,-63.7,13.41
1489800,1,-62.66,17.16
1490000,1,-63.18,15.11
1490200,0,-68.25,11.96
1490400,0,-72.57,14.58
1490600,1,-66.71,20.01
1490800,1,-62.13,16.48
1491000,1,-64.05,12.77
1491200,1,-57.6,17.46
1491400,1,-63.99,16.38
1491600,1,-59.71,22.23
1491800,1,-59.29,14.49
1492000,0,-67.83,14.67
1492200,1,-57.99,19.27
1492400,1,-59.42,20.21
1492600,1,-63.03,20.56
1492800,1,-54.67,18.86
1493000,1,-60.34,19.84
1493200,1,-64.18,15.37
1493400,1,-60.29,18.44
1493600,1,-65.41,19.13
1493800,0,-68.94,10.71
1494000,1,-60.39,18.81
1494200,1,-60.71,18.47
1494400,1,-63.67,17.54
1494600,1,-58.29,14.05
1494800,1,-56.59,22.66
1495000,1,-60.73,18.08
1495200,1,-62.9,19.15
1495400,1,-58.64,21.41
1495600,1,-62.4,16.74
1495800,1,-65.77,18.44
1496000,1,-61.71,18.48
1496200,1,-60.34,19.03
1496400,0,-58.93,16.01
1496600,1,-59.57,14.26
1496800,1,-61.86,17.47
1497000,0,-58.16,18.06
1497200,1,-64.16,19.36
1497400,0,-59.12,21.65
1497600,1,-60.48,14.49
1497800,0,-69.42,14.62
1498000,0,-65.72,13.86
1498200,1,-62.92,19.59
1498400,1,-57.79,18.98
1498600,1,-64.39,17.43
1498800,1,-58.99,22.94
1499000,1,-60.89,22.11
1499200,1,-59.43,17.13
1499400,1,-57.48,19.92
1499600,1,-58.42,18.26
1499800,1,-65.53,14.4
1500000,0,-64.93,15.1
1500200,0,-62.98,15.35
1500400,1,-56.78,19.01
1500600,0,-68.45,15.49
1500800,0,-65.59,10.53
1501000,0,-68.79,14.49
1501200,0,-69.57,11.53
1501400,0,-64.14,15.27
1501600,0,-63.5,16.73
1501800,1,-57.77,17.59
1502000,1,-65.95,16.25
1502200,0,-66.77,13.18
1502400,0,-70.11,16.4
1502600,1,-62.35,13.77
1502800,1,-56.83,16.42
1503000,1,-63.75,17.78
1503200,1,-58.3,22.93
1503400,1,-61.85,21.13
1503600,1,-53.18,21.06
1503800,1,-55.79,19.16
1504000,1,-55.81,20.59
1504200,0,-74.16,15.78
1504400,1,-64.55,20.73
1504600,1,-64.71,21.52
1504800,1,-61.77,20.54
1505000,0,-71.68,12.44
1505200,1,-62.83,17.53
1505400,1,-59.49,20.52
1505600,1,-60.75,18.75
1505800,0,-64.23,11.72
1506000,0,-65.13,15.26
1506200,0,-68.45,10.84
1506400,1,-59.79,18.41
1506600,0,-66.47,17.5
1506800,0,-69.2,16.89
1507000,0,-69.49,8.73
1507200,0,-67.67,14.3
1507400,1,-62.05,19.11
1507600,1,-62.8,17.12
1507800,1,-60.6,19.31
1508000,1,-62.44,13.05
1508200,0,-65.44,14.94
1508400,0,-67.45,8.7
1508600,1,-59.02,19.65
1508800,1,-60.82,17.75
1509000,1,-59.79,15.76
1509200,1,-56.5,20.1
1509400,0,-66.3,15.3
1509600,1,-62.89,19.79
1509800,0,-59.47,18.53
1510000,1,-59.91,18.04
1510200,1,-64.23,17.22
1510400,1,-55.43,22.66
1510600,1,-60.31,20.79
1510800,1,-65.62,16.35
1511000,1,-55.96,16.1
1511200,1,-59.21,20.72
1511400,1,-60.97,24.01
1511600,0,-63.81,12.04
1511800,1,-67.8,19.62
1512000,1,-60.11,16.74
1512200,1,-62.58,16.9
1512400,1,-61.37,24.0
1512600,1,-62.8,16.98
1512800,1,-59.63,17.14
1513000,0,-70.64,15.6
1513200,1,-62.29,17.91
1513400,1,-61.11,18.78
1513600,1,-64.95,16.4
1513800,1,-64.31,17.85
1514000,1,-57.99,14.05
1514200,0,-58.86,11.97
1514400,0,-60.07,13.69
1514600,0,-63.62,11.3
1514800,0,-69.08,17.85
1515000,1,-64.38,18.88
1515200,1,-63.78,15.62
1515400,1,-60.36,20.51
1515600,1,-63.07,21.5
1515800,1,-60.13,17.21
1516000,1,-63.61,20.25
1516200,1,-57.31,19.87
1516400,1,-62.71,21.45
1516600,1,-61.09,18.67
1516800,1,-60.45,19.87
1517000,0,-67.24,12.27
1517200,0,-71.48,15.74
1517400,0,-68.47,13.72
1517600,0,-62.93,11.96
1517800,0,-68.53,15.18
1518000,0,-66.75,12.99
1518200,1,-62.5,21.68
1518400,1,-59.7,17.57
1518600,1,-61.11,20.11
1518800,0,-65.91,11.76
1519000,0,-69.79,12.46
1519200,0,-70.61,12.06
1519400,0,-73.75,11.43
1519600,0,-66.83,8.38
1519800,0,-68.57,11.66
1520000,0,-66.4,13.94
1520200,1,-56.1,14.02
1520400,0,-57.9,15.66
1520600,1,-65.37,18.93
1520800,1,-58.0,19.37
1521000,1,-64.91,21.78
1521200,1,-64.18,14.8
1521400,0,-66.71,14.87
1521600,0,-65.27,13.46
1521800,0,-71.08,17.93
1522000,0,-70.66,11.81
1522200,0,-68.83,15.74
1522400,0,-62.94,12.52
1522600,0,-62.85,13.96
1522800,0,-66.02,16.55
1523000,0,-69.09,18.54
1523200,0,-66.33,12.95
1523400,1,-59.47,21.16
1523600,1,-59.79,20.25
1523800,1,-64.44,16.02
1524000,1,-62.04,20.8
1524200,1,-60.46,17.69
1524400,1,-58.91,15.71
1524600,1,-59.78,16.54
1524800,1,-64.4,21.12
1525000,0,-64.42,13.9
1525200,0,-66.0,14.7
1525400,1,-66.41,15.81
1525600,0,-63.43,21.65
1525800,0,-71.68,15.01
1526000,0,-66.78,11.43
1526200,0,-71.31,16.19
1526400,0,-67.62,16.76
1526600,0,-63.61,10.37
1526800,1,-65.87,18.42
1527000,1,-61.14,23.95
1527200,1,-58.81,19.12
1527400,1,-66.95,20.99
1527600,1,-59.39,19.01
1527800,0,-61.77,13.98
1528000,1,-58.2,15.92
1528200,1,-59.27,17.68
1528400,1,-64.24,19.46
1528600,1,-60.08,19.35
1528800,1,-58.07,17.05
1529000,1,-62.29,15.33
1529200,1,-66.79,17.36
1529400,1,-59.69,20.24
1529600,1,-62.38,19.62
1529800,1,-62.68,17.49
1530000,1,-57.03,18.96
1530200,1,-57.59,19.75
1530400,1,-65.06,16.51
1530600,0,-65.01,17.58
1530800,1,-58.98,16.37
1531000,1,-55.33,16.63
1531200,0,-61.65,16.72
1531400,0,-75.29,16.43
1531600,0,-70.33,12.6
1531800,0,-68.6,15.2
1532000,0,-72.97,14.73
1532200,0,-66.41,15.12
1532400,0,-67.42,15.03
1532600,0,-65.02,20.07
1532800,1,-58.91,20.48
1533000,1,-59.32,17.99
1533200,1,-61.46,15.14
1533400,1,-66.47,21.55
1533600,0,-69.92,10.38
1533800,0,-67.85,16.19
1534000,1,-56.16,18.93
1534200,1,-65.74,17.54
1534400,1,-63.01,17.47
1534600,1,-58.49,17.07
1534800,1,-63.0,19.87
1535000,1,-65.73,19.17
1535200,1,-61.84,18.3
1535400,0,-68.0,16.72
1535600,0,-67.83,15.02
1535800,1,-64.18,18.23
1536000,1,-62.71,17.32
1536200,1,-66.36,18.74
1536400,1,-67.11,21.03
1536600,1,-61.19,16.62
1536800,1,-61.4,18.29
1537000,1,-65.69,18.07
1537200,0,-65.74,15.48
1537400,1,-59.2,21.95
1537600,0,-70.58,15.25
1537800,0,-64.97,14.18
1538000,1,-64.24,15.5
1538200,1,-61.37,15.9
1538400,1,-61.14,18.89
1538600,0,-71.15,10.09
1538800,0,-60.56,10.27
1539000,0,-69.18,13.79
1539200,0,-69.58,18.24
1539400,0,-61.94,7.9
1539600,0,-68.47,16.04
1539800,1,-62.59,22.21
1540000,1,-64.56,18.71
1540200,0,-55.95,18.47
1540400,1,-63.31,19.41
1540600,1,-56.47,20.12
1540800,1,-60.99,17.61
1541000,1,-61.32,16.14
1541200,0,-63.08,17.5
1541400,1,-64.48,18.77
1541600,1,-60.59,22.94
1541800,0,-64.4,12.13
1542000,1,-58.74,14.15
1542200,1,-57.12,20.48
1542400,1,-63.51,21.51
1542600,1,-60.35,19.27
1542800,1,-57.89,16.31
1543000,1,-65.11,19.71
1543200,1,-64.35,21.54
1543400,1,-57.16,17.97
1543600,1,-58.37,20.89
1543800,1,-67.71,14.81
1544000,1,-65.4,17.39
1544200,1,-60.24,12.93
1544400,1,-62.08,19.49
1544600,1,-56.62,14.84
1544800,1,-61.64,16.86
1545000,1,-60.44,19.01
1545200,0,-71.07,13.28
1545400,1,-63.88,16.87
1545600,1,-61.0,18.72
1545800,1,-62.18,20.39
1546000,0,-73.63,15.41
1546200,1,-63.2,18.6
1546400,1,-58.25,17.47
1546600,0,-68.25,12.42
1546800,0,-68.08,12.06
1547000,0,-72.77,14.9
1547200,1,-61.27,22.2
1547400,1,-58.64,19.33
1547600,1,-54.28,16.91
1547800,0,-64.8,12.87
1548000,0,-64.22,14.34
1548200,1,-62.02,17.21
1548400,1,-58.3,17.54
1548600,1,-66.61,19.88
1548800,1,-65.08,14.05
1549000,1,-63.58,20.22
1549200,1,-60.01,18.38
1549400,1,-63.81,14.99
1549600,1,-65.91,17.37
1549800,1,-62.41,14.71
1550000,1,-57.35,19.75
1550200,1,-69.32,19.3
1550400,1,-60.12,19.3
1550600,1,-60.01,19.52
1550800,1,-62.46,20.43
1551000,1,-64.98,21.57
1551200,1,-62.53,21.96
1551400,1,-62.32,14.93
1551600,1,-66.08,16.65
1551800,0,-67.2,14.93
1552000,0,-69.93,12.97
1552200,0,-70.85,10.56
1552400,1,-63.16,17.06
1552600,1,-57.31,15.61
1552800,1,-61.25,18.74
1553000,1,-53.47,14.34
1553200,1,-62.27,18.42
1553400,1,-64.01,15.49
1553600,1,-60.68,14.8
1553800,1,-60.94,22.92
1554000,1,-58.25,18.23
1554200,1,-67.86,19.93
1554400,1,-55.64,21.37
1554600,1,-53.22,17.93
1554800,1,-57.82,17.37
1555000,0,-69.07,13.7
1555200,0,-67.27,16.34
1555400,0,-70.71,13.87
1555600,0,-70.82,17.85
1555800,0,-63.17,15.79
1556000,1,-61.93,14.77
1556200,0,-70.72,12.25
1556400,0,-65.36,14.43
1556600,0,-65.63,16.32
1556800,0,-65.05,15.03
1557000,0,-66.9,17.38
1557200,0,-68.53,16.34
1557400,0,-66.57,14.13
1557600,0,-72.25,9.61
1557800,1,-60.23,17.47
1558000,0,-66.02,13.73
1558200,1,-62.03,17.38
1558400,1,-62.08,20.3
1558600,1,-60.15,15.66
1558800,1,-60.56,19.73
1559000,1,-59.64,20.37
1559200,1,-63.24,17.4
1559400,0,-60.89,21.18
1559600,1,-57.62,17.6
1559800,0,-66.27,13.78
1560000,0,-69.01,13.0
1560200,0,-72.68,12.4
1560400,1,-63.15,19.81
1560600,1,-60.18,19.07
1560800,1,-60.34,16.53
1561000,1,-61.67,17.17
1561200,0,-61.81,14.26
1561400,0,-67.15,9.6
1561600,0,-58.86,12.6
1561800,1,-63.57,18.46
1562000,1,-68.91,14.14
1562200,1,-59.35,18.92
1562400,1,-57.67,19.51
1562600,1,-68.76,17.62
1562800,1,-60.28,21.43
1563000,1,-61.44,14.24
1563200,1,-62.26,13.44
1563400,1,-61.97,21.03
1563600,0,-69.24,16.34
1563800,0,-63.96,12.9
1564000,0,-64.99,10.56
1564200,0,-65.04,16.92
1564400,0,-66.83,13.52
1564600,0,-68.99,15.0
1564800,1,-58.11,15.97
1565000,1,-61.1,14.86
1565200,1,-57.57,19.12
1565400,1,-55.48,20.73
1565600,1,-57.77,15.03
1565800,1,-56.28,15.77
1566000,1,-56.37,16.04
1566200,1,-56.75,18.76
1566400,1,-62.6,21.2
1566600,0,-70.55,15.15
1566800,1,-67.32,16.79
1567000,1,-68.21,18.76
1567200,0,-67.33,13.24
1567400,0,-66.0,10.91
1567600,0,-64.54,18.97
1567800,0,-65.49,15.76
1568000,1,-59.63,22.69
1568200,1,-62.35,19.65
1568400,1,-54.71,20.66
1568600,1,-62.69,17.97
1568800,0,-64.6,13.31
1569000,1,-59.08,16.52
1569200,1,-60.13,22.92
1569400,1,-59.15,16.73
1569600,1,-59.6,14.09
1569800,1,-61.58,17.55
1570000,1,-62.12,18.87
1570200,0,-71.72,11.57
1570400,0,-62.5,12.92
1570600,0,-67.94,14.99
1570800,0,-66.41,13.09
1571000,0,-71.65,14.86
1571200,0,-66.04,9.65
1571400,0,-62.17,11.77
1571600,0,-64.44,9.55
1571800,0,-67.3,10.78
1572000,0,-63.97,11.61
1572200,0,-69.54,14.47
1572400,0,-70.13,13.54
1572600,0,-72.51,13.97
1572800,0,-62.38,14.66
1573000,0,-67.45,14.1
1573200,1,-61.1,20.99
1573400,1,-61.84,19.8
1573600,1,-53.0,15.02
1573800,1,-60.86,15.53
1574000,1,-61.13,19.22
1574200,1,-57.93,19.61
1574400,1,-64.14,17.39
1574600,1,-60.03,18.24
1574800,0,-69.88,13.23
1575000,0,-60.09,10.4
1575200,0,-66.75,8.58
1575400,1,-64.75,21.8
1575600,1,-65.03,18.78
1575800,1,-60.73,18.58
1576000,1,-59.05,17.5
1576200,1,-60.77,24.25
1576400,1,-62.28,21.54
1576600,1,-61.69,14.76
1576800,1,-65.47,16.34
1577000,1,-61.81,20.09
1577200,1,-64.24,17.73
1577400,1,-60.1,15.92
1577600,1,-59.31,18.5
1577800,1,-61.74,15.34
1578000,1,-64.59,19.09
1578200,0,-66.92,15.14
1578400,0,-74.03,11.54
1578600,0,-64.48,15.28
1578800,1,-60.96,20.74
1579000,1,-61.08,16.66
1579200,0,-66.57,11.62
1579400,1,-59.25,16.25
1579600,0,-67.64,11.83
1579800,0,-52.15,18.66
1580000,1,-53.73,15.53
1580200,1,-62.4,18.73
1580400,1,-68.39,20.63
1580600,1,-67.61,18.82
1580800,1,-59.5,20.06
1581000,1,-62.03,15.37
1581200,1,-60.02,19.16
1581400,1,-62.99,21.4
1581600,1,-57.4,20.18
1581800,1,-55.29,20.41
1582000,1,-65.05,15.58
1582200,1,-62.67,19.29
1582400,1,-66.46,17.3
1582600,1,-62.52,19.32
1582800,1,-66.89,16.91
1583000,1,-56.07,19.25
1583200,1,-62.12,24.77
1583400,1,-64.18,20.34
1583600,1,-62.67,17.99
1583800,1,-58.84,16.5
1584000,0,-61.65,14.08
1584200,0,-70.63,18.39
1584400,0,-66.26,15.59
1584600,0,-67.13,17.28
1584800,0,-63.5,15.56
1585000,1,-58.84,22.11
1585200,1,-56.68,19.99
1585400,0,-62.47,13.54
1585600,0,-68.28,16.29
1585800,1,-62.24,20.61
1586000,1,-61.18,15.37
1586200,1,-60.42,23.82
1586400,1,-61.15,18.89
1586600,1,-62.67,18.34
1586800,1,-61.02,14.26
1587000,0,-64.84,11.51
1587200,1,-64.27,14.66
1587400,1,-62.19,18.71
1587600,0,-62.6,18.22
1587800,1,-59.78,20.68
1588000,1,-58.03,20.13
1588200,1,-59.55,18.44
1588400,0,-60.66,18.77
1588600,1,-65.37,22.75
1588800,1,-66.36,13.69
1589000,1,-59.61,17.12
1589200,1,-66.72,14.21
1589400,1,-56.06,20.93
1589600,1,-55.72,20.18
1589800,1,-62.29,15.95
1590000,1,-69.83,19.2
1590200,0,-68.31,17.37
1590400,0,-66.31,10.46
1590600,0,-70.88,10.6
1590800,0,-67.13,15.44
1591000,1,-64.99,16.03
1591200,0,-64.37,12.99
1591400,0,-67.98,12.71
1591600,0,-70.01,14.92
1591800,1,-62.78,19.28
1592000,1,-58.24,22.43
1592200,1,-60.81,21.06
1592400,1,-60.63,18.15
1592600,1,-64.35,18.27
1592800,1,-68.97,17.47
1593000,0,-60.83,15.5
1593200,1,-60.42,20.13
1593400,1,-61.5,18.3
1593600,1,-64.04,22.04
1593800,1,-63.97,18.06
1594000,1,-58.88,10.35
1594200,1,-63.19,16.06
1594400,1,-60.98,14.48
1594600,1,-55.44,20.08
1594800,0,-67.07,11.18
1595000,0,-70.16,16.07
1595200,0,-64.95,14.31
1595400,0,-65.83,15.73
1595600,1,-57.36,22.43
1595800,1,-60.64,15.06
1596000,1,-64.45,17.61
1596200,1,-59.33,13.45
1596400,1,-58.88,21.78
1596600,0,-67.04,9.88
1596800,0,-72.05,17.35
1597000,0,-66.65,12.31
1597200,0,-68.56,10.31
1597400,1,-53.79,21.82
1597600,1,-60.12,19.75
1597800,0,-65.65,12.57
1598000,0,-64.17,13.13
1598200,1,-62.38,19.86
1598400,1,-60.16,16.6
1598600,1,-55.94,15.08
1598800,1,-64.86,21.35
1599000,1,-63.19,20.92
1599200,1,-60.52,16.91
1599400,1,-54.6,19.12
1599600,0,-69.7,12.11
1599800,0,-61.33,20.39
1600000,1,-66.79,18.86
1600200,1,-59.53,16.52
1600400,0,-62.86,19.26
1600600,1,-58.49,20.0
1600800,1,-59.8,19.78
1601000,1,-62.07,17.18
1601200,1,-65.42,20.53
1601400,1,-62.01,13.26
1601600,1,-64.76,20.14
1601800,1,-63.99,16.86
1602000,1,-66.04,18.02
1602200,1,-60.41,20.96
1602400,1,-63.26,20.67
1602600,1,-64.09,18.95
1602800,1,-64.16,18.85
1603000,1,-60.48,18.73
1603200,1,-60.38,20.89
1603400,1,-64.05,23.84
1603600,1,-66.23,18.87
1603800,1,-61.19,19.96
1604000,1,-61.4,15.62
1604200,1,-63.59,18.62
1604400,1,-56.96,19.86
1604600,1,-59.42,19.28
1604800,0,-68.17,12.43
1605000,1,-62.47,16.76
1605200,1,-62.09,16.6
1605400,1,-63.88,19.27
1605600,0,-63.95,13.62
1605800,0,-64.69,17.16
1606000,0,-68.7,15.28
1606200,0,-70.45,10.73
1606400,1,-53.26,20.19
1606600,1,-60.29,18.33
1606800,1,-58.73,16.5
1607000,1,-62.98,16.17
1607200,1,-62.64,14.64
1607400,1,-61.46,19.86
1607600,1,-63.59,17.58
1607800,1,-53.99,17.21
1608000,1,-61.61,15.71
1608200,1,-61.17,19.06
1608400,1,-56.64,19.27
1608600,1,-64.55,14.88
1608800,1,-60.61,19.72
1609000,1,-62.16,20.06
1609200,1,-63.81,21.2
1609400,1,-64.74,19.68
1609600,1,-56.8,21.4
1609800,1,-61.51,16.67
1610000,0,-63.24,11.94
1610200,1,-62.95,18.04
1610400,1,-61.05,17.27
1610600,1,-63.37,19.9
1610800,0,-64.59,13.2
1611000,1,-61.77,20.16
1611200,0,-63.28,11.7
1611400,0,-70.35,12.52
1611600,1,-57.75,17.42
1611800,1,-65.71,21.6
1612000,1,-63.42,16.57
1612200,1,-64.82,19.03
1612400,0,-63.35,16.04
1612600,0,-71.77,12.62
1612800,1,-65.01,18.6
1613000,1,-59.72,17.52
1613200,1,-64.01,17.71
1613400,1,-60.92,18.44
1613600,1,-61.0,20.67
1613800,1,-59.87,19.47
1614000,0,-58.85,17.1
1614200,1,-59.64,20.09
1614400,1,-63.96,18.06
1614600,1,-61.37,23.13
1614800,0,-69.07,14.51
1615000,0,-67.14,13.6
1615200,0,-70.12,13.28
1615400,0,-67.25,7.7
1615600,1,-59.49,18.53
1615800,1,-65.55,17.27
1616000,1,-63.54,16.56
1616200,0,-55.12,17.2
1616400,1,-68.14,16.69
1616600,1,-63.44,16.54
1616800,1,-60.63,22.83
1617000,1,-62.58,20.21
1617200,1,-63.91,15.85
1617400,1,-63.31,21.32
1617600,1,-66.91,17.48
1617800,0,-68.46,16.57
1618000,0,-67.48,9.86
1618200,0,-72.39,14.2
1618400,1,-61.73,18.84
1618600,1,-59.59,19.84
1618800,1,-62.33,19.02
1619000,1,-61.35,22.98
1619200,0,-65.96,10.44
1619400,0,-67.75,10.61
1619600,0,-69.62,14.72
1619800,1,-60.69,16.99
1620000,0,-67.97,16.57
1620200,0,-67.38,13.55
1620400,1,-62.58,18.93
1620600,1,-67.45,21.2
1620800,1,-60.81,20.14
1621000,1,-59.93,17.3
1621200,1,-57.79,19.26
1621400,1,-56.52,16.04
1621600,1,-63.96,20.38
1621800,0,-71.38,10.31
1622000,1,-64.74,19.4
1622200,0,-67.38,10.79
1622400,0,-71.54,13.02
1622600,0,-62.16,13.64
1622800,0,-68.86,16.24
1623000,0,-65.01,16.06
1623200,0,-61.56,14.38
1623400,0,-62.24,9.48
1623600,0,-68.9,13.06
1623800,0,-67.71,17.65
1624000,0,-68.06,12.7
1624200,1,-61.26,24.79
1624400,0,-68.94,14.99
1624600,0,-61.7,13.86
1624800,1,-58.32,16.61
1625000,1,-62.19,17.36
1625200,0,-59.49,18.85
1625400,1,-58.45,18.21
1625600,1,-58.58,16.53
1625800,1,-55.55,22.89
1626000,1,-55.14,18.36
1626200,0,-59.35,18.06
1626400,0,-60.56,19.56
1626600,1,-60.64,17.33
1626800,1,-61.16,20.73
1627000,1,-56.59,23.82
1627200,1,-65.58,14.98
1627400,1,-63.96,16.63
1627600,1,-62.07,16.48
1627800,1,-56.92,14.75
1628000,0,-66.82,13.48
1628200,0,-65.23,15.59
1628400,0,-66.22,16.26
1628600,0,-65.1,14.97
1628800,1,-58.48,18.18
1629000,1,-60.4,19.05
1629200,1,-59.79,14.08
1629400,1,-59.3,17.18
1629600,1,-61.54,19.36
1629800,1,-64.34,21.01
1630000,1,-60.64,15.44
1630200,1,-63.25,21.36
1630400,1,-65.02,17.37
1630600,1,-62.39,18.46
1630800,1,-59.63,15.86
1631000,1,-62.41,19.95
1631200,0,-66.41,11.94
1631400,0,-71.94,18.75
1631600,0,-62.88,14.05
1631800,0,-68.58,15.47
1632000,0,-65.51,14.12
1632200,1,-60.89,15.58
1632400,1,-56.05,14.35
1632600,1,-55.18,18.65
1632800,1,-58.52,19.58
1633000,1,-58.89,19.43
1633200,1,-58.16,18.71
1633400,1,-61.85,13.31
1633600,1,-59.28,18.94
1633800,1,-64.4,17.52
1634000,1,-54.36,16.84
1634200,0,-63.75,14.53
1634400,0,-69.6,11.5
1634600,1,-71.44,21.47
1634800,0,-63.82,14.33
1635000,0,-72.67,13.34
1635200,0,-65.67,15.69
1635400,0,-70.41,16.18
1635600,1,-56.26,19.87
1635800,1,-58.65,17.35
1636000,1,-60.72,17.67
1636200,1,-64.87,21.49
1636400,0,-65.09,12.35
1636600,0,-68.5,10.2
1636800,0,-63.31,11.71
1637000,0,-57.76,16.14
1637200,1,-59.28,19.42
1637400,0,-72.09,12.9
1637600,0,-67.73,14.03
1637800,0,-67.66,11.38
1638000,0,-65.33,21.49
1638200,1,-63.4,16.09
1638400,1,-60.18,16.05
1638600,1,-55.17,20.97
1638800,1,-66.07,14.29
1639000,0,-67.02,12.59
1639200,0,-69.57,15.51
1639400,1,-61.5,19.69
1639600,1,-59.74,17.66
1639800,1,-60.29,21.73
1640000,1,-59.83,19.79
1640200,0,-67.9,17.91
1640400,0,-69.02,15.77
1640600,1,-57.89,17.27
1640800,1,-59.82,19.52
1641000,1,-64.89,19.19
1641200,1,-61.75,12.77
1641400,1,-67.67,20.72
1641600,0,-65.73,16.26
1641800,0,-70.62,17.37
1642000,1,-60.6,18.01
1642200,1,-61.72,15.87
1642400,1,-66.4,24.6
1642600,1,-62.24,18.33
1642800,1,-63.65,18.57
1643000,1,-63.64,15.57
1643200,1,-60.43,17.95
1643400,1,-58.41,18.7
1643600,0,-69.68,12.43
1643800,0,-65.73,11.58
1644000,1,-65.14,19.5
1644200,1,-61.98,14.99
1644400,1,-57.56,18.57
1644600,1,-70.1,17.04
1644800,1,-62.85,17.8
1645000,0,-53.99,19.56
1645200,0,-69.67,15.89
1645400,1,-63.42,17.67
1645600,1,-60.98,16.01
1645800,1,-57.79,17.32
1646000,0,-55.39,20.49
1646200,1,-61.28,19.67
1646400,0,-65.16,15.4
1646600,0,-70.47,12.15
1646800,0,-72.18,11.47
1647000,1,-57.9,18.58
1647200,1,-63.96,14.85
1647400,1,-59.89,19.39
1647600,1,-64.74,17.78
1647800,1,-58.14,19.24
1648000,1,-65.28,15.46
1648200,1,-64.44,17.35
1648400,1,-59.66,17.21
1648600,1,-66.9,21.77
1648800,1,-58.9,19.89
1649000,0,-58.63,17.07
1649200,1,-64.64,20.85
1649400,1,-62.77,24.38
1649600,1,-58.65,15.51
1649800,0,-65.36,11.17
1650000,0,-67.68,10.21
1650200,1,-61.56,22.69
1650400,1,-58.24,17.54
1650600,1,-61.42,20.79
1650800,1,-62.22,18.46
1651000,1,-57.98,16.49
1651200,0,-67.54,15.12
1651400,0,-65.25,17.02
1651600,0,-71.65,9.55
1651800,1,-60.02,18.77
1652000,1,-58.45,22.1
1652200,1,-53.23,17.53
1652400,1,-66.72,20.11
1652600,1,-54.17,16.56
1652800,1,-67.58,19.42
1653000,1,-61.04,16.09
1653200,1,-62.7,22.58
1653400,1,-64.24,22.34
1653600,1,-60.48,15.23
1653800,1,-57.35,17.77
1654000,1,-53.96,21.05
1654200,1,-61.29,14.78
1654400,1,-62.68,16.03
1654600,1,-61.81,20.0
1654800,1,-62.16,16.34
1655000,0,-71.41,11.52
1655200,1,-59.99,13.06
1655400,1,-60.95,17.97
1655600,1,-62.3,18.17
1655800,1,-59.02,17.15
1656000,1,-60.11,18.74
1656200,0,-69.02,9.38
1656400,0,-59.69,13.29
1656600,0,-67.83,13.15
1656800,0,-65.74,15.29
1657000,0,-68.83,15.58
1657200,0,-68.25,14.6
1657400,1,-65.33,18.78
1657600,1,-62.36,16.16
1657800,1,-68.35,18.22
1658000,1,-68.51,16.02
1658200,1,-60.64,19.05
1658400,1,-56.62,22.67
1658600,0,-59.15,14.41
1658800,0,-67.49,16.72
1659000,1,-57.3,17.03
1659200,1,-63.81,18.74
1659400,1,-64.54,18.18
1659600,1,-67.36,23.97
1659800,1,-63.18,20.54
1660000,0,-64.04,12.56
1660200,0,-66.27,11.8
1660400,1,-59.44,18.59
1660600,1,-60.08,20.03
1660800,1,-59.09,19.34
1661000,0,-67.16,17.52
1661200,0,-68.73,11.8
1661400,0,-68.28,11.88
1661600,0,-64.85,10.86
1661800,0,-65.86,14.37
1662000,1,-58.06,16.72
1662200,1,-58.8,17.76
1662400,1,-57.51,20.48
1662600,1,-63.52,17.96
1662800,0,-65.13,15.37
1663000,0,-67.11,11.02
1663200,0,-74.34,12.48
1663400,1,-63.86,19.58
1663600,0,-71.95,13.37
1663800,0,-66.39,9.73
1664000,0,-65.9,11.75
1664200,0,-64.54,14.77
1664400,1,-60.36,18.8
1664600,1,-57.4,16.35
1664800,1,-59.55,16.74
1665000,1,-59.23,21.02
1665200,1,-59.07,16.84
1665400,1,-63.41,18.38
1665600,1,-59.06,22.75
1665800,1,-60.36,15.95
1666000,1,-61.47,18.25
1666200,1,-60.9,16.47
1666400,1,-60.39,24.87
1666600,1,-62.82,20.72
1666800,1,-64.42,17.54
1667000,1,-56.51,15.39
1667200,1,-61.23,15.25
1667400,1,-61.7,20.2
1667600,1,-57.4,14.86
1667800,1,-56.57,13.52
1668000,1,-70.37,18.15
1668200,1,-63.49,16.53
1668400,1,-55.59,13.52
1668600,1,-59.98,17.98
1668800,1,-62.8,18.37
1669000,1,-61.9,18.71
1669200,1,-63.8,18.17
1669400,1,-60.41,20.87
1669600,1,-64.81,22.24
1669800,1,-58.0,19.93
1670000,1,-60.95,17.4
1670200,0,-59.47,16.89
1670400,1,-59.17,19.83
1670600,1,-57.25,19.74
1670800,1,-62.98,21.01
1671000,0,-71.87,10.39
1671200,0,-66.88,14.81
1671400,0,-64.27,15.55
1671600,0,-69.45,13.39
1671800,0,-64.87,16.61
1672000,0,-67.93,13.35
1672200,0,-66.09,11.37
1672400,1,-60.98,20.47
1672600,0,-63.93,19.56
1672800,1,-67.43,22.35
1673000,1,-62.77,22.87
1673200,1,-63.91,19.28
1673400,0,-64.39,18.19
1673600,1,-62.32,15.8
1673800,1,-57.16,15.4
1674000,1,-56.19,16.01
1674200,1,-64.71,23.18
1674400,1,-60.22,18.42
1674600,1,-61.75,16.8
1674800,1,-58.22,20.69
1675000,1,-62.9,15.44
1675200,0,-72.18,15.92
1675400,0,-69.37,16.88
1675600,1,-65.07,14.54
1675800,0,-59.07,16.75
1676000,1,-65.06,17.91
1676200,1,-61.73,21.81
1676400,1,-61.74,15.56
1676600,1,-59.12,17.4
1676800,1,-55.18,16.35
1677000,1,-63.72,20.63
1677200,1,-65.43,18.42
1677400,1,-63.43,17.82
1677600,0,-63.44,13.5
1677800,0,-68.28,13.04
1678000,0,-66.94,13.2
1678200,1,-61.66,17.03
1678400,1,-61.06,21.45
1678600,1,-63.15,19.63
1678800,1,-59.14,21.73
1679000,1,-60.33,16.72
1679200,1,-62.34,18.43
1679400,1,-59.93,16.84
1679600,1,-63.49,17.42
1679800,0,-63.43,20.57
1680000,1,-60.78,20.46
1680200,1,-54.28,22.26
1680400,1,-57.91,23.17
1680600,0,-65.63,13.83
1680800,0,-67.15,11.89
1681000,0,-70.81,15.71
1681200,1,-61.86,18.28
1681400,1,-61.04,18.9
1681600,1,-59.31,15.23
1681800,1,-59.79,21.73
1682000,0,-67.94,14.69
1682200,1,-59.59,18.13
1682400,1,-62.46,19.93
1682600,1,-66.59,19.65
1682800,0,-64.77,12.23
1683000,1,-63.21,16.24
1683200,1,-57.92,17.83
1683400,1,-63.63,20.15
1683600,0,-63.49,13.84
1683800,1,-66.27,21.59
1684000,1,-66.44,15.57
1684200,1,-56.57,20.29
1684400,1,-62.52,20.69
1684600,1,-60.72,16.5
1684800,1,-63.56,17.78
1685000,1,-60.09,20.39
1685200,1,-61.62,20.09
1685400,1,-67.57,18.76
1685600,1,-61.65,18.57
1685800,1,-55.21,17.6
1686000,1,-62.53,18.68
1686200,0,-68.98,14.44
1686400,0,-64.71,14.51
1686600,0,-68.99,14.21
1686800,0,-62.68,10.68
1687000,1,-66.31,21.64
1687200,1,-62.29,18.46
1687400,1,-64.16,20.3
1687600,1,-57.48,22.92
1687800,1,-59.94,21.13
1688000,1,-58.52,18.82
1688200,1,-59.43,18.28
1688400,1,-61.83,18.26
1688600,0,-63.17,14.06
1688800,1,-59.15,14.81
1689000,1,-61.42,21.92
1689200,1,-63.68,15.81
1689400,1,-61.98,16.5
1689600,1,-64.83,19.19
1689800,1,-62.07,17.3
1690000,1,-54.86,20.53
1690200,1,-60.48,24.86
1690400,1,-56.95,17.44
1690600,1,-62.02,18.23
1690800,1,-62.49,15.1
1691000,1,-59.66,18.02
1691200,1,-58.62,16.36
1691400,1,-59.99,16.08
1691600,1,-56.04,20.15
1691800,1,-56.45,15.25
1692000,1,-59.88,19.03
1692200,1,-60.52,19.12
1692400,1,-54.38,19.78
1692600,1,-62.05,15.56
1692800,0,-66.69,15.15
1693000,0,-63.2,14.06
1693200,0,-70.53,14.28
1693400,0,-65.57,15.26
1693600,1,-58.2,20.57
1693800,0,-62.56,10.93
1694000,0,-66.1,16.31
1694200,0,-61.79,15.75
1694400,1,-61.0,21.86
1694600,1,-59.96,17.11
1694800,1,-60.04,23.46
1695000,1,-62.75,18.94
1695200,1,-58.74,19.44
1695400,1,-66.03,22.76
1695600,1,-64.37,15.08
1695800,1,-62.22,19.51
1696000,1,-65.68,20.02
1696200,1,-64.01,20.46
1696400,1,-63.73,19.21
1696600,1,-61.71,15.7
1696800,1,-59.31,17.7
1697000,1,-55.1,16.86
1697200,1,-59.22,12.45
1697400,1,-64.69,18.18
1697600,1,-66.22,17.66
1697800,1,-57.77,19.27
1698000,1,-63.96,17.02
1698200,1,-60.63,19.24
1698400,0,-71.09,12.11
1698600,0,-72.0,16.94
1698800,1,-57.05,23.13
1699000,0,-68.59,14.61
1699200,1,-58.95,21.83
1699400,0,-61.51,14.41
1699600,1,-59.95,16.98
1699800,1,-63.4,17.26
1700000,1,-59.88,17.32
1700200,1,-56.91,21.39
1700400,1,-61.52,19.71
1700600,1,-63.79,18.72
1700800,1,-63.07,15.76
1701000,1,-57.27,18.64
1701200,1,-60.71,19.72
1701400,1,-65.48,17.93
1701600,1,-61.33,17.74
1701800,1,-59.8,20.02
1702000,1,-59.82,18.87
1702200,0,-66.33,20.9
1702400,1,-61.28,20.56
1702600,0,-68.27,11.22
1702800,0,-67.75,15.22
1703000,0,-66.05,16.98
1703200,0,-64.74,11.18
1703400,1,-66.71,19.07
1703600,1,-63.83,22.23
1703800,1,-58.22,18.78
1704000,1,-64.28,20.68
1704200,1,-64.73,15.95
1704400,1,-60.04,18.27
1704600,1,-57.98,19.12
1704800,1,-57.64,18.27
1705000,1,-66.31,21.09
1705200,1,-57.58,21.09
1705400,1,-62.77,16.68
1705600,1,-65.6,18.83
1705800,1,-71.29,20.69
1706000,0,-61.8,10.85
1706200,0,-67.95,12.76
1706400,0,-67.93,15.83
1706600,0,-63.15,13.76
1706800,1,-65.41,20.11
1707000,0,-61.69,19.9
1707200,1,-57.23,13.6
1707400,1,-57.29,20.23
1707600,0,-61.89,16.01
1707800,1,-55.15,19.82
1708000,1,-61.28,14.14
1708200,1,-61.78,22.03
1708400,1,-64.07,19.79
1708600,1,-59.67,18.95
1708800,1,-60.48,18.76
1709000,1,-57.56,19.52
1709200,1,-60.52,18.62
1709400,1,-70.15,18.23
1709600,1,-60.21,17.96
1709800,1,-65.86,18.02
1710000,1,-57.97,17.8
1710200,1,-66.48,19.37
1710400,1,-62.4,15.0
1710600,1,-63.44,14.68
1710800,1,-61.09,22.01
1711000,1,-63.68,13.16
1711200,0,-57.56,17.17
1711400,1,-55.7,16.74
1711600,1,-64.44,19.59
1711800,1,-64.72,16.37
1712000,0,-67.3,13.36
1712200,1,-62.95,14.4
1712400,1,-62.05,17.13
1712600,0,-70.44,11.84
1712800,0,-65.69,13.25
1713000,0,-68.4,17.43
1713200,1,-59.31,18.62
1713400,1,-53.95,21.19
1713600,1,-65.09,19.75
1713800,1,-60.24,19.11
1714000,1,-62.01,20.64
1714200,1,-62.93,17.09
1714400,1,-58.47,17.47
1714600,0,-59.9,17.5
1714800,1,-61.99,15.88
1715000,1,-61.56,19.42
1715200,1,-58.49,20.19
1715400,1,-62.9,19.06
1715600,0,-67.48,10.78
1715800,0,-61.4,11.76
1716000,0,-60.15,13.69
1716200,0,-67.36,19.52
1716400,1,-57.78,20.92
1716600,0,-65.84,16.04
1716800,0,-69.1,14.15
1717000,0,-67.24,14.07
1717200,0,-71.97,18.54
1717400,0,-66.54,9.33
1717600,0,-73.71,11.82
1717800,0,-66.55,16.49
1718000,0,-69.12,12.63
1718200,1,-64.97,14.67
1718400,1,-56.62,19.46
1718600,1,-57.51,17.09
1718800,1,-61.27,19.21
1719000,0,-76.37,18.55
1719200,1,-61.36,17.56
1719400,1,-55.15,16.1
1719600,0,-67.94,11.94
1719800,0,-66.57,14.86
1720000,0,-63.29,12.85
1720200,0,-67.1,17.14
1720400,1,-61.16,16.15
1720600,0,-65.25,13.63
1720800,1,-61.94,20.73
1721000,1,-57.65,19.61
1721200,1,-61.63,14.53
1721400,0,-67.0,19.79
1721600,0,-67.46,17.16
1721800,0,-63.61,6.8
1722000,0,-66.58,11.23
1722200,0,-70.14,12.67
1722400,0,-60.78,12.1
1722600,0,-68.69,14.79
1722800,1,-65.34,18.16
1723000,1,-65.99,17.69
1723200,0,-68.23,13.97
1723400,0,-71.27,9.68
1723600,1,-57.42,20.64
1723800,1,-64.04,20.18
1724000,0,-70.34,16.13
1724200,0,-69.55,13.58
1724400,0,-63.25,16.12
1724600,1,-66.6,16.89
1724800,0,-68.51,12.1
1725000,0,-68.01,9.79
1725200,1,-64.67,15.41
1725400,1,-60.78,18.81
1725600,1,-64.3,21.52
1725800,1,-63.68,17.22
1726000,1,-58.79,17.08
1726200,1,-68.63,15.3
1726400,1,-65.94,19.27
1726600,1,-62.23,12.27
1726800,0,-64.61,13.92
1727000,0,-67.61,15.61
1727200,0,-64.32,12.01
1727400,1,-61.66,18.56
1727600,1,-58.23,16.55
1727800,0,-69.89,15.33
1728000,1,-59.64,21.52
1728200,1,-61.44,20.26
1728400,1,-63.88,20.52
1728600,1,-64.98,15.84
1728800,1,-55.19,15.99
1729000,0,-69.85,15.53
1729200,1,-61.78,19.25
1729400,1,-61.25,19.45
1729600,1,-59.15,19.46
1729800,1,-61.78,19.52
1730000,1,-62.04,17.06
1730200,1,-62.34,19.88
1730400,0,-68.61,12.2
1730600,0,-70.72,16.99
1730800,1,-58.69,18.92
1731000,1,-56.77,18.57
1731200,1,-62.3,15.57
1731400,1,-54.24,15.43
1731600,1,-57.57,19.92
1731800,1,-71.02,18.11
1732000,1,-60.31,17.66
1732200,1,-53.88,20.54
1732400,1,-57.5,18.0
1732600,1,-60.56,20.58
1732800,1,-57.52,18.03
1733000,1,-59.76,20.18
1733200,1,-61.19,18.14
1733400,1,-58.06,19.64
1733600,1,-59.85,22.09
1733800,1,-61.83,15.96
1734000,0,-63.75,10.04
1734200,0,-71.02,14.71
1734400,0,-66.75,14.46
1734600,1,-62.93,16.67
1734800,0,-65.25,13.09
1735000,1,-60.55,20.27
1735200,1,-62.85,19.82
1735400,1,-55.73,19.76
1735600,1,-60.18,18.71
1735800,1,-60.61,20.07
1736000,1,-64.32,19.2
1736200,1,-64.41,16.21
1736400,1,-63.29,19.33
1736600,0,-61.46,13.78
1736800,1,-62.56,22.58
1737000,1,-60.81,15.81
1737200,1,-60.01,13.72
1737400,1,-58.43,20.98
1737600,1,-59.58,17.34
1737800,0,-68.3,14.23
1738000,0,-66.32,14.24
1738200,1,-66.72,17.49
1738400,1,-64.4,17.12
1738600,1,-62.63,20.37
1738800,1,-61.25,22.83
1739000,1,-61.48,20.85
1739200,1,-62.78,20.58
1739400,1,-61.91,15.37
1739600,1,-57.19,15.53
1739800,1,-61.07,20.78
1740000,1,-61.65,14.87
1740200,0,-64.23,12.25
1740400,1,-60.87,20.13
1740600,1,-62.38,19.07
1740800,1,-57.66,19.84
1741000,1,-60.8,19.56
1741200,1,-70.19,17.68
1741400,1,-63.46,19.98
1741600,1,-63.02,18.59
1741800,1,-62.53,14.09
1742000,1,-64.98,20.11
1742200,1,-65.36,15.77
1742400,0,-73.19,12.72
1742600,0,-72.37,9.68
1742800,0,-66.8,11.02
1743000,0,-68.85,14.03
1743200,0,-64.62,19.07
1743400,0,-68.14,16.81
1743600,0,-62.05,13.91
1743800,0,-67.58,15.31
1744000,0,-68.49,14.04
1744200,0,-66.9,10.52
1744400,0,-66.5,13.59
1744600,0,-66.23,11.06
1744800,1,-57.34,20.23
1745000,1,-60.66,21.05
1745200,1,-65.96,16.94
1745400,1,-58.74,17.05
1745600,1,-59.7,19.3
1745800,1,-63.07,20.19
1746000,1,-63.65,12.5
1746200,1,-59.65,18.15
1746400,1,-64.27,16.89
1746600,1,-59.44,18.7
1746800,1,-63.05,18.29
1747000,1,-63.6,19.35
1747200,1,-60.76,23.39
1747400,1,-67.04,14.08
1747600,1,-60.46,16.79
1747800,1,-56.76,17.99
1748000,1,-57.76,20.02
1748200,1,-57.3,19.39
1748400,1,-63.86,16.0
1748600,1,-64.59,15.8
1748800,1,-64.72,15.27
1749000,1,-64.94,19.56
1749200,1,-57.18,18.74
1749400,0,-70.2,13.94
1749600,1,-62.74,19.88
1749800,1,-60.38,17.07
1750000,0,-62.61,18.38
1750200,0,-65.9,13.71
1750400,0,-64.25,12.4
1750600,0,-69.8,11.0
1750800,1,-56.96,21.8
1751000,1,-56.96,19.8
1751200,1,-69.87,17.75
1751400,0,-62.4,9.43
1751600,1,-65.98,16.82
1751800,1,-58.66,18.59
1752000,1,-62.3,19.99
1752200,1,-59.54,20.21
1752400,1,-62.95,18.04
1752600,0,-68.96,17.36
1752800,0,-70.11,14.63
1753000,0,-67.84,17.45
1753200,1,-62.87,21.15
1753400,1,-60.32,19.62
1753600,1,-62.75,18.98
1753800,0,-69.98,10.73
1754000,0,-61.49,11.56
1754200,0,-67.34,11.15
1754400,0,-61.85,15.44
1754600,1,-56.96,21.38
1754800,0,-69.32,13.55
1755000,0,-71.09,14.87
1755200,0,-70.43,12.3
1755400,0,-69.91,14.97
1755600,0,-66.39,11.68
1755800,1,-59.26,21.74
1756000,1,-58.29,21.52
1756200,1,-58.61,20.92
1756400,1,-59.82,18.85
1756600,1,-57.33,20.95
1756800,1,-61.54,19.12
1757000,1,-62.83,20.2
1757200,1,-57.09,18.83
1757400,1,-62.79,16.88
1757600,1,-59.7,16.67
1757800,1,-64.28,24.32
1758000,0,-69.0,13.27
1758200,1,-63.71,17.85
1758400,1,-57.36,17.41
1758600,1,-63.64,19.69
1758800,1,-57.9,14.13
1759000,1,-61.27,18.61
1759200,1,-59.6,17.7
1759400,1,-57.92,12.82
1759600,1,-57.25,18.23
1759800,1,-67.1,18.82
1760000,1,-53.93,18.98
1760200,1,-60.01,20.41
1760400,1,-60.26,18.04
1760600,1,-59.46,16.93
1760800,1,-55.09,11.51
1761000,1,-57.61,20.07
1761200,1,-61.41,18.78
1761400,1,-59.99,12.98
1761600,1,-59.04,17.92
1761800,1,-58.83,13.07
1762000,1,-54.71,18.16
1762200,1,-60.05,15.43
1762400,1,-62.45,18.71
1762600,1,-60.83,14.66
1762800,1,-65.91,14.76
1763000,1,-61.88,18.45
1763200,0,-63.35,11.44
1763400,1,-57.62,18.26
1763600,1,-61.36,21.14
1763800,1,-59.02,17.86
1764000,1,-59.88,21.68
1764200,0,-71.05,10.56
1764400,1,-60.46,17.4
1764600,1,-63.66,14.6
1764800,1,-59.16,21.44
1765000,1,-58.87,18.58
1765200,1,-59.63,18.78
1765400,1,-55.82,15.6
1765600,0,-70.41,15.58
1765800,0,-72.46,18.03
1766000,0,-66.8,14.86
1766200,1,-53.66,17.64
1766400,1,-64.12,20.15
1766600,1,-72.71,17.14
1766800,0,-62.39,11.28
1767000,1,-67.89,15.98
1767200,1,-63.51,16.16
1767400,1,-57.85,18.72
1767600,1,-61.84,19.08
1767800,0,-70.19,16.98
1768000,0,-67.04,11.95
1768200,0,-66.69,10.48
1768400,1,-59.14,19.7
1768600,1,-58.18,15.19
1768800,1,-63.38,20.5
1769000,1,-71.6,18.92
1769200,1,-65.73,20.45
1769400,1,-60.52,21.98
1769600,0,-68.9,13.71
1769800,0,-64.81,13.11
1770000,0,-60.89,15.7
1770200,1,-60.44,18.24
1770400,0,-61.89,16.44
1770600,1,-60.4,21.19
1770800,1,-64.25,16.77
1771000,0,-68.48,12.11
1771200,0,-60.82,19.92
1771400,1,-57.25,22.01
1771600,1,-63.26,18.56
1771800,1,-60.36,17.72
1772000,1,-62.62,17.34
1772200,0,-67.52,12.48
1772400,1,-63.19,19.73
1772600,1,-60.1,22.21
1772800,1,-60.14,14.64
1773000,1,-62.25,17.71
1773200,1,-59.98,19.86
1773400,1,-56.53,20.5
1773600,1,-65.53,18.95
1773800,1,-61.01,15.76
1774000,1,-63.24,20.03
1774200,0,-62.14,14.96
1774400,1,-62.02,19.9
1774600,1,-66.56,18.99
1774800,1,-64.52,22.58
1775000,1,-61.42,20.84
1775200,1,-57.92,18.69
1775400,1,-59.4,18.62
1775600,1,-62.58,14.61
1775800,1,-61.53,20.66
1776000,1,-66.08,17.95
1776200,1,-64.99,14.37
1776400,1,-61.95,21.13
1776600,1,-66.76,18.58
1776800,1,-69.08,14.72
1777000,0,-68.23,12.13
1777200,1,-67.07,18.58
1777400,1,-64.25,19.34
1777600,1,-63.7,20.66
1777800,1,-59.25,19.44
1778000,1,-56.93,16.07
1778200,1,-55.33,16.3
1778400,1,-61.06,17.4
1778600,1,-63.29,13.44
1778800,0,-66.72,16.9
1779000,0,-71.21,16.4
1779200,0,-68.47,9.01
1779400,0,-66.09,10.74
1779600,1,-63.09,16.53
1779800,1,-61.51,18.72
1780000,1,-66.28,15.79
1780200,1,-67.64,18.91
1780400,1,-63.95,20.15
1780600,1,-56.75,17.33
1780800,1,-61.32,22.8
1781000,1,-58.99,20.6
1781200,1,-58.8,19.39
1781400,1,-66.49,16.35
1781600,0,-64.25,17.94
1781800,0,-69.85,12.93
1782000,0,-64.71,14.4
1782200,0,-72.82,9.37
1782400,1,-61.46,18.35
1782600,1,-58.54,18.49
1782800,1,-65.12,20.34
1783000,1,-59.19,13.01
1783200,1,-64.59,16.97
1783400,1,-64.56,22.16
1783600,1,-59.71,16.45
1783800,1,-59.2,15.99
1784000,1,-62.78,15.0
1784200,1,-60.33,19.37
1784400,1,-61.38,16.0
1784600,1,-69.73,19.43
1784800,1,-60.43,17.75
1785000,0,-63.95,15.29
1785200,1,-57.46,17.2
1785400,0,-69.39,12.08
1785600,0,-61.91,14.49
1785800,0,-67.34,10.74
1786000,1,-58.62,19.75
1786200,1,-69.59,19.15
1786400,1,-62.47,17.52
1786600,1,-61.91,18.96
1786800,1,-59.87,17.74
1787000,1,-59.41,14.73
1787200,1,-58.88,18.52
1787400,1,-58.76,17.59
1787600,1,-59.08,17.46
1787800,1,-60.45,14.03
1788000,1,-58.45,16.5
1788200,1,-64.32,22.23
1788400,0,-70.36,11.22
1788600,0,-62.57,12.92
1788800,1,-61.77,18.77
1789000,1,-58.24,20.71
1789200,1,-61.21,20.87
1789400,1,-61.6,18.98
1789600,0,-72.49,10.3
1789800,0,-67.78,10.53
1790000,0,-66.43,12.15
1790200,1,-58.46,21.67
1790400,1,-65.15,21.46
1790600,1,-61.7,18.85
1790800,1,-63.16,17.75
1791000,0,-61.48,18.79
1791200,1,-61.07,21.46
1791400,1,-60.37,18.98
1791600,1,-59.61,14.64
1791800,1,-63.22,23.05
1792000,1,-58.98,17.32
1792200,1,-61.51,16.53
1792400,1,-62.62,17.89
1792600,0,-66.62,12.24
1792800,0,-67.18,15.66
1793000,0,-68.47,14.3
1793200,0,-69.45,11.42
1793400,0,-65.96,13.34
1793600,1,-61.81,18.14
1793800,0,-64.2,13.12
1794000,1,-61.15,17.08
1794200,1,-59.1,20.3
1794400,1,-55.5,18.07
1794600,1,-60.45,21.62
1794800,1,-62.26,17.64
1795000,1,-66.92,16.34
1795200,0,-62.75,15.3
1795400,0,-65.2,14.89
1795600,0,-68.11,17.24
1795800,0,-63.33,15.04
1796000,1,-58.56,20.37
1796200,1,-55.61,16.66
1796400,0,-60.78,10.2
1796600,0,-64.2,12.02
1796800,0,-70.05,8.25
1797000,1,-63.52,18.85
1797200,1,-60.14,13.76
1797400,0,-60.9,18.82
1797600,0,-66.46,11.29
1797800,0,-70.75,15.14
1798000,0,-66.45,12.52
1798200,0,-67.27,11.07
1798400,0,-66.26,12.41
1798600,1,-59.14,16.48
1798800,1,-61.6,20.95
1799000,1,-64.91,19.11
1799200,0,-63.84,15.49
1799400,1,-57.69,19.73
1799600,1,-65.88,17.7
1799800,1,-67.62,16.0
