timestamp_ms,delivered,rssi_dbm,snr_db
0,0,-82.54,6.18
200,0,-82.02,5.79
400,0,-81.76,6.01
600,0,-77.39,7.62
800,1,-80.19,15.0
1000,1,-73.62,11.19
1200,1,-71.37,12.14
1400,1,-74.26,8.95
1600,1,-74.96,8.13
1800,1,-76.81,12.35
2000,1,-72.88,11.01
2200,1,-71.65,12.3
2400,1,-79.01,13.26
2600,1,-74.65,15.09
2800,1,-80.65,11.29
3000,1,-78.17,13.7
3200,1,-83.26,8.71
3400,1,-79.54,13.99
3600,1,-77.94,10.03
3800,1,-76.87,13.05
4000,1,-74.69,4.38
4200,1,-71.9,10.2
4400,1,-75.67,7.52
4600,1,-74.04,13.25
4800,1,-75.21,14.74
5000,1,-76.18,13.9
5200,1,-79.03,12.41
5400,1,-78.3,16.04
5600,1,-77.52,11.3
5800,1,-82.46,10.0
6000,0,-83.43,5.67
6200,0,-86.56,9.31
6400,0,-80.1,5.36
6600,1,-72.24,11.25
6800,1,-71.42,12.23
7000,1,-78.04,6.64
7200,1,-82.97,9.86
7400,1,-79.52,9.5
7600,0,-83.86,11.32
7800,1,-72.93,14.33
8000,1,-73.48,12.07
8200,0,-82.82,7.79
8400,0,-88.82,6.23
8600,0,-79.64,7.21
8800,0,-78.12,5.39
9000,0,-77.59,7.7
9200,1,-74.27,15.63
9400,1,-76.61,8.32
9600,1,-75.36,14.92
9800,1,-76.43,15.19
10000,1,-78.98,10.79
10200,1,-76.19,14.07
10400,1,-77.42,12.81
10600,1,-71.7,8.65
10800,1,-79.12,9.17
11000,1,-74.94,13.8
11200,1,-79.44,7.46
11400,1,-75.73,12.27
11600,1,-74.17,13.62
11800,1,-73.93,8.0
12000,0,-78.18,3.89
12200,1,-75.25,8.16
12400,1,-73.07,10.13
12600,1,-73.88,11.87
12800,1,-72.4,14.01
13000,1,-67.03,11.73
13200,0,-78.06,5.32
13400,0,-79.18,8.46
13600,0,-85.83,6.64
13800,1,-71.84,10.29
14000,1,-75.89,7.8
14200,1,-75.65,11.35
14400,1,-82.77,12.82
14600,1,-76.13,10.17
14800,0,-86.19,6.29
15000,0,-75.21,10.71
15200,0,-80.87,9.19
15400,0,-72.37,15.53
15600,1,-73.42,9.43
15800,1,-80.07,8.33
16000,1,-78.96,7.41
16200,0,-82.28,9.15
16400,1,-77.58,10.45
16600,1,-75.12,8.96
16800,1,-75.62,7.57
17000,1,-84.25,8.61
17200,1,-75.21,13.93
17400,1,-72.74,8.9
17600,1,-71.96,11.72
17800,1,-71.32,10.78
18000,1,-72.3,11.08
18200,1,-71.78,13.98
18400,1,-70.33,13.38
18600,1,-74.93,7.16
18800,1,-70.1,12.42
19000,0,-81.18,16.61
19200,1,-74.23,15.53
19400,0,-84.17,8.49
19600,1,-75.03,8.12
19800,1,-73.91,10.37
20000,1,-76.19,12.55
20200,0,-73.51,14.26
20400,1,-75.75,7.57
20600,1,-72.25,9.77
20800,1,-78.88,11.19
21000,0,-76.03,12.79
21200,0,-75.62,6.46
21400,0,-77.8,2.6
21600,0,-83.19,3.92
21800,1,-74.4,11.32
22000,1,-77.14,15.9
22200,0,-86.92,9.4
22400,1,-76.08,11.79
22600,1,-75.33,15.59
22800,1,-78.52,11.35
23000,1,-68.91,12.67
23200,1,-72.82,8.37
23400,0,-77.14,4.74
23600,0,-78.18,6.95
23800,1,-77.26,11.76
24000,1,-75.48,10.8
24200,1,-74.57,11.06
24400,1,-66.54,10.26
24600,1,-75.37,12.53
24800,1,-79.23,8.19
25000,1,-74.49,9.06
25200,0,-83.91,5.72
25400,0,-79.38,6.13
25600,1,-74.84,2.99
25800,1,-69.77,9.17
26000,1,-74.27,12.49
26200,1,-76.42,12.62
26400,1,-74.58,8.58
26600,1,-69.2,9.87
26800,1,-71.64,11.41
27000,1,-74.24,13.04
27200,1,-74.15,9.99
27400,1,-75.11,12.52
27600,1,-73.23,11.43
27800,1,-74.08,6.09
28000,1,-69.22,14.83
28200,1,-76.41,9.55
28400,0,-78.26,9.23
28600,1,-70.92,14.37
28800,1,-80.3,8.55
29000,0,-85.79,5.38
29200,1,-75.15,14.49
29400,1,-72.24,13.53
29600,1,-77.97,10.18
29800,1,-76.23,10.57
30000,1,-75.12,13.1
30200,1,-71.54,10.56
30400,1,-73.47,13.61
30600,1,-72.62,14.13
30800,1,-80.76,15.36
31000,1,-73.25,13.06
31200,1,-76.86,10.73
31400,1,-76.37,8.4
31600,1,-75.17,15.87
31800,1,-77.85,11.37
32000,0,-78.22,7.28
32200,0,-80.71,2.85
32400,0,-86.94,5.99
32600,1,-70.61,13.2
32800,1,-74.2,15.32
33000,1,-74.74,11.48
33200,0,-85.02,8.86
33400,0,-78.73,6.48
33600,0,-82.67,4.99
33800,0,-82.88,3.9
34000,0,-77.43,7.74
34200,1,-73.95,14.49
34400,1,-71.97,11.74
34600,0,-85.48,10.01
34800,0,-88.61,6.27
35000,1,-70.08,9.72
35200,1,-77.28,13.01
35400,1,-74.22,10.53
35600,1,-80.45,9.38
35800,0,-77.27,5.38
36000,0,-78.09,8.51
36200,0,-77.89,6.2
36400,0,-83.82,3.66
36600,1,-73.92,7.38
36800,1,-72.83,12.4
37000,1,-73.37,10.1
37200,1,-73.2,9.65
37400,0,-79.23,5.94
37600,0,-83.7,6.99
37800,1,-69.98,2.83
38000,1,-72.93,12.75
38200,1,-69.96,8.45
38400,1,-72.57,12.88
38600,1,-71.0,13.87
38800,1,-77.75,14.5
39000,1,-76.59,15.51
39200,1,-71.06,10.3
39400,0,-78.26,10.97
39600,1,-70.02,14.06
39800,1,-74.46,15.36
40000,1,-73.93,16.08
40200,1,-77.71,6.4
40400,1,-75.05,8.63
40600,0,-83.5,6.01
40800,1,-80.36,9.8
41000,1,-74.64,10.63
41200,1,-74.89,7.67
41400,1,-77.58,7.98
41600,1,-77.84,9.48
41800,1,-75.64,16.02
42000,1,-67.88,11.14
42200,1,-75.45,8.09
42400,1,-73.31,12.17
42600,1,-73.38,14.92
42800,0,-79.88,8.68
43000,1,-75.68,11.62
43200,1,-74.79,10.15
43400,1,-75.7,14.62
43600,1,-80.99,13.49
43800,1,-72.7,8.89
44000,1,-71.99,13.54
44200,1,-73.25,12.56
44400,1,-73.74,11.42
44600,1,-74.16,11.27
44800,1,-78.47,11.33
45000,1,-71.82,13.15
45200,1,-79.81,5.33
45400,0,-78.63,3.48
45600,0,-78.08,10.69
45800,0,-79.29,4.53
46000,0,-80.37,4.24
46200,0,-82.9,3.55
46400,0,-79.68,9.41
46600,1,-75.63,12.1
46800,1,-71.32,16.21
47000,0,-81.87,7.75
47200,0,-82.15,8.37
47400,0,-78.78,6.27
47600,1,-75.44,12.84
47800,1,-78.9,13.78
48000,1,-72.67,15.18
48200,1,-79.43,10.3
48400,1,-73.54,11.48
48600,0,-82.56,4.33
48800,0,-80.65,6.7
49000,0,-81.89,5.03
49200,1,-77.42,14.46
49400,1,-76.29,9.62
49600,1,-70.27,12.7
49800,1,-73.89,9.11
50000,1,-74.71,13.43
50200,0,-78.05,1.33
50400,0,-80.32,10.6
50600,1,-81.1,14.3
50800,1,-74.06,11.58
51000,1,-71.71,15.95
51200,1,-74.03,14.44
51400,1,-71.17,12.29
51600,1,-73.57,15.63
51800,1,-76.23,12.58
52000,0,-75.05,6.46
52200,1,-74.49,9.47
52400,1,-77.04,9.65
52600,1,-77.88,11.63
52800,1,-74.0,14.46
53000,0,-78.83,6.99
53200,1,-73.3,12.7
53400,1,-70.07,12.91
53600,1,-78.65,8.93
53800,1,-72.98,9.85
54000,1,-80.25,15.69
54200,0,-83.59,7.06
54400,0,-82.79,6.91
54600,1,-79.42,9.5
54800,1,-70.14,10.68
55000,1,-77.13,14.31
55200,1,-74.39,13.54
55400,1,-76.34,9.68
55600,1,-73.03,9.25
55800,1,-78.78,10.79
56000,1,-74.6,16.3
56200,1,-77.11,11.75
56400,1,-77.5,13.67
56600,1,-79.04,14.59
56800,1,-80.91,8.2
57000,1,-73.1,12.09
57200,1,-75.27,11.46
57400,0,-77.97,2.18
57600,0,-80.43,12.9
57800,0,-80.99,9.41
58000,1,-73.64,10.75
58200,1,-78.64,13.96
58400,1,-77.26,16.89
58600,1,-75.48,12.53
58800,1,-78.93,12.83
59000,1,-74.23,10.19
59200,1,-72.55,14.68
59400,1,-75.91,11.07
59600,1,-72.98,12.93
59800,1,-77.39,10.89
60000,0,-79.08,7.37
60200,0,-76.99,7.25
60400,0,-80.31,5.81
60600,0,-81.5,9.21
60800,0,-84.37,9.39
61000,0,-80.33,2.39
61200,1,-70.36,12.02
61400,0,-77.64,10.65
61600,1,-73.62,13.72
61800,1,-77.16,10.4
62000,1,-72.36,11.44
62200,1,-83.54,9.58
62400,1,-74.23,13.76
62600,1,-70.55,12.18
62800,1,-78.08,10.27
63000,1,-77.89,13.48
63200,1,-77.64,13.22
63400,1,-72.69,15.16
63600,1,-79.05,6.92
63800,1,-69.91,10.39
64000,1,-70.53,12.25
64200,0,-76.49,4.83
64400,0,-82.26,9.17
64600,1,-74.6,9.17
64800,1,-78.78,12.07
65000,1,-71.87,11.42
65200,1,-77.02,13.62
65400,0,-75.0,10.99
65600,1,-71.41,11.74
65800,1,-72.38,13.0
66000,1,-86.38,6.38
66200,1,-80.82,15.87
66400,1,-74.51,14.94
66600,1,-78.14,9.73
66800,1,-75.18,12.36
67000,1,-74.45,9.21
67200,1,-80.43,9.74
67400,1,-71.63,14.9
67600,1,-80.32,10.49
67800,1,-77.5,11.76
68000,1,-74.67,10.77
68200,1,-74.11,12.08
68400,0,-82.16,8.67
68600,1,-77.37,12.79
68800,1,-79.89,11.05
69000,0,-74.7,10.72
69200,1,-75.46,5.22
69400,1,-74.59,8.2
69600,0,-74.81,17.16
69800,1,-74.86,10.67
70000,1,-76.32,14.64
70200,1,-76.98,14.7
70400,0,-81.42,4.29
70600,0,-83.43,5.33
70800,0,-75.67,6.25
71000,0,-75.46,6.52
71200,0,-82.87,7.62
71400,0,-78.6,5.17
71600,1,-72.19,14.97
71800,1,-74.35,11.9
72000,1,-76.06,12.21
72200,1,-73.65,13.73
72400,1,-72.32,9.14
72600,0,-80.08,7.57
72800,1,-85.12,10.9
73000,1,-78.49,11.78
73200,1,-71.9,12.21
73400,1,-77.55,11.7
73600,0,-84.79,3.15
73800,1,-74.83,14.68
74000,1,-77.9,9.07
74200,1,-72.72,11.45
74400,1,-78.4,8.81
74600,1,-76.47,10.01
74800,1,-75.75,13.56
75000,1,-74.78,8.12
75200,1,-72.64,11.29
75400,1,-75.69,8.3
75600,1,-75.79,14.88
75800,0,-83.18,5.27
76000,0,-77.77,8.09
76200,1,-71.83,5.95
76400,1,-75.8,13.41
76600,1,-73.55,10.39
76800,1,-80.34,11.65
77000,1,-78.14,11.97
77200,1,-75.94,12.65
77400,1,-79.21,10.5
77600,1,-73.0,11.92
77800,1,-77.35,10.88
78000,1,-71.17,10.62
78200,1,-79.98,10.79
78400,0,-79.54,4.45
78600,0,-82.56,11.06
78800,0,-76.17,3.86
79000,0,-84.35,7.46
79200,1,-79.9,13.76
79400,1,-78.28,5.85
79600,1,-72.67,12.3
79800,0,-70.12,10.56
80000,1,-76.19,14.85
80200,1,-72.41,10.4
80400,1,-73.75,9.27
80600,1,-83.12,10.87
80800,1,-73.32,12.03
81000,1,-78.32,8.42
81200,1,-73.55,11.88
81400,1,-75.1,12.03
81600,0,-81.22,6.89
81800,0,-82.41,6.61
82000,0,-79.94,5.33
82200,0,-76.65,3.49
82400,0,-78.76,6.64
82600,0,-77.46,14.01
82800,0,-83.02,2.79
83000,0,-78.29,4.18
83200,0,-81.95,1.54
83400,1,-80.24,12.6
83600,1,-72.0,11.71
83800,1,-71.25,11.57
84000,1,-71.07,11.88
84200,0,-84.48,6.01
84400,1,-69.62,7.45
84600,1,-76.02,11.16
84800,0,-79.03,11.2
85000,1,-77.74,8.58
85200,1,-77.0,15.93
85400,1,-79.09,13.48
85600,1,-77.96,12.15
85800,1,-76.26,14.43
86000,1,-75.53,13.3
86200,1,-75.53,12.1
86400,1,-80.63,14.39
86600,0,-75.84,9.16
86800,1,-78.6,10.82
87000,1,-75.05,11.61
87200,1,-72.69,11.12
87400,1,-76.0,14.06
87600,1,-72.47,12.16
87800,1,-75.13,6.56
88000,1,-79.49,11.22
88200,1,-74.96,10.07
88400,1,-73.42,11.76
88600,1,-74.73,13.04
88800,1,-75.76,16.45
89000,1,-73.01,11.0
89200,1,-79.66,9.68
89400,1,-80.7,13.27
89600,1,-73.15,11.82
89800,1,-72.18,4.83
90000,1,-74.24,11.57
90200,1,-72.97,11.67
90400,1,-72.99,9.24
90600,1,-69.79,13.15
90800,1,-75.62,12.34
91000,1,-74.22,10.6
91200,1,-70.27,7.06
91400,0,-82.61,6.61
91600,1,-69.38,10.93
91800,1,-75.13,9.14
92000,1,-72.74,15.97
92200,1,-71.87,15.39
92400,1,-75.1,10.8
92600,0,-76.18,10.27
92800,1,-72.88,11.39
93000,1,-73.0,8.76
93200,1,-70.58,12.91
93400,0,-82.47,5.25
93600,0,-79.77,3.46
93800,0,-81.45,6.06
94000,0,-80.37,5.78
94200,0,-84.21,9.21
94400,0,-86.51,5.01
94600,0,-75.44,12.5
94800,0,-76.21,6.48
95000,0,-81.5,2.05
95200,0,-81.84,7.51
95400,0,-77.88,8.25
95600,0,-78.14,9.2
95800,1,-76.34,12.06
96000,0,-76.67,10.33
96200,1,-78.29,15.42
96400,1,-74.76,11.5
96600,1,-75.99,10.79
96800,0,-72.25,9.63
97000,1,-76.1,11.48
97200,1,-74.15,13.79
97400,1,-77.25,12.93
97600,1,-68.69,6.07
97800,1,-76.76,8.91
98000,1,-70.0,9.65
98200,1,-71.48,13.43
98400,1,-73.6,8.87
98600,1,-72.71,13.57
98800,1,-70.23,12.17
99000,1,-74.74,9.2
99200,1,-71.8,7.32
99400,1,-69.94,13.91
99600,0,-85.44,2.85
99800,0,-84.06,5.14
100000,0,-88.44,7.68
100200,0,-75.48,7.71
100400,0,-84.94,8.12
100600,0,-77.28,2.33
100800,1,-75.12,9.5
101000,0,-73.63,4.52
101200,0,-79.84,9.49
101400,0,-76.99,10.35
101600,1,-77.16,12.03
101800,1,-80.07,10.74
102000,0,-83.24,9.15
102200,1,-75.02,10.3
102400,1,-76.17,8.96
102600,1,-76.69,12.7
102800,1,-74.25,11.66
103000,1,-75.4,11.08
103200,1,-72.27,14.16
103400,1,-70.99,11.98
103600,1,-69.24,9.6
103800,0,-78.71,3.87
104000,1,-70.08,9.2
104200,1,-72.77,9.62
104400,1,-75.37,5.97
104600,1,-76.08,14.34
104800,1,-76.07,9.97
105000,1,-73.95,12.56
105200,0,-82.58,10.32
105400,1,-76.92,10.66
105600,1,-81.57,10.6
105800,1,-77.41,11.95
106000,1,-79.37,9.83
106200,1,-75.29,8.34
106400,1,-72.94,9.61
106600,1,-71.29,11.44
106800,0,-79.52,8.27
107000,1,-68.55,11.96
107200,1,-79.29,11.05
107400,1,-76.16,8.71
107600,1,-77.15,10.85
107800,1,-76.35,13.18
108000,1,-81.08,13.72
108200,1,-75.56,8.58
108400,1,-77.33,10.73
108600,1,-73.38,10.28
108800,1,-73.4,11.88
109000,1,-77.06,14.12
109200,1,-73.08,12.74
109400,1,-81.25,19.34
109600,1,-75.81,8.91
109800,1,-76.31,5.18
110000,1,-70.65,12.27
110200,1,-81.57,7.14
110400,1,-83.27,9.88
110600,1,-69.94,11.81
110800,1,-71.44,10.42
111000,1,-75.65,14.08
111200,1,-69.12,11.06
111400,1,-75.92,13.98
111600,0,-77.31,9.63
111800,1,-68.84,13.0
112000,1,-79.04,12.59
112200,1,-71.88,12.96
112400,1,-78.44,11.03
112600,1,-77.87,9.82
112800,1,-70.58,9.82
113000,1,-71.58,11.01
113200,1,-71.99,9.65
113400,1,-72.73,8.42
113600,0,-74.25,7.87
113800,1,-75.82,15.99
114000,1,-75.52,9.86
114200,1,-76.25,14.21
114400,1,-74.72,12.13
114600,1,-76.7,11.13
114800,1,-73.4,16.34
115000,1,-76.37,11.14
115200,1,-76.27,10.37
115400,1,-77.26,8.49
115600,0,-75.74,12.03
115800,0,-76.28,6.3
116000,0,-83.67,4.48
116200,0,-86.01,5.52
116400,1,-76.5,12.29
116600,1,-73.23,13.21
116800,1,-72.39,12.43
117000,1,-70.65,11.17
117200,1,-71.11,12.33
117400,1,-74.51,8.58
117600,1,-76.8,8.85
117800,1,-72.76,8.67
118000,1,-77.44,10.83
118200,1,-75.49,15.47
118400,1,-79.28,11.78
118600,1,-77.9,7.28
118800,1,-74.64,14.35
119000,1,-69.86,11.57
119200,1,-78.9,13.59
119400,1,-76.62,9.52
119600,1,-75.87,12.46
119800,1,-76.68,8.65
120000,0,-76.07,14.75
120200,1,-74.79,12.05
120400,1,-77.62,15.35
120600,1,-71.36,9.52
120800,1,-74.71,13.52
121000,1,-78.35,14.04
121200,1,-75.61,9.82
121400,1,-80.87,15.39
121600,1,-80.62,8.76
121800,1,-72.9,11.04
122000,1,-76.34,8.87
122200,1,-78.01,7.23
122400,1,-76.24,13.47
122600,1,-80.92,12.66
122800,1,-74.22,15.36
123000,1,-72.11,13.7
123200,1,-68.64,14.65
123400,1,-75.13,15.15
123600,1,-74.75,13.32
123800,1,-77.18,10.63
124000,1,-68.2,13.71
124200,1,-75.16,9.03
124400,1,-76.08,14.04
124600,1,-75.9,12.24
124800,1,-71.74,10.4
125000,1,-78.86,9.78
125200,1,-76.94,9.22
125400,0,-77.9,7.89
125600,1,-77.47,8.82
125800,0,-88.38,7.18
126000,1,-75.4,13.76
126200,1,-76.81,6.42
126400,1,-76.2,12.5
126600,0,-76.17,10.69
126800,0,-82.75,5.88
127000,0,-82.95,6.32
127200,1,-73.43,13.46
127400,1,-73.55,11.77
127600,1,-76.78,17.53
127800,1,-74.9,9.77
128000,1,-71.5,5.66
128200,1,-80.44,13.97
128400,1,-74.49,14.75
128600,1,-72.16,13.74
128800,1,-75.76,11.36
129000,1,-73.0,10.89
129200,0,-84.29,10.58
129400,0,-81.05,5.28
129600,0,-81.83,11.67
129800,1,-77.35,12.4
130000,1,-76.86,12.58
130200,0,-72.36,13.16
130400,0,-76.39,10.55
130600,1,-74.97,13.84
130800,1,-73.97,11.16
131000,1,-77.61,14.0
131200,1,-76.25,11.76
131400,0,-86.52,11.91
131600,0,-81.16,5.07
131800,1,-73.3,11.41
132000,1,-75.03,10.22
132200,1,-71.96,15.65
132400,0,-83.0,7.36
132600,0,-73.31,9.5
132800,1,-74.78,7.99
133000,1,-75.75,13.01
133200,1,-76.42,11.17
133400,1,-86.03,13.89
133600,1,-65.7,12.11
133800,1,-74.54,10.19
134000,1,-77.09,10.49
134200,1,-76.48,10.41
134400,1,-72.08,10.25
134600,1,-71.44,7.27
134800,1,-78.57,11.38
135000,0,-76.15,5.55
135200,0,-69.51,7.28
135400,1,-73.86,14.58
135600,1,-77.55,9.68
135800,1,-77.21,15.57
136000,1,-77.41,11.62
136200,1,-79.97,8.51
136400,1,-67.35,13.27
136600,1,-77.76,13.31
136800,1,-73.53,16.3
137000,1,-69.49,17.06
137200,1,-74.45,15.62
137400,1,-72.63,12.45
137600,1,-75.1,14.17
137800,1,-69.84,15.68
138000,1,-80.76,12.57
138200,1,-65.83,11.99
138400,1,-73.41,10.7
138600,1,-74.47,11.96
138800,1,-75.71,13.62
139000,1,-78.92,12.69
139200,0,-82.35,10.23
139400,1,-71.15,18.27
139600,1,-73.8,18.27
139800,1,-74.17,15.0
140000,0,-82.47,4.52
140200,0,-76.65,4.25
140400,1,-77.29,8.08
140600,1,-73.45,13.48
140800,1,-72.93,11.6
141000,1,-69.43,11.37
141200,1,-71.94,10.37
141400,1,-75.84,11.1
141600,1,-67.82,12.12
141800,1,-76.9,12.1
142000,1,-77.37,8.34
142200,1,-73.4,10.68
142400,1,-74.46,12.56
142600,0,-84.76,7.18
142800,1,-73.36,7.48
143000,1,-82.25,8.37
143200,1,-77.01,14.26
143400,1,-69.6,17.76
143600,1,-74.97,12.63
143800,1,-71.15,17.52
144000,1,-78.26,9.81
144200,1,-69.37,11.33
144400,1,-72.82,11.62
144600,1,-77.0,10.23
144800,1,-74.85,9.11
145000,1,-71.84,10.04
145200,1,-71.83,14.02
145400,1,-76.83,10.08
145600,1,-72.24,14.03
145800,1,-84.08,8.73
146000,1,-73.28,13.68
146200,0,-83.3,2.18
146400,1,-74.04,15.55
146600,1,-63.99,13.87
146800,1,-73.17,14.74
147000,1,-69.25,11.66
147200,1,-71.05,13.4
147400,0,-81.38,8.72
147600,0,-79.51,12.55
147800,1,-71.01,11.84
148000,1,-75.66,14.26
148200,1,-77.93,11.45
148400,1,-76.23,13.19
148600,0,-80.02,4.8
148800,0,-83.1,6.67
149000,1,-73.36,14.44
149200,1,-77.53,11.73
149400,1,-76.66,13.4
149600,0,-83.8,5.01
149800,0,-81.54,9.07
150000,1,-74.53,7.9
150200,1,-74.86,14.61
150400,1,-73.62,12.94
150600,1,-70.91,9.96
150800,1,-79.97,13.31
151000,0,-80.61,8.88
151200,1,-74.21,11.21
151400,1,-65.72,13.22
151600,1,-69.87,10.85
151800,1,-74.38,12.57
152000,1,-70.06,10.42
152200,1,-80.34,13.34
152400,0,-81.3,5.29
152600,1,-78.8,10.12
152800,1,-71.71,11.85
153000,1,-71.58,14.04
153200,1,-72.81,14.0
153400,1,-75.49,7.62
153600,1,-74.47,8.51
153800,1,-72.69,13.85
154000,1,-73.91,13.01
154200,1,-74.85,9.22
154400,0,-81.1,4.75
154600,0,-82.22,8.76
154800,0,-82.66,6.03
155000,1,-73.41,14.25
155200,1,-75.88,12.95
155400,1,-78.06,11.48
155600,0,-79.57,9.06
155800,1,-73.52,13.74
156000,0,-78.58,7.2
156200,0,-78.16,7.7
156400,0,-78.68,4.42
156600,1,-80.73,15.91
156800,1,-73.02,14.11
157000,1,-75.73,13.39
157200,1,-79.48,16.51
157400,1,-76.68,12.08
157600,1,-73.74,13.7
157800,1,-74.74,9.51
158000,0,-80.3,2.65
158200,1,-80.2,11.14
158400,1,-73.14,9.67
158600,1,-77.86,11.03
158800,1,-74.48,11.11
159000,1,-80.41,15.46
159200,1,-72.18,11.83
159400,1,-78.09,10.32
159600,1,-78.58,15.21
159800,0,-83.14,9.94
160000,1,-77.01,8.75
160200,0,-82.77,2.02
160400,0,-81.45,8.31
160600,0,-80.51,8.5
160800,0,-84.34,7.68
161000,0,-83.4,8.15
161200,0,-75.86,6.68
161400,0,-87.51,4.7
161600,0,-79.98,7.63
161800,0,-83.27,6.27
162000,0,-85.58,6.3
162200,1,-77.46,13.08
162400,1,-77.5,9.81
162600,1,-74.02,14.19
162800,1,-79.14,13.35
163000,1,-76.78,14.7
163200,1,-74.66,10.53
163400,1,-77.99,10.86
163600,1,-77.41,10.33
163800,0,-81.16,6.14
164000,1,-79.66,11.46
164200,1,-77.79,10.72
164400,1,-73.04,12.2
164600,1,-70.44,12.38
164800,0,-81.34,8.97
165000,1,-77.77,11.03
165200,1,-82.64,10.43
165400,1,-68.66,8.42
165600,0,-85.2,8.85
165800,0,-83.0,9.71
166000,0,-78.07,10.89
166200,0,-86.65,6.0
166400,1,-78.53,8.49
166600,1,-69.91,10.92
166800,1,-72.69,15.03
167000,1,-73.63,11.43
167200,1,-74.83,11.54
167400,1,-72.54,11.38
167600,0,-82.04,8.46
167800,1,-75.06,6.91
168000,1,-77.51,8.25
168200,1,-75.22,11.82
168400,1,-82.29,12.58
168600,1,-73.7,13.19
168800,1,-78.72,14.85
169000,1,-76.41,13.04
169200,0,-84.15,9.28
169400,0,-81.62,3.63
169600,0,-81.66,5.2
169800,0,-78.57,5.3
170000,1,-69.1,13.24
170200,1,-75.4,6.52
170400,1,-75.38,12.42
170600,1,-75.56,12.44
170800,1,-73.49,10.92
171000,1,-75.81,12.15
171200,1,-71.93,13.68
171400,1,-75.12,12.45
171600,1,-75.94,11.68
171800,1,-73.08,10.31
172000,1,-75.75,9.18
172200,1,-72.75,11.55
172400,1,-78.26,14.6
172600,1,-70.36,5.49
172800,1,-76.47,12.96
173000,1,-74.69,11.47
173200,1,-79.59,9.9
173400,0,-78.69,6.12
173600,0,-84.23,0.97
173800,0,-77.79,4.65
174000,1,-71.91,13.55
174200,0,-79.07,8.8
174400,0,-82.87,5.01
174600,1,-77.69,13.42
174800,1,-77.81,14.21
175000,1,-80.06,10.43
175200,0,-76.5,10.23
175400,0,-82.26,11.78
175600,0,-76.73,3.75
175800,0,-79.61,7.42
176000,0,-75.17,10.38
176200,0,-79.44,7.73
176400,1,-73.81,12.88
176600,1,-74.38,10.24
176800,1,-74.82,8.88
177000,1,-77.1,12.74
177200,0,-82.71,9.06
177400,0,-82.41,3.57
177600,0,-78.76,6.39
177800,1,-69.55,13.68
178000,1,-76.03,12.06
178200,1,-74.78,9.14
178400,0,-85.01,5.24
178600,0,-75.61,13.24
178800,0,-84.94,5.07
179000,1,-77.3,12.93
179200,1,-74.51,13.39
179400,0,-81.34,5.57
179600,0,-86.07,6.88
179800,0,-81.01,8.11
180000,1,-72.06,7.51
180200,0,-79.81,8.6
180400,1,-76.69,10.56
180600,0,-83.6,2.51
180800,0,-81.89,8.24
181000,0,-80.36,7.26
181200,1,-74.78,11.42
181400,1,-72.06,11.17
181600,1,-77.49,11.91
181800,1,-80.04,10.37
182000,0,-82.95,13.35
182200,0,-76.73,2.35
182400,0,-82.09,9.72
182600,0,-82.08,6.07
182800,1,-73.72,10.07
183000,0,-82.97,6.01
183200,0,-77.74,0.51
183400,0,-76.02,1.58
183600,0,-83.45,2.51
183800,0,-78.18,11.86
184000,0,-84.78,5.33
184200,0,-81.42,8.16
184400,0,-83.14,7.95
184600,0,-77.94,1.95
184800,1,-78.43,14.25
185000,1,-75.35,16.91
185200,1,-75.92,10.13
185400,1,-70.02,11.79
185600,1,-80.91,11.2
185800,1,-71.31,12.28
186000,1,-76.63,10.58
186200,1,-79.18,14.26
186400,1,-82.17,8.25
186600,1,-76.66,9.94
186800,1,-71.49,9.16
187000,0,-90.84,5.45
187200,0,-78.12,10.56
187400,0,-80.67,5.06
187600,1,-74.96,10.69
187800,1,-77.06,13.04
188000,1,-76.05,14.46
188200,1,-79.67,7.59
188400,1,-72.21,7.9
188600,1,-77.69,8.76
188800,0,-75.51,6.06
189000,0,-80.78,6.89
189200,1,-75.08,13.68
189400,1,-77.72,13.29
189600,1,-79.36,12.25
189800,1,-78.09,14.43
190000,1,-70.85,12.08
190200,1,-76.53,11.65
190400,1,-80.01,14.82
190600,1,-70.41,11.67
190800,1,-73.13,14.19
191000,1,-76.69,9.6
191200,1,-78.8,8.57
191400,1,-75.19,12.54
191600,1,-80.17,7.48
191800,1,-73.52,13.55
192000,1,-73.12,12.31
192200,1,-69.89,10.29
192400,1,-68.81,12.55
192600,1,-70.16,15.39
192800,1,-74.15,10.93
193000,1,-76.94,12.66
193200,1,-73.98,10.82
193400,1,-74.73,16.86
193600,1,-79.64,17.97
193800,1,-72.66,11.62
194000,1,-74.76,14.53
194200,1,-76.22,12.77
194400,1,-78.55,12.84
194600,0,-80.25,6.09
194800,0,-78.7,6.73
195000,0,-75.69,7.15
195200,0,-81.6,8.4
195400,0,-87.21,5.37
195600,0,-77.29,3.56
195800,0,-78.99,8.82
196000,0,-88.63,8.93
196200,0,-79.51,9.45
196400,1,-78.41,11.15
196600,1,-76.79,15.08
196800,0,-77.39,11.51
197000,0,-73.54,11.3
197200,1,-78.17,7.52
197400,1,-73.62,8.08
197600,0,-80.77,9.8
197800,0,-80.25,3.99
198000,0,-80.24,9.96
198200,1,-73.94,12.05
198400,0,-72.93,4.66
198600,0,-79.82,6.99
198800,0,-83.3,2.48
199000,0,-79.06,7.29
199200,0,-80.97,7.15
199400,0,-75.2,7.04
199600,0,-81.62,4.1
199800,1,-72.63,11.86
200000,0,-77.18,5.42
200200,0,-77.9,6.26
200400,0,-80.14,4.43
200600,0,-86.1,5.0
200800,0,-81.02,5.25
201000,0,-76.16,12.57
201200,1,-77.82,11.81
201400,1,-78.25,9.98
201600,1,-73.36,8.98
201800,0,-83.35,6.29
202000,0,-83.27,4.19
202200,1,-77.09,13.93
202400,0,-77.75,8.29
202600,1,-75.78,13.46
202800,1,-76.99,10.71
203000,1,-75.88,12.86
203200,1,-71.59,13.49
203400,1,-74.14,14.08
203600,1,-78.75,15.7
203800,0,-83.08,8.34
204000,1,-77.18,14.14
204200,0,-81.93,1.93
204400,0,-85.89,8.45
204600,0,-87.25,10.14
204800,0,-81.33,1.83
205000,0,-82.12,4.68
205200,0,-81.58,6.34
205400,0,-78.96,8.62
205600,0,-78.14,7.73
205800,1,-78.67,11.56
206000,1,-74.38,15.86
206200,1,-75.65,15.85
206400,1,-74.66,5.43
206600,1,-74.17,11.83
206800,1,-71.67,13.74
207000,1,-71.43,11.36
207200,1,-75.24,10.05
207400,0,-79.64,7.17
207600,0,-81.28,10.6
207800,0,-87.89,9.49
208000,0,-82.8,6.93
208200,1,-75.9,12.15
208400,1,-81.25,12.91
208600,1,-73.7,7.66
208800,1,-76.34,11.52
209000,1,-73.88,13.12
209200,1,-78.74,13.13
209400,1,-75.77,10.81
209600,1,-77.24,11.98
209800,1,-77.37,6.94
210000,1,-80.96,12.55
210200,1,-79.33,9.48
210400,1,-69.12,8.55
210600,0,-75.74,5.51
210800,1,-82.21,12.34
211000,1,-78.46,9.87
211200,0,-81.02,5.38
211400,1,-71.38,11.88
211600,1,-81.95,13.14
211800,1,-75.19,14.46
212000,0,-83.1,5.03
212200,0,-76.2,6.67
212400,0,-83.76,3.93
212600,0,-78.92,6.98
212800,1,-73.86,10.7
213000,1,-69.73,12.04
213200,0,-74.64,7.33
213400,0,-79.68,6.09
213600,1,-77.67,10.13
213800,1,-80.35,9.63
214000,0,-82.0,6.72
214200,1,-79.87,7.03
214400,0,-76.86,11.4
214600,0,-77.04,5.85
214800,1,-77.11,6.67
215000,1,-81.72,11.37
215200,1,-74.86,14.78
215400,1,-70.53,13.93
215600,1,-80.1,11.1
215800,1,-79.37,14.37
216000,0,-74.54,10.77
216200,0,-78.44,5.17
216400,0,-75.77,5.85
216600,1,-76.21,9.31
216800,1,-73.75,9.87
217000,0,-84.2,4.94
217200,0,-84.8,8.58
217400,0,-79.06,10.31
217600,0,-74.07,6.19
217800,0,-84.92,9.75
218000,0,-78.09,0.54
218200,1,-79.01,9.91
218400,1,-70.16,11.99
218600,1,-78.05,15.3
218800,1,-72.09,7.47
219000,1,-72.24,11.29
219200,1,-74.96,6.72
219400,1,-75.35,13.65
219600,0,-77.12,7.34
219800,0,-80.69,4.69
220000,0,-85.86,5.66
220200,0,-82.75,1.61
220400,1,-70.03,8.27
220600,1,-76.15,14.91
220800,1,-74.62,5.97
221000,1,-83.82,8.34
221200,1,-70.72,11.33
221400,1,-77.57,13.02
221600,1,-70.63,9.58
221800,1,-74.98,13.7
222000,1,-73.66,7.94
222200,1,-78.98,17.18
222400,1,-74.64,9.34
222600,1,-79.32,11.85
222800,1,-70.53,6.56
223000,1,-68.83,12.22
223200,1,-82.39,13.34
223400,1,-76.68,13.27
223600,1,-74.29,6.82
223800,0,-70.4,11.13
224000,1,-70.47,8.95
224200,1,-74.18,13.51
224400,1,-73.66,11.04
224600,1,-74.55,13.46
224800,1,-75.8,10.26
225000,1,-80.93,14.08
225200,1,-72.51,16.6
225400,1,-73.87,12.43
225600,1,-69.32,6.48
225800,0,-79.31,6.79
226000,1,-76.47,13.96
226200,1,-76.08,13.81
226400,1,-71.07,8.54
226600,0,-75.54,10.5
226800,1,-73.1,12.86
227000,0,-85.73,2.57
227200,0,-78.25,9.2
227400,0,-83.59,8.72
227600,0,-84.71,8.48
227800,1,-70.65,12.65
228000,1,-72.71,11.74
228200,0,-75.21,12.89
228400,1,-73.53,16.44
228600,1,-77.6,7.63
228800,1,-76.83,11.78
229000,1,-78.4,12.14
229200,1,-72.78,12.08
229400,1,-75.85,14.32
229600,1,-74.27,11.2
229800,0,-80.01,8.84
230000,0,-78.33,6.25
230200,0,-80.25,9.63
230400,0,-80.77,2.51
230600,0,-82.5,6.57
230800,0,-85.95,6.38
231000,0,-84.5,6.87
231200,0,-82.01,8.87
231400,0,-82.88,7.13
231600,0,-81.43,5.73
231800,0,-84.8,9.19
232000,0,-78.25,7.02
232200,0,-84.66,6.36
232400,1,-74.41,6.3
232600,1,-70.27,9.22
232800,1,-75.56,10.94
233000,1,-71.41,13.66
233200,1,-74.77,11.88
233400,1,-71.88,14.02
233600,1,-72.76,12.55
233800,1,-79.53,12.8
234000,1,-77.27,11.51
234200,1,-78.4,15.82
234400,1,-77.17,7.68
234600,1,-74.27,13.95
234800,1,-80.51,7.44
235000,1,-80.13,9.2
235200,1,-75.93,10.53
235400,1,-73.91,12.94
235600,1,-73.95,15.49
235800,1,-72.27,10.3
236000,0,-76.98,7.64
236200,0,-81.89,8.93
236400,1,-74.71,6.99
236600,1,-71.59,12.11
236800,1,-76.61,14.21
237000,0,-78.36,5.01
237200,0,-78.09,6.98
237400,0,-78.53,5.77
237600,0,-81.85,9.34
237800,0,-83.62,5.02
238000,0,-83.83,10.32
238200,1,-77.95,9.79
238400,0,-79.51,6.76
238600,0,-77.46,3.44
238800,0,-73.42,6.89
239000,0,-81.0,5.21
239200,0,-86.95,7.34
239400,0,-85.76,3.79
239600,0,-77.28,6.45
239800,0,-84.74,8.07
240000,1,-75.06,9.51
240200,1,-76.74,14.57
240400,0,-82.26,8.46
240600,0,-77.79,8.33
240800,0,-83.01,1.53
241000,0,-82.33,6.81
241200,0,-78.46,6.2
241400,0,-77.53,7.07
241600,0,-84.57,9.62
241800,1,-81.9,10.79
242000,1,-72.64,14.61
242200,1,-69.79,13.31
242400,1,-76.28,12.97
242600,0,-77.88,4.84
242800,0,-86.48,3.02
243000,0,-80.65,5.46
243200,1,-77.95,13.21
243400,1,-73.21,7.16
243600,1,-76.14,7.29
243800,0,-74.32,10.14
244000,0,-86.49,7.29
244200,1,-70.16,9.41
244400,1,-76.99,14.86
244600,1,-77.7,9.54
244800,1,-71.93,10.58
245000,1,-77.15,12.04
245200,1,-76.27,10.08
245400,1,-75.09,8.56
245600,1,-71.3,9.39
245800,1,-73.06,12.93
246000,1,-69.72,12.38
246200,0,-83.62,4.16
246400,0,-80.94,4.97
246600,0,-75.76,5.67
246800,0,-81.06,7.51
247000,0,-84.1,6.59
247200,1,-72.79,9.3
247400,1,-73.84,10.01
247600,1,-75.84,11.05
247800,1,-75.15,9.55
248000,1,-79.1,9.65
248200,1,-74.08,14.31
248400,0,-77.91,8.52
248600,0,-78.74,8.7
248800,0,-87.07,4.4
249000,0,-79.38,8.07
249200,1,-76.18,12.11
249400,1,-76.51,13.64
249600,0,-80.31,7.43
249800,0,-84.9,4.52
250000,0,-81.41,4.15
250200,0,-84.84,7.61
250400,1,-71.7,8.87
250600,1,-72.06,9.0
250800,1,-78.36,13.59
251000,1,-73.07,14.72
251200,1,-76.81,8.8
251400,1,-71.67,14.08
251600,1,-78.55,12.93
251800,0,-75.48,11.81
252000,1,-74.99,11.64
252200,1,-73.53,14.29
252400,1,-71.16,13.56
252600,1,-72.83,9.82
252800,1,-72.12,9.79
253000,0,-80.0,10.68
253200,1,-74.4,10.35
253400,1,-76.28,10.43
253600,1,-75.74,10.4
253800,1,-79.74,11.32
254000,1,-79.26,10.63
254200,1,-72.16,8.78
254400,0,-80.01,5.98
254600,0,-80.43,4.95
254800,0,-83.19,6.23
255000,1,-73.38,12.1
255200,1,-72.86,9.8
255400,1,-71.97,11.66
255600,1,-73.94,16.37
255800,0,-77.57,9.73
256000,0,-74.05,6.61
256200,0,-79.47,10.22
256400,0,-82.59,6.24
256600,0,-81.29,5.79
256800,0,-78.35,6.49
257000,0,-80.06,4.02
257200,0,-84.5,4.26
257400,0,-79.06,4.2
257600,1,-77.76,8.01
257800,1,-76.05,12.78
258000,0,-85.38,4.52
258200,1,-71.42,8.72
258400,1,-72.18,15.28
258600,1,-73.34,9.56
258800,1,-76.52,9.53
259000,1,-75.13,14.04
259200,1,-75.31,12.71
259400,1,-80.01,9.73
259600,1,-71.69,8.43
259800,1,-73.37,10.13
260000,1,-72.52,9.26
260200,1,-77.12,11.27
260400,0,-76.07,7.62
260600,0,-78.85,8.36
260800,1,-76.26,10.28
261000,1,-80.46,8.67
261200,0,-82.26,9.13
261400,1,-71.6,8.92
261600,1,-74.62,12.09
261800,1,-74.77,7.87
262000,1,-71.74,8.42
262200,1,-75.43,12.11
262400,1,-74.4,11.37
262600,1,-76.8,15.06
262800,1,-72.48,10.88
263000,1,-71.07,11.02
263200,1,-81.92,11.66
263400,1,-74.36,10.23
263600,1,-78.33,10.29
263800,1,-73.91,11.55
264000,1,-81.34,10.0
264200,1,-75.44,15.13
264400,1,-78.67,10.54
264600,1,-69.52,12.32
264800,0,-80.06,7.31
265000,0,-82.91,9.58
265200,0,-84.72,10.78
265400,0,-83.72,4.9
265600,1,-73.32,8.68
265800,1,-74.11,7.2
266000,1,-78.59,11.75
266200,1,-79.72,11.12
266400,1,-75.17,12.14
266600,1,-74.76,10.52
266800,1,-78.07,9.6
267000,0,-74.55,9.88
267200,1,-75.51,11.37
267400,1,-76.92,14.01
267600,1,-75.02,10.84
267800,1,-72.73,13.78
268000,1,-75.29,12.97
268200,1,-77.9,17.4
268400,1,-78.9,13.23
268600,1,-82.25,12.15
268800,1,-79.4,14.03
269000,1,-78.42,8.67
269200,1,-75.08,12.58
269400,1,-73.58,10.6
269600,1,-74.76,9.02
269800,1,-73.56,10.41
270000,1,-75.48,10.46
270200,1,-69.04,12.63
270400,1,-74.23,12.68
270600,1,-72.31,10.31
270800,1,-76.19,12.54
271000,1,-70.56,12.29
271200,0,-83.35,3.41
271400,1,-77.2,9.84
271600,1,-74.72,7.28
271800,1,-76.32,8.41
272000,1,-72.47,13.86
272200,1,-73.99,9.61
272400,1,-77.35,11.32
272600,1,-71.79,6.82
272800,1,-72.97,14.67
273000,1,-74.87,18.14
273200,0,-84.45,3.66
273400,0,-73.22,5.17
273600,0,-85.73,-0.81
273800,0,-79.69,5.1
274000,0,-77.69,3.58
274200,0,-81.83,5.49
274400,0,-80.14,7.03
274600,0,-81.32,3.95
274800,0,-89.3,8.31
275000,0,-85.98,7.6
275200,0,-85.76,6.71
275400,1,-65.07,12.27
275600,0,-74.27,11.01
275800,0,-84.78,5.39
276000,0,-83.07,8.39
276200,0,-78.6,6.47
276400,0,-82.38,4.86
276600,0,-82.04,7.13
276800,0,-81.28,9.13
277000,0,-82.27,10.73
277200,0,-83.26,6.75
277400,0,-79.87,7.84
277600,0,-77.75,8.72
277800,1,-75.18,11.22
278000,1,-74.78,12.51
278200,1,-74.29,11.38
278400,0,-80.75,11.53
278600,1,-76.86,8.41
278800,1,-70.59,7.93
279000,1,-69.13,11.31
279200,1,-77.41,10.88
279400,1,-67.68,12.44
279600,1,-73.01,11.95
279800,0,-80.8,6.11
280000,0,-81.92,7.23
280200,0,-80.09,8.46
280400,0,-85.39,10.99
280600,0,-84.81,8.57
280800,0,-80.69,6.77
281000,1,-72.81,8.06
281200,0,-80.8,13.31
281400,1,-80.08,11.71
281600,1,-72.14,12.52
281800,0,-76.66,6.05
282000,1,-78.09,8.44
282200,1,-74.1,12.5
282400,0,-79.84,7.11
282600,0,-74.56,8.95
282800,0,-77.51,8.91
283000,0,-77.46,4.56
283200,1,-81.75,10.73
283400,0,-76.22,6.5
283600,1,-76.24,10.27
283800,1,-71.44,9.09
284000,1,-76.83,9.61
284200,0,-81.66,8.2
284400,0,-81.69,8.39
284600,0,-82.41,8.23
284800,1,-78.58,11.99
285000,1,-79.14,9.86
285200,1,-77.59,12.42
285400,0,-73.98,3.22
285600,0,-78.61,1.52
285800,1,-78.47,11.25
286000,1,-72.77,13.76
286200,1,-71.96,14.63
286400,1,-73.24,11.4
286600,1,-75.59,11.17
286800,1,-76.05,8.41
287000,0,-76.03,11.73
287200,1,-71.94,14.64
287400,1,-74.74,10.67
287600,1,-72.41,15.49
287800,1,-79.13,16.59
288000,1,-77.87,11.85
288200,0,-81.39,3.77
288400,1,-76.18,10.05
288600,1,-81.46,12.8
288800,0,-83.44,7.7
289000,0,-74.83,11.46
289200,1,-80.9,8.71
289400,1,-74.09,14.67
289600,1,-72.0,13.82
289800,1,-76.68,8.6
290000,1,-70.68,9.42
290200,1,-71.08,8.7
290400,1,-76.29,13.03
290600,1,-77.6,8.21
290800,1,-71.97,12.67
291000,1,-74.1,11.21
291200,1,-79.69,15.46
291400,1,-74.93,13.11
291600,1,-70.88,10.42
291800,0,-76.17,6.79
292000,0,-79.57,6.55
292200,0,-81.84,7.34
292400,1,-79.57,9.64
292600,1,-76.19,10.51
292800,1,-72.82,10.38
293000,1,-77.19,15.61
293200,0,-66.69,11.35
293400,1,-76.33,7.82
293600,1,-70.95,13.57
293800,1,-76.16,6.97
294000,1,-77.87,11.02
294200,0,-80.31,7.67
294400,1,-77.04,12.89
294600,1,-76.46,10.33
294800,1,-70.49,10.86
295000,1,-73.13,13.71
295200,1,-77.92,10.44
295400,1,-77.36,11.57
295600,1,-73.1,10.82
295800,1,-72.67,9.37
296000,1,-73.43,10.81
296200,1,-68.1,10.13
296400,1,-77.72,10.87
296600,1,-79.13,6.91
296800,1,-76.83,10.22
297000,0,-82.82,3.4
297200,0,-85.25,4.17
297400,1,-73.13,17.29
297600,1,-75.19,13.63
297800,1,-73.72,13.1
298000,1,-75.19,13.58
298200,0,-80.61,1.9
298400,1,-74.25,10.07
298600,1,-72.77,9.84
298800,1,-76.38,15.27
299000,1,-70.89,16.41
299200,1,-78.04,12.47
299400,1,-77.02,12.58
299600,1,-72.98,10.21
299800,1,-72.98,17.93
300000,1,-75.94,7.89
300200,1,-74.63,9.67
300400,1,-73.27,8.66
300600,1,-77.4,10.25
300800,0,-87.93,9.07
301000,0,-81.47,4.31
301200,0,-81.04,5.72
301400,0,-87.66,6.06
301600,1,-73.12,11.46
301800,0,-77.51,12.05
302000,1,-74.92,7.27
302200,0,-77.32,-0.44
302400,1,-75.38,7.27
302600,1,-81.59,9.13
302800,0,-81.46,6.51
303000,0,-84.15,6.3
303200,0,-80.56,6.38
303400,0,-83.63,5.29
303600,1,-76.55,10.13
303800,1,-80.05,10.53
304000,1,-76.71,8.48
304200,1,-72.44,7.23
304400,1,-75.68,10.42
304600,1,-74.24,11.23
304800,1,-75.01,11.52
305000,1,-74.35,11.01
305200,1,-74.83,9.87
305400,1,-79.24,11.79
305600,0,-82.83,3.04
305800,0,-82.73,3.5
306000,0,-78.03,1.95
306200,0,-83.04,7.01
306400,0,-78.9,3.28
306600,0,-79.84,8.03
306800,0,-83.06,6.89
307000,0,-82.68,6.75
307200,0,-82.45,9.55
307400,0,-80.14,3.57
307600,0,-83.19,7.94
307800,1,-78.14,12.28
308000,1,-72.03,11.37
308200,1,-67.71,6.48
308400,0,-79.75,6.22
308600,0,-82.78,5.7
308800,0,-75.55,2.71
309000,0,-81.57,9.18
309200,0,-84.6,8.58
309400,0,-76.35,8.32
309600,1,-76.2,9.52
309800,1,-76.32,12.27
310000,1,-72.6,13.0
310200,0,-80.62,6.04
310400,0,-80.46,8.3
310600,1,-75.73,10.24
310800,1,-73.2,11.91
311000,1,-75.94,9.13
311200,1,-80.71,15.17
311400,1,-73.34,13.03
311600,1,-76.65,17.23
311800,1,-71.17,12.4
312000,1,-72.22,11.43
312200,0,-81.28,3.29
312400,0,-83.38,8.03
312600,0,-81.36,9.23
312800,1,-73.04,14.97
313000,0,-82.99,3.27
313200,0,-81.11,2.93
313400,1,-71.5,11.54
313600,0,-80.36,7.93
313800,1,-78.73,14.06
314000,1,-72.19,7.0
314200,1,-74.81,10.98
314400,1,-77.87,9.23
314600,0,-78.72,9.6
314800,0,-80.92,5.21
315000,0,-85.2,5.71
315200,0,-86.63,4.37
315400,1,-79.94,13.31
315600,0,-75.68,3.01
315800,1,-79.56,10.36
316000,1,-74.89,12.24
316200,1,-76.5,14.93
316400,0,-86.73,4.4
316600,1,-67.48,14.48
316800,1,-75.13,13.91
317000,1,-77.47,10.0
317200,0,-77.5,6.33
317400,0,-77.96,6.12
317600,1,-74.52,16.18
317800,0,-82.17,9.11
318000,1,-79.9,12.9
318200,1,-78.01,14.2
318400,0,-80.82,12.1
318600,1,-84.02,17.16
318800,1,-78.52,8.51
319000,0,-84.98,7.52
319200,0,-75.21,14.77
319400,1,-78.08,10.26
319600,1,-72.81,14.69
319800,0,-77.27,11.65
320000,1,-69.34,12.4
320200,1,-68.24,7.96
320400,1,-78.44,11.34
320600,1,-74.98,14.69
320800,1,-74.2,7.12
321000,1,-71.44,14.94
321200,1,-72.87,9.8
321400,0,-79.7,8.53
321600,1,-75.83,14.37
321800,1,-75.12,15.97
322000,1,-77.28,14.69
322200,1,-77.58,15.83
322400,1,-74.74,15.8
322600,1,-72.77,16.5
322800,1,-78.17,13.76
323000,0,-81.7,9.41
323200,1,-76.51,9.96
323400,1,-74.04,17.37
323600,1,-73.88,13.08
323800,1,-72.99,8.43
324000,1,-76.45,12.76
324200,1,-77.31,15.04
324400,1,-71.94,13.42
324600,1,-75.64,10.34
324800,1,-77.52,10.66
325000,0,-80.52,6.85
325200,1,-73.93,9.56
325400,1,-75.37,11.95
325600,1,-79.05,9.86
325800,1,-79.77,13.85
326000,1,-71.74,7.9
326200,1,-74.43,12.02
326400,0,-80.22,12.12
326600,0,-81.58,6.02
326800,0,-73.04,10.94
327000,1,-70.95,12.7
327200,1,-72.23,12.98
327400,1,-75.01,8.24
327600,1,-72.24,10.1
327800,1,-78.41,13.23
328000,1,-71.34,15.46
328200,1,-72.77,11.26
328400,1,-76.75,11.48
328600,1,-74.02,13.51
328800,1,-78.13,17.75
329000,1,-78.97,8.94
329200,0,-73.09,11.87
329400,1,-78.05,7.36
329600,1,-80.71,8.11
329800,1,-75.53,14.18
330000,1,-72.68,12.83
330200,1,-69.44,6.33
330400,1,-71.13,9.32
330600,1,-71.32,13.19
330800,1,-75.27,12.11
331000,0,-80.08,8.74
331200,0,-79.0,5.61
331400,1,-76.58,12.95
331600,0,-78.35,3.3
331800,0,-88.14,6.4
332000,0,-78.15,8.64
332200,0,-74.76,9.5
332400,1,-72.68,10.19
332600,1,-77.36,17.64
332800,1,-75.51,10.23
333000,1,-72.94,10.74
333200,1,-75.85,9.47
333400,1,-70.43,11.13
333600,1,-74.77,13.17
333800,1,-71.91,10.27
334000,1,-73.91,10.95
334200,0,-83.58,4.57
334400,0,-81.15,1.7
334600,1,-78.56,7.36
334800,1,-70.0,11.11
335000,1,-74.28,19.77
335200,0,-79.36,5.04
335400,0,-87.48,6.16
335600,0,-81.52,7.89
335800,1,-73.03,12.8
336000,0,-72.61,5.01
336200,0,-84.68,4.85
336400,1,-71.4,12.14
336600,1,-74.57,11.92
336800,1,-76.9,12.27
337000,1,-74.8,5.42
337200,0,-79.81,6.53
337400,0,-82.23,6.5
337600,0,-77.85,2.41
337800,0,-82.01,9.39
338000,0,-80.66,7.87
338200,1,-78.46,11.45
338400,1,-72.59,11.28
338600,1,-76.08,10.24
338800,1,-76.41,13.22
339000,1,-76.58,10.59
339200,1,-75.36,6.2
339400,1,-79.15,12.4
339600,0,-74.18,12.5
339800,1,-71.21,11.95
340000,1,-78.3,8.86
340200,1,-71.26,11.26
340400,1,-75.21,10.82
340600,1,-82.25,7.03
340800,0,-85.69,4.94
341000,1,-76.3,12.65
341200,1,-71.67,10.41
341400,1,-75.94,11.35
341600,0,-82.56,8.95
341800,0,-82.51,7.73
342000,0,-78.77,8.41
342200,0,-80.29,7.46
342400,1,-77.81,11.08
342600,0,-82.38,4.77
342800,0,-81.63,9.42
343000,0,-88.25,9.66
343200,0,-88.16,9.37
343400,0,-80.6,5.32
343600,0,-83.76,4.94
343800,0,-78.92,7.9
344000,0,-80.65,9.42
344200,1,-74.88,8.82
344400,0,-81.43,3.95
344600,1,-78.84,10.82
344800,1,-73.74,16.03
345000,1,-76.29,11.25
345200,1,-75.8,12.83
345400,1,-81.06,12.43
345600,1,-68.21,7.72
345800,1,-72.14,17.13
346000,1,-73.19,13.28
346200,1,-75.85,13.04
346400,1,-74.66,11.87
346600,1,-74.99,8.97
346800,1,-74.14,12.92
347000,1,-70.98,13.58
347200,1,-73.96,13.35
347400,1,-72.57,10.28
347600,1,-74.29,11.91
347800,0,-80.08,4.01
348000,1,-79.01,14.11
348200,1,-67.38,11.36
348400,1,-75.79,9.91
348600,1,-75.09,9.14
348800,1,-74.46,9.06
349000,0,-89.98,7.61
349200,0,-84.2,5.64
349400,1,-79.31,10.02
349600,1,-74.32,9.89
349800,1,-71.68,11.62
350000,1,-77.24,8.74
350200,1,-73.94,5.61
350400,1,-75.21,12.81
350600,1,-79.01,13.19
350800,1,-75.65,10.59
351000,0,-75.34,3.53
351200,0,-74.51,7.54
351400,1,-76.01,15.94
351600,1,-74.42,13.94
351800,1,-73.71,14.84
352000,1,-74.61,10.78
352200,1,-74.07,11.63
352400,1,-71.63,14.12
352600,1,-68.89,14.12
352800,1,-68.32,9.85
353000,1,-67.38,11.98
353200,1,-77.81,12.58
353400,0,-77.07,12.22
353600,1,-72.16,6.01
353800,1,-80.18,14.7
354000,1,-77.85,13.72
354200,1,-73.91,15.92
354400,1,-75.99,9.84
354600,0,-77.83,10.78
354800,1,-75.48,13.53
355000,1,-75.18,10.67
355200,1,-76.71,13.78
355400,0,-80.89,4.05
355600,0,-80.66,4.27
355800,0,-83.54,10.07
356000,0,-80.02,8.88
356200,0,-82.57,10.16
356400,1,-79.89,13.54
356600,0,-76.55,12.98
356800,1,-75.37,17.6
357000,0,-84.01,12.41
357200,0,-83.17,6.86
357400,0,-82.33,4.26
357600,1,-74.85,11.69
357800,1,-72.24,11.32
358000,1,-74.75,14.59
358200,1,-73.25,11.3
358400,1,-78.78,6.49
358600,1,-75.59,12.76
358800,1,-78.54,11.58
359000,1,-71.49,13.89
359200,1,-74.87,9.21
359400,1,-73.3,8.04
359600,0,-81.53,6.6
359800,0,-79.16,9.67
360000,0,-85.5,8.88
360200,1,-75.63,12.84
360400,1,-76.49,6.23
360600,1,-73.31,8.31
360800,1,-78.71,9.53
361000,1,-70.48,15.91
361200,1,-75.9,10.21
361400,1,-70.67,8.19
361600,1,-67.39,13.43
361800,0,-82.64,4.99
362000,0,-79.21,2.16
362200,0,-77.52,6.32
362400,0,-80.13,4.16
362600,0,-75.26,6.83
362800,1,-78.65,12.49
363000,1,-72.05,10.32
363200,1,-75.36,8.86
363400,1,-70.01,6.53
363600,1,-72.71,9.78
363800,1,-73.49,8.94
364000,0,-73.39,13.01
364200,0,-80.8,8.13
364400,0,-85.89,8.17
364600,1,-73.05,9.78
364800,1,-75.33,13.86
365000,1,-73.8,8.19
365200,1,-76.04,13.5
365400,1,-76.3,13.75
365600,1,-73.83,8.83
365800,1,-70.01,12.94
366000,1,-75.64,11.4
366200,1,-77.28,12.21
366400,1,-79.49,11.65
366600,1,-74.28,11.09
366800,1,-73.02,10.52
367000,1,-74.08,14.49
367200,1,-73.05,15.48
367400,1,-72.87,14.11
367600,1,-74.21,9.67
367800,1,-73.8,12.44
368000,1,-76.91,8.03
368200,1,-76.33,10.24
368400,1,-73.3,15.71
368600,1,-78.15,12.56
368800,1,-77.0,12.27
369000,1,-76.56,13.67
369200,1,-77.44,13.1
369400,1,-73.85,13.37
369600,1,-68.93,10.72
369800,1,-73.83,8.81
370000,0,-81.16,10.07
370200,1,-76.37,14.61
370400,1,-74.54,14.66
370600,0,-85.43,6.71
370800,0,-84.55,6.77
371000,0,-83.39,7.97
371200,0,-76.08,10.33
371400,0,-84.46,5.12
371600,0,-77.16,5.71
371800,1,-75.29,10.54
372000,1,-70.77,9.84
372200,1,-69.77,16.55
372400,1,-73.95,9.99
372600,0,-75.15,17.04
372800,1,-75.21,11.7
373000,1,-76.04,9.19
373200,1,-77.39,9.08
373400,1,-76.29,8.51
373600,0,-74.2,9.39
373800,0,-73.33,10.25
374000,1,-73.79,15.02
374200,1,-70.27,12.34
374400,1,-71.7,11.53
374600,1,-73.2,15.19
374800,0,-82.52,4.92
375000,1,-74.39,12.3
375200,1,-72.52,9.12
375400,0,-80.79,6.62
375600,0,-81.55,5.91
375800,0,-82.59,10.57
376000,0,-85.69,3.6
376200,0,-79.1,5.36
376400,0,-79.0,4.87
376600,0,-85.25,11.24
376800,1,-76.3,9.34
377000,1,-74.19,12.46
377200,1,-72.21,10.48
377400,1,-73.24,13.02
377600,1,-73.74,10.11
377800,1,-68.19,9.82
378000,1,-75.49,11.23
378200,0,-78.89,6.46
378400,0,-82.55,10.42
378600,1,-72.29,10.54
378800,1,-75.5,11.23
379000,1,-77.22,14.04
379200,1,-76.45,15.41
379400,1,-78.24,12.68
379600,1,-78.01,8.98
379800,1,-75.05,12.59
380000,1,-73.14,12.24
380200,1,-77.02,9.43
380400,1,-79.63,12.89
380600,1,-76.75,13.96
380800,1,-77.79,14.74
381000,1,-69.47,10.78
381200,1,-73.44,11.38
381400,1,-77.39,9.78
381600,1,-78.13,11.0
381800,1,-72.63,10.61
382000,1,-81.22,11.18
382200,1,-76.28,13.53
382400,1,-76.45,9.01
382600,0,-73.6,13.36
382800,1,-64.37,11.52
383000,1,-73.48,9.76
383200,1,-71.93,11.28
383400,1,-72.67,7.54
383600,1,-76.69,13.85
383800,1,-72.87,11.11
384000,1,-71.18,12.2
384200,1,-73.52,14.61
384400,0,-72.51,12.16
384600,1,-71.28,10.38
384800,1,-77.45,15.18
385000,1,-71.25,12.92
385200,0,-83.07,8.49
385400,0,-84.05,8.73
385600,0,-81.45,3.58
385800,0,-79.27,4.65
386000,0,-82.34,5.18
386200,1,-75.31,11.81
386400,1,-75.55,10.62
386600,1,-69.67,9.03
386800,1,-76.58,11.39
387000,1,-71.21,10.69
387200,1,-70.66,12.25
387400,1,-76.97,11.77
387600,1,-78.19,14.46
387800,1,-78.1,11.0
388000,0,-80.67,5.88
388200,1,-74.55,14.18
388400,1,-71.07,14.54
388600,1,-71.63,10.27
388800,1,-75.94,10.68
389000,1,-69.56,16.7
389200,1,-80.98,10.99
389400,1,-77.63,11.59
389600,1,-73.42,8.34
389800,0,-84.11,2.36
390000,0,-82.09,2.17
390200,0,-79.86,6.08
390400,0,-77.15,8.03
390600,1,-74.49,9.6
390800,1,-75.82,16.14
391000,0,-84.46,5.21
391200,1,-74.96,9.54
391400,1,-73.78,12.95
391600,0,-77.98,3.8
391800,0,-83.3,4.69
392000,0,-79.21,4.19
392200,1,-75.3,13.05
392400,1,-76.22,12.0
392600,1,-75.71,10.26
392800,1,-72.13,11.6
393000,1,-72.84,13.79
393200,1,-75.95,19.09
393400,1,-73.51,8.73
393600,0,-80.4,9.92
393800,1,-73.51,11.79
394000,1,-79.23,15.07
394200,1,-71.35,12.13
394400,0,-80.2,8.41
394600,0,-73.19,1.36
394800,0,-79.33,7.6
395000,0,-82.54,8.31
395200,1,-83.76,13.3
395400,0,-83.78,5.03
395600,1,-76.93,7.32
395800,0,-85.86,4.06
396000,1,-70.43,7.14
396200,1,-77.25,9.79
396400,1,-82.94,14.65
396600,1,-75.58,7.23
396800,1,-81.17,11.64
397000,1,-76.09,9.66
397200,1,-76.93,12.6
397400,0,-80.28,5.25
397600,1,-77.1,8.78
397800,1,-76.42,5.4
398000,1,-79.19,10.1
398200,1,-78.36,12.47
398400,1,-79.81,17.73
398600,1,-74.27,10.56
398800,1,-70.09,14.05
399000,1,-72.38,12.55
399200,1,-73.82,11.08
399400,1,-72.79,14.89
399600,1,-71.68,9.57
399800,1,-78.0,11.62
400000,0,-77.06,16.06
400200,1,-74.48,9.67
400400,1,-75.64,9.72
400600,0,-78.15,4.11
400800,1,-75.0,7.5
401000,0,-73.7,9.2
401200,1,-71.48,12.32
401400,0,-76.66,15.35
401600,1,-74.53,10.21
401800,1,-71.99,10.33
402000,0,-73.28,11.47
402200,0,-76.6,5.61
402400,0,-84.71,6.34
402600,0,-86.19,3.39
402800,0,-81.71,5.72
403000,0,-78.9,5.66
403200,0,-83.94,4.73
403400,0,-77.69,6.36
403600,0,-83.06,10.29
403800,0,-83.32,5.33
404000,0,-82.05,5.83
404200,0,-79.06,1.72
404400,0,-82.69,4.05
404600,0,-79.86,7.44
404800,0,-76.76,2.6
405000,0,-84.49,7.21
405200,0,-79.0,5.65
405400,0,-81.31,3.38
405600,0,-79.18,8.99
405800,0,-82.16,6.35
406000,1,-74.43,11.67
406200,1,-77.46,11.45
406400,1,-70.39,7.81
406600,1,-76.5,10.43
406800,1,-77.55,14.38
407000,1,-79.9,14.58
407200,1,-74.3,7.33
407400,1,-77.75,11.37
407600,1,-72.51,9.24
407800,1,-73.94,13.76
408000,1,-80.4,12.38
408200,1,-74.19,8.66
408400,1,-78.87,9.75
408600,1,-80.43,8.16
408800,1,-75.85,11.06
409000,1,-70.03,9.53
409200,1,-71.53,10.19
409400,1,-72.72,9.92
409600,1,-77.61,10.39
409800,1,-74.33,11.29
410000,1,-74.27,15.01
410200,1,-74.91,7.7
410400,1,-77.15,9.43
410600,1,-71.21,13.96
410800,1,-74.66,10.19
411000,0,-79.34,12.61
411200,1,-71.41,12.55
411400,1,-71.55,10.84
411600,1,-80.31,10.52
411800,0,-82.16,5.8
412000,0,-83.9,6.59
412200,0,-83.11,8.98
412400,0,-80.55,7.13
412600,1,-66.4,16.81
412800,1,-80.04,12.53
413000,1,-79.12,7.86
413200,1,-76.04,15.73
413400,1,-71.85,11.43
413600,1,-71.91,10.7
413800,1,-74.32,13.93
414000,1,-72.84,16.25
414200,1,-75.47,13.18
414400,1,-76.3,8.51
414600,1,-78.36,9.82
414800,1,-71.73,12.21
415000,0,-79.42,8.4
415200,1,-78.19,9.6
415400,1,-77.49,13.46
415600,1,-73.51,11.77
415800,1,-71.0,14.04
416000,1,-75.43,11.05
416200,1,-73.56,11.41
416400,1,-75.3,14.59
416600,1,-73.68,8.75
416800,1,-79.37,12.65
417000,1,-71.32,11.83
417200,0,-69.41,11.09
417400,1,-75.72,14.31
417600,1,-82.7,7.91
417800,1,-73.69,11.19
418000,0,-79.58,2.32
418200,0,-86.09,7.29
418400,1,-80.79,12.94
418600,1,-74.35,13.65
418800,1,-74.08,9.96
419000,1,-73.76,12.8
419200,1,-74.07,9.55
419400,1,-76.93,9.18
419600,0,-83.13,11.06
419800,0,-79.78,6.54
420000,0,-85.71,10.03
420200,0,-82.98,4.27
420400,0,-82.31,9.33
420600,1,-75.42,8.8
420800,0,-85.03,6.36
421000,0,-82.41,9.0
421200,0,-83.48,6.11
421400,0,-76.3,7.18
421600,0,-81.31,2.9
421800,0,-79.71,7.24
422000,0,-80.85,9.4
422200,0,-82.44,7.24
422400,0,-77.39,7.63
422600,1,-74.15,12.03
422800,0,-88.07,2.18
423000,0,-83.89,9.71
423200,0,-79.13,10.29
423400,0,-81.76,9.45
423600,1,-77.33,10.36
423800,1,-71.68,10.36
424000,1,-75.92,10.19
424200,0,-83.03,4.73
424400,0,-82.69,2.93
424600,1,-68.98,16.78
424800,1,-75.8,11.82
425000,0,-82.31,6.72
425200,1,-70.96,8.93
425400,1,-75.6,11.91
425600,1,-76.88,11.68
425800,1,-76.6,14.92
426000,1,-75.96,9.39
426200,1,-69.57,11.82
426400,1,-79.88,13.19
426600,0,-79.69,14.67
426800,1,-80.16,11.38
427000,1,-71.03,10.28
427200,0,-75.16,8.45
427400,0,-81.59,6.79
427600,0,-77.79,4.77
427800,0,-81.33,4.17
428000,1,-74.03,12.22
428200,1,-76.92,8.02
428400,1,-72.09,14.37
428600,1,-68.37,12.7
428800,0,-81.69,5.37
429000,1,-74.64,7.63
429200,1,-77.18,8.16
429400,1,-77.34,13.3
429600,1,-72.11,9.06
429800,1,-75.84,11.09
430000,1,-74.95,9.09
430200,1,-75.77,14.82
430400,0,-76.77,5.48
430600,0,-83.82,4.64
430800,0,-78.89,5.31
431000,0,-83.0,7.33
431200,0,-84.74,8.6
431400,0,-82.77,8.52
431600,0,-78.99,5.45
431800,0,-84.49,7.9
432000,0,-81.84,6.6
432200,0,-83.57,9.58
432400,0,-80.88,4.09
432600,1,-78.0,10.43
432800,1,-76.3,11.06
433000,0,-77.59,6.03
433200,0,-89.88,7.25
433400,0,-83.78,3.62
433600,1,-78.72,9.99
433800,1,-72.23,11.48
434000,1,-80.22,9.31
434200,1,-70.85,8.38
434400,1,-73.7,7.02
434600,1,-70.55,15.97
434800,1,-70.3,11.15
435000,1,-72.81,8.89
435200,1,-72.29,12.03
435400,1,-79.5,14.09
435600,1,-76.67,9.42
435800,1,-79.17,9.47
436000,0,-82.48,4.48
436200,0,-86.61,4.78
436400,1,-72.18,11.41
436600,1,-71.15,13.77
436800,1,-75.73,10.42
437000,0,-71.33,7.28
437200,1,-77.07,10.83
437400,1,-73.84,10.3
437600,1,-76.42,7.47
437800,0,-77.14,13.14
438000,0,-76.24,15.52
438200,1,-74.64,9.82
438400,1,-75.95,9.07
438600,1,-73.95,9.37
438800,1,-73.07,15.43
439000,1,-83.77,14.75
439200,0,-85.63,3.37
439400,1,-75.76,13.78
439600,1,-72.66,10.37
439800,1,-80.46,11.0
440000,0,-73.75,12.56
440200,1,-78.35,15.03
440400,0,-83.08,5.62
440600,0,-81.16,8.2
440800,0,-84.98,1.95
441000,0,-79.98,6.64
441200,1,-70.38,10.31
441400,1,-78.07,9.82
441600,1,-76.92,14.73
441800,1,-79.48,11.24
442000,1,-75.94,12.43
442200,1,-77.58,11.07
442400,1,-76.9,10.2
442600,1,-79.27,16.99
442800,1,-74.91,11.26
443000,1,-74.64,9.63
443200,0,-82.48,6.75
443400,1,-77.85,9.99
443600,1,-80.99,11.99
443800,1,-75.88,13.72
444000,0,-72.91,9.09
444200,1,-66.38,10.71
444400,1,-75.98,9.1
444600,1,-76.92,13.8
444800,1,-71.97,10.53
445000,1,-75.58,14.69
445200,0,-79.93,9.32
445400,0,-79.09,4.23
445600,0,-80.75,5.29
445800,1,-76.41,5.91
446000,0,-84.74,7.58
446200,0,-82.8,5.0
446400,0,-80.23,9.41
446600,0,-80.45,3.47
446800,1,-70.15,12.55
447000,1,-72.77,9.2
447200,1,-74.21,12.57
447400,1,-75.57,14.98
447600,1,-72.71,7.58
447800,0,-69.81,14.52
448000,1,-73.29,11.19
448200,1,-78.55,12.0
448400,1,-74.72,10.45
448600,1,-70.29,13.81
448800,1,-75.18,16.05
449000,1,-71.04,11.79
449200,1,-74.2,11.59
449400,1,-76.92,11.67
449600,0,-84.54,7.37
449800,1,-83.5,14.44
450000,1,-73.84,14.25
450200,1,-76.43,11.81
450400,1,-73.11,9.46
450600,1,-72.26,14.79
450800,1,-78.11,8.65
451000,1,-74.37,11.41
451200,1,-77.18,13.39
451400,1,-72.27,10.51
451600,0,-84.67,5.0
451800,1,-73.37,9.59
452000,0,-76.19,9.5
452200,1,-71.18,12.43
452400,1,-73.67,13.33
452600,1,-71.39,11.83
452800,0,-77.16,5.46
453000,0,-77.81,16.18
453200,1,-77.02,9.78
453400,1,-71.07,13.93
453600,0,-81.67,7.85
453800,0,-79.04,8.92
454000,0,-80.17,3.29
454200,0,-84.06,5.6
454400,0,-82.27,7.09
454600,0,-83.19,0.48
454800,1,-80.37,14.2
455000,0,-80.99,4.59
455200,0,-78.93,6.15
455400,0,-83.94,6.37
455600,0,-77.39,3.69
455800,0,-81.88,5.41
456000,0,-80.09,7.92
456200,0,-84.41,3.79
456400,0,-82.64,10.3
456600,0,-88.55,4.71
456800,0,-79.67,8.81
457000,0,-83.37,12.33
457200,0,-83.3,8.9
457400,1,-79.34,10.42
457600,0,-78.84,4.97
457800,0,-85.52,10.72
458000,0,-81.5,11.9
458200,0,-82.33,2.61
458400,0,-86.36,1.32
458600,0,-84.81,5.27
458800,0,-83.79,7.38
459000,0,-77.58,5.79
459200,1,-77.18,14.56
459400,1,-74.66,12.39
459600,1,-73.45,12.52
459800,1,-74.23,14.28
460000,1,-76.88,13.29
460200,1,-71.29,12.58
460400,1,-76.33,16.63
460600,0,-77.43,10.96
460800,1,-77.72,8.94
461000,0,-80.61,7.3
461200,0,-83.62,7.44
461400,0,-86.41,9.25
461600,0,-80.3,4.39
461800,0,-82.47,7.8
462000,0,-82.97,6.92
462200,1,-74.19,12.23
462400,1,-73.72,11.88
462600,1,-76.28,8.98
462800,1,-76.04,12.9
463000,0,-77.62,8.53
463200,0,-83.43,6.49
463400,0,-82.49,5.25
463600,1,-80.29,14.51
463800,1,-77.19,10.16
464000,0,-80.34,10.08
464200,0,-84.83,3.57
464400,1,-75.13,12.79
464600,1,-76.51,9.34
464800,1,-79.2,7.55
465000,1,-72.81,10.93
465200,1,-74.72,10.69
465400,1,-76.68,17.23
465600,1,-78.36,12.2
465800,1,-74.04,9.01
466000,0,-75.56,9.08
466200,1,-79.57,11.19
466400,1,-79.03,13.61
466600,1,-72.24,10.9
466800,1,-70.35,14.22
467000,1,-77.18,14.45
467200,1,-74.87,7.84
467400,1,-73.68,11.13
467600,0,-78.92,7.31
467800,0,-83.66,5.08
468000,0,-82.98,9.27
468200,0,-76.64,6.8
468400,0,-78.36,5.01
468600,0,-77.16,4.45
468800,0,-80.1,7.49
469000,0,-80.89,5.79
469200,0,-82.61,5.65
469400,0,-72.91,9.09
469600,0,-80.56,8.75
469800,0,-89.63,7.02
470000,1,-73.02,11.77
470200,1,-76.66,11.21
470400,1,-76.0,9.45
470600,1,-77.3,13.01
470800,1,-72.43,10.69
471000,1,-74.05,15.92
471200,0,-79.67,6.95
471400,0,-81.93,6.35
471600,1,-76.4,10.49
471800,1,-77.17,6.37
472000,0,-82.17,7.47
472200,0,-77.13,4.66
472400,0,-84.54,7.57
472600,1,-72.69,9.79
472800,1,-79.46,15.38
473000,1,-74.99,12.49
473200,0,-80.92,7.87
473400,1,-70.14,3.63
473600,0,-81.74,2.74
473800,0,-84.71,8.37
474000,0,-82.5,5.34
474200,0,-83.24,5.62
474400,1,-78.64,9.14
474600,1,-74.33,12.56
474800,1,-76.29,9.01
475000,0,-81.52,10.61
475200,1,-75.58,13.85
475400,1,-74.77,16.11
475600,1,-64.03,14.87
475800,1,-73.29,10.43
476000,0,-89.17,5.59
476200,1,-74.52,9.41
476400,1,-75.31,12.2
476600,1,-73.47,9.2
476800,1,-70.41,14.88
477000,1,-71.19,16.92
477200,1,-76.3,10.53
477400,1,-71.69,8.21
477600,0,-82.36,7.34
477800,0,-80.68,6.43
478000,0,-78.48,5.85
478200,0,-81.03,9.63
478400,0,-84.42,6.88
478600,1,-74.75,13.79
478800,1,-80.57,8.72
479000,1,-78.06,12.95
479200,1,-73.57,8.7
479400,1,-74.41,6.53
479600,1,-73.65,8.52
479800,1,-81.0,14.68
480000,1,-75.53,13.89
480200,1,-76.25,14.1
480400,0,-83.39,7.44
480600,0,-77.25,8.83
480800,1,-70.73,12.07
481000,0,-72.7,13.29
481200,1,-77.62,8.48
481400,1,-75.17,16.5
481600,1,-77.37,9.77
481800,1,-76.21,12.93
482000,1,-72.69,14.32
482200,1,-77.61,11.75
482400,1,-71.14,11.18
482600,1,-75.04,12.8
482800,1,-76.49,10.71
483000,1,-77.94,9.63
483200,1,-75.43,10.71
483400,0,-78.35,8.58
483600,0,-82.91,4.54
483800,1,-71.69,12.7
484000,0,-81.24,7.83
484200,0,-76.53,11.36
484400,1,-77.68,9.55
484600,1,-77.92,10.43
484800,0,-73.06,9.71
485000,1,-72.57,13.37
485200,1,-75.16,11.38
485400,0,-84.24,7.53
485600,1,-72.83,14.96
485800,0,-76.66,7.09
486000,0,-75.84,3.95
486200,0,-80.13,6.68
486400,1,-77.25,9.91
486600,1,-76.96,11.46
486800,1,-78.79,14.29
487000,0,-80.81,3.86
487200,0,-82.76,7.04
487400,0,-79.36,9.25
487600,0,-77.1,4.0
487800,0,-77.38,8.65
488000,1,-74.94,14.63
488200,1,-75.94,10.95
488400,1,-78.91,10.84
488600,0,-81.28,7.7
488800,1,-75.23,12.0
489000,0,-71.94,12.84
489200,1,-82.69,9.99
489400,1,-76.51,12.49
489600,1,-81.46,12.11
489800,1,-72.02,9.96
490000,0,-70.05,13.07
490200,1,-72.69,12.06
490400,1,-74.31,13.12
490600,1,-76.04,12.54
490800,0,-74.74,11.45
491000,0,-83.27,8.32
491200,0,-80.97,5.71
491400,0,-81.47,4.56
491600,0,-80.81,8.63
491800,0,-84.2,8.76
492000,0,-80.28,11.82
492200,1,-71.88,4.75
492400,1,-80.39,7.85
492600,1,-75.19,8.82
492800,1,-73.0,11.5
493000,1,-75.28,15.31
493200,0,-75.96,15.85
493400,1,-74.35,11.66
493600,1,-73.7,9.79
493800,0,-81.75,3.88
494000,1,-69.52,13.88
494200,1,-73.62,10.28
494400,1,-75.1,11.66
494600,1,-74.11,5.63
494800,1,-80.34,12.88
495000,0,-79.0,11.94
495200,1,-82.12,7.72
495400,0,-77.29,13.58
495600,0,-75.32,12.18
495800,1,-76.96,11.36
496000,1,-75.6,8.25
496200,1,-73.38,9.81
496400,1,-73.55,12.21
496600,1,-72.53,8.21
496800,1,-76.45,7.89
497000,1,-74.05,9.81
497200,1,-73.57,11.02
497400,0,-83.91,5.06
497600,0,-77.33,8.84
497800,0,-74.94,7.32
498000,0,-83.64,8.16
498200,0,-80.09,7.38
498400,0,-81.93,9.77
498600,1,-77.96,9.29
498800,1,-74.38,10.38
499000,0,-80.65,8.06
499200,0,-84.91,3.05
499400,1,-73.08,11.8
499600,1,-75.83,14.43
499800,1,-72.47,8.6
500000,1,-71.99,11.22
500200,1,-72.34,13.56
500400,1,-72.52,15.39
500600,0,-68.15,7.52
500800,1,-77.59,9.08
501000,0,-81.85,10.17
501200,0,-85.37,10.88
501400,1,-79.05,11.66
501600,1,-74.46,9.89
501800,0,-81.16,13.66
502000,1,-78.92,14.46
502200,1,-77.17,14.98
502400,1,-79.09,7.65
502600,1,-77.22,8.67
502800,1,-70.4,9.97
503000,1,-76.76,13.08
503200,0,-70.09,15.04
503400,1,-73.44,11.5
503600,1,-73.4,6.8
503800,1,-70.37,13.36
504000,1,-73.75,12.16
504200,0,-77.17,4.44
504400,0,-82.23,6.77
504600,0,-86.94,8.56
504800,0,-82.56,4.41
505000,0,-79.74,8.02
505200,1,-77.1,11.85
505400,1,-72.55,8.81
505600,1,-73.38,11.15
505800,1,-73.14,14.33
506000,1,-78.44,8.93
506200,0,-78.01,6.67
506400,0,-80.73,7.92
506600,0,-78.94,5.6
506800,0,-81.59,7.8
507000,0,-81.35,4.64
507200,0,-76.82,7.28
507400,0,-80.99,3.58
507600,0,-83.45,6.31
507800,0,-84.36,5.73
508000,1,-80.39,9.09
508200,1,-75.88,16.9
508400,1,-76.47,7.83
508600,1,-72.37,12.36
508800,1,-77.37,12.54
509000,0,-81.96,5.23
509200,0,-78.95,8.46
509400,1,-67.77,13.06
509600,1,-72.53,13.8
509800,1,-70.35,13.64
510000,1,-69.16,10.73
510200,0,-76.58,7.6
510400,0,-80.2,5.04
510600,0,-85.0,4.98
510800,0,-77.11,3.96
511000,0,-78.42,4.69
511200,0,-83.07,4.11
511400,0,-80.35,7.75
511600,0,-80.77,9.87
511800,0,-79.55,7.98
512000,0,-76.57,10.74
512200,0,-80.63,5.84
512400,0,-79.66,4.23
512600,0,-78.2,11.15
512800,0,-72.08,8.58
513000,0,-84.75,3.22
513200,1,-80.83,12.38
513400,0,-76.69,6.58
513600,0,-85.49,14.24
513800,0,-77.21,8.31
514000,0,-83.54,3.32
514200,0,-80.88,7.3
514400,1,-75.81,11.28
514600,1,-78.24,11.8
514800,1,-73.99,13.33
515000,1,-76.91,13.46
515200,0,-78.14,7.37
515400,0,-86.56,-2.42
515600,1,-75.66,7.67
515800,0,-78.55,4.65
516000,0,-82.7,9.41
516200,1,-70.81,13.96
516400,1,-71.22,10.34
516600,1,-74.05,8.79
516800,1,-78.13,13.63
517000,1,-73.34,16.67
517200,1,-76.82,13.12
517400,1,-75.07,11.94
517600,1,-75.65,10.93
517800,1,-70.3,11.69
518000,1,-72.85,10.76
518200,1,-73.42,9.72
518400,1,-75.11,10.26
518600,0,-80.56,6.42
518800,1,-73.86,15.03
519000,0,-81.5,2.81
519200,1,-73.88,13.18
519400,1,-72.5,12.3
519600,1,-75.18,11.57
519800,1,-73.32,9.11
520000,0,-75.0,3.99
520200,0,-81.0,5.16
520400,0,-73.55,8.04
520600,1,-73.62,10.93
520800,1,-76.84,14.36
521000,1,-72.81,16.4
521200,1,-74.67,16.65
521400,1,-71.91,9.62
521600,1,-73.58,10.59
521800,1,-78.14,12.41
522000,0,-77.93,3.66
522200,1,-76.19,11.22
522400,1,-75.52,9.52
522600,1,-73.59,7.18
522800,1,-77.89,10.84
523000,1,-69.18,12.16
523200,1,-76.63,12.26
523400,1,-75.85,11.59
523600,0,-76.75,9.77
523800,0,-81.99,6.11
524000,0,-79.67,6.01
524200,1,-65.49,9.48
524400,1,-79.57,8.44
524600,1,-73.56,9.65
524800,1,-72.77,8.58
525000,1,-75.92,13.69
525200,1,-75.67,10.18
525400,1,-76.93,15.44
525600,1,-75.9,11.91
525800,1,-72.91,11.46
526000,1,-76.34,15.49
526200,1,-71.57,3.73
526400,0,-80.15,0.95
526600,1,-71.6,5.84
526800,1,-72.69,13.03
527000,0,-69.58,8.05
527200,1,-72.54,9.96
527400,1,-79.39,5.24
527600,0,-77.77,15.84
527800,1,-75.31,15.04
528000,1,-72.04,12.36
528200,1,-72.09,13.45
528400,1,-79.24,12.92
528600,1,-74.09,12.15
528800,1,-74.0,9.86
529000,1,-72.92,12.95
529200,0,-73.03,10.28
529400,1,-76.36,11.2
529600,1,-76.84,10.15
529800,1,-77.94,13.39
530000,1,-78.96,11.46
530200,1,-73.85,12.49
530400,1,-78.69,16.3
530600,1,-75.51,11.97
530800,1,-73.64,13.29
531000,0,-71.75,11.43
531200,0,-76.9,14.5
531400,1,-78.05,11.13
531600,1,-76.13,13.81
531800,1,-73.26,10.72
532000,1,-74.87,13.48
532200,1,-72.91,14.47
532400,1,-80.47,9.83
532600,1,-78.27,9.86
532800,1,-72.96,15.94
533000,1,-73.15,12.31
533200,1,-76.92,14.53
533400,1,-76.64,11.98
533600,1,-76.9,9.37
533800,1,-73.92,12.13
534000,1,-75.38,11.18
534200,0,-80.0,9.62
534400,1,-70.98,12.43
534600,1,-75.01,9.32
534800,1,-73.96,6.99
535000,1,-74.71,10.99
535200,0,-80.91,10.03
535400,1,-74.24,8.86
535600,1,-77.14,10.97
535800,0,-82.96,6.67
536000,0,-83.58,6.99
536200,1,-69.09,10.43
536400,1,-78.12,12.51
536600,1,-80.19,10.88
536800,1,-75.14,7.89
537000,0,-73.59,8.83
537200,1,-76.77,11.42
537400,1,-74.55,12.8
537600,1,-76.71,9.65
537800,1,-74.23,9.18
538000,0,-80.55,5.73
538200,0,-85.69,7.13
538400,1,-73.63,12.56
538600,0,-74.97,7.97
538800,1,-82.84,11.62
539000,1,-79.15,10.96
539200,0,-76.21,14.26
539400,1,-74.48,11.01
539600,1,-73.83,11.41
539800,0,-82.57,5.05
540000,0,-79.9,6.68
540200,0,-78.73,7.3
540400,0,-86.46,2.35
540600,0,-83.99,3.56
540800,0,-86.05,9.52
541000,1,-74.44,13.72
541200,1,-76.12,12.61
541400,0,-84.39,6.59
541600,0,-75.86,7.91
541800,0,-81.8,7.19
542000,0,-77.83,11.01
542200,1,-78.11,11.93
542400,1,-73.3,12.37
542600,0,-77.63,8.4
542800,0,-84.23,5.48
543000,1,-72.9,10.5
543200,1,-74.06,9.59
543400,1,-76.67,12.44
543600,1,-75.33,6.39
543800,0,-81.72,6.99
544000,0,-80.57,12.98
544200,1,-79.08,7.21
544400,1,-74.27,11.19
544600,1,-72.73,11.24
544800,1,-79.68,11.98
545000,1,-72.99,17.51
545200,1,-75.42,14.13
545400,1,-77.93,9.21
545600,0,-72.65,12.86
545800,1,-71.48,9.24
546000,1,-76.09,10.45
546200,1,-79.71,15.52
546400,1,-69.28,16.27
546600,1,-73.5,14.32
546800,1,-76.62,9.88
547000,1,-79.84,4.63
547200,0,-81.52,3.48
547400,0,-85.47,6.17
547600,0,-81.29,8.74
547800,1,-80.05,11.7
548000,1,-73.89,12.82
548200,0,-77.91,11.07
548400,0,-74.83,16.33
548600,1,-81.96,10.99
548800,1,-76.7,11.4
549000,1,-74.7,9.24
549200,0,-74.3,11.07
549400,1,-81.15,21.8
549600,1,-74.28,13.19
549800,1,-76.01,13.28
550000,1,-76.49,13.41
550200,1,-73.24,8.32
550400,1,-74.08,10.05
550600,1,-78.61,11.92
550800,1,-75.43,9.91
551000,1,-75.01,10.67
551200,0,-78.36,13.83
551400,1,-72.92,7.53
551600,1,-75.75,9.28
551800,1,-73.5,12.45
552000,1,-79.72,12.45
552200,1,-73.53,13.25
552400,0,-76.09,14.37
552600,0,-80.96,7.08
552800,0,-83.13,7.57
553000,1,-73.89,9.11
553200,0,-70.63,12.7
553400,0,-80.79,2.29
553600,0,-79.0,3.22
553800,0,-85.4,6.91
554000,0,-83.06,9.45
554200,1,-79.04,9.19
554400,0,-77.44,6.62
554600,0,-77.44,5.38
554800,0,-86.12,5.13
555000,1,-75.06,15.78
555200,0,-73.73,6.46
555400,0,-84.8,3.08
555600,0,-82.55,7.75
555800,0,-85.22,7.36
556000,1,-74.22,10.78
556200,1,-76.22,11.88
556400,1,-71.81,13.37
556600,1,-73.42,14.92
556800,1,-73.29,12.17
557000,1,-72.44,16.17
557200,1,-78.7,9.72
557400,0,-83.33,5.69
557600,0,-80.94,3.5
557800,0,-79.42,5.9
558000,1,-80.07,9.5
558200,1,-83.9,6.46
558400,1,-75.51,13.34
558600,1,-71.43,9.4
558800,1,-73.02,12.45
559000,1,-76.8,8.77
559200,1,-70.36,12.12
559400,1,-74.95,11.16
559600,1,-73.95,11.17
559800,1,-78.55,13.85
560000,1,-74.82,10.73
560200,1,-75.04,10.64
560400,1,-79.98,14.19
560600,0,-78.6,7.6
560800,0,-72.82,10.14
561000,0,-73.64,11.7
561200,1,-78.82,16.01
561400,1,-77.12,11.34
561600,0,-76.6,9.32
561800,0,-79.1,9.09
562000,1,-77.26,11.27
562200,1,-73.68,13.66
562400,1,-72.27,10.88
562600,0,-78.03,3.02
562800,0,-74.52,15.58
563000,1,-73.82,13.67
563200,1,-71.81,13.18
563400,0,-88.29,3.43
563600,0,-82.21,7.28
563800,0,-79.85,9.03
564000,0,-82.54,7.03
564200,0,-82.66,6.12
564400,0,-80.18,8.05
564600,0,-80.43,8.58
564800,0,-75.14,3.91
565000,0,-81.1,9.43
565200,0,-86.02,9.85
565400,1,-77.92,13.36
565600,1,-71.74,11.5
565800,1,-72.26,14.25
566000,0,-85.84,6.45
566200,0,-81.32,4.83
566400,1,-72.88,15.47
566600,1,-74.65,14.66
566800,1,-71.7,12.0
567000,1,-73.23,9.48
567200,1,-74.9,11.41
567400,0,-88.87,6.22
567600,0,-79.29,3.93
567800,0,-83.41,6.06
568000,0,-83.2,4.69
568200,0,-79.39,4.46
568400,1,-77.07,13.9
568600,0,-83.54,9.99
568800,0,-80.62,6.95
569000,0,-79.86,4.62
569200,1,-78.83,8.74
569400,1,-74.18,15.99
569600,1,-77.31,10.65
569800,1,-75.34,14.87
570000,1,-78.88,11.8
570200,1,-71.85,8.89
570400,1,-72.25,9.93
570600,0,-74.4,5.84
570800,0,-81.13,8.08
571000,1,-73.83,10.97
571200,1,-77.38,14.41
571400,1,-74.9,10.08
571600,0,-83.71,5.52
571800,0,-80.11,5.87
572000,0,-82.67,4.46
572200,0,-86.55,8.29
572400,1,-67.3,11.16
572600,1,-68.82,12.54
572800,1,-76.09,10.26
573000,1,-74.7,9.6
573200,1,-74.53,12.12
573400,1,-75.28,10.34
573600,1,-76.25,13.68
573800,1,-68.52,11.36
574000,1,-79.33,8.73
574200,1,-72.19,7.8
574400,1,-75.49,14.98
574600,1,-75.08,8.01
574800,1,-77.22,14.03
575000,1,-71.97,9.85
575200,1,-78.53,11.77
575400,0,-82.61,6.33
575600,0,-79.9,6.02
575800,1,-73.13,9.61
576000,0,-80.01,5.88
576200,0,-76.71,4.85
576400,0,-77.09,9.94
576600,0,-83.68,4.19
576800,0,-74.28,9.47
577000,1,-81.13,12.92
577200,1,-76.59,7.79
577400,1,-74.49,12.31
577600,0,-68.76,8.93
577800,1,-79.58,11.5
578000,0,-71.83,9.77
578200,1,-72.61,10.96
578400,0,-79.14,8.03
578600,0,-79.51,7.77
578800,1,-75.05,14.1
579000,1,-79.86,11.3
579200,1,-74.82,10.75
579400,1,-78.3,10.14
579600,0,-74.38,9.34
579800,0,-85.61,8.78
580000,1,-78.17,9.17
580200,1,-73.71,12.14
580400,1,-75.47,12.88
580600,1,-73.03,9.83
580800,0,-81.67,8.09
581000,0,-81.33,4.81
581200,0,-81.0,6.98
581400,0,-87.0,6.94
581600,0,-87.13,11.0
581800,0,-83.0,7.72
582000,0,-81.34,8.68
582200,1,-76.63,9.9
582400,1,-78.52,13.78
582600,0,-77.7,5.45
582800,0,-81.87,7.55
583000,0,-80.3,9.66
583200,1,-77.08,6.86
583400,1,-76.74,11.91
583600,1,-72.68,14.05
583800,1,-77.27,8.22
584000,1,-73.97,10.17
584200,1,-73.63,17.44
584400,0,-80.03,1.96
584600,0,-81.82,7.95
584800,0,-78.63,7.92
585000,0,-83.99,8.91
585200,1,-72.62,10.47
585400,1,-76.05,14.71
585600,1,-76.16,12.53
585800,1,-74.36,12.24
586000,1,-75.59,13.08
586200,1,-66.79,12.41
586400,1,-78.62,9.23
586600,1,-73.52,13.48
586800,0,-72.41,9.84
587000,1,-79.22,13.16
587200,1,-67.41,11.35
587400,1,-71.17,12.71
587600,1,-76.55,9.48
587800,0,-83.59,9.92
588000,0,-82.56,8.2
588200,0,-81.51,6.36
588400,0,-79.29,11.65
588600,1,-75.13,13.42
588800,1,-75.49,11.36
589000,1,-70.75,9.64
589200,0,-77.7,12.04
589400,1,-74.84,10.76
589600,1,-76.36,10.85
589800,1,-68.23,9.74
590000,1,-68.93,15.76
590200,1,-81.68,12.88
590400,1,-68.14,14.28
590600,1,-77.22,10.59
590800,1,-78.84,9.45
591000,1,-71.32,8.6
591200,1,-76.75,11.71
591400,1,-72.02,9.69
591600,0,-74.06,12.19
591800,1,-73.44,12.34
592000,1,-74.42,8.18
592200,1,-75.02,10.43
592400,0,-86.41,6.54
592600,0,-82.67,4.26
592800,0,-80.96,10.24
593000,0,-81.54,7.33
593200,0,-79.73,6.21
593400,0,-77.79,4.88
593600,1,-73.83,10.87
593800,1,-82.9,13.43
594000,1,-78.39,15.2
594200,1,-81.54,9.69
594400,1,-73.89,12.13
594600,1,-77.88,12.89
594800,1,-71.61,5.6
595000,1,-72.3,8.92
595200,1,-76.11,11.7
595400,1,-73.22,8.63
595600,1,-72.47,16.18
595800,1,-71.45,10.45
596000,1,-67.21,11.12
596200,0,-78.07,7.65
596400,0,-82.18,6.94
596600,0,-81.11,1.14
596800,1,-75.93,9.67
597000,1,-73.0,8.16
597200,1,-74.26,9.94
597400,0,-78.44,8.38
597600,0,-76.06,9.43
597800,1,-78.6,9.6
598000,1,-74.56,11.01
598200,1,-77.58,11.82
598400,1,-78.11,9.54
598600,1,-74.8,11.34
598800,1,-76.75,12.96
599000,1,-73.16,13.09
599200,1,-74.36,13.18
599400,1,-73.04,5.94
599600,1,-73.55,15.91
599800,1,-67.92,12.21
600000,1,-74.3,14.62
600200,1,-73.62,10.78
600400,0,-80.78,7.28
600600,1,-79.32,13.58
600800,1,-82.5,10.28
601000,1,-70.48,9.21
601200,1,-74.73,8.3
601400,1,-74.96,12.56
601600,0,-79.89,10.68
601800,1,-78.58,10.91
602000,1,-72.77,11.6
602200,1,-74.38,10.97
602400,1,-73.49,12.4
602600,0,-85.23,3.86
602800,1,-77.72,11.61
603000,0,-73.45,12.26
603200,0,-76.17,13.0
603400,0,-79.09,5.28
603600,0,-82.16,3.19
603800,1,-72.77,6.78
604000,1,-75.59,9.12
604200,1,-72.37,8.62
604400,1,-75.44,11.11
604600,1,-79.57,12.29
604800,1,-70.52,6.38
605000,1,-79.32,10.8
605200,0,-80.04,8.09
605400,0,-74.7,3.25
605600,0,-81.61,10.36
605800,0,-84.09,6.02
606000,1,-77.01,14.09
606200,1,-75.17,15.57
606400,1,-72.27,10.24
606600,1,-76.42,9.82
606800,1,-74.31,14.48
607000,1,-74.85,11.06
607200,1,-75.68,14.54
607400,1,-74.17,11.05
607600,1,-80.18,12.5
607800,1,-78.04,13.48
608000,1,-75.53,13.72
608200,1,-73.7,10.73
608400,0,-81.05,3.56
608600,0,-84.36,3.05
608800,1,-75.71,12.39
609000,1,-77.15,14.89
609200,1,-71.19,14.02
609400,1,-71.99,15.02
609600,1,-75.77,8.62
609800,0,-80.62,14.45
610000,0,-72.25,6.64
610200,1,-76.41,10.01
610400,1,-76.51,9.8
610600,1,-77.63,15.09
610800,0,-87.63,5.82
611000,0,-77.2,8.5
611200,0,-79.09,4.82
611400,0,-77.53,6.63
611600,0,-80.89,5.47
611800,1,-70.41,12.64
612000,1,-79.13,11.16
612200,1,-70.78,12.99
612400,1,-74.89,12.61
612600,1,-71.72,8.54
612800,1,-75.02,10.62
613000,1,-80.12,9.86
613200,1,-76.42,9.72
613400,0,-78.67,13.84
613600,1,-77.6,12.35
613800,1,-69.47,14.06
614000,1,-80.84,17.59
614200,1,-79.28,6.23
614400,1,-74.55,10.16
614600,1,-80.36,12.67
614800,1,-80.95,15.25
615000,1,-73.64,7.42
615200,1,-76.91,10.49
615400,1,-75.47,15.48
615600,1,-72.85,9.78
615800,0,-76.9,11.7
616000,1,-70.44,10.27
616200,1,-70.46,10.67
616400,1,-78.77,11.05
616600,1,-77.17,10.89
616800,1,-72.12,14.38
617000,0,-75.32,12.7
617200,1,-69.16,9.4
617400,1,-70.51,12.2
617600,0,-79.11,4.23
617800,0,-85.76,9.43
618000,1,-79.62,9.97
618200,1,-76.75,14.47
618400,1,-73.54,12.05
618600,1,-81.44,18.68
618800,1,-76.38,9.06
619000,1,-73.9,12.12
619200,1,-77.27,12.1
619400,1,-75.14,10.85
619600,0,-81.2,7.99
619800,1,-80.6,7.99
620000,1,-79.11,12.34
620200,1,-73.61,15.9
620400,1,-77.65,7.0
620600,1,-81.72,11.81
620800,1,-74.78,17.57
621000,1,-78.77,10.12
621200,0,-84.84,5.04
621400,0,-81.73,9.22
621600,0,-75.64,5.87
621800,0,-84.44,1.84
622000,0,-87.45,7.63
622200,0,-83.83,2.1
622400,1,-71.91,11.77
622600,0,-80.18,6.06
622800,1,-78.37,10.06
623000,1,-80.18,15.05
623200,0,-80.99,5.11
623400,0,-76.36,5.64
623600,0,-75.76,8.11
623800,0,-79.57,2.29
624000,0,-79.66,3.51
624200,0,-79.84,9.08
624400,0,-87.74,5.63
624600,0,-85.48,9.59
624800,0,-79.23,6.68
625000,1,-70.06,12.32
625200,1,-74.36,10.32
625400,0,-79.42,6.31
625600,0,-86.14,1.64
625800,1,-78.64,9.03
626000,1,-80.65,11.41
626200,1,-73.04,9.64
626400,1,-71.01,8.43
626600,1,-72.38,18.33
626800,0,-85.09,6.23
627000,0,-77.37,7.98
627200,0,-77.83,8.46
627400,0,-78.88,6.03
627600,0,-81.44,7.87
627800,0,-82.83,6.29
628000,0,-82.53,5.96
628200,0,-81.16,5.44
628400,0,-83.6,3.86
628600,0,-83.48,6.97
628800,0,-79.08,5.6
629000,1,-75.02,6.82
629200,0,-76.25,10.5
629400,1,-78.86,13.07
629600,1,-76.91,8.54
629800,1,-73.12,6.62
630000,1,-76.31,8.85
630200,1,-72.22,10.6
630400,1,-68.72,8.04
630600,1,-73.79,11.4
630800,1,-72.62,12.03
631000,1,-79.11,9.14
631200,1,-66.04,10.71
631400,1,-71.77,14.78
631600,1,-75.13,15.07
631800,1,-70.99,10.99
632000,1,-79.37,10.07
632200,1,-73.76,13.12
632400,1,-74.7,16.96
632600,1,-78.51,11.45
632800,1,-73.94,11.5
633000,0,-78.36,7.99
633200,0,-86.15,9.22
633400,1,-74.56,11.46
633600,1,-80.43,15.77
633800,1,-73.28,12.1
634000,1,-73.57,13.71
634200,1,-75.37,11.78
634400,1,-72.19,11.6
634600,1,-82.85,12.8
634800,1,-75.08,14.46
635000,1,-74.63,12.12
635200,1,-77.0,15.03
635400,1,-72.76,12.46
635600,0,-83.38,4.57
635800,1,-72.35,9.97
636000,1,-74.23,12.96
636200,1,-75.4,16.18
636400,1,-72.78,11.4
636600,1,-74.91,13.41
636800,0,-79.16,4.44
637000,0,-80.5,7.37
637200,0,-75.29,7.79
637400,0,-75.48,10.8
637600,0,-80.18,7.96
637800,0,-79.98,9.39
638000,1,-73.02,10.56
638200,0,-87.42,4.27
638400,0,-85.66,7.1
638600,0,-71.41,6.7
638800,1,-74.0,13.78
639000,1,-81.48,10.28
639200,1,-71.89,8.99
639400,1,-81.93,13.84
639600,0,-77.51,11.79
639800,1,-75.55,11.18
640000,1,-74.91,15.05
640200,1,-69.62,10.13
640400,1,-82.08,12.5
640600,1,-72.06,13.04
640800,1,-74.86,9.44
641000,1,-77.42,13.17
641200,1,-69.27,14.53
641400,1,-77.65,16.56
641600,1,-78.2,11.02
641800,0,-80.58,2.85
642000,0,-78.14,0.18
642200,1,-79.79,12.12
642400,1,-78.41,8.95
642600,1,-72.51,11.71
642800,1,-75.42,9.59
643000,1,-71.01,11.4
643200,1,-79.85,8.83
643400,1,-75.11,13.59
643600,1,-74.98,12.82
643800,1,-76.8,8.62
644000,1,-77.17,12.85
644200,1,-75.89,12.66
644400,1,-77.33,11.0
644600,1,-77.44,12.46
644800,1,-76.04,11.08
645000,1,-76.3,12.53
645200,1,-73.04,14.45
645400,1,-72.36,15.53
645600,1,-78.99,11.99
645800,1,-75.2,12.07
646000,1,-70.75,7.24
646200,1,-70.84,16.79
646400,1,-75.58,10.63
646600,1,-79.61,14.94
646800,1,-77.88,13.14
647000,1,-77.02,4.61
647200,1,-74.51,8.29
647400,1,-73.28,6.89
647600,1,-76.48,12.72
647800,1,-76.81,11.19
648000,1,-75.24,7.49
648200,0,-81.75,6.56
648400,0,-79.25,7.43
648600,0,-81.16,3.33
648800,1,-75.02,13.16
649000,1,-77.96,16.95
649200,0,-77.08,4.69
649400,1,-71.34,9.15
649600,1,-71.38,11.26
649800,0,-81.46,5.78
650000,0,-79.09,9.52
650200,1,-77.47,16.29
650400,1,-78.06,9.04
650600,1,-78.57,18.76
650800,1,-74.66,12.78
651000,1,-75.55,13.07
651200,1,-76.18,15.0
651400,1,-77.31,12.08
651600,1,-86.24,15.95
651800,1,-72.54,15.23
652000,1,-71.67,11.52
652200,1,-82.36,14.46
652400,1,-74.78,10.04
652600,1,-73.53,14.13
652800,1,-75.71,11.78
653000,1,-68.71,14.89
653200,1,-75.09,14.49
653400,0,-75.02,15.01
653600,0,-85.31,9.25
653800,0,-82.64,8.87
654000,1,-75.63,10.53
654200,0,-75.95,10.58
654400,0,-75.65,8.11
654600,1,-77.37,8.2
654800,1,-76.26,8.75
655000,1,-77.46,13.41
655200,1,-76.06,16.88
655400,1,-74.95,8.86
655600,0,-73.99,14.78
655800,1,-73.77,10.64
656000,1,-73.09,11.04
656200,1,-73.65,10.18
656400,0,-79.61,4.86
656600,0,-82.69,6.71
656800,0,-76.45,8.11
657000,0,-80.88,3.72
657200,0,-83.47,7.4
657400,0,-84.62,5.67
657600,0,-81.35,8.2
657800,0,-80.97,8.54
658000,0,-81.81,7.59
658200,1,-73.17,9.83
658400,1,-69.03,16.99
658600,1,-72.98,13.88
658800,1,-75.69,13.11
659000,1,-83.4,13.76
659200,1,-71.3,15.27
659400,1,-72.74,9.54
659600,1,-71.59,10.23
659800,1,-72.47,14.76
660000,1,-79.82,8.48
660200,0,-75.67,7.89
660400,1,-75.27,12.18
660600,1,-86.34,9.63
660800,1,-76.56,12.62
661000,0,-80.47,6.48
661200,0,-78.32,9.73
661400,0,-82.34,9.78
661600,1,-71.43,11.53
661800,1,-71.93,13.51
662000,1,-76.34,10.04
662200,1,-72.02,8.5
662400,1,-75.31,10.67
662600,0,-79.73,4.09
662800,1,-72.73,10.5
663000,1,-76.63,15.05
663200,1,-69.37,12.62
663400,0,-84.78,10.63
663600,1,-74.91,15.66
663800,1,-75.41,9.41
664000,0,-84.83,8.76
664200,0,-78.88,5.92
664400,0,-77.9,3.95
664600,1,-77.1,8.65
664800,1,-76.04,13.13
665000,1,-73.25,10.38
665200,1,-72.13,12.21
665400,1,-77.2,9.44
665600,1,-73.26,14.39
665800,1,-76.18,7.66
666000,1,-70.85,11.21
666200,1,-77.99,11.2
666400,1,-77.34,10.83
666600,1,-77.54,7.92
666800,1,-69.8,10.89
667000,1,-71.49,9.21
667200,1,-73.15,10.37
667400,1,-73.8,10.82
667600,1,-79.87,13.07
667800,1,-71.14,8.59
668000,1,-72.04,15.04
668200,0,-79.46,6.56
668400,0,-83.72,3.79
668600,0,-81.44,14.6
668800,1,-77.22,12.88
669000,1,-70.02,15.38
669200,1,-77.06,10.79
669400,0,-81.49,9.81
669600,0,-76.81,9.81
669800,0,-82.93,12.67
670000,0,-80.07,4.34
670200,0,-83.85,7.46
670400,0,-81.15,7.82
670600,0,-77.41,6.57
670800,0,-82.92,5.13
671000,1,-77.27,8.52
671200,1,-69.94,13.28
671400,1,-70.19,14.21
671600,1,-73.94,12.0
671800,0,-86.1,4.43
672000,1,-76.36,13.14
672200,1,-78.09,8.88
672400,1,-85.48,14.32
672600,1,-71.41,8.34
672800,1,-71.74,14.47
673000,1,-79.54,14.4
673200,1,-79.91,9.17
673400,1,-80.13,9.62
673600,1,-72.12,12.94
673800,1,-75.52,11.14
674000,0,-85.16,7.09
674200,0,-79.39,8.8
674400,0,-83.3,2.17
674600,0,-78.65,6.49
674800,0,-79.74,8.53
675000,1,-74.67,12.45
675200,1,-79.93,15.45
675400,1,-78.12,13.49
675600,1,-78.24,9.54
675800,1,-71.66,10.02
676000,1,-74.32,10.78
676200,1,-74.65,10.87
676400,1,-75.78,10.24
676600,0,-81.91,8.86
676800,0,-84.03,6.03
677000,0,-76.68,8.41
677200,0,-80.32,7.32
677400,0,-81.23,1.38
677600,1,-77.17,15.54
677800,1,-75.92,8.93
678000,1,-70.55,12.46
678200,1,-79.15,10.62
678400,1,-72.61,9.25
678600,1,-74.19,14.34
678800,1,-78.68,12.99
679000,0,-82.28,8.35
679200,0,-75.3,7.95
679400,0,-81.2,4.95
679600,0,-81.9,8.57
679800,1,-75.6,10.39
680000,1,-75.32,13.24
680200,1,-75.22,14.9
680400,0,-73.0,9.26
680600,1,-74.8,11.68
680800,0,-77.64,6.31
681000,0,-80.16,4.5
681200,0,-80.37,10.72
681400,0,-74.7,12.7
681600,0,-74.97,10.39
681800,1,-71.64,10.63
682000,1,-72.89,11.33
682200,0,-80.76,6.25
682400,1,-77.51,15.9
682600,1,-71.76,14.48
682800,1,-73.18,8.65
683000,1,-75.94,11.67
683200,1,-75.91,9.39
683400,1,-74.4,9.31
683600,1,-77.08,11.86
683800,1,-78.2,11.83
684000,1,-77.98,9.66
684200,0,-71.21,12.89
684400,1,-76.22,13.19
684600,0,-74.55,12.48
684800,1,-74.97,9.96
685000,1,-71.89,11.73
685200,1,-75.91,10.55
685400,1,-73.35,13.79
685600,1,-77.09,12.47
685800,1,-68.51,9.4
686000,1,-80.86,13.93
686200,1,-73.36,9.17
686400,0,-86.37,6.07
686600,0,-82.11,6.85
686800,0,-78.14,3.77
687000,0,-84.42,7.7
687200,1,-78.37,11.78
687400,1,-74.57,12.65
687600,1,-74.36,11.58
687800,1,-72.12,13.08
688000,1,-72.13,10.83
688200,1,-77.71,10.12
688400,1,-75.37,9.56
688600,1,-78.03,13.0
688800,0,-77.91,5.91
689000,1,-72.59,15.41
689200,1,-75.52,7.02
689400,1,-76.74,9.57
689600,1,-71.08,11.67
689800,1,-74.41,14.66
690000,1,-82.14,12.49
690200,0,-86.3,5.71
690400,1,-69.71,8.52
690600,1,-77.3,8.52
690800,1,-76.3,7.96
691000,1,-75.93,10.95
691200,0,-82.86,6.89
691400,0,-79.31,10.77
691600,0,-78.3,5.72
691800,0,-89.3,7.22
692000,1,-70.61,11.76
692200,1,-77.1,12.28
692400,1,-70.33,12.01
692600,1,-75.14,14.77
692800,1,-71.03,13.89
693000,1,-75.8,12.03
693200,1,-77.76,11.98
693400,1,-81.68,11.65
693600,1,-72.79,14.47
693800,1,-70.1,14.72
694000,1,-76.8,13.43
694200,1,-71.94,15.62
694400,1,-78.7,8.63
694600,1,-75.01,10.28
694800,1,-74.54,12.65
695000,1,-80.84,13.11
695200,1,-75.87,10.89
695400,1,-79.76,11.77
695600,1,-77.58,11.28
695800,1,-76.89,16.08
696000,1,-70.66,10.83
696200,1,-80.64,10.74
696400,1,-76.58,14.2
696600,1,-74.48,9.91
696800,1,-72.16,13.62
697000,0,-73.93,9.75
697200,1,-80.31,11.54
697400,1,-75.15,6.29
697600,1,-73.35,8.17
697800,1,-79.48,11.08
698000,1,-73.8,10.46
698200,1,-74.53,10.04
698400,1,-72.83,13.98
698600,1,-77.8,12.99
698800,0,-69.11,9.85
699000,1,-74.67,12.16
699200,1,-77.26,9.65
699400,1,-72.68,15.4
699600,0,-79.61,7.46
699800,0,-81.33,8.9
700000,0,-82.3,6.07
700200,1,-77.54,7.63
700400,1,-74.1,11.09
700600,1,-72.97,13.99
700800,1,-77.49,10.1
701000,1,-79.42,7.06
701200,1,-70.61,14.75
701400,1,-75.69,12.19
701600,1,-80.31,7.28
701800,1,-73.92,10.6
702000,1,-71.55,14.08
702200,1,-75.09,9.58
702400,1,-75.33,13.86
702600,0,-77.36,10.19
702800,1,-71.84,13.4
703000,1,-78.51,9.08
703200,1,-73.6,9.76
703400,1,-73.47,11.64
703600,1,-77.98,10.71
703800,0,-77.35,4.79
704000,0,-81.27,1.74
704200,0,-77.51,7.37
704400,1,-77.17,10.88
704600,1,-81.4,11.07
704800,1,-72.6,11.29
705000,1,-73.2,9.39
705200,1,-73.11,9.2
705400,0,-77.64,5.82
705600,0,-85.01,6.4
705800,1,-78.16,13.09
706000,1,-74.53,12.49
706200,1,-69.18,9.98
706400,1,-73.25,9.49
706600,1,-83.69,13.04
706800,1,-75.23,14.97
707000,1,-82.39,10.71
707200,1,-77.44,11.7
707400,1,-69.04,17.96
707600,0,-80.28,5.95
707800,1,-72.41,13.27
708000,1,-73.46,9.66
708200,1,-75.74,9.18
708400,1,-77.38,9.02
708600,1,-72.22,11.86
708800,1,-72.71,13.52
709000,1,-74.5,10.61
709200,1,-76.84,13.89
709400,1,-71.82,15.95
709600,1,-71.08,10.19
709800,1,-74.86,10.55
710000,0,-76.11,10.56
710200,1,-75.64,9.49
710400,0,-75.15,5.5
710600,0,-77.64,8.92
710800,1,-77.14,8.85
711000,1,-73.08,11.95
711200,1,-74.09,11.51
711400,1,-71.56,9.16
711600,1,-74.67,9.74
711800,1,-75.29,12.12
712000,1,-74.65,8.66
712200,1,-77.37,9.12
712400,0,-79.39,10.43
712600,1,-82.9,13.02
712800,1,-79.89,7.28
713000,1,-75.9,14.3
713200,1,-71.8,10.82
713400,1,-78.52,10.11
713600,1,-73.24,13.55
713800,1,-74.31,14.49
714000,1,-75.42,13.3
714200,1,-73.21,16.01
714400,1,-78.94,10.62
714600,1,-70.27,11.03
714800,1,-72.98,11.33
715000,1,-69.62,9.39
715200,1,-69.67,9.25
715400,1,-71.07,12.29
715600,1,-75.03,13.89
715800,1,-72.13,12.24
716000,0,-82.65,1.96
716200,0,-79.75,8.0
716400,0,-78.79,8.9
716600,0,-84.68,7.2
716800,0,-70.91,10.04
717000,1,-69.64,10.48
717200,1,-70.44,12.06
717400,1,-79.37,10.71
717600,0,-80.69,9.71
717800,0,-84.92,3.26
718000,0,-77.87,2.12
718200,0,-85.58,10.18
718400,1,-76.32,9.79
718600,1,-75.08,7.02
718800,0,-78.99,3.87
719000,0,-80.03,6.88
719200,1,-71.99,12.16
719400,1,-75.61,9.36
719600,1,-75.24,14.21
719800,1,-72.34,10.99
720000,1,-71.92,11.0
720200,1,-71.91,15.08
720400,1,-80.29,11.82
720600,1,-74.44,9.72
720800,1,-69.58,10.77
721000,1,-69.93,12.26
721200,0,-76.23,10.09
721400,0,-75.83,5.44
721600,1,-71.21,10.02
721800,1,-72.81,10.46
722000,1,-80.9,9.61
722200,1,-72.55,7.31
722400,0,-72.79,4.21
722600,1,-75.18,11.92
722800,1,-73.81,12.88
723000,1,-76.5,11.37
723200,1,-75.12,12.6
723400,0,-78.76,10.18
723600,0,-76.04,13.37
723800,1,-75.9,11.43
724000,1,-74.04,11.79
724200,1,-76.77,14.4
724400,1,-78.23,9.52
724600,1,-70.98,9.91
724800,1,-79.53,13.2
725000,1,-69.93,12.9
725200,1,-77.62,15.13
725400,0,-82.55,7.04
725600,0,-84.22,7.57
725800,0,-81.94,4.28
726000,0,-82.54,5.98
726200,1,-73.77,9.06
726400,0,-75.84,8.13
726600,0,-84.5,4.6
726800,0,-82.04,4.68
727000,1,-77.36,12.95
727200,1,-75.34,10.05
727400,1,-69.9,14.0
727600,1,-75.66,7.31
727800,1,-70.43,10.15
728000,1,-75.78,9.15
728200,1,-69.21,7.42
728400,0,-81.43,3.63
728600,1,-71.69,15.62
728800,1,-71.64,8.93
729000,1,-80.09,14.54
729200,1,-79.52,9.86
729400,1,-77.57,10.18
729600,1,-75.34,11.37
729800,1,-80.39,10.63
730000,0,-79.74,8.05
730200,0,-80.54,6.74
730400,1,-71.05,12.06
730600,1,-75.9,10.49
730800,0,-79.5,4.63
731000,0,-86.27,6.01
731200,0,-80.88,4.92
731400,0,-77.26,6.34
731600,0,-80.78,6.93
731800,0,-81.95,5.98
732000,0,-83.32,6.93
732200,1,-73.8,11.86
732400,1,-80.07,11.56
732600,1,-75.77,10.37
732800,1,-75.53,10.21
733000,1,-69.02,15.98
733200,1,-73.65,12.23
733400,1,-81.19,12.15
733600,1,-78.12,9.85
733800,1,-79.24,11.82
734000,1,-70.69,11.52
734200,1,-74.63,11.31
734400,0,-82.31,1.25
734600,0,-82.92,5.81
734800,0,-82.05,7.48
735000,1,-79.2,13.78
735200,1,-73.34,9.48
735400,1,-74.97,9.26
735600,0,-76.0,12.63
735800,1,-75.34,12.06
736000,1,-73.16,11.39
736200,0,-84.02,5.61
736400,0,-81.81,6.0
736600,1,-74.42,9.32
736800,0,-76.84,14.2
737000,1,-81.59,10.57
737200,0,-82.9,6.38
737400,0,-83.03,7.17
737600,1,-70.9,10.45
737800,1,-79.83,10.77
738000,1,-74.82,11.94
738200,1,-73.26,14.1
738400,1,-81.11,15.56
738600,1,-77.18,13.1
738800,0,-78.76,11.39
739000,0,-77.63,9.25
739200,1,-74.94,10.83
739400,1,-73.44,11.33
739600,0,-81.34,6.64
739800,0,-84.61,8.49
740000,1,-76.0,14.65
740200,0,-81.2,3.48
740400,0,-75.37,7.46
740600,1,-75.87,10.53
740800,1,-77.98,15.48
741000,1,-72.14,10.09
741200,1,-72.93,12.19
741400,1,-78.37,12.24
741600,1,-72.5,8.21
741800,0,-73.18,7.27
742000,0,-76.94,5.05
742200,0,-80.05,11.82
742400,1,-80.57,13.12
742600,1,-74.96,10.47
742800,1,-70.93,9.31
743000,1,-76.02,9.49
743200,0,-81.11,3.99
743400,0,-83.59,1.5
743600,1,-75.54,11.55
743800,1,-70.54,11.66
744000,1,-75.67,11.36
744200,0,-82.94,3.88
744400,0,-84.25,10.05
744600,0,-82.77,8.31
744800,1,-73.95,8.25
745000,0,-78.13,3.74
745200,0,-80.8,7.8
745400,0,-82.57,6.83
745600,1,-78.12,11.23
745800,1,-73.39,12.46
746000,0,-77.5,11.17
746200,0,-79.44,11.14
746400,0,-78.83,2.98
746600,0,-74.58,6.88
746800,0,-83.88,7.05
747000,0,-83.72,3.32
747200,1,-71.69,11.9
747400,0,-76.18,7.23
747600,1,-78.82,17.92
747800,1,-73.82,9.79
748000,0,-75.87,11.82
748200,0,-79.96,6.46
748400,0,-83.61,9.03
748600,1,-69.52,5.72
748800,1,-74.68,12.51
749000,0,-84.0,7.44
749200,0,-77.68,6.06
749400,1,-75.28,10.54
749600,1,-79.79,11.62
749800,1,-76.69,9.97
750000,1,-74.43,12.59
750200,0,-79.98,3.48
750400,0,-80.15,3.34
750600,0,-76.3,4.74
750800,0,-80.1,6.0
751000,0,-83.64,10.74
751200,1,-76.61,13.22
751400,1,-74.16,12.5
751600,1,-72.07,14.59
751800,1,-72.73,12.61
752000,1,-74.78,12.27
752200,1,-73.41,11.29
752400,1,-71.49,9.29
752600,1,-77.21,6.48
752800,1,-71.58,10.94
753000,1,-76.34,10.42
753200,1,-73.57,9.55
753400,1,-75.65,9.23
753600,1,-73.49,11.68
753800,1,-77.37,9.41
754000,0,-81.22,10.19
754200,0,-79.82,5.95
754400,0,-84.24,6.12
754600,0,-79.16,9.07
754800,0,-81.98,2.93
755000,1,-84.2,10.71
755200,0,-79.54,6.08
755400,0,-79.43,0.52
755600,0,-81.95,7.29
755800,0,-81.72,8.28
756000,1,-71.56,14.01
756200,1,-75.41,9.59
756400,1,-71.66,13.43
756600,1,-72.99,11.8
756800,1,-74.32,13.45
757000,1,-80.11,8.64
757200,1,-73.17,12.66
757400,0,-78.52,7.69
757600,0,-83.52,8.3
757800,1,-72.95,13.09
758000,1,-74.75,6.56
758200,1,-69.9,13.54
758400,0,-78.19,13.63
758600,1,-79.42,12.59
758800,0,-79.5,5.28
759000,0,-81.33,3.82
759200,1,-74.85,8.9
759400,1,-78.56,13.77
759600,1,-70.19,12.01
759800,1,-74.53,10.1
760000,0,-80.27,8.39
760200,0,-82.55,4.12
760400,0,-80.2,4.34
760600,0,-85.61,6.59
760800,1,-76.08,12.81
761000,1,-73.86,13.9
761200,1,-73.54,5.71
761400,1,-78.34,11.57
761600,1,-76.67,12.04
761800,1,-77.24,12.64
762000,1,-75.54,10.45
762200,0,-75.12,7.43
762400,1,-79.07,9.07
762600,0,-69.98,15.39
762800,0,-76.94,11.47
763000,1,-76.04,9.17
763200,1,-76.61,10.53
763400,1,-71.39,9.88
763600,0,-80.79,4.14
763800,0,-76.99,7.53
764000,0,-77.67,8.31
764200,1,-75.86,10.97
764400,1,-70.59,11.01
764600,0,-71.35,10.22
764800,1,-76.75,14.88
765000,1,-73.87,8.68
765200,1,-78.34,12.32
765400,1,-74.54,10.39
765600,1,-82.74,11.84
765800,1,-71.87,11.91
766000,1,-74.13,10.01
766200,1,-69.46,11.53
766400,1,-71.54,11.69
766600,1,-81.82,12.73
766800,0,-76.68,7.93
767000,0,-85.08,9.16
767200,0,-80.27,8.73
767400,1,-74.85,12.66
767600,0,-75.63,10.2
767800,1,-72.4,9.99
768000,1,-72.88,10.02
768200,1,-69.44,11.15
768400,1,-72.33,12.2
768600,0,-75.19,6.47
768800,0,-82.03,8.26
769000,1,-77.88,11.01
769200,0,-78.96,12.6
769400,0,-82.35,4.01
769600,0,-83.15,11.72
769800,1,-74.9,9.0
770000,1,-77.57,9.93
770200,1,-72.92,11.51
770400,1,-73.74,12.54
770600,0,-79.86,5.75
770800,0,-83.6,8.56
771000,1,-77.16,8.45
771200,0,-73.54,8.77
771400,1,-67.13,7.93
771600,1,-77.24,11.49
771800,1,-71.58,11.84
772000,1,-75.89,11.98
772200,0,-79.32,6.44
772400,0,-77.77,7.2
772600,0,-82.94,12.14
772800,1,-72.62,12.7
773000,1,-80.79,8.94
773200,1,-73.01,13.14
773400,1,-71.6,9.87
773600,1,-75.4,14.37
773800,1,-75.08,10.72
774000,1,-76.4,16.14
774200,1,-76.16,9.18
774400,1,-68.24,14.39
774600,1,-77.11,7.43
774800,1,-72.08,11.93
775000,1,-68.87,6.19
775200,1,-76.07,8.11
775400,1,-74.95,10.61
775600,1,-74.02,11.3
775800,0,-83.51,5.35
776000,0,-75.4,4.74
776200,1,-78.6,14.78
776400,0,-81.16,5.71
776600,0,-85.37,6.55
776800,0,-79.45,4.29
777000,0,-74.35,6.71
777200,0,-81.68,7.48
777400,0,-78.67,3.69
777600,1,-75.3,11.76
777800,1,-76.07,9.88
778000,1,-74.23,9.71
778200,1,-74.18,13.08
778400,1,-72.27,14.09
778600,1,-83.39,9.26
778800,1,-72.19,11.8
779000,1,-80.33,12.61
779200,1,-79.83,11.55
779400,1,-68.69,10.87
779600,1,-78.16,11.96
779800,1,-73.4,9.34
780000,1,-75.85,8.92
780200,1,-76.75,11.92
780400,1,-72.43,7.19
780600,1,-74.07,11.53
780800,1,-72.08,11.88
781000,1,-73.66,13.41
781200,1,-73.16,14.16
781400,1,-72.79,13.85
781600,0,-81.65,6.49
781800,0,-80.3,6.29
782000,0,-82.47,6.28
782200,0,-83.07,7.32
782400,0,-85.1,6.26
782600,0,-90.36,7.0
782800,1,-72.64,13.22
783000,1,-80.24,12.72
783200,1,-73.65,9.03
783400,1,-74.04,16.33
783600,1,-75.26,13.34
783800,1,-79.56,9.69
784000,0,-78.87,9.67
784200,1,-77.32,7.88
784400,1,-71.28,9.01
784600,0,-77.53,10.79
784800,0,-79.56,4.34
785000,0,-82.73,3.78
785200,1,-75.01,10.27
785400,1,-73.83,8.39
785600,1,-76.47,10.6
785800,0,-83.13,7.39
786000,0,-81.23,8.14
786200,1,-73.57,9.09
786400,1,-78.05,12.35
786600,1,-72.09,7.71
786800,1,-71.74,12.81
787000,1,-71.71,11.99
787200,1,-78.52,14.12
787400,1,-72.52,13.32
787600,1,-77.3,8.14
787800,1,-75.08,9.31
788000,1,-79.11,14.51
788200,1,-73.91,14.81
788400,1,-69.84,12.86
788600,1,-76.24,8.73
788800,1,-75.19,9.34
789000,0,-79.76,6.89
789200,0,-80.38,5.39
789400,1,-77.32,16.21
789600,1,-72.7,14.14
789800,1,-74.61,12.69
790000,1,-75.75,11.17
790200,1,-74.27,11.03
790400,1,-79.58,7.74
790600,1,-77.28,13.92
790800,1,-71.23,13.6
791000,1,-74.05,13.07
791200,1,-67.06,8.0
791400,1,-77.25,11.34
791600,1,-76.28,11.4
791800,1,-76.45,12.49
792000,1,-78.84,12.31
792200,1,-72.28,7.45
792400,1,-77.3,8.33
792600,1,-74.79,10.58
792800,1,-70.86,11.65
793000,1,-71.09,8.1
793200,1,-75.92,10.23
793400,1,-74.8,7.03
793600,1,-74.56,8.38
793800,1,-75.98,10.39
794000,0,-81.61,0.74
794200,0,-80.23,7.98
794400,0,-76.33,11.7
794600,0,-76.89,8.0
794800,0,-81.11,5.69
795000,0,-81.73,4.93
795200,0,-76.65,8.89
795400,1,-67.8,14.41
795600,0,-77.03,8.11
795800,0,-78.73,6.48
796000,1,-74.6,10.52
796200,1,-70.54,13.9
796400,1,-74.13,14.62
796600,1,-72.26,9.41
796800,1,-72.77,14.86
797000,1,-73.76,9.06
797200,1,-78.28,9.7
797400,1,-75.34,11.09
797600,0,-79.38,12.03
797800,1,-70.86,11.75
798000,1,-76.48,14.89
798200,1,-74.32,12.07
798400,1,-79.83,12.83
798600,1,-77.72,11.65
798800,1,-73.96,10.25
799000,1,-74.01,15.88
799200,1,-69.78,13.29
799400,1,-77.16,8.01
799600,1,-78.17,10.47
799800,1,-76.86,12.59
800000,1,-71.23,11.4
800200,1,-71.2,10.48
800400,1,-71.99,12.14
800600,1,-71.15,9.45
800800,1,-77.9,12.29
801000,1,-75.0,12.74
801200,1,-72.04,7.31
801400,1,-71.26,11.77
801600,1,-68.99,14.22
801800,1,-77.24,13.23
802000,1,-72.98,12.71
802200,1,-76.08,10.63
802400,1,-70.26,12.71
802600,1,-73.27,10.5
802800,1,-73.63,14.88
803000,1,-73.92,8.48
803200,1,-74.52,11.87
803400,1,-77.68,11.84
803600,1,-80.47,15.8
803800,0,-78.67,10.4
804000,1,-75.57,12.75
804200,1,-75.27,8.59
804400,1,-71.95,15.36
804600,1,-74.22,8.39
804800,1,-75.15,15.32
805000,1,-64.7,12.25
805200,0,-77.59,6.33
805400,1,-74.93,10.4
805600,1,-72.69,13.32
805800,1,-77.02,9.59
806000,0,-73.5,8.88
806200,1,-73.45,14.76
806400,1,-74.49,8.53
806600,1,-75.05,12.36
806800,1,-78.91,7.95
807000,1,-75.67,12.25
807200,1,-77.33,13.61
807400,1,-68.54,14.29
807600,1,-72.8,12.31
807800,1,-69.12,7.29
808000,1,-69.21,13.88
808200,1,-80.1,13.34
808400,1,-74.16,11.91
808600,1,-77.69,6.43
808800,1,-76.33,14.26
809000,1,-76.56,10.33
809200,1,-73.0,10.25
809400,1,-77.71,12.27
809600,1,-75.24,8.33
809800,1,-75.33,13.41
810000,0,-87.01,3.43
810200,0,-81.88,6.4
810400,0,-84.44,4.62
810600,1,-74.03,11.79
810800,0,-75.73,12.14
811000,1,-73.67,11.93
811200,1,-72.51,11.01
811400,1,-71.78,9.54
811600,1,-75.41,7.5
811800,1,-80.17,7.3
812000,1,-74.79,14.6
812200,1,-78.18,8.49
812400,1,-73.23,11.53
812600,1,-75.55,9.07
812800,1,-76.8,9.59
813000,1,-75.3,12.05
813200,1,-78.04,13.21
813400,1,-79.88,11.16
813600,1,-72.42,12.46
813800,1,-75.1,11.56
814000,1,-75.79,11.7
814200,0,-79.79,7.77
814400,0,-79.58,5.04
814600,0,-82.68,3.2
814800,0,-79.73,6.26
815000,1,-74.2,9.45
815200,1,-76.27,9.82
815400,1,-78.91,11.28
815600,1,-77.7,12.4
815800,1,-74.38,10.85
816000,0,-79.44,8.21
816200,1,-69.13,14.08
816400,1,-74.65,13.09
816600,0,-86.18,4.1
816800,1,-69.37,14.45
817000,0,-71.13,9.0
817200,1,-79.2,10.99
817400,1,-73.04,11.86
817600,1,-80.9,16.74
817800,1,-78.66,15.29
818000,1,-78.59,12.84
818200,1,-79.13,11.09
818400,1,-80.0,11.66
818600,1,-69.13,11.84
818800,1,-71.66,7.62
819000,0,-77.91,13.29
819200,1,-76.51,9.33
819400,1,-69.92,13.2
819600,1,-73.24,8.85
819800,1,-73.26,13.15
820000,1,-74.77,13.38
820200,1,-77.91,13.29
820400,1,-76.04,8.82
820600,1,-72.96,10.65
820800,1,-75.27,12.81
821000,1,-74.28,10.19
821200,1,-73.32,15.07
821400,1,-74.83,11.99
821600,1,-73.85,9.02
821800,1,-78.18,12.3
822000,1,-78.09,14.63
822200,1,-77.41,11.4
822400,1,-72.96,8.33
822600,0,-85.48,3.61
822800,0,-80.8,8.96
823000,1,-73.23,10.61
823200,0,-76.15,10.73
823400,1,-74.16,10.84
823600,1,-75.46,12.53
823800,1,-74.72,11.46
824000,1,-72.1,10.99
824200,1,-78.73,16.59
824400,1,-77.74,12.67
824600,1,-75.65,11.3
824800,1,-71.53,12.08
825000,0,-78.82,6.27
825200,1,-76.52,7.52
825400,0,-82.8,9.16
825600,0,-85.56,9.25
825800,1,-71.71,6.3
826000,0,-79.36,7.12
826200,0,-83.5,8.36
826400,1,-76.79,16.62
826600,1,-71.98,9.06
826800,1,-74.89,10.65
827000,0,-76.08,7.15
827200,0,-83.64,6.31
827400,0,-81.96,5.97
827600,1,-71.01,12.51
827800,1,-67.01,9.99
828000,1,-76.91,14.19
828200,1,-78.02,9.53
828400,1,-80.03,12.16
828600,0,-76.94,7.38
828800,1,-73.5,7.52
829000,0,-82.19,11.09
829200,1,-79.75,13.81
829400,0,-81.52,7.73
829600,0,-78.24,8.6
829800,0,-83.27,7.65
830000,0,-80.46,10.44
830200,1,-78.2,10.07
830400,1,-70.67,17.5
830600,0,-84.63,9.82
830800,0,-79.78,5.41
831000,0,-87.41,7.33
831200,1,-77.28,16.5
831400,1,-76.73,12.92
831600,1,-75.1,14.46
831800,0,-79.49,-0.16
832000,0,-80.33,9.12
832200,0,-77.33,4.77
832400,0,-79.43,5.23
832600,1,-77.27,8.78
832800,1,-73.09,6.76
833000,1,-71.59,13.37
833200,0,-83.27,6.13
833400,0,-81.6,7.67
833600,0,-78.71,6.78
833800,0,-80.0,5.11
834000,0,-83.63,3.99
834200,1,-72.96,14.84
834400,0,-81.92,10.61
834600,1,-76.85,8.08
834800,1,-72.73,12.74
835000,1,-78.6,9.78
835200,1,-78.31,14.92
835400,1,-76.55,12.23
835600,1,-80.99,16.13
835800,1,-78.82,13.75
836000,1,-74.34,13.6
836200,1,-78.26,10.05
836400,1,-75.63,11.1
836600,1,-78.42,10.42
836800,1,-73.17,15.43
837000,1,-77.06,14.55
837200,1,-81.98,6.78
837400,1,-78.4,12.78
837600,1,-75.36,12.34
837800,0,-69.63,7.42
838000,1,-72.62,10.66
838200,1,-75.14,8.06
838400,0,-82.19,7.51
838600,1,-70.63,8.18
838800,0,-83.41,7.33
839000,0,-87.76,4.88
839200,0,-78.72,5.47
839400,0,-84.15,1.16
839600,0,-80.56,9.34
839800,0,-82.49,9.67
840000,1,-79.49,8.77
840200,1,-74.76,7.65
840400,0,-78.86,6.89
840600,0,-85.66,0.38
840800,0,-83.96,9.71
841000,0,-81.87,2.77
841200,0,-77.56,10.22
841400,1,-81.16,9.94
841600,1,-70.68,9.15
841800,1,-75.11,14.57
842000,1,-79.43,10.88
842200,0,-78.26,3.54
842400,0,-73.81,4.0
842600,1,-76.63,10.68
842800,1,-78.09,8.71
843000,1,-76.29,11.3
843200,1,-72.66,11.98
843400,1,-71.27,12.79
843600,1,-69.56,9.96
843800,1,-75.77,15.4
844000,0,-84.65,7.61
844200,0,-81.57,7.05
844400,1,-73.32,12.42
844600,1,-77.79,10.03
844800,1,-72.19,14.14
845000,1,-77.38,13.0
845200,0,-82.15,2.22
845400,0,-81.05,9.1
845600,1,-75.14,12.82
845800,1,-73.77,10.51
846000,1,-68.89,12.03
846200,1,-78.67,13.41
846400,1,-77.85,10.21
846600,1,-77.59,12.77
846800,1,-74.0,11.0
847000,1,-76.58,12.78
847200,1,-75.61,11.95
847400,1,-73.43,8.69
847600,1,-74.37,7.63
847800,1,-76.31,10.73
848000,1,-71.02,12.51
848200,1,-76.87,14.32
848400,1,-72.43,13.97
848600,0,-83.37,5.78
848800,0,-86.52,3.92
849000,1,-74.86,13.98
849200,1,-76.07,9.4
849400,1,-73.75,11.83
849600,1,-69.82,13.47
849800,1,-73.98,9.48
850000,1,-73.94,9.24
850200,1,-75.14,8.57
850400,0,-87.44,4.74
850600,1,-75.29,12.21
850800,1,-71.11,15.23
851000,1,-77.95,11.5
851200,1,-74.29,9.05
851400,0,-75.93,13.4
851600,1,-77.16,9.33
851800,1,-80.5,14.06
852000,1,-77.64,10.48
852200,0,-83.08,3.64
852400,0,-80.97,7.9
852600,1,-76.52,8.81
852800,0,-81.31,5.4
853000,0,-80.5,3.5
853200,0,-81.58,4.94
853400,0,-84.09,6.41
853600,1,-75.26,13.85
853800,1,-68.74,11.37
854000,1,-70.38,11.36
854200,1,-74.48,12.39
854400,1,-76.37,10.39
854600,1,-72.86,6.06
854800,1,-75.41,13.64
855000,1,-70.14,13.43
855200,0,-81.96,5.1
855400,0,-80.81,9.31
855600,0,-87.6,8.79
855800,1,-74.1,10.06
856000,1,-71.27,14.87
856200,0,-78.65,12.93
856400,0,-75.02,13.88
856600,1,-72.2,11.3
856800,1,-76.01,10.91
857000,1,-71.64,11.42
857200,1,-69.33,10.48
857400,0,-76.62,5.46
857600,1,-70.81,12.39
857800,1,-74.77,13.92
858000,1,-71.39,15.33
858200,1,-79.09,10.95
858400,1,-72.46,10.6
858600,1,-78.08,11.41
858800,1,-78.79,5.57
859000,1,-74.16,11.39
859200,0,-84.29,6.51
859400,0,-85.67,8.46
859600,1,-83.09,11.35
859800,1,-70.98,7.55
860000,0,-73.8,10.65
860200,0,-82.88,8.77
860400,0,-74.04,7.29
860600,0,-83.02,5.19
860800,1,-68.07,11.29
861000,1,-72.95,6.14
861200,0,-78.1,12.64
861400,0,-74.43,9.21
861600,1,-72.24,10.19
861800,0,-84.24,8.31
862000,1,-73.19,10.38
862200,1,-73.95,13.58
862400,1,-72.82,11.59
862600,1,-74.84,12.18
862800,1,-81.04,13.28
863000,1,-75.02,10.7
863200,0,-79.84,7.1
863400,1,-75.02,13.61
863600,1,-71.9,7.59
863800,1,-80.54,9.87
864000,1,-79.07,10.94
864200,1,-74.84,14.54
864400,1,-75.74,9.88
864600,1,-75.08,11.1
864800,1,-72.55,14.81
865000,1,-79.13,12.25
865200,1,-79.99,10.83
865400,1,-73.52,14.62
865600,1,-78.68,11.55
865800,1,-71.61,10.57
866000,1,-80.03,10.46
866200,0,-84.56,9.18
866400,1,-72.41,9.22
866600,0,-75.17,13.27
866800,1,-73.6,9.57
867000,1,-75.93,12.25
867200,1,-75.68,9.77
867400,1,-72.19,8.66
867600,1,-75.04,15.37
867800,1,-79.33,9.86
868000,1,-76.08,10.32
868200,1,-77.99,12.15
868400,0,-79.08,11.27
868600,0,-77.43,6.46
868800,0,-88.03,7.03
869000,0,-82.04,7.47
869200,0,-83.45,7.92
869400,0,-79.01,10.33
869600,0,-79.27,11.55
869800,0,-87.98,3.35
870000,1,-72.87,10.36
870200,1,-81.01,14.47
870400,1,-76.03,15.21
870600,1,-78.25,13.5
870800,1,-80.62,11.82
871000,1,-73.6,11.19
871200,0,-78.51,10.17
871400,0,-78.19,6.21
871600,0,-83.4,9.73
871800,0,-86.19,7.79
872000,0,-79.07,7.99
872200,0,-80.1,11.61
872400,0,-78.9,10.7
872600,0,-82.34,3.33
872800,0,-81.96,5.66
873000,1,-73.33,10.55
873200,1,-77.38,11.75
873400,0,-80.9,3.15
873600,0,-80.83,7.92
873800,0,-84.27,4.2
874000,0,-75.29,5.61
874200,0,-81.8,5.19
874400,0,-81.91,9.63
874600,0,-78.44,9.82
874800,0,-78.84,9.52
875000,0,-86.93,4.72
875200,1,-70.75,15.09
875400,1,-77.6,13.26
875600,1,-74.67,11.85
875800,0,-80.54,0.48
876000,0,-78.44,9.22
876200,0,-83.1,7.74
876400,0,-80.83,11.42
876600,0,-76.56,15.23
876800,1,-74.17,12.89
877000,0,-79.98,3.29
877200,0,-87.07,3.25
877400,1,-80.34,11.46
877600,1,-72.72,11.91
877800,1,-79.08,9.27
878000,1,-81.27,11.64
878200,0,-76.63,11.28
878400,1,-76.24,10.04
878600,1,-77.73,9.18
878800,1,-77.58,9.95
879000,0,-77.93,11.54
879200,0,-85.37,1.7
879400,0,-76.86,12.47
879600,1,-72.83,9.34
879800,1,-72.06,11.12
880000,1,-81.25,15.49
880200,1,-74.26,9.18
880400,1,-71.47,9.53
880600,0,-81.06,10.12
880800,1,-78.25,10.18
881000,0,-74.69,4.85
881200,0,-80.52,3.15
881400,1,-76.72,11.92
881600,1,-77.69,8.86
881800,1,-74.23,13.67
882000,1,-80.71,17.06
882200,1,-76.11,14.28
882400,0,-73.4,8.62
882600,1,-79.13,13.85
882800,1,-77.27,8.76
883000,1,-75.26,12.2
883200,1,-76.31,7.53
883400,1,-75.3,11.46
883600,1,-74.0,14.05
883800,1,-72.6,11.15
884000,1,-68.51,15.58
884200,1,-76.04,8.51
884400,1,-73.26,12.94
884600,1,-73.9,7.11
884800,0,-75.74,8.26
885000,0,-84.14,4.48
885200,1,-82.12,8.44
885400,1,-74.78,14.4
885600,1,-72.06,9.04
885800,1,-72.46,13.13
886000,1,-73.93,12.07
886200,1,-76.7,13.47
886400,1,-74.92,8.56
886600,1,-73.36,13.85
886800,1,-73.04,10.94
887000,1,-72.48,11.7
887200,1,-79.24,13.17
887400,1,-74.63,9.69
887600,1,-71.19,9.08
887800,1,-80.64,11.37
888000,1,-76.97,18.97
888200,0,-73.97,11.57
888400,1,-80.72,16.1
888600,1,-70.37,10.02
888800,0,-75.47,12.71
889000,0,-84.74,1.91
889200,1,-71.51,15.2
889400,1,-74.3,10.68
889600,1,-79.41,12.74
889800,1,-77.23,11.47
890000,1,-78.64,13.57
890200,1,-78.6,10.96
890400,1,-73.59,18.87
890600,1,-72.53,10.48
890800,1,-79.95,10.68
891000,1,-77.32,12.94
891200,1,-72.53,12.39
891400,1,-82.31,14.64
891600,1,-74.28,12.85
891800,1,-71.52,13.67
892000,1,-78.04,15.42
892200,1,-69.51,10.29
892400,1,-74.51,11.86
892600,0,-71.01,14.32
892800,0,-79.49,10.35
893000,0,-82.22,2.86
893200,1,-64.58,5.18
893400,0,-80.38,8.91
893600,0,-81.69,9.0
893800,0,-80.97,4.02
894000,1,-81.09,14.69
894200,1,-77.96,12.09
894400,0,-83.38,6.88
894600,0,-77.5,9.35
894800,0,-76.33,8.75
895000,1,-74.93,10.39
895200,1,-80.53,12.23
895400,1,-69.92,11.62
895600,1,-75.18,10.58
895800,1,-72.65,12.62
896000,1,-81.35,12.7
896200,0,-75.83,12.48
896400,1,-72.29,7.36
896600,1,-72.96,11.83
896800,1,-77.78,10.29
897000,0,-87.09,7.71
897200,0,-83.22,1.63
897400,1,-72.63,12.52
897600,1,-76.3,10.83
897800,0,-83.08,9.24
898000,1,-77.64,9.69
898200,1,-67.55,14.66
898400,1,-75.66,14.55
898600,1,-72.46,13.29
898800,1,-71.75,12.62
899000,0,-81.43,10.48
899200,0,-88.0,8.22
899400,0,-76.18,12.79
899600,1,-76.14,15.21
899800,1,-76.3,9.6
900000,1,-74.99,12.34
900200,0,-76.79,6.1
900400,0,-82.77,5.89
900600,0,-76.59,3.76
900800,0,-77.9,1.5
901000,1,-77.7,10.25
901200,1,-81.21,10.31
901400,1,-70.91,13.18
901600,1,-71.13,12.9
901800,1,-73.04,11.36
902000,1,-76.77,5.06
902200,1,-78.14,10.56
902400,1,-76.63,14.83
902600,1,-76.37,12.44
902800,1,-80.7,11.28
903000,1,-77.61,6.07
903200,1,-75.71,11.48
903400,1,-74.78,15.89
903600,1,-67.84,11.38
903800,0,-87.02,2.45
904000,1,-75.4,13.29
904200,1,-73.21,15.81
904400,1,-72.91,14.64
904600,1,-69.59,15.61
904800,1,-76.28,11.92
905000,1,-76.5,15.96
905200,0,-84.9,6.82
905400,0,-82.09,4.72
905600,0,-81.46,6.97
905800,0,-82.95,5.91
906000,0,-77.66,6.62
906200,0,-84.33,6.6
906400,1,-74.3,14.25
906600,0,-78.23,4.79
906800,0,-83.41,7.92
907000,0,-81.91,5.72
907200,0,-83.88,6.34
907400,1,-74.42,12.52
907600,1,-79.7,12.0
907800,1,-77.74,12.26
908000,1,-69.16,13.24
908200,1,-75.36,13.97
908400,1,-79.52,14.02
908600,0,-82.82,6.44
908800,1,-71.32,14.77
909000,1,-69.07,10.6
909200,0,-79.71,15.57
909400,0,-80.52,10.73
909600,0,-76.64,6.99
909800,1,-81.2,13.39
910000,0,-84.94,4.01
910200,0,-78.65,16.69
910400,1,-73.55,14.21
910600,0,-73.92,12.81
910800,1,-79.85,9.76
911000,0,-81.23,4.74
911200,0,-81.61,10.02
911400,0,-79.16,6.7
911600,0,-81.99,6.87
911800,1,-79.7,13.42
912000,1,-71.96,9.19
912200,1,-77.74,7.55
912400,1,-74.86,11.17
912600,1,-79.19,13.58
912800,1,-76.25,13.54
913000,1,-73.95,12.11
913200,0,-81.0,10.31
913400,0,-86.53,13.54
913600,0,-86.3,8.66
913800,1,-76.01,14.61
914000,1,-72.18,13.68
914200,1,-74.1,8.08
914400,0,-79.98,5.33
914600,1,-77.38,8.48
914800,1,-77.9,10.18
915000,1,-75.48,11.02
915200,1,-76.53,12.84
915400,0,-73.88,11.25
915600,0,-79.12,8.59
915800,1,-78.63,15.16
916000,1,-70.93,11.53
916200,0,-82.3,6.75
916400,0,-79.61,6.25
916600,0,-73.44,11.17
916800,1,-74.67,12.16
917000,1,-83.72,12.14
917200,1,-78.34,11.31
917400,1,-74.84,16.7
917600,1,-84.26,10.8
917800,1,-73.72,11.67
918000,1,-72.32,16.09
918200,0,-84.96,4.9
918400,1,-76.12,9.18
918600,0,-78.3,2.98
918800,0,-82.94,7.59
919000,1,-74.5,10.26
919200,1,-76.53,11.01
919400,0,-83.08,14.21
919600,1,-75.62,10.85
919800,0,-83.96,2.41
920000,0,-78.49,6.09
920200,0,-84.39,2.37
920400,0,-81.84,12.54
920600,1,-74.23,9.6
920800,1,-75.37,12.28
921000,1,-72.53,12.32
921200,1,-77.1,9.15
921400,1,-79.78,9.94
921600,1,-73.87,12.72
921800,1,-76.33,12.19
922000,1,-67.45,13.21
922200,1,-67.92,10.4
922400,1,-73.89,7.75
922600,0,-80.99,6.4
922800,1,-74.52,9.94
923000,0,-79.06,14.54
923200,1,-72.7,11.54
923400,1,-75.92,12.91
923600,1,-70.57,11.6
923800,1,-73.58,10.34
924000,1,-77.35,15.35
924200,1,-71.56,16.6
924400,1,-70.62,9.31
924600,1,-75.55,10.04
924800,1,-72.49,10.13
925000,1,-74.61,11.06
925200,0,-86.68,6.56
925400,0,-77.82,7.1
925600,0,-81.46,5.32
925800,0,-75.67,7.3
926000,0,-80.57,10.26
926200,1,-73.49,10.05
926400,1,-82.22,13.39
926600,0,-77.39,6.23
926800,1,-73.2,5.54
927000,0,-76.74,4.52
927200,0,-82.15,5.86
927400,0,-84.86,4.78
927600,1,-73.33,14.26
927800,1,-73.44,11.86
928000,1,-73.91,11.39
928200,1,-76.1,7.0
928400,1,-74.69,11.6
928600,1,-69.72,5.35
928800,1,-73.39,13.91
929000,1,-77.57,8.51
929200,1,-79.47,11.95
929400,1,-70.37,14.02
929600,1,-73.22,13.48
929800,0,-83.79,8.96
930000,0,-79.69,3.81
930200,1,-71.35,11.29
930400,0,-78.53,6.47
930600,1,-72.24,10.14
930800,0,-74.46,10.42
931000,0,-73.18,12.56
931200,1,-77.37,10.19
931400,1,-74.39,11.27
931600,1,-73.74,12.26
931800,1,-69.56,11.01
932000,1,-77.67,12.0
932200,1,-71.56,10.76
932400,1,-71.62,14.53
932600,1,-73.83,13.12
932800,1,-69.47,9.61
933000,1,-76.12,14.13
933200,1,-76.14,11.83
933400,1,-77.96,12.7
933600,0,-74.04,11.2
933800,1,-78.4,14.68
934000,1,-70.78,8.21
934200,1,-75.6,14.43
934400,1,-67.89,12.76
934600,1,-74.59,16.55
934800,1,-74.5,8.42
935000,1,-73.99,9.83
935200,1,-79.14,10.92
935400,1,-74.72,11.7
935600,1,-76.79,12.64
935800,0,-85.04,3.03
936000,1,-77.56,13.96
936200,1,-79.28,5.88
936400,1,-74.24,11.22
936600,1,-74.02,13.11
936800,0,-82.39,1.68
937000,0,-82.59,4.96
937200,1,-72.68,11.43
937400,1,-72.12,12.61
937600,1,-75.65,11.98
937800,0,-69.13,8.71
938000,1,-77.87,9.55
938200,0,-81.86,8.48
938400,0,-82.12,6.07
938600,0,-79.21,3.93
938800,1,-77.25,12.09
939000,1,-74.14,10.85
939200,1,-77.46,6.16
939400,0,-75.07,9.42
939600,0,-83.25,8.13
939800,1,-74.45,9.87
940000,1,-77.12,9.11
940200,1,-75.36,13.62
940400,0,-74.73,12.17
940600,1,-76.11,13.61
940800,0,-77.92,4.22
941000,1,-73.86,11.01
941200,1,-78.67,13.4
941400,1,-74.45,10.9
941600,1,-71.36,8.71
941800,0,-79.56,1.92
942000,0,-82.76,3.99
942200,0,-82.85,7.38
942400,0,-79.08,7.28
942600,0,-77.22,15.05
942800,1,-71.46,11.56
943000,1,-78.55,10.79
943200,1,-76.33,13.29
943400,1,-78.15,14.93
943600,1,-72.63,12.94
943800,1,-79.54,12.77
944000,1,-79.47,11.8
944200,1,-75.85,12.46
944400,1,-74.98,5.78
944600,1,-76.67,9.79
944800,1,-77.01,7.94
945000,1,-75.06,14.85
945200,1,-77.74,7.62
945400,1,-76.38,9.64
945600,1,-78.84,7.3
945800,1,-71.79,12.58
946000,1,-74.27,7.88
946200,1,-79.93,10.62
946400,1,-77.42,9.02
946600,1,-75.35,13.09
946800,1,-74.9,12.05
947000,1,-75.71,10.87
947200,1,-79.13,13.9
947400,0,-85.83,4.97
947600,0,-78.04,9.57
947800,1,-78.02,10.56
948000,0,-82.85,6.25
948200,1,-78.02,8.79
948400,1,-71.52,10.44
948600,0,-83.26,4.34
948800,0,-76.58,5.15
949000,0,-85.75,4.26
949200,0,-78.73,2.79
949400,1,-73.6,13.01
949600,1,-77.06,12.4
949800,1,-75.27,8.52
950000,1,-74.7,11.83
950200,1,-78.65,18.73
950400,0,-68.89,7.14
950600,0,-80.63,4.02
950800,0,-84.45,10.25
951000,0,-85.16,6.34
951200,0,-80.47,11.8
951400,0,-85.05,6.12
951600,1,-75.32,8.77
951800,1,-81.16,12.75
952000,1,-75.94,9.81
952200,0,-72.56,15.05
952400,1,-74.28,11.09
952600,1,-72.96,12.4
952800,1,-71.8,9.52
953000,1,-74.49,13.95
953200,1,-79.22,11.0
953400,1,-76.86,12.51
953600,1,-76.88,12.94
953800,1,-77.87,10.67
954000,0,-72.38,7.0
954200,1,-72.34,11.97
954400,1,-76.39,11.71
954600,1,-76.31,12.1
954800,0,-77.03,6.02
955000,0,-83.42,3.96
955200,0,-84.28,6.38
955400,1,-75.59,14.19
955600,0,-81.3,7.48
955800,1,-72.13,7.41
956000,1,-67.07,11.56
956200,1,-73.47,9.71
956400,0,-78.52,6.49
956600,0,-80.97,8.56
956800,1,-71.14,11.73
957000,1,-76.73,7.71
957200,1,-74.69,9.76
957400,1,-75.99,11.58
957600,1,-76.21,13.74
957800,0,-82.92,7.05
958000,0,-83.63,4.74
958200,0,-80.07,3.7
958400,0,-79.94,6.54
958600,0,-80.48,7.24
958800,0,-78.68,4.44
959000,1,-72.33,10.96
959200,1,-79.11,8.88
959400,1,-70.43,13.18
959600,1,-76.66,12.13
959800,0,-83.98,12.25
960000,1,-74.19,11.69
960200,1,-78.22,11.77
960400,1,-73.63,11.14
960600,1,-76.44,11.66
960800,1,-75.13,12.82
961000,1,-70.64,10.1
961200,1,-71.22,14.39
961400,1,-78.86,10.66
961600,1,-76.8,13.79
961800,0,-83.17,7.54
962000,0,-82.98,8.42
962200,0,-77.72,3.61
962400,0,-82.79,4.73
962600,0,-84.03,3.17
962800,1,-77.01,13.23
963000,1,-73.79,15.22
963200,0,-85.33,8.07
963400,0,-86.72,5.03
963600,1,-79.33,12.28
963800,1,-69.87,15.57
964000,1,-74.12,9.72
964200,0,-77.47,6.99
964400,0,-81.64,10.24
964600,0,-72.81,6.5
964800,1,-78.3,11.77
965000,1,-72.71,9.84
965200,1,-76.81,10.49
965400,1,-74.87,11.88
965600,1,-76.22,10.17
965800,0,-75.12,4.44
966000,0,-83.26,3.33
966200,0,-81.7,6.95
966400,0,-84.48,5.75
966600,1,-75.24,12.36
966800,0,-74.43,7.65
967000,1,-75.87,10.48
967200,1,-69.33,13.43
967400,1,-75.94,6.29
967600,1,-75.31,11.44
967800,1,-75.94,12.86
968000,1,-75.43,12.97
968200,1,-77.18,14.94
968400,1,-82.22,10.51
968600,1,-75.64,14.48
968800,1,-71.88,11.18
969000,1,-74.13,12.64
969200,1,-68.8,10.78
969400,1,-78.41,8.65
969600,0,-80.73,7.66
969800,0,-83.35,8.72
970000,1,-76.67,15.18
970200,1,-78.56,9.4
970400,1,-80.24,11.17
970600,1,-78.22,12.46
970800,1,-74.62,9.0
971000,1,-79.69,15.73
971200,1,-78.1,11.46
971400,0,-78.86,5.0
971600,1,-73.76,12.49
971800,1,-76.53,8.38
972000,1,-73.72,12.78
972200,1,-77.76,13.96
972400,1,-72.79,13.07
972600,0,-78.13,7.0
972800,0,-83.79,3.67
973000,0,-83.07,6.94
973200,1,-78.25,13.46
973400,1,-73.67,13.18
973600,1,-75.58,12.78
973800,1,-81.63,8.1
974000,1,-71.81,10.36
974200,0,-80.55,8.3
974400,0,-82.28,8.65
974600,0,-79.7,7.82
974800,0,-78.98,10.82
975000,1,-74.16,12.88
975200,1,-74.58,12.16
975400,1,-74.21,10.61
975600,1,-76.62,8.78
975800,1,-76.35,14.31
976000,1,-75.34,12.16
976200,1,-74.46,13.66
976400,1,-70.16,8.58
976600,1,-74.74,9.21
976800,0,-78.41,4.8
977000,0,-82.81,3.34
977200,1,-77.39,12.65
977400,1,-77.53,9.64
977600,1,-77.02,8.31
977800,1,-72.97,11.33
978000,0,-74.74,6.89
978200,0,-80.95,4.61
978400,1,-79.72,8.98
978600,1,-78.42,6.27
978800,1,-69.77,16.15
979000,0,-79.27,16.55
979200,1,-77.18,10.83
979400,1,-74.33,11.87
979600,0,-75.55,6.55
979800,0,-86.68,9.05
980000,0,-82.23,8.59
980200,0,-77.3,6.95
980400,0,-83.54,6.23
980600,0,-82.19,6.12
980800,0,-73.94,3.56
981000,0,-79.04,8.55
981200,0,-86.17,3.3
981400,0,-84.16,5.15
981600,0,-86.34,10.25
981800,1,-71.93,10.62
982000,1,-77.07,12.47
982200,1,-73.55,13.71
982400,1,-73.66,11.75
982600,1,-77.34,16.42
982800,1,-77.35,10.63
983000,1,-78.76,11.03
983200,1,-75.37,14.29
983400,1,-79.91,9.27
983600,1,-75.53,9.11
983800,1,-72.19,12.78
984000,0,-72.98,3.78
984200,0,-81.3,9.95
984400,0,-76.2,9.74
984600,1,-80.32,12.6
984800,1,-71.53,9.6
985000,1,-77.43,17.96
985200,1,-73.27,11.77
985400,1,-75.92,9.14
985600,1,-71.09,10.82
985800,1,-72.46,13.43
986000,1,-80.15,10.26
986200,1,-70.85,12.55
986400,1,-71.34,8.63
986600,1,-77.63,15.14
986800,1,-77.78,10.21
987000,1,-72.95,11.12
987200,1,-82.71,11.22
987400,0,-84.21,4.93
987600,0,-80.14,9.62
987800,0,-78.79,6.83
988000,1,-75.75,12.02
988200,1,-75.41,12.46
988400,0,-83.32,9.53
988600,1,-75.39,11.24
988800,0,-86.2,7.25
989000,1,-73.61,11.0
989200,1,-71.23,11.8
989400,0,-81.67,6.89
989600,0,-84.67,4.76
989800,0,-82.04,3.22
990000,1,-75.03,10.82
990200,1,-74.75,13.82
990400,0,-80.78,10.25
990600,1,-78.03,9.53
990800,1,-73.67,9.11
991000,0,-82.39,7.18
991200,1,-80.73,13.42
991400,1,-78.62,11.96
991600,1,-76.13,12.7
991800,1,-69.31,11.56
992000,1,-76.97,2.51
992200,1,-75.59,8.33
992400,1,-76.28,13.02
992600,1,-73.41,11.28
992800,1,-79.99,12.09
993000,1,-71.52,12.41
993200,1,-78.87,13.7
993400,1,-77.66,11.36
993600,0,-76.48,14.38
993800,1,-79.23,10.53
994000,1,-71.1,10.33
994200,1,-76.81,12.1
994400,1,-74.26,14.84
994600,1,-79.67,7.73
994800,1,-77.34,10.52
995000,1,-72.52,15.07
995200,1,-73.47,16.46
995400,1,-79.81,15.34
995600,1,-80.59,10.25
995800,0,-84.71,8.55
996000,1,-76.23,11.85
996200,1,-81.0,9.87
996400,1,-76.91,6.69
996600,1,-74.49,10.01
996800,0,-78.49,8.77
997000,0,-85.14,7.1
997200,1,-74.95,7.35
997400,1,-73.02,13.13
997600,1,-75.28,12.09
997800,1,-78.29,6.89
998000,1,-79.05,6.3
998200,1,-76.96,11.07
998400,0,-82.02,4.26
998600,0,-81.9,7.66
998800,0,-77.27,10.6
999000,0,-78.62,8.32
999200,0,-81.87,6.78
999400,0,-79.29,9.99
999600,1,-75.12,12.84
999800,1,-76.01,14.18
1000000,0,-84.4,6.88
1000200,0,-85.54,4.27
1000400,0,-78.26,9.6
1000600,0,-79.77,6.24
1000800,1,-74.51,10.86
1001000,1,-75.25,14.08
1001200,1,-73.66,6.71
1001400,1,-73.71,9.9
1001600,1,-74.67,13.56
1001800,1,-74.73,10.88
1002000,1,-74.33,11.35
1002200,1,-73.08,9.15
1002400,1,-74.5,11.43
1002600,1,-72.33,14.33
1002800,1,-73.92,15.22
1003000,0,-69.78,9.55
1003200,1,-78.58,13.56
1003400,1,-68.21,12.88
1003600,0,-78.89,9.46
1003800,0,-86.97,8.96
1004000,1,-74.78,9.59
1004200,1,-76.58,14.62
1004400,1,-71.69,9.12
1004600,1,-80.89,10.47
1004800,1,-79.46,12.98
1005000,1,-72.03,15.68
1005200,1,-77.97,12.75
1005400,1,-79.17,8.61
1005600,1,-74.49,14.67
1005800,1,-74.77,12.54
1006000,1,-75.68,9.17
1006200,1,-76.06,13.66
1006400,1,-72.86,6.91
1006600,1,-75.22,14.64
1006800,1,-72.93,10.74
1007000,1,-70.66,14.55
1007200,0,-80.19,7.04
1007400,0,-80.24,6.75
1007600,1,-80.37,10.12
1007800,1,-78.41,11.81
1008000,1,-80.53,8.97
1008200,0,-83.7,4.42
1008400,0,-78.75,8.48
1008600,0,-88.03,5.73
1008800,0,-81.02,4.54
1009000,1,-78.6,10.04
1009200,1,-80.38,11.95
1009400,0,-82.63,5.3
1009600,1,-75.0,12.02
1009800,1,-72.05,6.12
1010000,0,-80.65,5.84
1010200,1,-72.91,4.61
1010400,0,-72.7,11.66
1010600,1,-70.54,9.49
1010800,1,-81.3,7.63
1011000,0,-80.68,11.35
1011200,0,-86.26,10.18
1011400,0,-80.55,2.66
1011600,1,-84.5,12.6
1011800,1,-75.49,14.2
1012000,1,-76.91,12.23
1012200,0,-72.44,14.41
1012400,1,-71.11,9.14
1012600,1,-69.78,12.59
1012800,1,-77.61,12.11
1013000,0,-78.92,2.72
1013200,0,-81.79,8.52
1013400,0,-80.32,8.79
1013600,1,-81.68,14.54
1013800,1,-78.41,13.61
1014000,1,-76.09,14.12
1014200,1,-74.69,15.02
1014400,1,-75.62,11.15
1014600,1,-73.36,7.58
1014800,1,-76.4,11.92
1015000,1,-78.21,7.98
1015200,1,-69.98,10.47
1015400,1,-71.93,5.84
1015600,0,-80.83,6.72
1015800,0,-83.41,4.37
1016000,0,-86.1,4.66
1016200,0,-82.2,5.58
1016400,1,-67.25,10.71
1016600,1,-68.3,15.7
1016800,1,-71.09,7.61
1017000,1,-70.17,12.02
1017200,0,-82.45,7.78
1017400,1,-68.27,14.43
1017600,0,-87.07,2.48
1017800,0,-78.78,9.7
1018000,1,-72.85,13.17
1018200,1,-74.83,9.83
1018400,1,-70.55,8.72
1018600,1,-68.03,13.43
1018800,1,-72.29,12.11
1019000,0,-73.37,10.35
1019200,1,-76.83,8.19
1019400,1,-76.0,15.44
1019600,1,-75.12,11.72
1019800,1,-81.54,12.08
1020000,1,-75.61,13.03
1020200,0,-82.36,1.37
1020400,0,-76.05,2.38
1020600,1,-72.94,12.06
1020800,1,-77.21,11.65
1021000,1,-74.4,8.94
1021200,1,-74.24,13.52
1021400,1,-75.71,14.91
1021600,1,-72.66,11.49
1021800,1,-67.13,10.83
1022000,0,-83.05,10.23
1022200,0,-81.39,8.09
1022400,0,-78.76,3.92
1022600,1,-79.65,8.89
1022800,1,-77.35,12.71
1023000,1,-80.82,13.23
1023200,1,-71.65,8.06
1023400,1,-78.06,10.43
1023600,1,-73.88,10.7
1023800,1,-68.35,13.29
1024000,0,-80.91,6.97
1024200,1,-77.3,9.68
1024400,1,-75.76,11.75
1024600,1,-75.72,12.42
1024800,1,-75.9,10.23
1025000,1,-71.22,11.93
1025200,1,-72.99,15.07
1025400,1,-73.77,11.41
1025600,1,-71.58,9.34
1025800,1,-82.22,7.39
1026000,1,-74.77,10.76
1026200,1,-80.19,12.63
1026400,1,-76.23,10.25
1026600,1,-72.9,11.73
1026800,1,-77.38,14.5
1027000,1,-74.46,7.46
1027200,1,-76.18,11.6
1027400,0,-84.89,6.66
1027600,1,-77.14,8.21
1027800,1,-74.63,7.06
1028000,1,-78.44,11.54
1028200,1,-70.0,10.57
1028400,1,-76.14,9.41
1028600,1,-76.94,13.16
1028800,0,-81.45,9.7
1029000,0,-88.11,8.52
1029200,0,-78.42,13.01
1029400,1,-68.58,12.87
1029600,1,-69.95,3.85
1029800,1,-73.68,9.99
1030000,0,-80.38,8.87
1030200,0,-75.83,7.53
1030400,1,-69.34,11.48
1030600,1,-74.61,12.12
1030800,1,-83.8,10.0
1031000,1,-71.36,11.07
1031200,1,-78.72,9.31
1031400,0,-83.18,5.29
1031600,1,-76.01,11.73
1031800,0,-78.77,4.12
1032000,1,-80.47,10.08
1032200,1,-73.6,12.49
1032400,1,-80.09,11.52
1032600,1,-80.24,10.17
1032800,0,-72.9,11.73
1033000,1,-76.74,11.22
1033200,1,-74.32,10.69
1033400,1,-77.0,11.21
1033600,1,-73.64,8.36
1033800,1,-75.42,13.0
1034000,1,-76.1,11.87
1034200,1,-86.15,8.23
1034400,1,-71.12,11.78
1034600,1,-75.99,15.07
1034800,1,-68.44,10.2
1035000,1,-76.81,10.29
1035200,0,-81.59,11.06
1035400,1,-75.28,8.84
1035600,1,-74.71,14.49
1035800,1,-68.0,11.23
1036000,1,-83.6,12.02
1036200,1,-76.71,10.43
1036400,1,-75.28,8.13
1036600,1,-76.9,9.0
1036800,1,-74.63,11.8
1037000,0,-80.7,4.35
1037200,0,-78.74,7.98
1037400,0,-83.09,0.97
1037600,1,-73.77,11.09
1037800,1,-75.39,12.96
1038000,0,-75.02,5.36
1038200,0,-78.25,6.13
1038400,1,-77.1,12.61
1038600,1,-73.49,12.87
1038800,1,-74.14,11.35
1039000,1,-74.72,13.99
1039200,0,-81.63,7.33
1039400,0,-81.88,7.91
1039600,0,-82.3,7.9
1039800,0,-78.83,8.48
1040000,0,-73.44,9.51
1040200,0,-79.76,6.72
1040400,0,-84.72,5.32
1040600,1,-74.61,16.64
1040800,1,-73.85,8.58
1041000,1,-74.16,15.25
1041200,1,-72.88,8.0
1041400,1,-77.61,11.13
1041600,1,-76.44,16.36
1041800,1,-75.42,17.69
1042000,1,-67.67,9.48
1042200,1,-81.01,8.96
1042400,1,-82.05,7.15
1042600,1,-75.06,8.27
1042800,1,-82.0,13.83
1043000,1,-73.49,11.67
1043200,1,-76.49,6.22
1043400,0,-81.68,4.64
1043600,0,-86.48,6.04
1043800,0,-81.98,9.2
1044000,0,-80.11,11.28
1044200,1,-73.18,12.5
1044400,1,-75.48,12.91
1044600,1,-68.13,11.57
1044800,0,-81.65,6.08
1045000,0,-77.66,4.76
1045200,0,-78.73,8.53
1045400,1,-76.58,8.63
1045600,1,-72.67,12.64
1045800,1,-78.65,12.16
1046000,1,-74.71,13.94
1046200,1,-73.25,16.97
1046400,1,-82.42,11.94
1046600,1,-76.85,10.59
1046800,1,-77.71,17.21
1047000,1,-75.15,7.37
1047200,1,-74.22,15.79
1047400,0,-87.06,7.61
1047600,1,-74.21,13.01
1047800,1,-80.41,12.05
1048000,0,-76.45,10.26
1048200,0,-79.53,3.66
1048400,1,-79.09,15.33
1048600,1,-75.3,10.48
1048800,1,-80.16,9.04
1049000,1,-71.42,12.1
1049200,0,-83.21,11.19
1049400,1,-75.24,10.78
1049600,1,-79.15,15.5
1049800,0,-82.08,10.56
1050000,0,-82.05,3.06
1050200,0,-82.62,8.37
1050400,1,-71.03,11.36
1050600,1,-67.75,8.6
1050800,1,-76.14,6.35
1051000,1,-77.4,12.78
1051200,1,-73.19,10.93
1051400,1,-77.68,13.66
1051600,1,-65.83,12.18
1051800,1,-71.26,11.83
1052000,1,-73.5,10.84
1052200,1,-78.76,11.99
1052400,1,-78.35,11.93
1052600,0,-78.23,5.71
1052800,1,-71.03,8.59
1053000,1,-69.32,9.4
1053200,1,-71.99,15.32
1053400,1,-72.56,10.87
1053600,1,-78.34,9.25
1053800,1,-76.62,11.93
1054000,1,-72.13,15.34
1054200,1,-80.6,15.46
1054400,1,-76.54,13.04
1054600,1,-79.57,7.94
1054800,1,-74.86,10.35
1055000,1,-76.71,15.96
1055200,1,-75.3,12.02
1055400,0,-77.85,8.26
1055600,1,-77.12,8.59
1055800,1,-78.19,10.55
1056000,1,-70.88,11.33
1056200,1,-76.13,13.52
1056400,1,-75.75,10.45
1056600,1,-73.9,12.26
1056800,1,-77.96,11.2
1057000,1,-80.67,11.06
1057200,1,-79.15,10.83
1057400,1,-73.7,11.96
1057600,1,-72.58,10.72
1057800,0,-81.5,2.67
1058000,0,-77.86,7.19
1058200,0,-73.41,5.41
1058400,1,-74.23,14.74
1058600,1,-71.84,15.34
1058800,1,-77.95,9.95
1059000,1,-71.78,15.32
1059200,0,-81.51,6.12
1059400,0,-83.15,5.44
1059600,0,-82.48,8.82
1059800,0,-79.54,9.05
1060000,1,-74.51,12.54
1060200,1,-75.92,11.57
1060400,1,-71.39,8.82
1060600,0,-83.44,3.57
1060800,0,-78.04,7.39
1061000,0,-78.03,11.99
1061200,0,-83.09,7.68
1061400,0,-80.08,5.82
1061600,1,-77.51,9.2
1061800,1,-75.37,11.43
1062000,0,-81.01,6.48
1062200,0,-88.0,4.47
1062400,0,-77.46,4.11
1062600,0,-82.81,6.63
1062800,0,-79.35,4.53
1063000,1,-68.65,11.19
1063200,1,-78.54,10.75
1063400,1,-69.53,12.49
1063600,0,-78.21,6.64
1063800,0,-81.6,8.82
1064000,1,-79.74,9.99
1064200,0,-81.86,6.61
1064400,0,-82.35,6.65
1064600,0,-83.93,8.88
1064800,0,-83.23,2.88
1065000,1,-78.34,12.15
1065200,0,-77.47,3.74
1065400,1,-75.63,11.65
1065600,1,-71.19,9.37
1065800,0,-80.98,8.15
1066000,0,-80.99,12.18
1066200,1,-76.05,12.71
1066400,1,-77.69,11.6
1066600,1,-74.38,10.0
1066800,1,-78.23,12.17
1067000,1,-77.24,10.12
1067200,0,-80.72,7.33
1067400,1,-77.5,12.8
1067600,1,-74.12,14.11
1067800,0,-80.61,7.84
1068000,1,-73.36,9.5
1068200,1,-77.94,9.82
1068400,1,-81.51,9.82
1068600,1,-80.12,10.53
1068800,0,-83.17,5.72
1069000,1,-75.25,7.94
1069200,1,-74.41,14.72
1069400,1,-80.16,11.78
1069600,1,-79.63,6.83
1069800,0,-80.58,6.25
1070000,0,-82.58,6.78
1070200,0,-78.05,6.34
1070400,0,-81.62,8.74
1070600,0,-86.18,9.32
1070800,0,-83.54,5.53
1071000,1,-75.17,10.06
1071200,1,-74.32,9.41
1071400,1,-77.91,10.87
1071600,1,-79.31,9.15
1071800,0,-78.7,5.05
1072000,0,-82.69,8.57
1072200,1,-72.38,12.47
1072400,1,-71.9,12.86
1072600,0,-80.84,9.93
1072800,0,-80.22,7.82
1073000,1,-75.33,15.31
1073200,1,-72.21,6.87
1073400,1,-74.45,12.9
1073600,1,-73.93,9.16
1073800,0,-79.84,6.08
1074000,1,-76.52,16.12
1074200,0,-80.38,8.43
1074400,0,-84.7,8.21
1074600,0,-80.74,6.19
1074800,0,-82.13,9.6
1075000,0,-75.1,8.67
1075200,0,-78.18,3.94
1075400,0,-75.19,10.7
1075600,1,-69.59,11.08
1075800,1,-74.77,13.1
1076000,0,-75.76,7.05
1076200,0,-81.34,8.85
1076400,1,-76.75,6.46
1076600,1,-76.3,11.95
1076800,1,-74.28,13.06
1077000,1,-75.8,8.19
1077200,1,-73.66,11.59
1077400,1,-76.88,13.4
1077600,1,-72.39,9.28
1077800,1,-77.31,10.39
1078000,1,-78.8,13.63
1078200,1,-78.17,11.89
1078400,1,-82.7,10.17
1078600,0,-72.96,7.38
1078800,0,-81.85,7.24
1079000,0,-83.89,6.3
1079200,0,-80.84,6.47
1079400,1,-76.99,10.45
1079600,1,-73.19,13.41
1079800,1,-71.93,10.37
1080000,1,-71.85,10.9
1080200,1,-75.95,9.12
1080400,1,-76.76,10.74
1080600,1,-76.86,10.16
1080800,1,-72.68,11.94
1081000,1,-77.25,12.56
1081200,1,-76.18,10.49
1081400,1,-81.39,14.21
1081600,1,-76.01,14.04
1081800,1,-76.62,10.89
1082000,0,-82.18,7.72
1082200,1,-76.06,12.26
1082400,1,-76.29,13.22
1082600,1,-72.07,11.77
1082800,1,-76.39,11.19
1083000,0,-71.78,12.69
1083200,1,-75.47,8.75
1083400,1,-73.44,10.36
1083600,1,-79.21,12.72
1083800,1,-76.62,13.66
1084000,1,-79.71,9.45
1084200,0,-80.6,8.06
1084400,0,-77.48,4.46
1084600,0,-76.56,5.9
1084800,1,-83.83,11.45
1085000,1,-68.81,13.51
1085200,1,-72.8,11.63
1085400,1,-74.18,11.62
1085600,1,-76.15,13.41
1085800,1,-74.49,11.79
1086000,1,-77.84,15.35
1086200,0,-82.9,4.93
1086400,1,-76.29,12.04
1086600,1,-77.67,11.91
1086800,0,-73.84,10.97
1087000,1,-74.1,8.69
1087200,1,-80.09,11.88
1087400,1,-76.73,18.81
1087600,1,-69.04,10.71
1087800,0,-75.44,11.52
1088000,1,-75.29,12.41
1088200,0,-81.37,4.31
1088400,0,-82.05,8.17
1088600,0,-76.22,11.76
1088800,0,-81.17,7.74
1089000,0,-81.33,7.05
1089200,0,-76.36,8.42
1089400,1,-75.13,10.31
1089600,1,-76.54,12.77
1089800,0,-76.71,7.55
1090000,1,-71.33,13.91
1090200,1,-74.95,18.81
1090400,1,-72.64,13.87
1090600,1,-74.32,12.77
1090800,1,-76.0,7.22
1091000,1,-73.32,10.59
1091200,1,-74.37,7.93
1091400,1,-71.37,11.56
1091600,1,-77.12,11.09
1091800,1,-68.85,9.78
1092000,1,-70.9,14.88
1092200,1,-78.94,17.58
1092400,1,-66.66,11.97
1092600,0,-85.38,7.5
1092800,0,-85.21,7.8
1093000,1,-75.41,10.04
1093200,1,-76.51,10.11
1093400,1,-81.17,13.05
1093600,1,-76.36,11.01
1093800,1,-72.11,10.42
1094000,1,-72.07,11.68
1094200,1,-76.28,11.32
1094400,1,-70.65,12.69
1094600,0,-72.93,10.89
1094800,1,-77.45,7.88
1095000,1,-78.61,10.2
1095200,1,-70.36,13.9
1095400,1,-73.83,13.31
1095600,1,-71.82,8.96
1095800,0,-81.29,12.85
1096000,1,-71.14,11.63
1096200,1,-78.35,11.11
1096400,0,-82.48,7.66
1096600,0,-83.2,10.19
1096800,0,-79.42,5.41
1097000,1,-74.32,13.89
1097200,0,-77.13,8.03
1097400,0,-76.4,6.04
1097600,0,-79.41,6.63
1097800,1,-73.16,11.24
1098000,1,-75.45,10.35
1098200,1,-80.33,8.95
1098400,0,-79.76,5.69
1098600,0,-84.73,5.84
1098800,0,-83.01,2.96
1099000,1,-75.2,12.39
1099200,1,-76.14,14.62
1099400,1,-76.22,9.74
1099600,1,-75.76,9.81
1099800,1,-74.87,12.55
1100000,1,-69.96,9.03
1100200,1,-84.18,9.85
1100400,1,-74.33,13.17
1100600,1,-70.69,10.52
1100800,0,-79.16,5.44
1101000,1,-76.7,13.11
1101200,0,-83.03,5.11
1101400,1,-76.66,10.48
1101600,1,-77.72,13.59
1101800,1,-75.19,12.63
1102000,1,-73.93,13.67
1102200,1,-77.94,7.83
1102400,1,-76.52,12.45
1102600,0,-74.55,5.2
1102800,0,-81.46,6.4
1103000,1,-74.79,13.62
1103200,1,-73.94,11.16
1103400,1,-71.26,12.27
1103600,0,-84.57,10.67
1103800,1,-78.46,11.1
1104000,1,-76.41,12.57
1104200,1,-74.02,14.66
1104400,1,-72.73,11.83
1104600,1,-78.91,9.17
1104800,1,-79.07,7.13
1105000,1,-72.33,12.04
1105200,1,-74.13,11.67
1105400,1,-71.31,7.88
1105600,1,-75.06,12.6
1105800,1,-75.68,12.04
1106000,0,-83.01,10.61
1106200,0,-81.1,7.31
1106400,0,-75.87,12.97
1106600,1,-76.27,13.85
1106800,1,-78.57,12.49
1107000,1,-75.03,14.48
1107200,0,-78.76,3.43
1107400,1,-75.11,10.64
1107600,1,-81.04,6.9
1107800,1,-73.95,11.75
1108000,1,-74.78,11.9
1108200,0,-77.86,4.08
1108400,0,-84.94,8.72
1108600,0,-82.33,12.73
1108800,0,-80.93,7.08
1109000,1,-69.92,13.4
1109200,1,-75.17,10.83
1109400,0,-75.05,11.91
1109600,1,-78.14,15.07
1109800,1,-74.17,9.72
1110000,1,-78.31,8.02
1110200,1,-76.5,8.75
1110400,1,-80.3,9.08
1110600,0,-81.79,9.21
1110800,0,-80.86,9.12
1111000,0,-81.88,3.68
1111200,1,-70.4,13.95
1111400,1,-80.66,14.97
1111600,1,-78.23,10.84
1111800,1,-69.15,9.38
1112000,1,-77.32,12.0
1112200,0,-83.57,6.7
1112400,0,-81.01,5.76
1112600,1,-65.75,11.77
1112800,1,-77.61,11.47
1113000,1,-74.44,12.01
1113200,1,-73.38,14.23
1113400,1,-78.57,12.16
1113600,1,-74.98,10.02
1113800,1,-73.8,15.06
1114000,0,-82.61,7.06
1114200,0,-79.35,4.66
1114400,1,-74.5,14.07
1114600,0,-75.96,9.22
1114800,1,-84.31,13.74
1115000,0,-78.41,5.76
1115200,0,-81.95,7.27
1115400,0,-76.78,7.61
1115600,1,-74.15,17.32
1115800,1,-74.67,8.48
1116000,1,-73.79,9.71
1116200,0,-73.74,13.5
1116400,1,-79.03,13.37
1116600,0,-78.79,5.37
1116800,0,-84.4,10.23
1117000,1,-78.03,9.61
1117200,0,-80.64,7.68
1117400,1,-77.4,13.99
1117600,1,-73.92,7.85
1117800,1,-78.75,13.93
1118000,1,-75.92,12.43
1118200,1,-77.29,11.88
1118400,1,-74.42,7.41
1118600,0,-84.74,10.42
1118800,1,-67.39,10.78
1119000,0,-71.63,10.57
1119200,0,-77.3,6.82
1119400,0,-77.22,1.5
1119600,1,-69.98,12.55
1119800,1,-74.94,9.99
1120000,1,-70.61,10.71
1120200,1,-72.68,11.34
1120400,1,-70.99,13.49
1120600,0,-81.73,8.93
1120800,0,-79.15,5.5
1121000,1,-74.76,15.15
1121200,1,-72.42,8.57
1121400,0,-76.8,3.73
1121600,0,-82.85,5.72
1121800,0,-78.79,7.01
1122000,0,-76.34,4.28
1122200,1,-80.55,10.58
1122400,1,-71.67,9.26
1122600,0,-79.19,5.87
1122800,0,-83.08,7.58
1123000,1,-74.95,7.91
1123200,1,-77.65,16.53
1123400,1,-78.82,14.87
1123600,1,-77.35,12.08
1123800,0,-78.13,4.74
1124000,0,-79.65,7.96
1124200,0,-83.73,9.34
1124400,0,-82.81,6.02
1124600,0,-81.22,8.9
1124800,1,-73.58,16.25
1125000,1,-75.87,13.45
1125200,1,-64.2,11.19
1125400,0,-84.98,9.51
1125600,0,-82.78,3.86
1125800,0,-75.61,5.51
1126000,0,-87.14,10.24
1126200,1,-78.52,13.53
1126400,1,-75.53,8.74
1126600,1,-71.6,13.44
1126800,1,-72.23,9.51
1127000,1,-75.79,11.45
1127200,1,-71.33,15.11
1127400,0,-83.72,5.36
1127600,0,-77.74,10.26
1127800,1,-75.39,10.38
1128000,1,-70.37,12.91
1128200,0,-71.42,9.41
1128400,1,-76.46,11.45
1128600,1,-74.7,8.6
1128800,1,-69.7,16.04
1129000,1,-71.5,13.21
1129200,1,-75.31,10.78
1129400,1,-77.3,15.0
1129600,1,-69.96,15.2
1129800,1,-72.83,7.78
1130000,0,-78.12,3.18
1130200,0,-78.46,6.38
1130400,0,-79.19,6.48
1130600,0,-79.86,6.28
1130800,0,-82.82,3.0
1131000,1,-80.52,12.43
1131200,0,-80.83,2.92
1131400,0,-78.64,5.46
1131600,0,-82.57,8.14
1131800,0,-76.62,6.59
1132000,0,-79.64,6.49
1132200,0,-79.0,5.66
1132400,0,-81.91,4.5
1132600,1,-76.41,11.77
1132800,0,-76.57,6.53
1133000,1,-71.11,10.4
1133200,1,-75.57,13.53
1133400,1,-72.97,8.1
1133600,0,-76.16,14.21
1133800,1,-76.61,11.57
1134000,1,-75.36,8.69
1134200,1,-78.62,11.46
1134400,1,-75.4,10.84
1134600,1,-72.75,13.13
1134800,1,-72.13,10.82
1135000,1,-74.3,10.06
1135200,0,-79.87,5.66
1135400,1,-74.82,11.08
1135600,1,-75.02,10.05
1135800,1,-70.75,12.14
1136000,1,-74.53,12.81
1136200,1,-77.36,12.34
1136400,1,-79.89,15.51
1136600,1,-78.79,11.03
1136800,1,-74.96,7.99
1137000,1,-74.31,16.01
1137200,1,-70.76,8.11
1137400,1,-75.9,15.98
1137600,1,-70.99,7.54
1137800,1,-79.6,14.85
1138000,1,-74.6,13.51
1138200,1,-73.52,8.14
1138400,0,-83.04,3.93
1138600,0,-80.2,4.58
1138800,1,-73.99,11.61
1139000,1,-70.07,15.65
1139200,1,-82.32,17.18
1139400,1,-83.15,11.54
1139600,1,-74.53,11.5
1139800,1,-75.93,9.12
1140000,0,-74.76,12.12
1140200,1,-70.55,12.92
1140400,0,-87.01,4.52
1140600,0,-87.5,4.15
1140800,1,-72.75,14.84
1141000,1,-76.44,10.07
1141200,1,-72.93,9.95
1141400,0,-74.05,9.79
1141600,1,-70.53,12.21
1141800,1,-71.99,11.68
1142000,1,-75.06,12.63
1142200,1,-73.0,15.75
1142400,1,-79.04,11.86
1142600,1,-67.49,10.04
1142800,1,-76.94,2.88
1143000,1,-77.31,8.27
1143200,1,-77.3,12.54
1143400,1,-76.13,13.22
1143600,1,-71.79,10.92
1143800,1,-76.92,10.19
1144000,1,-74.59,10.2
1144200,0,-82.64,6.06
1144400,1,-71.19,11.13
1144600,1,-80.39,10.75
1144800,1,-71.48,9.53
1145000,1,-78.26,11.63
1145200,1,-71.62,13.57
1145400,0,-76.45,7.16
1145600,0,-80.21,9.71
1145800,0,-75.1,5.29
1146000,0,-81.44,6.01
1146200,0,-84.26,3.66
1146400,0,-79.22,7.51
1146600,1,-75.05,11.21
1146800,1,-75.45,10.83
1147000,1,-79.2,9.29
1147200,1,-66.17,9.8
1147400,0,-77.46,8.26
1147600,0,-78.4,5.68
1147800,0,-84.33,6.29
1148000,0,-82.68,5.58
1148200,1,-70.29,15.09
1148400,1,-75.3,9.67
1148600,1,-71.91,11.54
1148800,1,-79.28,12.29
1149000,1,-74.63,12.04
1149200,0,-75.99,9.31
1149400,0,-79.45,4.62
1149600,0,-81.99,6.07
1149800,0,-77.47,6.08
1150000,1,-75.65,9.96
1150200,0,-79.77,7.23
1150400,1,-76.21,12.67
1150600,1,-74.34,11.56
1150800,1,-75.9,13.79
1151000,1,-67.19,12.48
1151200,1,-69.31,8.06
1151400,1,-75.76,14.92
1151600,1,-70.68,11.67
1151800,1,-74.08,15.15
1152000,1,-72.51,12.49
1152200,1,-80.79,11.57
1152400,1,-75.33,13.1
1152600,1,-78.05,12.1
1152800,1,-71.11,13.31
1153000,1,-74.65,9.92
1153200,1,-71.86,12.26
1153400,1,-76.36,13.73
1153600,0,-84.12,4.19
1153800,0,-82.89,6.77
1154000,0,-81.53,9.36
1154200,0,-78.33,9.83
1154400,0,-82.28,3.07
1154600,0,-78.8,7.69
1154800,0,-80.08,4.53
1155000,0,-82.43,10.08
1155200,0,-81.97,15.65
1155400,1,-69.51,15.24
1155600,1,-74.41,8.79
1155800,1,-74.65,13.36
1156000,1,-75.72,13.0
1156200,1,-76.38,10.0
1156400,1,-73.57,9.84
1156600,1,-72.72,9.29
1156800,1,-77.8,11.05
1157000,1,-78.22,14.52
1157200,0,-80.75,3.86
1157400,1,-78.85,12.72
1157600,1,-72.81,12.27
1157800,0,-76.56,5.87
1158000,0,-76.13,13.82
1158200,1,-79.97,11.18
1158400,1,-75.21,13.02
1158600,0,-83.52,4.22
1158800,0,-81.88,5.58
1159000,1,-75.8,12.48
1159200,1,-74.15,10.0
1159400,1,-73.19,8.94
1159600,0,-78.75,9.44
1159800,1,-70.62,15.27
1160000,1,-80.0,10.63
1160200,1,-79.92,8.48
1160400,1,-78.47,8.33
1160600,1,-75.23,12.15
1160800,0,-78.89,10.28
1161000,0,-82.26,6.09
1161200,0,-79.1,2.88
1161400,1,-78.95,14.35
1161600,1,-72.01,7.64
1161800,1,-75.75,7.07
1162000,1,-75.06,14.44
1162200,1,-75.75,11.94
1162400,1,-73.1,9.95
1162600,1,-74.25,11.57
1162800,0,-81.31,1.23
1163000,1,-78.92,7.81
1163200,1,-74.9,13.0
1163400,1,-69.07,9.43
1163600,1,-74.19,13.22
1163800,1,-69.54,9.85
1164000,0,-86.87,6.69
1164200,0,-82.57,8.42
1164400,0,-82.63,8.99
1164600,1,-75.8,15.05
1164800,0,-78.31,12.07
1165000,1,-72.29,10.69
1165200,1,-74.55,7.68
1165400,1,-75.42,12.27
1165600,1,-74.85,6.75
1165800,1,-79.27,9.6
1166000,1,-78.38,9.49
1166200,0,-82.44,8.08
1166400,0,-78.44,6.39
1166600,0,-86.5,7.97
1166800,0,-83.87,5.41
1167000,0,-78.06,5.95
1167200,0,-85.21,5.02
1167400,0,-77.88,5.92
1167600,1,-73.4,10.09
1167800,1,-73.55,11.2
1168000,1,-79.52,9.57
1168200,1,-80.77,8.16
1168400,1,-77.49,8.1
1168600,0,-80.42,7.24
1168800,0,-77.67,4.22
1169000,0,-82.25,6.05
1169200,0,-84.17,9.33
1169400,0,-81.73,4.27
1169600,1,-74.39,11.12
1169800,0,-79.62,10.22
1170000,0,-80.38,5.7
1170200,1,-75.0,15.39
1170400,1,-77.5,12.46
1170600,1,-74.23,12.0
1170800,1,-72.4,11.01
1171000,1,-69.97,6.78
1171200,1,-73.17,11.3
1171400,0,-84.63,4.11
1171600,0,-75.06,7.49
1171800,1,-68.57,10.09
1172000,1,-75.31,9.89
1172200,1,-73.44,6.07
1172400,1,-75.89,9.72
1172600,1,-79.44,11.48
1172800,1,-71.21,8.09
1173000,0,-79.9,12.88
1173200,0,-72.83,9.87
1173400,1,-79.62,10.72
1173600,0,-80.55,8.26
1173800,0,-83.35,7.43
1174000,1,-74.13,10.54
1174200,1,-81.29,15.21
1174400,1,-76.93,12.29
1174600,1,-71.82,12.75
1174800,1,-71.21,10.76
1175000,1,-72.02,11.9
1175200,1,-72.8,6.18
1175400,0,-71.36,14.02
1175600,1,-70.65,10.52
1175800,1,-68.15,13.58
1176000,1,-68.56,9.8
1176200,0,-84.67,6.98
1176400,0,-83.27,7.63
1176600,0,-81.33,1.83
1176800,0,-78.48,5.61
1177000,0,-77.33,5.21
1177200,0,-86.08,11.11
1177400,0,-80.42,5.55
1177600,1,-73.13,8.09
1177800,0,-76.4,12.96
1178000,0,-83.88,5.98
1178200,0,-83.04,3.69
1178400,0,-82.04,1.91
1178600,0,-81.44,2.73
1178800,0,-79.96,5.16
1179000,0,-81.68,6.25
1179200,1,-78.47,11.62
1179400,1,-77.75,12.05
1179600,0,-79.33,6.71
1179800,0,-82.92,4.19
1180000,0,-85.5,1.7
1180200,0,-80.53,6.69
1180400,1,-74.5,11.17
1180600,1,-76.21,15.09
1180800,0,-84.85,8.81
1181000,1,-71.39,7.76
1181200,0,-77.37,5.62
1181400,1,-77.2,11.29
1181600,1,-74.06,12.0
1181800,1,-73.11,14.72
1182000,1,-75.09,11.31
1182200,1,-78.97,14.5
1182400,0,-80.85,8.48
1182600,1,-75.32,10.93
1182800,1,-76.42,8.55
1183000,1,-74.76,11.44
1183200,1,-78.05,10.04
1183400,0,-81.4,3.69
1183600,0,-76.41,4.41
1183800,1,-76.16,12.98
1184000,1,-78.74,8.66
1184200,1,-82.95,11.31
1184400,0,-81.42,2.65
1184600,0,-79.51,6.83
1184800,0,-85.84,1.29
1185000,1,-73.79,11.9
1185200,1,-74.69,10.7
1185400,1,-75.48,10.29
1185600,0,-83.94,3.52
1185800,0,-80.9,5.1
1186000,0,-85.17,6.68
1186200,1,-71.79,8.05
1186400,1,-69.48,12.65
1186600,1,-72.02,6.47
1186800,0,-80.22,6.87
1187000,1,-82.76,7.32
1187200,1,-73.68,11.4
1187400,1,-73.27,12.39
1187600,1,-72.0,12.97
1187800,1,-72.29,9.75
1188000,1,-70.53,7.47
1188200,1,-82.54,9.51
1188400,1,-74.06,8.3
1188600,0,-82.5,1.9
1188800,0,-84.67,5.85
1189000,1,-74.33,13.74
1189200,1,-74.27,11.4
1189400,1,-74.57,7.73
1189600,1,-73.04,17.51
1189800,1,-78.18,7.98
1190000,1,-78.8,10.22
1190200,1,-77.19,14.42
1190400,1,-78.06,6.99
1190600,1,-72.48,7.32
1190800,1,-74.25,12.29
1191000,1,-73.85,11.98
1191200,1,-77.02,11.76
1191400,1,-74.14,10.5
1191600,1,-70.01,13.52
1191800,1,-79.29,12.55
1192000,1,-75.32,12.06
1192200,1,-75.36,12.65
1192400,1,-73.55,11.45
1192600,1,-78.19,13.49
1192800,1,-76.93,11.57
1193000,1,-79.54,11.19
1193200,1,-69.16,7.92
1193400,0,-83.39,8.12
1193600,0,-79.62,7.07
1193800,0,-82.96,8.53
1194000,0,-79.87,7.22
1194200,0,-85.2,7.73
1194400,0,-81.81,8.42
1194600,1,-77.99,7.72
1194800,1,-74.17,10.85
1195000,1,-77.5,10.76
1195200,1,-72.34,12.57
1195400,0,-83.86,5.0
1195600,0,-75.97,5.76
1195800,0,-85.16,9.4
1196000,0,-80.15,3.92
1196200,0,-85.04,6.23
1196400,0,-79.98,6.89
1196600,1,-75.58,7.22
1196800,1,-81.08,8.68
1197000,1,-73.34,11.05
1197200,0,-81.44,8.06
1197400,0,-85.33,3.85
1197600,0,-84.71,7.36
1197800,0,-81.3,6.79
1198000,1,-79.69,7.11
1198200,1,-75.72,17.23
1198400,0,-78.56,7.8
1198600,0,-78.49,7.5
1198800,0,-83.54,6.67
1199000,1,-71.35,12.73
1199200,1,-75.04,13.35
1199400,0,-74.01,13.63
1199600,1,-74.64,8.26
1199800,1,-73.44,9.12
1200000,1,-76.42,12.05
1200200,1,-81.46,11.84
1200400,1,-72.49,7.08
1200600,1,-74.7,16.28
1200800,1,-80.76,10.88
1201000,1,-71.47,6.81
1201200,0,-82.75,8.3
1201400,0,-79.27,4.76
1201600,1,-79.05,11.75
1201800,1,-79.12,11.41
1202000,0,-83.86,6.61
1202200,0,-76.51,6.46
1202400,0,-78.01,5.02
1202600,0,-76.81,9.18
1202800,0,-82.27,9.79
1203000,0,-80.87,4.67
1203200,0,-82.76,8.29
1203400,0,-79.11,6.3
1203600,1,-74.45,12.2
1203800,1,-74.21,10.72
1204000,0,-75.15,6.99
1204200,1,-75.49,11.25
1204400,1,-79.25,10.02
1204600,1,-79.66,9.8
1204800,1,-69.61,11.5
1205000,0,-76.02,10.48
1205200,0,-80.2,9.99
1205400,0,-83.44,5.95
1205600,1,-77.74,13.58
1205800,1,-76.8,12.69
1206000,1,-75.05,9.01
1206200,1,-79.61,9.35
1206400,0,-76.52,13.16
1206600,1,-76.19,11.94
1206800,0,-74.25,13.17
1207000,1,-70.74,13.46
1207200,1,-77.7,7.23
1207400,1,-74.85,10.81
1207600,1,-77.04,12.84
1207800,1,-75.25,11.77
1208000,1,-72.48,12.25
1208200,0,-80.05,10.16
1208400,0,-84.76,8.63
1208600,0,-79.39,5.74
1208800,0,-76.47,6.89
1209000,0,-82.33,6.73
1209200,0,-75.36,6.39
1209400,0,-83.16,8.25
1209600,0,-81.42,7.7
1209800,0,-86.53,7.66
1210000,1,-75.15,14.14
1210200,0,-80.15,8.77
1210400,1,-78.73,13.29
1210600,1,-78.09,6.78
1210800,1,-76.44,12.19
1211000,1,-71.14,11.52
1211200,1,-75.75,12.76
1211400,1,-70.49,8.57
1211600,1,-77.65,14.7
1211800,1,-75.25,11.02
1212000,0,-84.74,4.34
1212200,0,-83.53,6.97
1212400,0,-74.25,6.11
1212600,0,-80.08,10.25
1212800,1,-73.14,9.69
1213000,1,-70.98,5.96
1213200,1,-77.74,12.18
1213400,1,-78.32,12.13
1213600,1,-80.45,9.84
1213800,1,-80.98,10.95
1214000,1,-77.94,12.31
1214200,1,-74.06,12.18
1214400,0,-84.27,5.91
1214600,0,-85.52,6.05
1214800,0,-79.41,4.09
1215000,1,-69.76,9.83
1215200,1,-76.88,11.87
1215400,1,-68.74,8.74
1215600,0,-80.08,9.51
1215800,0,-76.87,4.9
1216000,0,-79.41,3.43
1216200,1,-74.42,14.03
1216400,1,-72.09,11.79
1216600,1,-72.79,15.48
1216800,1,-72.52,15.51
1217000,1,-72.82,7.88
1217200,1,-75.59,10.02
1217400,1,-70.93,9.42
1217600,1,-74.68,15.99
1217800,1,-73.97,7.57
1218000,1,-78.67,11.83
1218200,1,-76.34,10.85
1218400,0,-83.43,5.74
1218600,0,-75.97,4.17
1218800,1,-72.75,15.11
1219000,0,-82.5,6.68
1219200,1,-75.52,12.36
1219400,1,-82.08,10.35
1219600,1,-70.88,8.52
1219800,1,-81.7,10.02
1220000,1,-78.59,13.95
1220200,1,-72.62,10.52
1220400,0,-87.54,8.09
1220600,0,-82.24,9.17
1220800,1,-77.72,12.7
1221000,1,-72.53,9.7
1221200,1,-75.5,14.63
1221400,0,-81.14,5.42
1221600,0,-77.04,10.07
1221800,1,-72.53,14.63
1222000,1,-80.8,13.09
1222200,1,-77.85,7.71
1222400,1,-75.4,11.02
1222600,1,-77.02,10.73
1222800,1,-76.67,14.9
1223000,1,-77.74,7.77
1223200,1,-78.55,16.61
1223400,1,-74.54,13.62
1223600,1,-77.91,10.62
1223800,1,-75.98,13.71
1224000,1,-75.72,10.54
1224200,1,-77.81,7.24
1224400,1,-76.58,13.21
1224600,1,-76.01,15.9
1224800,1,-71.96,11.18
1225000,1,-72.62,14.77
1225200,0,-87.32,7.65
1225400,0,-81.3,8.53
1225600,1,-73.28,14.86
1225800,0,-74.01,4.01
1226000,0,-84.52,4.14
1226200,0,-80.75,2.46
1226400,1,-83.41,16.43
1226600,1,-84.06,8.42
1226800,1,-73.2,9.82
1227000,1,-80.9,7.44
1227200,1,-80.62,10.4
1227400,0,-73.85,17.44
1227600,1,-77.23,11.98
1227800,1,-80.17,10.07
1228000,1,-75.48,11.73
1228200,1,-69.06,9.81
1228400,1,-73.03,11.36
1228600,1,-78.49,10.17
1228800,1,-78.0,16.21
1229000,1,-74.65,8.69
1229200,0,-77.4,5.12
1229400,0,-80.1,9.6
1229600,0,-71.42,9.94
1229800,1,-68.05,10.92
1230000,1,-75.19,16.39
1230200,1,-78.69,14.74
1230400,1,-73.23,11.13
1230600,1,-74.41,9.02
1230800,1,-74.14,11.57
1231000,1,-77.15,13.93
1231200,1,-79.27,9.64
1231400,1,-75.63,12.65
1231600,0,-80.03,3.91
1231800,0,-67.52,11.62
1232000,1,-77.56,12.41
1232200,0,-86.14,4.01
1232400,0,-80.62,5.75
1232600,1,-75.47,12.5
1232800,0,-74.4,10.35
1233000,1,-71.11,12.06
1233200,1,-74.96,10.91
1233400,1,-76.26,11.08
1233600,1,-68.16,9.39
1233800,1,-76.68,10.66
1234000,1,-75.93,11.19
1234200,1,-81.07,15.85
1234400,1,-74.01,12.89
1234600,1,-74.1,13.43
1234800,0,-71.49,13.3
1235000,1,-76.53,12.56
1235200,1,-73.18,10.04
1235400,1,-74.1,13.85
1235600,1,-71.08,14.5
1235800,1,-74.76,7.79
1236000,0,-81.48,3.29
1236200,0,-81.83,7.43
1236400,0,-84.92,5.67
1236600,0,-84.98,5.8
1236800,0,-80.81,7.5
1237000,0,-79.27,5.56
1237200,0,-86.6,6.75
1237400,0,-83.81,7.22
1237600,0,-77.68,3.79
1237800,1,-70.45,10.57
1238000,0,-82.15,7.64
1238200,1,-78.59,9.07
1238400,1,-76.49,13.08
1238600,1,-77.41,11.97
1238800,1,-76.69,5.44
1239000,0,-81.09,8.83
1239200,1,-81.08,12.84
1239400,1,-75.16,13.67
1239600,1,-71.34,7.92
1239800,1,-74.44,10.32
1240000,1,-74.2,9.31
1240200,1,-75.43,11.8
1240400,1,-72.01,12.21
1240600,1,-70.83,14.61
1240800,1,-75.44,12.81
1241000,1,-70.87,13.1
1241200,1,-78.32,13.29
1241400,0,-81.96,7.03
1241600,0,-78.66,6.11
1241800,0,-81.47,8.25
1242000,1,-74.25,15.23
1242200,1,-70.41,9.05
1242400,1,-76.53,10.01
1242600,1,-70.81,6.99
1242800,1,-76.55,14.67
1243000,1,-75.36,15.99
1243200,0,-77.35,8.43
1243400,0,-84.75,5.02
1243600,0,-81.93,7.85
1243800,1,-75.65,15.01
1244000,0,-78.7,14.97
1244200,0,-76.44,6.77
1244400,0,-82.57,3.87
1244600,1,-73.23,15.36
1244800,1,-75.93,16.01
1245000,1,-76.77,10.19
1245200,1,-77.67,12.17
1245400,0,-75.49,9.86
1245600,1,-76.33,11.79
1245800,1,-75.93,9.99
1246000,1,-77.98,11.24
1246200,1,-81.76,8.1
1246400,0,-79.51,5.38
1246600,1,-67.96,11.09
1246800,1,-69.11,11.0
1247000,1,-75.84,5.98
1247200,1,-77.84,8.52
1247400,0,-78.39,2.76
1247600,0,-76.72,8.24
1247800,0,-77.53,4.12
1248000,0,-81.18,2.14
1248200,1,-71.32,11.97
1248400,1,-76.98,16.48
1248600,1,-75.1,8.33
1248800,1,-73.83,16.82
1249000,1,-74.19,15.53
1249200,1,-76.06,13.78
1249400,1,-72.16,16.5
1249600,1,-74.87,11.44
1249800,0,-74.98,11.01
1250000,1,-74.0,10.83
1250200,1,-76.22,11.34
1250400,1,-72.28,13.17
1250600,1,-67.59,10.6
1250800,0,-76.87,5.66
1251000,0,-85.51,6.93
1251200,0,-81.01,9.46
1251400,0,-81.31,0.99
1251600,1,-73.86,11.84
1251800,0,-76.81,4.42
1252000,0,-80.18,5.83
1252200,1,-77.12,15.52
1252400,1,-74.69,11.41
1252600,1,-74.34,10.24
1252800,1,-73.49,9.12
1253000,1,-69.59,9.51
1253200,1,-79.87,13.63
1253400,1,-75.33,10.26
1253600,1,-72.93,8.96
1253800,1,-68.39,11.39
1254000,1,-78.13,11.44
1254200,1,-71.93,10.68
1254400,0,-81.9,1.24
1254600,1,-72.5,11.06
1254800,1,-72.39,7.74
1255000,0,-71.85,7.87
1255200,0,-73.88,9.84
1255400,0,-82.32,6.36
1255600,1,-70.2,15.86
1255800,0,-74.89,13.06
1256000,1,-77.57,11.75
1256200,1,-78.71,12.15
1256400,1,-74.56,12.87
1256600,1,-80.57,12.82
1256800,1,-78.91,14.66
1257000,1,-74.91,11.73
1257200,1,-78.82,15.9
1257400,1,-73.78,10.39
1257600,1,-74.65,12.56
1257800,1,-71.47,9.97
1258000,1,-74.58,11.64
1258200,1,-73.58,11.31
1258400,1,-78.15,9.16
1258600,1,-72.74,9.21
1258800,1,-76.16,12.73
1259000,1,-74.28,10.92
1259200,1,-76.8,12.7
1259400,1,-70.62,11.5
1259600,0,-81.1,5.47
1259800,1,-74.52,11.64
1260000,1,-75.3,8.94
1260200,1,-76.02,10.63
1260400,1,-71.34,11.68
1260600,0,-82.88,7.2
1260800,0,-80.06,6.79
1261000,0,-90.12,5.51
1261200,1,-72.44,14.58
1261400,1,-81.87,16.11
1261600,1,-82.2,16.48
1261800,1,-69.15,10.77
1262000,1,-73.9,10.61
1262200,0,-80.01,7.94
1262400,0,-74.6,10.96
1262600,1,-73.16,13.03
1262800,1,-73.0,9.11
1263000,0,-83.81,3.14
1263200,0,-81.66,6.46
1263400,0,-86.92,3.07
1263600,0,-77.43,7.72
1263800,0,-80.79,5.91
1264000,0,-79.81,1.34
1264200,0,-81.12,10.11
1264400,0,-73.68,9.71
1264600,1,-79.16,10.08
1264800,1,-75.21,14.58
1265000,0,-74.93,8.74
1265200,1,-77.25,10.77
1265400,1,-71.87,6.41
1265600,1,-74.58,13.1
1265800,1,-74.23,11.77
1266000,0,-83.08,4.94
1266200,0,-76.63,3.64
1266400,0,-81.75,6.86
1266600,0,-74.48,7.77
1266800,0,-71.78,5.46
1267000,0,-76.02,8.33
1267200,0,-83.23,6.71
1267400,0,-78.71,8.93
1267600,0,-79.62,7.28
1267800,0,-79.66,8.7
1268000,1,-75.35,13.8
1268200,1,-72.02,12.11
1268400,1,-73.12,12.4
1268600,1,-79.32,10.05
1268800,0,-82.57,5.22
1269000,1,-73.42,13.76
1269200,1,-75.0,15.23
1269400,1,-75.22,13.76
1269600,0,-85.27,3.63
1269800,0,-83.25,6.73
1270000,1,-73.09,7.53
1270200,0,-81.58,4.39
1270400,0,-81.8,7.35
1270600,0,-77.16,7.33
1270800,0,-90.08,6.02
1271000,1,-72.34,14.46
1271200,1,-78.43,7.76
1271400,0,-69.19,14.12
1271600,1,-74.99,8.81
1271800,0,-85.9,4.39
1272000,0,-79.65,1.88
1272200,0,-72.96,11.46
1272400,1,-75.78,9.82
1272600,0,-79.08,5.23
1272800,0,-80.79,6.62
1273000,0,-82.25,8.64
1273200,0,-80.95,4.44
1273400,0,-78.42,9.52
1273600,0,-76.44,7.38
1273800,1,-73.8,10.21
1274000,0,-77.36,11.62
1274200,1,-76.33,11.69
1274400,1,-79.85,14.02
1274600,1,-74.39,11.15
1274800,1,-74.35,12.29
1275000,1,-76.83,13.52
1275200,0,-73.55,10.57
1275400,1,-75.21,7.04
1275600,0,-77.92,14.5
1275800,1,-72.13,14.81
1276000,1,-68.18,15.45
1276200,1,-77.63,11.87
1276400,1,-74.14,10.69
1276600,1,-75.04,8.66
1276800,1,-78.26,16.37
1277000,1,-71.45,11.87
1277200,1,-74.08,8.1
1277400,1,-81.02,9.89
1277600,0,-85.69,4.88
1277800,1,-73.59,10.3
1278000,1,-73.68,15.07
1278200,1,-77.36,10.14
1278400,1,-72.0,8.33
1278600,0,-76.16,8.21
1278800,0,-75.36,7.84
1279000,0,-75.34,7.98
1279200,0,-83.1,4.53
1279400,0,-79.29,6.91
1279600,0,-79.78,4.47
1279800,0,-78.18,2.13
1280000,0,-77.62,5.54
1280200,0,-80.59,9.31
1280400,0,-81.67,5.58
1280600,0,-79.01,6.2
1280800,0,-81.2,7.46
1281000,0,-77.84,6.29
1281200,1,-76.14,9.88
1281400,0,-79.07,5.91
1281600,0,-78.44,6.4
1281800,0,-81.47,6.0
1282000,0,-84.02,4.51
1282200,0,-79.43,7.6
1282400,0,-82.62,6.6
1282600,0,-79.75,5.9
1282800,0,-80.82,5.08
1283000,1,-70.19,9.83
1283200,1,-77.16,11.31
1283400,1,-72.93,8.58
1283600,0,-81.9,6.93
1283800,0,-80.19,10.0
1284000,1,-71.17,15.06
1284200,0,-85.86,2.46
1284400,1,-80.04,7.74
1284600,1,-72.78,17.18
1284800,1,-78.64,13.7
1285000,1,-64.77,13.44
1285200,1,-75.83,7.9
1285400,1,-74.79,10.13
1285600,1,-70.93,13.04
1285800,1,-77.3,13.89
1286000,0,-81.62,8.69
1286200,0,-80.72,5.65
1286400,1,-70.55,11.03
1286600,0,-81.68,3.55
1286800,0,-79.14,2.96
1287000,0,-81.47,12.54
1287200,1,-74.33,15.94
1287400,1,-74.14,13.12
1287600,1,-77.09,15.95
1287800,1,-82.32,14.81
1288000,1,-70.06,12.77
1288200,1,-70.75,11.81
1288400,1,-79.06,8.82
1288600,1,-77.11,11.56
1288800,1,-78.15,11.64
1289000,0,-81.51,6.33
1289200,1,-78.02,15.32
1289400,1,-72.26,10.92
1289600,1,-74.66,14.23
1289800,1,-75.54,8.62
1290000,1,-73.22,11.78
1290200,0,-79.37,8.98
1290400,0,-77.48,7.42
1290600,0,-86.91,6.16
1290800,0,-81.42,4.66
1291000,0,-77.13,11.0
1291200,0,-82.74,4.46
1291400,0,-80.19,3.38
1291600,0,-82.3,5.95
1291800,0,-78.5,9.08
1292000,0,-78.09,14.24
1292200,0,-83.17,5.95
1292400,0,-85.56,6.76
1292600,0,-76.1,4.46
1292800,0,-77.48,6.56
1293000,1,-79.21,15.51
1293200,1,-73.34,10.5
1293400,0,-77.05,6.46
1293600,0,-83.97,7.12
1293800,1,-74.08,10.8
1294000,1,-75.99,12.94
1294200,1,-75.92,11.4
1294400,0,-76.61,9.01
1294600,0,-80.33,4.81
1294800,1,-76.65,11.61
1295000,1,-69.42,12.48
1295200,1,-80.23,7.67
1295400,1,-67.74,11.61
1295600,1,-77.45,11.3
1295800,1,-73.66,8.9
1296000,1,-74.3,13.33
1296200,0,-77.38,8.73
1296400,1,-79.48,6.11
1296600,1,-65.41,9.22
1296800,1,-73.19,10.23
1297000,0,-79.44,6.94
1297200,1,-79.42,13.54
1297400,1,-73.89,7.72
1297600,1,-72.16,9.14
1297800,1,-73.16,13.55
1298000,1,-75.37,14.38
1298200,1,-71.84,10.05
1298400,1,-73.88,10.58
1298600,0,-77.89,2.17
1298800,1,-76.19,14.76
1299000,1,-76.48,13.81
1299200,1,-73.05,13.46
1299400,1,-70.95,10.1
1299600,1,-77.4,14.86
1299800,1,-75.73,12.84
1300000,1,-76.34,13.28
1300200,1,-73.11,12.12
1300400,1,-74.35,8.4
1300600,1,-79.36,13.12
1300800,0,-85.54,-0.48
1301000,0,-79.93,4.98
1301200,0,-81.8,7.41
1301400,1,-69.26,8.67
1301600,1,-68.62,12.78
1301800,1,-74.23,10.29
1302000,1,-73.15,12.19
1302200,1,-71.32,14.52
1302400,1,-73.65,10.67
1302600,0,-73.69,8.07
1302800,0,-78.72,8.35
1303000,1,-72.42,12.86
1303200,1,-78.27,12.49
1303400,1,-76.94,12.01
1303600,1,-71.46,10.62
1303800,1,-68.99,14.9
1304000,1,-76.94,11.5
1304200,1,-70.33,13.39
1304400,1,-79.53,9.34
1304600,0,-75.25,10.71
1304800,1,-77.68,7.94
1305000,0,-82.57,6.86
1305200,0,-82.7,2.32
1305400,0,-80.97,7.45
1305600,0,-82.27,7.19
1305800,0,-80.77,6.44
1306000,0,-79.87,7.59
1306200,1,-66.38,11.18
1306400,1,-76.59,17.33
1306600,1,-74.73,9.02
1306800,0,-77.51,4.58
1307000,0,-78.97,11.55
1307200,1,-75.66,13.4
1307400,1,-76.07,12.8
1307600,1,-78.4,13.2
1307800,0,-71.61,11.71
1308000,0,-77.33,4.93
1308200,0,-74.96,12.89
1308400,1,-67.94,11.03
1308600,0,-80.93,12.37
1308800,0,-81.43,11.37
1309000,0,-79.81,11.22
1309200,0,-80.72,9.76
1309400,1,-77.29,14.85
1309600,1,-72.43,12.02
1309800,1,-73.94,12.81
1310000,0,-75.92,5.02
1310200,0,-82.74,8.58
1310400,1,-76.95,7.65
1310600,1,-79.7,12.22
1310800,0,-82.92,5.8
1311000,1,-76.86,9.89
1311200,1,-78.16,13.46
1311400,1,-75.03,14.71
1311600,0,-72.69,12.68
1311800,1,-74.48,13.37
1312000,0,-82.75,9.03
1312200,0,-83.08,5.74
1312400,0,-89.63,8.61
1312600,1,-80.27,7.65
1312800,1,-79.57,16.39
1313000,1,-78.17,12.55
1313200,1,-76.72,12.89
1313400,1,-70.93,7.69
1313600,1,-73.08,6.99
1313800,1,-79.98,10.29
1314000,1,-73.73,15.63
1314200,1,-74.11,12.97
1314400,1,-76.53,12.86
1314600,1,-75.89,16.83
1314800,0,-80.77,8.87
1315000,0,-82.67,7.01
1315200,1,-75.98,15.11
1315400,1,-74.53,10.52
1315600,1,-69.52,11.02
1315800,1,-79.81,18.65
1316000,0,-79.49,4.92
1316200,0,-81.74,2.99
1316400,1,-73.72,8.72
1316600,1,-72.84,9.91
1316800,1,-73.79,14.38
1317000,1,-81.84,14.47
1317200,1,-71.42,11.99
1317400,1,-80.3,8.75
1317600,0,-73.83,11.86
1317800,1,-77.56,11.19
1318000,1,-76.4,12.04
1318200,0,-78.87,9.1
1318400,0,-85.0,3.97
1318600,1,-77.69,14.12
1318800,1,-73.91,10.81
1319000,1,-73.03,8.24
1319200,0,-82.47,11.4
1319400,1,-73.29,13.27
1319600,1,-85.43,10.48
1319800,0,-88.32,3.86
1320000,0,-88.05,5.49
1320200,0,-79.64,8.51
1320400,1,-70.8,9.04
1320600,1,-71.12,5.92
1320800,0,-72.79,12.71
1321000,0,-79.18,6.58
1321200,0,-82.46,9.22
1321400,1,-68.56,8.07
1321600,1,-71.17,7.58
1321800,1,-78.11,11.91
1322000,1,-73.19,10.94
1322200,0,-82.53,6.58
1322400,0,-82.41,6.62
1322600,0,-87.42,7.06
1322800,0,-77.97,5.0
1323000,0,-75.52,6.91
1323200,1,-74.93,14.43
1323400,1,-73.06,11.25
1323600,1,-76.58,13.77
1323800,1,-72.39,13.4
1324000,1,-78.85,7.99
1324200,1,-74.0,14.28
1324400,1,-74.95,8.4
1324600,1,-72.71,10.82
1324800,1,-79.58,11.32
1325000,0,-84.86,4.27
1325200,0,-80.24,4.15
1325400,0,-87.23,11.91
1325600,0,-74.27,7.2
1325800,1,-75.83,13.71
1326000,0,-83.02,9.53
1326200,0,-78.74,6.01
1326400,0,-83.37,3.46
1326600,0,-82.59,5.65
1326800,0,-77.97,7.21
1327000,0,-78.68,6.05
1327200,0,-83.56,6.66
1327400,0,-79.74,4.08
1327600,1,-74.82,8.73
1327800,1,-69.8,11.91
1328000,1,-70.89,13.73
1328200,1,-79.53,11.31
1328400,1,-73.46,17.57
1328600,1,-73.23,14.58
1328800,1,-75.22,11.87
1329000,1,-77.31,11.63
1329200,1,-70.76,13.45
1329400,1,-74.78,12.93
1329600,1,-75.79,10.3
1329800,1,-83.27,14.68
1330000,1,-77.46,9.82
1330200,1,-74.97,10.6
1330400,0,-77.69,5.95
1330600,0,-80.7,7.55
1330800,1,-75.47,13.41
1331000,1,-79.41,7.02
1331200,1,-72.92,14.08
1331400,1,-75.74,11.77
1331600,1,-74.11,13.35
1331800,1,-77.79,12.21
1332000,1,-76.4,9.81
1332200,1,-76.44,12.27
1332400,0,-75.2,7.15
1332600,0,-79.11,13.83
1332800,1,-73.62,12.36
1333000,1,-77.66,14.65
1333200,1,-78.38,13.23
1333400,1,-72.14,13.57
1333600,1,-79.09,6.5
1333800,0,-73.15,12.95
1334000,1,-74.39,11.05
1334200,1,-76.58,12.16
1334400,1,-72.52,12.2
1334600,1,-73.82,12.8
1334800,1,-70.5,15.23
1335000,0,-72.66,11.62
1335200,1,-73.23,12.67
1335400,1,-75.31,14.67
1335600,0,-81.69,7.13
1335800,0,-78.81,12.3
1336000,1,-70.34,11.63
1336200,1,-78.54,11.2
1336400,1,-65.92,11.48
1336600,1,-73.51,12.61
1336800,1,-75.73,15.0
1337000,1,-76.32,9.37
1337200,1,-77.46,11.75
1337400,1,-75.28,10.35
1337600,0,-75.03,16.47
1337800,1,-78.35,10.06
1338000,1,-70.6,11.63
1338200,1,-76.89,14.03
1338400,1,-70.42,12.13
1338600,0,-72.95,13.3
1338800,1,-74.57,6.89
1339000,1,-76.49,13.49
1339200,1,-69.44,10.53
1339400,1,-70.83,12.99
1339600,1,-77.27,11.34
1339800,1,-74.58,10.5
1340000,1,-74.2,11.42
1340200,1,-76.78,14.1
1340400,0,-87.93,8.93
1340600,1,-75.23,12.49
1340800,1,-70.08,11.43
1341000,1,-74.02,9.51
1341200,0,-76.22,10.2
1341400,1,-79.78,9.57
1341600,1,-72.88,11.57
1341800,1,-79.14,10.58
1342000,0,-82.03,4.31
1342200,0,-81.79,9.04
1342400,0,-78.75,7.72
1342600,0,-80.49,7.58
1342800,0,-84.1,5.77
1343000,0,-83.96,10.77
1343200,1,-79.66,8.72
1343400,1,-73.48,9.1
1343600,1,-74.52,12.56
1343800,1,-79.33,13.3
1344000,1,-78.91,11.89
1344200,1,-74.74,9.39
1344400,1,-80.8,12.56
1344600,0,-87.22,9.21
1344800,1,-78.84,16.12
1345000,0,-82.56,7.53
1345200,0,-78.78,3.59
1345400,1,-78.75,13.6
1345600,0,-73.77,13.35
1345800,1,-75.36,9.99
1346000,1,-75.68,12.89
1346200,1,-75.55,10.02
1346400,0,-78.16,6.25
1346600,1,-74.39,17.84
1346800,1,-72.35,11.38
1347000,1,-78.68,11.28
1347200,1,-71.52,14.42
1347400,0,-79.78,6.9
1347600,0,-85.52,10.7
1347800,1,-73.05,9.46
1348000,1,-74.07,9.58
1348200,0,-77.16,2.58
1348400,0,-80.42,8.35
1348600,1,-76.62,13.01
1348800,1,-74.44,13.17
1349000,1,-75.69,14.96
1349200,1,-76.71,9.77
1349400,0,-76.54,8.39
1349600,0,-85.1,9.18
1349800,1,-68.19,15.11
1350000,1,-76.5,13.37
1350200,1,-73.41,15.28
1350400,1,-70.88,9.8
1350600,1,-73.09,10.22
1350800,0,-71.4,13.82
1351000,1,-76.05,14.04
1351200,0,-83.96,4.38
1351400,1,-76.16,10.37
1351600,1,-75.73,13.71
1351800,1,-70.66,15.88
1352000,0,-76.47,5.99
1352200,1,-80.99,10.09
1352400,0,-70.69,11.65
1352600,1,-78.13,14.56
1352800,1,-66.84,12.79
1353000,1,-75.84,15.92
1353200,1,-69.43,12.04
1353400,1,-75.42,12.85
1353600,0,-81.5,5.5
1353800,0,-81.0,4.64
1354000,0,-81.37,9.95
1354200,0,-82.31,3.56
1354400,0,-79.0,8.93
1354600,1,-75.6,8.1
1354800,1,-73.27,10.07
1355000,1,-69.75,10.9
1355200,0,-73.04,13.64
1355400,1,-65.23,14.86
1355600,1,-71.86,15.24
1355800,1,-67.66,10.94
1356000,1,-82.25,11.76
1356200,1,-76.7,12.89
1356400,0,-80.43,9.72
1356600,1,-73.26,14.37
1356800,1,-75.76,14.34
1357000,1,-79.02,9.39
1357200,1,-74.25,10.46
1357400,0,-76.39,6.67
1357600,0,-83.53,4.11
1357800,0,-81.09,7.97
1358000,0,-79.46,6.15
1358200,1,-81.9,13.12
1358400,0,-82.97,11.57
1358600,0,-81.3,7.92
1358800,0,-84.0,8.28
1359000,1,-72.77,16.33
1359200,1,-76.86,14.19
1359400,1,-73.57,11.93
1359600,1,-71.71,10.39
1359800,1,-78.49,10.66
1360000,1,-74.98,9.91
1360200,1,-73.76,12.43
1360400,1,-76.88,11.74
1360600,1,-76.59,10.88
1360800,0,-78.7,7.5
1361000,0,-77.51,3.87
1361200,0,-85.14,5.08
1361400,1,-71.55,8.99
1361600,0,-84.6,8.98
1361800,0,-88.34,7.11
1362000,0,-82.74,6.67
1362200,0,-78.98,8.66
1362400,0,-82.63,7.6
1362600,0,-80.14,7.32
1362800,0,-83.81,8.93
1363000,1,-79.9,10.25
1363200,1,-76.74,10.36
1363400,1,-75.79,9.01
1363600,1,-69.5,15.3
1363800,1,-77.14,10.28
1364000,1,-76.29,10.06
1364200,1,-74.92,9.24
1364400,1,-70.42,9.14
1364600,1,-75.66,11.48
1364800,1,-78.42,10.79
1365000,1,-76.3,11.88
1365200,1,-69.25,15.48
1365400,1,-75.66,11.61
1365600,1,-73.54,6.61
1365800,1,-76.22,8.03
1366000,1,-72.57,8.78
1366200,1,-78.16,8.07
1366400,1,-74.61,8.34
1366600,1,-76.34,10.77
1366800,1,-69.49,12.13
1367000,1,-71.92,10.46
1367200,1,-77.31,10.76
1367400,1,-77.31,15.57
1367600,1,-74.26,10.62
1367800,0,-84.99,6.46
1368000,0,-81.85,6.02
1368200,1,-71.13,11.32
1368400,0,-79.63,7.37
1368600,1,-77.14,11.09
1368800,1,-78.72,15.0
1369000,1,-75.16,10.96
1369200,1,-73.87,13.12
1369400,1,-77.51,13.74
1369600,1,-77.91,10.97
1369800,1,-78.98,9.46
1370000,0,-83.95,10.26
1370200,1,-76.8,13.86
1370400,1,-75.12,11.63
1370600,1,-74.44,10.31
1370800,1,-75.19,9.18
1371000,1,-73.63,9.73
1371200,1,-71.54,9.36
1371400,0,-81.45,5.04
1371600,0,-76.06,10.09
1371800,0,-80.68,2.42
1372000,0,-78.42,3.0
1372200,1,-75.86,10.56
1372400,1,-78.34,11.8
1372600,1,-79.08,17.33
1372800,1,-78.96,12.16
1373000,1,-74.73,15.72
1373200,0,-84.9,5.99
1373400,1,-76.84,11.51
1373600,1,-76.91,13.56
1373800,0,-77.0,6.61
1374000,0,-84.15,5.54
1374200,1,-75.16,9.56
1374400,0,-82.52,6.77
1374600,1,-74.56,10.25
1374800,1,-73.03,11.17
1375000,1,-74.33,11.02
1375200,1,-81.51,7.58
1375400,0,-83.88,6.09
1375600,0,-79.81,7.65
1375800,0,-82.51,5.77
1376000,0,-82.7,5.98
1376200,0,-83.33,7.55
1376400,1,-76.31,11.33
1376600,1,-71.01,9.57
1376800,1,-75.95,12.31
1377000,0,-80.85,6.93
1377200,0,-81.25,5.38
1377400,0,-80.39,7.82
1377600,1,-73.46,17.09
1377800,1,-69.75,12.24
1378000,1,-68.64,7.29
1378200,1,-75.61,13.11
1378400,1,-73.87,13.37
1378600,1,-74.17,14.77
1378800,1,-78.97,12.66
1379000,1,-80.97,13.08
1379200,1,-73.86,9.32
1379400,1,-70.55,15.01
1379600,0,-79.65,6.03
1379800,0,-77.9,4.05
1380000,1,-71.78,11.78
1380200,1,-72.49,9.22
1380400,0,-82.58,5.58
1380600,0,-84.0,5.29
1380800,0,-87.89,4.16
1381000,0,-82.54,9.41
1381200,0,-82.48,7.04
1381400,1,-79.5,16.24
1381600,1,-73.52,11.82
1381800,1,-72.1,3.96
1382000,1,-77.09,11.45
1382200,1,-75.5,13.79
1382400,1,-76.69,13.65
1382600,0,-81.66,8.43
1382800,0,-81.74,9.25
1383000,1,-77.38,14.85
1383200,1,-76.04,10.3
1383400,1,-75.54,11.39
1383600,1,-73.33,13.69
1383800,1,-78.16,9.45
1384000,0,-86.48,8.53
1384200,0,-75.06,8.05
1384400,0,-81.84,10.99
1384600,0,-78.25,7.95
1384800,0,-79.59,4.78
1385000,0,-80.17,0.97
1385200,0,-84.75,3.14
1385400,0,-86.23,7.24
1385600,0,-85.13,8.21
1385800,0,-82.77,9.76
1386000,1,-73.42,11.56
1386200,1,-75.85,17.0
1386400,1,-81.47,9.44
1386600,0,-74.07,8.21
1386800,1,-72.56,10.28
1387000,1,-74.41,10.09
1387200,0,-86.7,7.64
1387400,0,-82.62,8.91
1387600,1,-75.44,8.16
1387800,0,-79.01,9.95
1388000,0,-81.69,8.35
1388200,0,-88.23,6.58
1388400,0,-74.95,6.98
1388600,1,-74.82,13.11
1388800,1,-75.99,7.19
1389000,0,-86.17,6.5
1389200,1,-77.33,10.08
1389400,0,-72.78,15.72
1389600,1,-76.47,12.13
1389800,0,-81.12,5.89
1390000,0,-79.96,9.05
1390200,0,-78.79,5.99
1390400,0,-84.92,6.08
1390600,1,-72.85,12.22
1390800,1,-80.59,11.77
1391000,0,-77.56,6.36
1391200,0,-80.24,7.85
1391400,1,-78.71,11.89
1391600,1,-78.42,12.11
1391800,1,-73.97,5.81
1392000,0,-78.41,12.05
1392200,1,-76.24,9.04
1392400,1,-76.9,13.05
1392600,1,-73.84,7.38
1392800,1,-71.96,6.83
1393000,1,-74.39,10.85
1393200,1,-77.01,12.31
1393400,1,-71.82,14.45
1393600,0,-83.04,2.5
1393800,1,-79.65,10.28
1394000,1,-74.9,15.52
1394200,0,-77.06,12.58
1394400,0,-78.44,6.04
1394600,0,-82.38,7.57
1394800,0,-82.61,4.05
1395000,0,-80.92,6.71
1395200,0,-85.11,3.2
1395400,0,-78.99,11.1
1395600,1,-73.63,9.62
1395800,1,-71.71,11.95
1396000,1,-74.35,13.53
1396200,0,-74.87,5.83
1396400,1,-74.52,12.39
1396600,1,-77.11,17.47
1396800,1,-71.56,9.66
1397000,1,-78.14,15.15
1397200,1,-78.67,12.37
1397400,1,-72.51,12.8
1397600,1,-75.57,9.98
1397800,1,-76.11,8.64
1398000,1,-76.25,13.77
1398200,1,-73.78,12.06
1398400,0,-83.1,4.61
1398600,0,-83.08,4.16
1398800,0,-82.65,10.26
1399000,0,-76.75,4.54
1399200,0,-78.42,11.82
1399400,1,-72.2,11.52
1399600,1,-75.82,11.8
1399800,0,-86.32,8.5
1400000,0,-79.93,10.0
1400200,0,-85.77,9.03
1400400,1,-76.12,13.3
1400600,1,-76.75,12.35
1400800,1,-81.59,14.41
1401000,1,-77.92,14.71
1401200,1,-75.82,9.52
1401400,1,-79.69,8.8
1401600,1,-73.43,16.14
1401800,1,-73.77,9.54
1402000,1,-78.78,11.59
1402200,0,-81.14,5.09
1402400,1,-74.25,7.67
1402600,1,-72.35,11.97
1402800,1,-76.92,11.15
1403000,0,-85.11,6.23
1403200,1,-74.28,11.46
1403400,0,-84.18,7.47
1403600,0,-80.53,6.9
1403800,0,-78.69,4.16
1404000,1,-74.97,13.72
1404200,1,-76.77,11.47
1404400,1,-79.23,14.3
1404600,1,-73.01,15.08
1404800,0,-77.19,7.56
1405000,0,-85.1,5.32
1405200,1,-78.66,15.85
1405400,1,-76.82,9.83
1405600,1,-72.02,11.74
1405800,1,-79.55,13.19
1406000,1,-74.59,8.52
1406200,1,-74.63,10.46
1406400,1,-72.19,11.94
1406600,1,-69.26,13.2
1406800,1,-72.66,14.11
1407000,1,-76.02,11.99
1407200,1,-76.63,8.93
1407400,1,-72.91,7.87
1407600,1,-78.97,10.17
1407800,0,-76.43,12.13
1408000,0,-82.37,7.5
1408200,0,-89.42,7.98
1408400,0,-76.5,4.01
1408600,1,-73.12,9.94
1408800,1,-71.74,12.33
1409000,1,-73.14,13.78
1409200,1,-74.17,10.45
1409400,1,-78.42,5.78
1409600,0,-76.7,3.64
1409800,0,-82.15,7.96
1410000,1,-79.21,12.91
1410200,0,-78.19,10.5
1410400,1,-77.96,15.24
1410600,1,-73.68,14.88
1410800,1,-76.9,12.33
1411000,1,-75.96,11.37
1411200,1,-70.64,13.61
1411400,1,-74.99,10.46
1411600,1,-74.82,8.42
1411800,1,-72.84,12.98
1412000,1,-71.75,13.25
1412200,1,-73.86,11.77
1412400,0,-80.07,6.01
1412600,0,-81.75,5.15
1412800,0,-83.38,5.77
1413000,0,-80.28,4.15
1413200,1,-75.78,10.21
1413400,0,-78.93,6.3
1413600,0,-83.37,5.53
1413800,0,-81.52,3.64
1414000,0,-80.84,6.91
1414200,0,-78.75,8.12
1414400,0,-80.79,6.84
1414600,0,-81.07,5.19
1414800,1,-74.59,8.64
1415000,1,-76.08,12.53
1415200,1,-73.65,13.06
1415400,0,-87.63,3.83
1415600,0,-83.64,6.43
1415800,0,-87.11,6.19
1416000,0,-82.14,10.47
1416200,1,-74.72,12.02
1416400,1,-74.7,11.61
1416600,0,-80.45,7.52
1416800,0,-85.36,2.29
1417000,0,-79.9,7.62
1417200,0,-85.09,9.54
1417400,0,-82.95,4.35
1417600,0,-75.52,9.63
1417800,0,-83.93,9.5
1418000,0,-83.96,2.5
1418200,0,-80.25,3.51
1418400,0,-80.09,6.19
1418600,0,-83.76,1.15
1418800,0,-86.97,5.52
1419000,1,-69.92,14.22
1419200,1,-76.34,13.8
1419400,0,-71.79,6.08
1419600,0,-78.73,5.05
1419800,1,-75.23,8.71
1420000,1,-73.48,12.5
1420200,1,-71.49,15.5
1420400,1,-73.39,12.23
1420600,1,-78.02,10.18
1420800,1,-76.11,12.21
1421000,1,-82.31,9.88
1421200,1,-77.46,13.82
1421400,1,-82.09,12.23
1421600,1,-76.86,11.25
1421800,0,-72.88,10.53
1422000,0,-78.97,8.71
1422200,1,-76.7,11.2
1422400,1,-76.02,15.57
1422600,1,-77.67,11.51
1422800,1,-76.87,11.72
1423000,1,-74.56,17.48
1423200,1,-79.61,13.54
1423400,1,-70.85,10.82
1423600,0,-81.96,4.74
1423800,0,-80.18,7.37
1424000,0,-80.06,6.68
1424200,0,-83.52,5.67
1424400,0,-83.1,9.03
1424600,1,-71.89,10.24
1424800,1,-75.92,11.43
1425000,1,-77.77,10.32
1425200,1,-73.75,8.86
1425400,0,-76.92,7.72
1425600,1,-76.95,12.91
1425800,1,-74.73,14.98
1426000,0,-76.82,5.23
1426200,1,-78.79,12.03
1426400,0,-82.48,5.15
1426600,0,-82.85,7.78
1426800,0,-81.06,6.83
1427000,0,-77.58,3.99
1427200,1,-79.47,11.49
1427400,1,-75.81,7.9
1427600,1,-75.49,13.83
1427800,1,-71.83,7.46
1428000,1,-73.84,13.4
1428200,1,-76.55,9.73
1428400,1,-74.36,14.83
1428600,1,-71.4,14.21
1428800,1,-79.16,11.43
1429000,1,-72.61,11.37
1429200,0,-79.06,4.47
1429400,0,-81.36,8.3
1429600,0,-80.93,5.83
1429800,0,-84.43,4.09
1430000,1,-71.47,13.57
1430200,1,-73.51,12.41
1430400,1,-76.85,12.41
1430600,1,-71.73,15.02
1430800,1,-70.69,11.52
1431000,1,-76.11,7.24
1431200,1,-72.05,9.64
1431400,1,-77.17,13.32
1431600,1,-73.35,8.87
1431800,1,-76.62,10.56
1432000,1,-72.58,12.37
1432200,1,-78.02,14.74
1432400,1,-77.29,12.6
1432600,1,-74.04,9.28
1432800,1,-73.16,9.77
1433000,1,-73.18,13.85
1433200,0,-78.37,7.91
1433400,0,-84.41,9.56
1433600,0,-81.8,6.68
1433800,0,-83.3,7.65
1434000,0,-79.76,3.51
1434200,0,-89.24,6.86
1434400,0,-78.41,4.53
1434600,1,-78.09,11.14
1434800,1,-75.15,13.58
1435000,1,-76.41,9.93
1435200,1,-75.97,11.06
1435400,1,-75.48,11.12
1435600,1,-76.18,9.63
1435800,1,-79.87,13.11
1436000,1,-71.75,10.84
1436200,1,-76.79,10.62
1436400,1,-76.86,13.38
1436600,0,-81.01,9.28
1436800,0,-85.97,9.63
1437000,0,-81.15,8.26
1437200,0,-77.67,10.93
1437400,0,-79.29,8.43
1437600,0,-81.32,7.21
1437800,1,-78.48,11.08
1438000,1,-72.74,14.61
1438200,1,-76.99,12.2
1438400,1,-72.29,12.24
1438600,1,-82.31,16.03
1438800,1,-78.16,11.31
1439000,1,-77.82,9.96
1439200,1,-78.8,8.86
1439400,0,-79.43,8.49
1439600,1,-74.4,14.21
1439800,1,-75.14,9.71
1440000,0,-80.24,7.37
1440200,1,-76.59,13.2
1440400,1,-72.81,9.9
1440600,1,-77.08,10.78
1440800,1,-73.05,14.5
1441000,0,-82.9,2.46
1441200,1,-71.01,15.97
1441400,1,-78.41,10.11
1441600,1,-79.56,13.73
1441800,1,-75.16,10.22
1442000,0,-84.21,8.51
1442200,1,-75.81,10.9
1442400,1,-74.13,15.26
1442600,0,-81.22,7.42
1442800,0,-86.72,8.74
1443000,0,-81.66,2.85
1443200,0,-81.58,5.4
1443400,0,-74.47,6.94
1443600,1,-72.82,15.4
1443800,1,-75.28,10.98
1444000,1,-75.79,13.99
1444200,1,-73.48,7.52
1444400,1,-74.34,8.79
1444600,0,-75.75,15.81
1444800,1,-75.73,11.38
1445000,1,-77.43,15.0
1445200,1,-83.39,13.48
1445400,1,-72.54,14.13
1445600,0,-79.27,3.41
1445800,0,-86.07,5.37
1446000,1,-71.12,12.74
1446200,0,-75.77,7.49
1446400,1,-76.09,10.61
1446600,1,-79.4,11.02
1446800,1,-74.29,11.73
1447000,1,-76.92,13.87
1447200,1,-78.75,11.12
1447400,1,-73.55,15.14
1447600,1,-71.04,11.07
1447800,1,-69.28,11.91
1448000,1,-67.33,6.94
1448200,1,-82.25,14.25
1448400,1,-79.36,12.67
1448600,0,-67.0,16.85
1448800,1,-77.16,11.4
1449000,0,-81.76,3.96
1449200,0,-78.0,3.98
1449400,0,-80.24,4.67
1449600,0,-78.41,10.61
1449800,0,-81.67,5.41
1450000,0,-80.94,0.04
1450200,0,-85.19,7.09
1450400,0,-81.43,6.1
1450600,0,-81.78,4.73
1450800,0,-76.06,13.67
1451000,0,-81.2,7.41
1451200,0,-84.9,4.05
1451400,1,-75.07,11.86
1451600,1,-77.56,7.89
1451800,1,-77.9,11.53
1452000,1,-76.0,17.28
1452200,1,-76.77,11.82
1452400,1,-72.3,12.43
1452600,1,-67.34,10.1
1452800,1,-73.92,13.97
1453000,1,-72.09,11.44
1453200,1,-74.41,10.3
1453400,1,-71.24,9.36
1453600,1,-74.7,13.6
1453800,1,-71.21,17.82
1454000,1,-72.66,9.15
1454200,0,-76.59,9.08
1454400,0,-87.46,6.46
1454600,0,-76.59,4.01
1454800,0,-81.55,4.41
1455000,0,-82.0,5.76
1455200,0,-81.02,4.79
1455400,1,-78.42,13.08
1455600,0,-79.06,11.88
1455800,1,-75.81,15.35
1456000,0,-75.0,10.2
1456200,1,-78.31,14.03
1456400,0,-83.32,14.0
1456600,1,-69.93,10.19
1456800,1,-75.65,10.55
1457000,1,-78.05,11.95
1457200,1,-74.9,12.77
1457400,1,-76.49,10.61
1457600,1,-71.41,12.3
1457800,1,-80.49,14.12
1458000,1,-71.57,11.46
1458200,1,-81.08,10.01
1458400,1,-74.47,10.41
1458600,1,-77.31,8.0
1458800,1,-79.24,11.89
1459000,0,-72.48,13.73
1459200,1,-73.46,12.42
1459400,0,-73.57,11.78
1459600,1,-74.33,12.28
1459800,1,-72.54,9.32
1460000,1,-77.53,10.12
1460200,1,-79.48,17.12
1460400,1,-75.14,13.13
1460600,1,-76.71,8.55
1460800,1,-76.61,17.71
1461000,1,-68.85,12.25
1461200,0,-78.69,4.63
1461400,0,-82.65,6.47
1461600,0,-81.23,1.74
1461800,0,-80.51,3.85
1462000,0,-84.46,8.47
1462200,0,-82.01,3.2
1462400,0,-82.55,5.84
1462600,1,-74.68,15.49
1462800,1,-76.76,8.53
1463000,1,-73.3,8.46
1463200,1,-72.86,12.71
1463400,1,-75.28,13.75
1463600,1,-77.06,10.25
1463800,1,-75.6,6.73
1464000,0,-78.86,9.06
1464200,0,-82.29,10.56
1464400,1,-74.78,13.13
1464600,0,-76.7,11.55
1464800,0,-84.51,9.05
1465000,0,-83.0,6.09
1465200,1,-76.66,13.23
1465400,1,-76.49,9.46
1465600,1,-79.14,15.41
1465800,0,-75.6,6.76
1466000,0,-82.83,6.24
1466200,0,-74.32,6.31
1466400,0,-80.54,5.82
1466600,0,-80.92,8.8
1466800,0,-79.16,7.99
1467000,0,-81.56,7.88
1467200,0,-74.77,7.91
1467400,0,-83.45,6.41
1467600,0,-82.42,4.69
1467800,0,-77.19,13.76
1468000,0,-80.66,4.92
1468200,1,-74.13,12.54
1468400,1,-73.16,13.18
1468600,1,-69.79,14.85
1468800,1,-75.06,8.24
1469000,0,-85.76,7.31
1469200,0,-79.37,11.94
1469400,0,-83.99,5.82
1469600,0,-77.76,6.3
1469800,1,-75.74,5.62
1470000,1,-78.96,11.18
1470200,1,-77.65,14.1
1470400,1,-77.01,10.12
1470600,0,-73.35,9.47
1470800,1,-75.27,13.8
1471000,1,-71.55,9.47
1471200,1,-74.49,12.96
1471400,1,-73.35,13.77
1471600,0,-82.53,4.7
1471800,0,-78.81,3.88
1472000,0,-81.3,12.22
1472200,0,-79.34,8.66
1472400,0,-78.21,13.57
1472600,1,-79.22,11.74
1472800,1,-77.17,9.24
1473000,1,-75.36,7.32
1473200,1,-77.11,9.33
1473400,1,-77.6,13.37
1473600,1,-73.22,14.53
1473800,1,-73.26,13.49
1474000,1,-72.4,8.76
1474200,0,-77.66,8.05
1474400,1,-77.04,11.34
1474600,1,-79.72,11.48
1474800,1,-71.39,11.72
1475000,1,-75.91,12.54
1475200,1,-70.49,13.6
1475400,1,-73.68,13.08
1475600,1,-70.78,14.59
1475800,1,-76.78,8.02
1476000,1,-76.91,11.79
1476200,0,-76.25,7.69
1476400,1,-72.49,12.38
1476600,1,-72.46,13.83
1476800,1,-77.29,12.33
1477000,1,-75.5,11.06
1477200,1,-69.67,7.46
1477400,1,-75.58,13.11
1477600,0,-87.48,3.33
1477800,1,-73.72,11.82
1478000,1,-71.66,11.32
1478200,1,-75.27,9.85
1478400,0,-85.91,7.95
1478600,1,-75.94,12.99
1478800,0,-82.21,5.69
1479000,0,-80.49,8.74
1479200,0,-80.64,6.23
1479400,0,-82.76,9.3
1479600,1,-81.34,14.19
1479800,1,-69.46,12.35
1480000,1,-74.42,12.59
1480200,0,-85.47,3.81
1480400,0,-83.63,5.48
1480600,0,-80.08,8.55
1480800,0,-82.33,8.79
1481000,1,-73.8,13.09
1481200,1,-76.4,11.14
1481400,1,-77.24,15.0
1481600,1,-81.72,12.21
1481800,1,-77.87,14.98
1482000,1,-73.3,6.94
1482200,1,-74.1,6.7
1482400,1,-75.26,13.53
1482600,0,-79.59,13.15
1482800,1,-74.15,12.03
1483000,1,-76.68,13.51
1483200,1,-76.29,16.25
1483400,1,-72.5,14.33
1483600,0,-80.05,8.5
1483800,0,-80.46,6.92
1484000,0,-88.78,10.04
1484200,0,-84.99,5.52
1484400,0,-78.62,8.59
1484600,0,-77.66,7.65
1484800,1,-74.06,11.47
1485000,1,-68.9,10.77
1485200,1,-74.58,10.78
1485400,1,-78.02,11.05
1485600,1,-75.08,12.53
1485800,1,-79.3,10.18
1486000,1,-75.24,10.67
1486200,1,-75.65,13.0
1486400,1,-76.81,9.32
1486600,1,-77.6,14.04
1486800,1,-74.43,14.03
1487000,1,-75.56,11.63
1487200,1,-78.46,10.34
1487400,1,-76.8,10.05
1487600,1,-72.47,7.32
1487800,1,-71.4,15.49
1488000,1,-80.4,13.24
1488200,1,-77.27,8.83
1488400,1,-79.43,12.08
1488600,1,-73.62,11.79
1488800,0,-80.72,8.0
1489000,1,-72.31,11.02
1489200,1,-74.05,8.67
1489400,1,-75.56,11.01
1489600,1,-73.99,6.21
1489800,1,-75.88,11.28
1490000,1,-74.57,10.55
1490200,0,-78.82,8.8
1490400,0,-85.64,8.19
1490600,0,-78.54,7.96
1490800,1,-71.94,12.31
1491000,0,-79.53,5.19
1491200,1,-81.62,9.71
1491400,1,-69.96,11.68
1491600,1,-75.12,14.65
1491800,1,-73.13,7.95
1492000,1,-78.69,15.56
1492200,0,-81.12,4.89
1492400,0,-87.1,7.12
1492600,1,-78.04,11.17
1492800,1,-77.53,13.58
1493000,1,-76.14,11.66
1493200,1,-73.83,13.67
1493400,1,-74.35,9.78
1493600,0,-82.28,6.88
1493800,0,-76.16,3.14
1494000,0,-79.04,12.12
1494200,1,-76.51,14.88
1494400,1,-77.17,10.35
1494600,0,-83.96,4.94
1494800,0,-82.84,6.88
1495000,0,-80.52,8.43
1495200,1,-73.94,10.9
1495400,1,-77.58,7.41
1495600,1,-76.46,13.47
1495800,0,-74.37,8.51
1496000,0,-84.11,7.26
1496200,0,-78.64,1.69
1496400,1,-70.51,9.29
1496600,1,-71.49,9.09
1496800,1,-80.89,12.44
1497000,0,-74.99,12.11
1497200,1,-75.76,14.24
1497400,1,-71.69,9.06
1497600,1,-72.2,8.92
1497800,1,-75.41,11.83
1498000,1,-73.24,6.87
1498200,1,-79.62,13.45
1498400,1,-79.86,13.49
1498600,1,-78.58,9.75
1498800,1,-72.76,9.07
1499000,1,-81.39,12.77
1499200,1,-74.54,14.32
1499400,1,-73.26,14.14
1499600,1,-76.78,9.1
1499800,1,-83.12,13.86
1500000,1,-79.2,11.59
1500200,1,-75.49,13.8
1500400,0,-76.56,10.0
1500600,1,-77.6,10.78
1500800,1,-67.6,12.24
1501000,1,-74.22,9.35
1501200,1,-75.42,11.05
1501400,1,-76.09,14.8
1501600,1,-78.92,10.21
1501800,0,-80.04,3.85
1502000,0,-84.07,7.33
1502200,1,-76.77,15.2
1502400,1,-77.06,10.48
1502600,1,-76.9,12.48
1502800,1,-77.15,15.86
1503000,1,-70.49,13.73
1503200,1,-74.68,9.83
1503400,0,-77.16,12.43
1503600,1,-73.48,12.27
1503800,1,-74.67,12.34
1504000,0,-78.41,7.28
1504200,1,-72.23,11.47
1504400,1,-72.12,9.59
1504600,1,-68.43,9.74
1504800,1,-84.99,12.51
1505000,1,-76.12,10.87
1505200,1,-74.34,9.27
1505400,0,-80.49,5.4
1505600,0,-79.77,2.76
1505800,1,-70.22,9.46
1506000,1,-70.44,13.61
1506200,1,-72.59,7.7
1506400,1,-75.08,12.57
1506600,0,-75.72,11.65
1506800,1,-74.77,10.47
1507000,1,-75.21,9.51
1507200,1,-76.04,12.19
1507400,1,-73.04,11.13
1507600,1,-72.21,14.98
1507800,0,-83.58,4.81
1508000,1,-81.04,13.11
1508200,1,-73.17,7.83
1508400,0,-81.57,11.01
1508600,0,-79.54,3.6
1508800,0,-79.94,7.16
1509000,0,-83.37,8.48
1509200,1,-71.29,15.29
1509400,0,-78.28,8.6
1509600,0,-77.99,6.43
1509800,0,-85.14,8.49
1510000,1,-71.17,7.15
1510200,1,-78.55,8.7
1510400,1,-75.77,10.64
1510600,1,-71.51,17.11
1510800,1,-78.13,12.51
1511000,1,-75.7,8.71
1511200,0,-76.44,7.34
1511400,1,-77.34,14.99
1511600,1,-78.72,8.42
1511800,0,-80.45,6.38
1512000,0,-82.59,7.96
1512200,1,-85.23,13.84
1512400,0,-76.33,9.69
1512600,1,-76.0,11.83
1512800,0,-81.03,9.02
1513000,0,-79.48,4.76
1513200,0,-85.17,7.69
1513400,1,-74.43,16.34
1513600,1,-75.21,6.46
1513800,1,-70.07,12.43
1514000,0,-83.2,6.92
1514200,0,-77.18,4.09
1514400,1,-75.92,12.03
1514600,0,-79.38,11.91
1514800,1,-73.1,10.31
1515000,1,-76.74,15.6
1515200,1,-76.15,12.84
1515400,1,-76.85,8.08
1515600,1,-78.92,11.14
1515800,1,-75.54,8.23
1516000,1,-80.58,13.23
1516200,1,-73.8,13.81
1516400,1,-79.05,11.17
1516600,1,-73.66,15.48
1516800,1,-75.35,14.31
1517000,1,-79.51,10.81
1517200,1,-75.1,8.59
1517400,1,-77.6,14.44
1517600,1,-71.15,13.0
1517800,1,-73.69,13.28
1518000,1,-73.0,11.88
1518200,1,-73.42,12.43
1518400,1,-74.68,12.21
1518600,1,-70.07,15.3
1518800,1,-75.56,11.23
1519000,1,-74.07,12.62
1519200,1,-76.2,10.11
1519400,0,-86.63,6.86
1519600,0,-82.15,6.69
1519800,0,-82.1,6.71
1520000,0,-80.05,9.75
1520200,1,-73.14,11.16
1520400,1,-81.06,9.98
1520600,0,-82.4,7.3
1520800,0,-82.87,8.24
1521000,1,-75.82,13.76
1521200,1,-75.48,5.8
1521400,1,-72.11,7.77
1521600,1,-81.15,9.91
1521800,1,-77.24,12.79
1522000,1,-74.87,11.29
1522200,1,-74.16,13.39
1522400,1,-69.0,9.57
1522600,0,-83.06,4.82
1522800,1,-74.38,9.89
1523000,1,-79.31,14.78
1523200,1,-73.5,12.46
1523400,0,-72.51,8.37
1523600,0,-87.89,4.85
1523800,1,-73.17,9.95
1524000,1,-79.18,15.23
1524200,1,-78.81,12.17
1524400,0,-80.57,7.19
1524600,0,-78.92,4.12
1524800,0,-83.5,4.88
1525000,1,-77.47,10.46
1525200,1,-77.97,12.53
1525400,1,-77.13,13.01
1525600,0,-73.29,3.94
1525800,1,-73.2,12.45
1526000,1,-67.75,12.63
1526200,1,-78.25,15.19
1526400,1,-73.67,9.29
1526600,1,-77.59,8.79
1526800,0,-81.61,7.7
1527000,0,-78.43,4.99
1527200,0,-84.32,8.18
1527400,1,-73.91,14.97
1527600,0,-78.92,5.83
1527800,0,-79.41,7.67
1528000,1,-72.27,13.63
1528200,0,-79.47,5.59
1528400,0,-78.65,5.36
1528600,0,-87.19,7.41
1528800,0,-77.37,8.41
1529000,1,-72.67,11.69
1529200,1,-75.35,9.8
1529400,1,-78.04,12.76
1529600,1,-72.62,15.23
1529800,0,-84.64,5.79
1530000,0,-82.24,4.99
1530200,0,-78.35,6.19
1530400,0,-84.05,4.55
1530600,0,-79.39,8.5
1530800,0,-87.28,2.82
1531000,0,-79.6,6.13
1531200,0,-77.56,5.69
1531400,1,-77.85,7.13
1531600,1,-72.75,13.97
1531800,1,-76.16,8.39
1532000,1,-74.22,6.74
1532200,1,-71.19,10.4
1532400,1,-74.03,13.63
1532600,1,-74.72,14.66
1532800,1,-76.67,9.1
1533000,1,-73.69,9.86
1533200,0,-78.17,7.65
1533400,1,-74.58,13.05
1533600,1,-77.48,11.84
1533800,1,-76.67,14.05
1534000,1,-75.6,11.2
1534200,1,-74.9,11.68
1534400,1,-77.53,9.7
1534600,1,-81.72,12.42
1534800,1,-74.88,12.48
1535000,1,-71.58,13.64
1535200,1,-79.08,11.71
1535400,1,-80.83,12.31
1535600,1,-69.64,12.03
1535800,1,-73.88,12.87
1536000,1,-71.39,15.01
1536200,1,-76.58,10.84
1536400,1,-70.9,8.76
1536600,1,-78.76,13.05
1536800,1,-71.61,15.69
1537000,0,-78.47,4.74
1537200,1,-72.75,7.81
1537400,1,-80.15,16.02
1537600,1,-74.5,10.17
1537800,1,-75.04,12.76
1538000,1,-73.82,9.63
1538200,1,-76.12,9.12
1538400,1,-76.64,8.75
1538600,1,-77.03,12.33
1538800,1,-76.63,9.83
1539000,1,-75.37,8.43
1539200,1,-71.29,10.36
1539400,1,-74.85,10.33
1539600,0,-79.47,7.83
1539800,1,-73.85,10.29
1540000,1,-76.53,12.28
1540200,1,-76.55,12.52
1540400,1,-72.08,11.57
1540600,1,-67.4,8.12
1540800,1,-74.48,13.16
1541000,1,-78.33,14.49
1541200,1,-69.08,10.37
1541400,1,-82.27,11.6
1541600,1,-78.53,11.72
1541800,0,-78.99,6.74
1542000,1,-76.75,9.67
1542200,1,-77.01,14.88
1542400,1,-75.14,13.58
1542600,0,-84.91,5.14
1542800,0,-82.08,10.94
1543000,0,-81.39,3.27
1543200,0,-79.04,5.43
1543400,0,-79.45,6.12
1543600,1,-71.45,13.39
1543800,1,-76.5,12.96
1544000,1,-80.92,13.04
1544200,1,-73.32,15.88
1544400,1,-74.72,9.47
1544600,1,-73.64,15.33
1544800,1,-76.17,10.79
1545000,1,-75.19,10.35
1545200,1,-81.81,13.04
1545400,0,-82.39,4.61
1545600,0,-79.82,4.08
1545800,0,-87.73,5.36
1546000,1,-73.36,9.77
1546200,1,-77.87,13.72
1546400,1,-72.55,15.48
1546600,0,-74.43,10.54
1546800,1,-76.11,13.34
1547000,0,-80.65,10.48
1547200,1,-73.05,12.41
1547400,1,-74.78,10.45
1547600,1,-76.98,14.6
1547800,1,-72.13,10.97
1548000,1,-79.19,13.77
1548200,1,-75.13,7.79
1548400,1,-71.82,11.82
1548600,0,-80.78,6.4
1548800,1,-77.06,13.39
1549000,1,-76.43,12.4
1549200,1,-75.86,12.61
1549400,1,-73.79,15.63
1549600,1,-73.8,10.96
1549800,1,-75.15,9.87
1550000,1,-73.85,12.72
1550200,1,-70.61,12.86
1550400,1,-71.32,12.26
1550600,1,-77.86,9.19
1550800,1,-74.87,16.83
1551000,1,-68.32,13.21
1551200,1,-70.17,7.59
1551400,1,-73.34,13.21
1551600,1,-70.62,4.06
1551800,1,-74.42,12.56
1552000,1,-74.13,11.9
1552200,1,-77.55,16.25
1552400,1,-72.92,8.57
1552600,1,-78.61,8.98
1552800,1,-81.05,11.71
1553000,1,-70.12,11.24
1553200,1,-71.22,12.41
1553400,1,-65.42,12.73
1553600,1,-76.41,13.07
1553800,1,-78.53,10.36
1554000,1,-77.11,10.96
1554200,1,-78.33,11.21
1554400,1,-78.97,9.03
1554600,1,-76.15,10.87
1554800,1,-73.95,9.88
1555000,1,-75.57,10.65
1555200,1,-68.65,16.8
1555400,1,-78.82,12.12
1555600,1,-77.76,12.69
1555800,1,-79.82,12.44
1556000,1,-71.96,16.52
1556200,0,-80.59,6.37
1556400,1,-81.42,18.15
1556600,1,-75.3,9.98
1556800,1,-75.64,14.03
1557000,1,-71.92,14.89
1557200,1,-78.06,11.22
1557400,1,-73.15,15.39
1557600,1,-78.36,11.82
1557800,1,-75.16,10.9
1558000,1,-72.52,9.25
1558200,1,-74.25,14.94
1558400,1,-78.03,9.23
1558600,1,-70.53,12.95
1558800,1,-72.85,10.52
1559000,1,-76.5,12.78
1559200,1,-76.75,12.69
1559400,0,-73.95,14.82
1559600,1,-70.41,14.54
1559800,1,-73.41,10.75
1560000,1,-78.1,13.49
1560200,1,-76.97,4.34
1560400,0,-87.41,3.98
1560600,0,-81.9,11.19
1560800,0,-81.42,3.61
1561000,0,-81.3,8.68
1561200,0,-80.09,11.64
1561400,0,-77.87,6.76
1561600,0,-81.09,4.66
1561800,1,-76.42,15.13
1562000,1,-76.45,15.01
1562200,0,-88.3,8.05
1562400,0,-79.74,5.61
1562600,1,-72.71,9.44
1562800,1,-82.89,14.73
1563000,1,-78.18,16.24
1563200,1,-75.55,13.29
1563400,1,-75.49,9.41
1563600,1,-75.61,13.48
1563800,1,-75.79,9.75
1564000,1,-78.07,8.91
1564200,1,-72.31,12.69
1564400,1,-77.32,9.27
1564600,1,-71.67,11.27
1564800,1,-79.09,9.64
1565000,1,-73.34,6.59
1565200,1,-70.39,10.41
1565400,0,-80.16,9.0
1565600,0,-74.01,7.74
1565800,1,-76.54,11.58
1566000,1,-77.11,13.87
1566200,1,-73.4,10.58
1566400,1,-72.76,10.01
1566600,1,-75.81,12.13
1566800,1,-77.86,9.81
1567000,1,-79.49,12.63
1567200,1,-72.68,10.32
1567400,1,-77.01,15.49
1567600,0,-72.42,11.44
1567800,1,-77.14,8.7
1568000,0,-79.45,7.69
1568200,0,-77.95,10.05
1568400,0,-84.42,9.49
1568600,1,-77.63,9.31
1568800,1,-79.34,8.31
1569000,1,-74.88,10.45
1569200,1,-71.08,9.49
1569400,1,-75.57,14.85
1569600,1,-75.99,14.91
1569800,1,-69.79,11.25
1570000,1,-72.29,11.7
1570200,1,-74.74,7.01
1570400,0,-77.56,15.53
1570600,1,-72.92,10.87
1570800,0,-75.76,10.38
1571000,0,-75.62,6.51
1571200,0,-79.19,7.98
1571400,0,-79.9,5.64
1571600,0,-80.41,9.68
1571800,0,-80.93,2.85
1572000,1,-76.55,16.6
1572200,1,-76.33,11.12
1572400,1,-76.89,8.88
1572600,1,-74.56,12.74
1572800,1,-79.39,11.63
1573000,1,-78.2,8.5
1573200,1,-65.4,9.0
1573400,1,-72.6,10.29
1573600,0,-77.43,5.03
1573800,1,-74.69,10.84
1574000,1,-71.84,8.11
1574200,1,-76.92,13.66
1574400,1,-72.49,7.51
1574600,1,-73.5,14.46
1574800,1,-74.63,12.6
1575000,0,-77.0,8.45
1575200,1,-72.12,10.12
1575400,1,-72.99,10.72
1575600,1,-73.46,12.65
1575800,1,-73.38,7.44
1576000,0,-74.47,13.77
1576200,0,-79.49,3.33
1576400,1,-78.07,13.34
1576600,0,-81.25,11.12
1576800,1,-76.05,10.37
1577000,1,-73.97,9.74
1577200,1,-76.49,8.55
1577400,1,-73.38,10.79
1577600,1,-74.1,8.93
1577800,1,-75.89,10.72
1578000,1,-75.6,14.69
1578200,1,-75.61,10.69
1578400,1,-73.03,16.63
1578600,0,-79.29,9.74
1578800,0,-87.44,6.3
1579000,0,-78.13,7.69
1579200,0,-83.19,9.87
1579400,0,-81.63,4.57
1579600,0,-86.13,4.55
1579800,0,-80.78,6.49
1580000,0,-85.48,8.14
1580200,1,-74.43,8.5
1580400,1,-81.82,12.25
1580600,1,-79.5,9.61
1580800,1,-72.8,15.64
1581000,1,-76.18,6.05
1581200,1,-75.28,11.35
1581400,1,-80.0,12.77
1581600,1,-68.08,11.03
1581800,0,-79.18,9.55
1582000,0,-81.44,8.66
1582200,1,-70.56,12.56
1582400,1,-70.51,6.37
1582600,1,-77.69,10.94
1582800,1,-73.13,12.45
1583000,1,-81.52,15.05
1583200,1,-74.98,11.23
1583400,1,-74.61,7.0
1583600,0,-81.85,8.04
1583800,0,-83.47,4.44
1584000,0,-82.03,8.73
1584200,0,-85.47,8.7
1584400,1,-74.61,14.41
1584600,0,-84.8,4.47
1584800,0,-82.62,4.06
1585000,1,-73.61,10.97
1585200,1,-76.51,9.8
1585400,1,-72.77,14.12
1585600,1,-74.28,9.01
1585800,1,-76.95,9.71
1586000,0,-74.27,14.32
1586200,1,-71.09,15.04
1586400,1,-74.58,9.37
1586600,1,-78.54,5.17
1586800,1,-74.4,11.05
1587000,1,-75.38,14.13
1587200,1,-79.47,10.8
1587400,1,-72.12,10.78
1587600,1,-77.13,12.53
1587800,1,-68.68,9.94
1588000,1,-76.31,15.0
1588200,1,-77.41,11.39
1588400,1,-77.84,16.32
1588600,1,-75.75,11.74
1588800,1,-74.33,14.18
1589000,0,-78.89,11.17
1589200,0,-82.69,7.96
1589400,0,-79.36,8.76
1589600,1,-74.64,12.83
1589800,1,-73.26,12.8
1590000,1,-71.2,11.36
1590200,1,-70.99,12.46
1590400,1,-70.68,8.93
1590600,0,-75.88,8.66
1590800,0,-82.15,4.36
1591000,0,-81.64,5.67
1591200,1,-76.24,10.43
1591400,1,-72.97,9.27
1591600,1,-73.51,10.34
1591800,1,-74.31,9.82
1592000,1,-73.37,10.03
1592200,1,-82.11,11.1
1592400,0,-85.62,8.52
1592600,0,-80.69,5.83
1592800,1,-82.59,11.9
1593000,1,-73.15,14.99
1593200,0,-76.44,13.26
1593400,1,-77.26,14.24
1593600,1,-71.28,12.03
1593800,1,-72.31,7.43
1594000,1,-79.64,7.73
1594200,1,-70.36,11.31
1594400,1,-69.32,10.47
1594600,1,-73.62,15.46
1594800,1,-71.19,9.29
1595000,1,-72.13,12.45
1595200,1,-77.79,14.43
1595400,1,-76.94,12.09
1595600,1,-77.32,7.77
1595800,1,-76.95,8.01
1596000,1,-72.98,9.25
1596200,0,-78.75,1.81
1596400,0,-79.02,3.98
1596600,0,-82.79,6.2
1596800,0,-74.66,6.96
1597000,0,-78.4,14.27
1597200,1,-75.11,14.07
1597400,1,-72.03,13.74
1597600,1,-78.17,9.5
1597800,1,-72.85,10.99
1598000,1,-75.91,8.79
1598200,1,-76.76,12.9
1598400,1,-71.74,13.29
1598600,1,-75.22,14.98
1598800,1,-75.12,14.35
1599000,1,-71.14,6.35
1599200,0,-73.7,9.54
1599400,1,-73.32,14.75
1599600,1,-77.15,9.93
1599800,1,-74.21,9.84
1600000,1,-77.6,11.28
1600200,0,-76.5,5.53
1600400,0,-81.24,8.96
1600600,0,-85.28,6.54
1600800,1,-74.22,6.88
1601000,0,-81.29,4.07
1601200,0,-81.67,5.57
1601400,1,-76.31,9.92
1601600,1,-72.44,12.3
1601800,1,-74.25,12.57
1602000,1,-73.52,9.81
1602200,1,-73.03,12.39
1602400,0,-82.48,6.47
1602600,0,-73.75,8.85
1602800,1,-74.63,13.0
1603000,1,-74.54,12.2
1603200,1,-78.03,6.92
1603400,1,-76.64,10.08
1603600,1,-78.88,17.26
1603800,1,-71.02,8.84
1604000,0,-79.13,5.56
1604200,0,-80.71,6.02
1604400,0,-79.41,2.91
1604600,1,-79.84,9.74
1604800,1,-79.45,13.31
1605000,1,-75.78,11.92
1605200,1,-71.03,8.52
1605400,1,-80.21,10.4
1605600,1,-72.72,13.5
1605800,1,-74.82,15.09
1606000,1,-77.59,12.64
1606200,1,-78.0,11.89
1606400,1,-72.36,7.46
1606600,1,-77.27,13.29
1606800,1,-71.85,11.05
1607000,1,-75.89,11.07
1607200,0,-87.94,2.26
1607400,1,-77.97,12.54
1607600,1,-75.26,14.32
1607800,1,-75.52,13.12
1608000,1,-71.49,15.15
1608200,0,-84.05,8.44
1608400,0,-79.85,6.46
1608600,0,-78.27,11.06
1608800,0,-80.62,4.45
1609000,0,-83.56,1.24
1609200,0,-83.1,6.47
1609400,0,-84.87,4.27
1609600,1,-73.8,15.97
1609800,1,-72.78,9.91
1610000,1,-73.4,14.95
1610200,1,-74.8,14.19
1610400,1,-70.79,7.75
1610600,1,-74.48,7.56
1610800,1,-70.37,8.79
1611000,1,-77.63,12.18
1611200,1,-76.98,14.63
1611400,1,-74.77,13.6
1611600,1,-77.97,7.89
1611800,0,-74.08,8.6
1612000,0,-83.09,10.69
1612200,0,-80.21,9.31
1612400,0,-79.02,10.74
1612600,0,-80.4,7.28
1612800,0,-84.66,4.31
1613000,1,-73.06,12.98
1613200,1,-73.49,12.63
1613400,0,-74.98,14.08
1613600,1,-74.85,6.35
1613800,1,-77.89,9.48
1614000,1,-77.45,13.47
1614200,0,-85.43,7.46
1614400,0,-82.39,5.06
1614600,0,-83.4,8.54
1614800,1,-71.14,10.3
1615000,1,-76.84,9.22
1615200,0,-83.6,9.33
1615400,0,-82.14,5.98
1615600,0,-79.57,3.19
1615800,0,-77.79,5.43
1616000,0,-79.18,9.88
1616200,0,-80.92,6.4
1616400,1,-75.86,13.26
1616600,1,-77.59,9.69
1616800,0,-77.45,12.67
1617000,1,-75.42,8.01
1617200,1,-74.42,11.06
1617400,0,-82.82,4.39
1617600,0,-79.6,4.92
1617800,0,-81.18,5.83
1618000,0,-82.48,4.55
1618200,0,-86.97,2.73
1618400,0,-86.47,8.4
1618600,0,-76.7,6.46
1618800,0,-84.51,8.4
1619000,0,-86.62,6.34
1619200,0,-82.07,5.85
1619400,1,-76.72,11.06
1619600,0,-86.53,4.11
1619800,0,-78.87,11.25
1620000,1,-72.84,13.9
1620200,0,-71.05,10.18
1620400,1,-77.45,16.03
1620600,1,-74.45,13.83
1620800,1,-83.28,11.01
1621000,0,-78.17,8.71
1621200,1,-72.52,12.35
1621400,1,-78.44,12.97
1621600,1,-73.73,10.47
1621800,1,-72.01,13.05
1622000,1,-75.56,12.89
1622200,1,-74.36,12.68
1622400,1,-69.89,14.42
1622600,1,-75.33,10.6
1622800,1,-77.09,11.41
1623000,1,-73.04,10.87
1623200,1,-76.04,9.62
1623400,0,-79.12,6.45
1623600,0,-75.43,7.62
1623800,1,-80.71,8.78
1624000,1,-76.05,15.9
1624200,0,-88.64,8.05
1624400,0,-83.4,8.22
1624600,0,-78.47,6.51
1624800,1,-71.67,13.58
1625000,1,-80.9,12.31
1625200,1,-72.6,9.0
1625400,1,-73.68,12.4
1625600,1,-74.74,6.42
1625800,1,-77.93,15.99
1626000,1,-73.85,11.65
1626200,0,-73.41,10.08
1626400,1,-74.12,10.47
1626600,1,-74.91,14.18
1626800,1,-83.05,10.08
1627000,1,-69.8,9.45
1627200,1,-75.76,10.03
1627400,0,-77.65,5.53
1627600,0,-80.86,9.53
1627800,0,-85.38,7.99
1628000,0,-74.3,5.09
1628200,1,-69.19,8.73
1628400,1,-71.85,14.48
1628600,1,-81.1,10.69
1628800,1,-73.92,14.89
1629000,1,-71.51,15.65
1629200,1,-72.59,9.82
1629400,1,-69.37,9.94
1629600,0,-84.63,4.79
1629800,1,-75.96,10.09
1630000,1,-66.95,5.99
1630200,1,-73.38,5.39
1630400,1,-76.0,13.59
1630600,1,-76.07,13.46
1630800,1,-72.3,12.85
1631000,1,-79.71,8.08
1631200,1,-81.5,11.8
1631400,1,-77.21,9.28
1631600,1,-70.52,15.66
1631800,1,-71.27,9.6
1632000,1,-80.15,9.2
1632200,1,-78.05,11.99
1632400,1,-71.87,13.77
1632600,1,-77.3,12.27
1632800,1,-78.15,13.81
1633000,1,-78.61,8.88
1633200,1,-75.05,8.97
1633400,1,-72.2,10.34
1633600,1,-77.23,8.84
1633800,1,-67.55,8.72
1634000,1,-73.4,9.87
1634200,1,-74.08,13.19
1634400,0,-85.45,3.84
1634600,1,-77.37,12.75
1634800,0,-76.18,12.03
1635000,0,-82.31,7.04
1635200,1,-74.52,11.21
1635400,0,-88.45,4.85
1635600,0,-79.07,6.68
1635800,0,-78.86,8.11
1636000,1,-75.33,11.99
1636200,1,-75.41,10.62
1636400,1,-75.57,13.54
1636600,1,-75.17,14.62
1636800,1,-75.7,9.75
1637000,1,-82.36,11.58
1637200,1,-74.03,10.7
1637400,1,-75.25,9.31
1637600,1,-68.2,14.07
1637800,1,-78.62,13.24
1638000,1,-74.36,7.36
1638200,1,-80.18,7.62
1638400,1,-76.15,11.68
1638600,1,-75.52,12.38
1638800,1,-76.64,9.99
1639000,1,-75.15,12.55
1639200,1,-74.66,7.77
1639400,1,-73.23,11.47
1639600,1,-81.38,13.58
1639800,1,-75.39,12.12
1640000,1,-77.2,14.94
1640200,1,-74.11,10.45
1640400,1,-77.25,16.55
1640600,1,-77.55,13.38
1640800,1,-71.74,13.85
1641000,1,-78.41,13.2
1641200,1,-69.97,8.64
1641400,1,-78.54,9.25
1641600,0,-84.81,6.87
1641800,0,-82.44,7.71
1642000,1,-66.93,14.21
1642200,1,-75.35,11.43
1642400,1,-69.12,11.06
1642600,0,-73.7,8.3
1642800,1,-72.81,7.29
1643000,1,-76.84,7.06
1643200,1,-77.06,12.65
1643400,0,-80.01,5.77
1643600,0,-80.99,6.2
1643800,0,-83.18,5.41
1644000,1,-81.69,13.81
1644200,1,-71.75,12.27
1644400,1,-75.43,12.05
1644600,1,-75.44,14.99
1644800,1,-68.42,9.88
1645000,1,-75.96,10.43
1645200,1,-74.64,16.6
1645400,0,-77.49,9.09
1645600,1,-69.96,13.58
1645800,0,-79.2,5.32
1646000,1,-75.83,11.22
1646200,1,-78.21,7.58
1646400,1,-78.38,9.5
1646600,1,-79.4,10.87
1646800,1,-72.98,13.71
1647000,1,-72.05,8.04
1647200,0,-84.04,10.55
1647400,0,-82.73,8.85
1647600,1,-76.05,9.98
1647800,0,-74.24,7.72
1648000,0,-78.09,4.98
1648200,0,-86.83,7.94
1648400,0,-80.33,7.57
1648600,1,-82.42,12.66
1648800,1,-72.65,12.11
1649000,1,-77.24,13.35
1649200,1,-76.3,11.25
1649400,1,-74.26,9.7
1649600,1,-75.85,15.43
1649800,1,-72.88,14.32
1650000,0,-77.41,13.58
1650200,0,-83.65,4.87
1650400,0,-76.47,5.63
1650600,0,-80.9,5.42
1650800,0,-79.84,5.96
1651000,0,-81.57,3.17
1651200,1,-77.28,7.45
1651400,1,-68.85,8.07
1651600,1,-72.74,12.08
1651800,0,-72.27,8.82
1652000,1,-79.83,13.37
1652200,1,-79.57,13.17
1652400,1,-77.23,13.01
1652600,1,-74.4,11.88
1652800,1,-74.48,9.3
1653000,1,-76.15,10.17
1653200,1,-77.27,9.36
1653400,1,-70.64,11.85
1653600,0,-80.84,7.12
1653800,1,-76.74,10.06
1654000,1,-77.26,16.63
1654200,0,-77.29,6.46
1654400,0,-82.83,3.57
1654600,0,-81.07,3.3
1654800,0,-80.75,5.6
1655000,0,-86.72,6.81
1655200,1,-76.62,9.61
1655400,1,-73.55,7.66
1655600,1,-70.95,7.52
1655800,1,-74.87,13.27
1656000,1,-78.75,8.93
1656200,1,-76.8,12.22
1656400,1,-69.2,9.92
1656600,1,-77.47,8.99
1656800,1,-76.41,12.37
1657000,1,-68.55,13.0
1657200,1,-71.54,5.49
1657400,1,-78.79,12.58
1657600,1,-70.78,10.27
1657800,1,-74.78,12.24
1658000,1,-79.41,9.22
1658200,1,-74.99,12.6
1658400,1,-73.38,7.11
1658600,1,-75.38,9.92
1658800,1,-82.65,10.46
1659000,1,-77.26,14.82
1659200,1,-71.91,10.97
1659400,1,-75.58,11.56
1659600,1,-78.46,9.67
1659800,0,-73.9,10.63
1660000,0,-77.94,12.95
1660200,0,-79.05,7.36
1660400,0,-82.0,8.6
1660600,0,-74.39,11.15
1660800,0,-81.5,9.37
1661000,0,-82.8,9.31
1661200,0,-82.94,8.12
1661400,0,-78.53,6.43
1661600,0,-81.62,0.81
1661800,0,-79.54,6.21
1662000,0,-77.39,6.92
1662200,0,-80.04,6.43
1662400,0,-79.85,7.99
1662600,0,-78.23,5.41
1662800,0,-81.41,3.75
1663000,0,-80.14,8.1
1663200,0,-83.04,6.97
1663400,1,-77.8,14.75
1663600,1,-78.28,11.63
1663800,1,-79.87,7.53
1664000,1,-72.75,16.21
1664200,1,-74.53,12.15
1664400,0,-83.4,6.79
1664600,0,-77.21,8.11
1664800,1,-71.35,10.71
1665000,0,-83.41,2.9
1665200,0,-81.01,4.95
1665400,1,-75.73,9.55
1665600,1,-84.0,13.86
1665800,1,-76.12,10.65
1666000,1,-70.28,14.43
1666200,0,-75.49,8.71
1666400,0,-78.37,7.3
1666600,1,-74.96,11.64
1666800,1,-74.2,7.64
1667000,1,-75.71,12.79
1667200,1,-74.05,12.95
1667400,1,-72.12,10.12
1667600,1,-77.3,14.43
1667800,1,-74.47,10.67
1668000,1,-71.94,8.3
1668200,0,-76.75,2.43
1668400,1,-76.74,9.79
1668600,1,-75.35,14.51
1668800,0,-70.78,12.64
1669000,1,-74.33,13.39
1669200,1,-79.75,11.37
1669400,1,-72.68,11.86
1669600,1,-71.83,11.23
1669800,1,-76.32,9.83
1670000,1,-75.92,8.92
1670200,1,-80.95,11.29
1670400,1,-72.29,10.79
1670600,1,-70.25,13.03
1670800,1,-73.42,7.65
1671000,1,-77.16,12.16
1671200,1,-73.68,11.1
1671400,0,-85.67,3.56
1671600,0,-78.52,9.88
1671800,0,-85.86,4.71
1672000,0,-88.44,9.54
1672200,1,-77.76,12.43
1672400,1,-69.3,11.87
1672600,0,-78.23,17.5
1672800,1,-70.8,9.82
1673000,1,-73.23,13.97
1673200,1,-72.73,9.47
1673400,1,-71.02,13.9
1673600,1,-72.58,10.93
1673800,1,-74.76,11.18
1674000,1,-71.33,11.97
1674200,0,-78.65,9.62
1674400,1,-77.99,12.67
1674600,1,-75.14,11.82
1674800,1,-73.3,12.25
1675000,1,-80.26,12.65
1675200,1,-72.37,8.8
1675400,0,-81.75,7.42
1675600,1,-73.73,17.37
1675800,1,-69.77,13.76
1676000,1,-70.17,12.82
1676200,1,-71.57,10.74
1676400,1,-75.15,15.49
1676600,1,-76.82,12.24
1676800,1,-76.06,9.41
1677000,1,-72.6,12.93
1677200,1,-75.41,14.2
1677400,1,-75.47,11.41
1677600,0,-74.04,9.75
1677800,1,-70.15,14.13
1678000,1,-79.09,10.42
1678200,0,-77.54,7.39
1678400,0,-81.35,7.67
1678600,1,-74.46,10.51
1678800,1,-75.17,6.31
1679000,1,-73.67,11.76
1679200,1,-73.08,10.21
1679400,1,-76.63,14.04
1679600,0,-79.65,11.7
1679800,1,-75.86,12.13
1680000,1,-73.94,7.36
1680200,1,-71.85,11.93
1680400,1,-78.25,14.19
1680600,1,-73.56,10.52
1680800,1,-77.37,14.86
1681000,1,-75.12,15.25
1681200,0,-79.79,9.27
1681400,0,-83.28,2.86
1681600,0,-77.79,9.27
1681800,0,-76.93,6.9
1682000,1,-77.44,14.46
1682200,1,-78.45,14.48
1682400,1,-75.02,9.85
1682600,1,-76.5,8.21
1682800,1,-66.7,7.98
1683000,1,-78.12,13.12
1683200,1,-76.86,10.42
1683400,1,-74.21,11.72
1683600,1,-75.53,11.52
1683800,0,-76.46,4.53
1684000,1,-75.0,10.39
1684200,1,-70.7,7.71
1684400,1,-75.01,9.58
1684600,1,-70.27,13.0
1684800,1,-74.86,6.99
1685000,1,-73.15,8.6
1685200,1,-74.97,15.2
1685400,0,-80.6,5.5
1685600,1,-74.94,12.85
1685800,1,-72.12,12.04
1686000,1,-75.32,11.72
1686200,1,-75.52,9.79
1686400,1,-78.27,11.01
1686600,1,-76.81,9.67
1686800,1,-73.64,10.81
1687000,1,-76.63,6.41
1687200,0,-83.8,9.04
1687400,0,-82.17,2.82
1687600,0,-83.32,5.7
1687800,0,-84.97,11.3
1688000,1,-70.93,12.28
1688200,0,-77.57,5.79
1688400,0,-86.01,7.66
1688600,1,-74.87,12.32
1688800,1,-74.47,12.24
1689000,1,-71.51,11.94
1689200,1,-69.41,11.4
1689400,0,-70.17,12.14
1689600,0,-69.74,12.1
1689800,0,-80.49,11.39
1690000,0,-80.39,4.79
1690200,0,-77.88,2.81
1690400,1,-77.62,10.03
1690600,1,-77.81,9.11
1690800,1,-75.95,16.55
1691000,1,-78.38,14.77
1691200,1,-75.08,9.76
1691400,0,-75.02,9.78
1691600,1,-78.92,9.94
1691800,1,-74.87,13.48
1692000,0,-68.16,15.63
1692200,1,-76.26,11.24
1692400,1,-74.5,10.7
1692600,1,-71.12,15.67
1692800,1,-77.73,9.09
1693000,1,-76.58,11.06
1693200,1,-71.34,10.2
1693400,1,-66.86,12.37
1693600,1,-73.33,11.09
1693800,1,-75.79,14.44
1694000,1,-75.7,9.99
1694200,1,-68.55,10.38
1694400,1,-76.91,10.72
1694600,1,-78.57,11.39
1694800,1,-74.37,11.75
1695000,1,-76.25,11.42
1695200,1,-78.75,11.54
1695400,1,-77.47,11.33
1695600,1,-73.74,14.4
1695800,1,-73.3,11.84
1696000,1,-74.67,9.25
1696200,0,-80.78,4.39
1696400,0,-74.27,8.75
1696600,1,-75.75,14.69
1696800,1,-72.96,7.92
1697000,1,-72.42,11.6
1697200,0,-81.97,8.93
1697400,0,-78.24,7.77
1697600,0,-77.08,8.69
1697800,0,-81.68,4.98
1698000,0,-79.71,11.69
1698200,0,-84.06,5.79
1698400,1,-73.61,10.09
1698600,0,-76.05,5.27
1698800,0,-77.43,5.99
1699000,0,-80.23,7.49
1699200,0,-76.79,10.52
1699400,1,-76.09,15.43
1699600,1,-70.56,11.66
1699800,1,-79.45,18.01
1700000,0,-69.99,9.43
1700200,1,-74.22,8.13
1700400,1,-74.51,7.47
1700600,1,-73.12,11.55
1700800,1,-78.44,18.92
1701000,1,-78.28,8.6
1701200,1,-81.11,12.72
1701400,1,-72.82,7.84
1701600,0,-79.58,4.25
1701800,0,-78.12,5.67
1702000,0,-79.86,4.94
1702200,0,-84.2,5.43
1702400,1,-71.6,12.44
1702600,1,-70.32,10.71
1702800,1,-77.65,9.87
1703000,1,-78.8,11.73
1703200,1,-73.62,13.34
1703400,1,-74.68,6.17
1703600,1,-78.0,12.33
1703800,1,-79.22,11.33
1704000,1,-73.52,13.8
1704200,1,-76.24,12.92
1704400,1,-75.19,15.67
1704600,1,-71.88,13.2
1704800,1,-73.33,11.43
1705000,1,-75.82,13.79
1705200,1,-77.27,11.74
1705400,1,-72.1,12.5
1705600,1,-75.99,11.38
1705800,1,-74.12,11.23
1706000,1,-73.21,7.66
1706200,1,-73.8,11.46
1706400,0,-73.17,9.39
1706600,1,-75.12,14.2
1706800,1,-75.83,11.68
1707000,1,-72.43,11.38
1707200,1,-72.73,12.37
1707400,1,-74.91,10.15
1707600,1,-76.2,13.9
1707800,1,-69.47,13.41
1708000,1,-78.47,9.11
1708200,1,-73.92,14.06
1708400,1,-78.39,5.75
1708600,1,-77.31,14.19
1708800,1,-78.08,11.95
1709000,1,-73.17,13.29
1709200,1,-73.14,10.69
1709400,1,-73.43,17.69
1709600,1,-79.35,13.4
1709800,1,-74.44,15.66
1710000,1,-74.52,11.39
1710200,1,-70.35,10.46
1710400,0,-72.8,15.48
1710600,1,-72.55,11.87
1710800,1,-74.57,14.77
1711000,1,-72.8,12.31
1711200,1,-77.0,11.96
1711400,1,-72.55,13.53
1711600,1,-79.75,13.05
1711800,1,-78.55,13.3
1712000,0,-78.98,10.9
1712200,0,-68.84,11.19
1712400,0,-83.51,6.11
1712600,0,-84.5,6.15
1712800,0,-81.67,9.34
1713000,1,-76.34,12.51
1713200,0,-83.44,8.21
1713400,0,-84.95,6.33
1713600,0,-82.83,5.15
1713800,0,-81.33,7.21
1714000,0,-82.12,9.13
1714200,1,-73.3,12.95
1714400,1,-75.18,11.36
1714600,1,-77.69,12.86
1714800,1,-73.01,15.04
1715000,1,-69.75,12.13
1715200,1,-72.56,10.83
1715400,1,-75.43,14.05
1715600,1,-78.17,10.09
1715800,1,-72.52,9.46
1716000,1,-75.71,13.09
1716200,1,-79.71,16.26
1716400,1,-79.49,12.82
1716600,1,-74.75,9.17
1716800,1,-74.46,10.03
1717000,1,-76.31,14.12
1717200,0,-85.03,6.27
1717400,1,-72.41,7.43
1717600,1,-76.05,15.68
1717800,1,-75.45,13.38
1718000,0,-76.26,13.32
1718200,1,-72.61,6.77
1718400,1,-79.78,13.45
1718600,1,-68.17,9.86
1718800,0,-82.26,4.04
1719000,1,-71.11,12.86
1719200,1,-77.72,14.87
1719400,1,-72.15,10.56
1719600,1,-76.77,11.86
1719800,1,-74.02,9.17
1720000,1,-78.69,10.9
1720200,1,-81.7,7.76
1720400,1,-77.76,11.4
1720600,1,-71.64,10.91
1720800,1,-79.05,9.5
1721000,1,-72.0,10.3
1721200,1,-73.29,10.13
1721400,1,-77.28,13.03
1721600,1,-76.97,12.05
1721800,0,-76.91,12.37
1722000,1,-75.78,12.29
1722200,1,-75.08,13.8
1722400,1,-73.74,13.44
1722600,1,-76.49,8.77
1722800,1,-73.94,13.16
1723000,0,-79.16,7.67
1723200,0,-84.81,7.83
1723400,1,-74.02,11.95
1723600,1,-75.11,8.86
1723800,1,-78.37,17.87
1724000,1,-78.11,13.89
1724200,1,-80.1,10.58
1724400,1,-73.93,10.91
1724600,1,-76.38,10.21
1724800,0,-80.16,7.24
1725000,0,-84.52,7.08
1725200,0,-85.85,6.44
1725400,0,-86.66,11.09
1725600,0,-80.9,6.87
1725800,0,-75.74,8.05
1726000,0,-79.48,9.55
1726200,1,-74.85,11.0
1726400,1,-81.39,10.91
1726600,1,-75.82,8.13
1726800,0,-84.89,7.23
1727000,1,-77.8,12.7
1727200,1,-75.27,10.26
1727400,1,-76.76,11.76
1727600,1,-74.77,10.36
1727800,1,-69.52,6.52
1728000,0,-75.56,2.67
1728200,0,-82.72,4.93
1728400,0,-81.52,6.75
1728600,1,-78.75,11.85
1728800,0,-81.63,8.7
1729000,0,-83.73,7.67
1729200,0,-83.15,4.86
1729400,0,-82.38,3.01
1729600,0,-80.57,7.83
1729800,1,-78.39,16.52
1730000,1,-75.75,8.31
1730200,1,-77.06,14.45
1730400,1,-69.77,12.66
1730600,1,-75.03,11.08
1730800,1,-73.6,13.31
1731000,1,-75.68,12.84
1731200,1,-72.46,10.71
1731400,0,-75.68,10.44
1731600,1,-66.81,14.63
1731800,1,-74.77,13.32
1732000,1,-74.39,11.25
1732200,1,-78.99,8.19
1732400,1,-74.74,12.67
1732600,1,-72.96,10.6
1732800,1,-79.39,14.04
1733000,1,-77.76,10.43
1733200,1,-76.23,10.67
1733400,1,-73.29,9.41
1733600,1,-68.52,10.95
1733800,1,-74.47,11.61
1734000,1,-72.0,10.03
1734200,1,-72.15,10.28
1734400,1,-71.36,12.36
1734600,1,-70.58,15.39
1734800,0,-84.0,9.18
1735000,0,-80.13,6.1
1735200,0,-68.86,9.9
1735400,1,-80.0,14.39
1735600,1,-73.83,12.38
1735800,1,-73.93,13.07
1736000,0,-79.49,4.82
1736200,0,-81.88,11.29
1736400,0,-74.12,6.88
1736600,0,-77.66,5.34
1736800,1,-75.86,16.17
1737000,1,-77.58,13.66
1737200,1,-79.15,7.1
1737400,1,-76.41,9.82
1737600,0,-78.32,2.62
1737800,0,-77.24,17.14
1738000,1,-69.52,7.48
1738200,1,-72.0,12.08
1738400,0,-80.93,4.42
1738600,0,-80.85,3.2
1738800,0,-80.33,6.25
1739000,1,-75.34,11.56
1739200,1,-76.42,10.19
1739400,1,-73.48,10.07
1739600,1,-72.88,10.02
1739800,1,-75.29,11.5
1740000,0,-74.22,8.24
1740200,0,-76.78,8.3
1740400,1,-67.81,9.18
1740600,1,-80.42,11.89
1740800,0,-75.22,8.38
1741000,1,-71.17,8.89
1741200,1,-75.83,12.52
1741400,1,-69.97,10.01
1741600,1,-78.41,7.06
1741800,1,-71.97,11.61
1742000,0,-71.37,8.87
1742200,1,-79.62,13.62
1742400,0,-81.85,5.79
1742600,0,-84.55,5.33
1742800,0,-80.53,6.26
1743000,0,-83.79,1.44
1743200,0,-78.65,2.29
1743400,0,-85.01,6.93
1743600,1,-75.31,8.21
1743800,1,-77.85,15.02
1744000,0,-78.39,17.8
1744200,1,-78.0,11.91
1744400,1,-73.52,11.45
1744600,1,-78.1,10.03
1744800,1,-75.15,11.81
1745000,1,-67.59,11.0
1745200,1,-71.61,14.04
1745400,0,-73.87,10.71
1745600,1,-77.51,13.98
1745800,1,-72.38,12.21
1746000,1,-81.14,11.5
1746200,1,-77.15,7.21
1746400,1,-74.27,10.63
1746600,1,-77.03,13.93
1746800,1,-75.96,9.97
1747000,1,-74.99,15.72
1747200,1,-79.59,12.37
1747400,0,-86.67,8.0
1747600,0,-83.38,4.45
1747800,1,-76.26,14.13
1748000,1,-76.21,14.69
1748200,1,-78.38,10.39
1748400,1,-75.42,10.26
1748600,1,-70.73,13.7
1748800,1,-78.21,15.61
1749000,0,-78.75,7.2
1749200,0,-79.68,12.88
1749400,0,-79.85,8.19
1749600,1,-74.64,10.79
1749800,1,-78.52,13.38
1750000,1,-77.22,10.3
1750200,1,-71.77,6.0
1750400,1,-79.2,14.22
1750600,1,-72.72,13.09
1750800,0,-80.41,3.26
1751000,0,-88.07,4.86
1751200,0,-79.06,8.28
1751400,0,-85.47,7.4
1751600,0,-78.84,5.22
1751800,0,-84.12,6.7
1752000,0,-82.76,5.1
1752200,0,-82.5,8.64
1752400,0,-77.87,9.46
1752600,0,-84.09,4.85
1752800,1,-73.2,9.96
1753000,0,-81.42,2.39
1753200,0,-79.05,4.98
1753400,0,-79.21,8.43
1753600,0,-79.38,6.7
1753800,0,-80.8,6.82
1754000,1,-71.18,11.31
1754200,1,-74.17,13.02
1754400,1,-74.52,12.09
1754600,1,-71.9,12.99
1754800,1,-70.35,9.38
1755000,0,-81.6,7.6
1755200,0,-83.37,4.71
1755400,0,-80.35,6.38
1755600,1,-79.26,14.59
1755800,1,-71.02,11.78
1756000,1,-73.74,8.74
1756200,1,-74.54,10.9
1756400,1,-77.25,7.8
1756600,1,-74.86,11.75
1756800,1,-73.81,14.23
1757000,1,-75.61,10.5
1757200,1,-76.39,9.47
1757400,1,-75.92,13.09
1757600,1,-76.53,14.64
1757800,0,-77.41,9.39
1758000,0,-81.91,4.8
1758200,1,-72.48,10.51
1758400,1,-72.31,15.0
1758600,1,-73.47,12.15
1758800,1,-72.72,9.5
1759000,0,-78.77,2.83
1759200,0,-80.49,9.12
1759400,0,-73.4,6.69
1759600,1,-70.71,15.44
1759800,1,-82.34,6.49
1760000,1,-79.11,9.26
1760200,1,-78.1,9.42
1760400,1,-80.16,11.39
1760600,1,-70.0,13.28
1760800,1,-75.38,17.18
1761000,1,-69.52,15.19
1761200,1,-80.21,10.31
1761400,0,-78.77,7.33
1761600,0,-78.94,7.49
1761800,1,-78.93,9.36
1762000,0,-85.8,8.77
1762200,1,-71.8,16.31
1762400,1,-73.0,13.77
1762600,1,-74.84,8.46
1762800,0,-80.64,6.69
1763000,0,-83.41,9.04
1763200,0,-80.96,3.57
1763400,0,-82.51,2.73
1763600,0,-80.24,6.16
1763800,1,-75.01,15.15
1764000,1,-75.11,14.36
1764200,0,-85.12,7.57
1764400,0,-77.71,8.86
1764600,1,-74.73,14.98
1764800,0,-80.17,5.83
1765000,1,-77.34,9.24
1765200,1,-72.71,12.81
1765400,1,-75.25,11.41
1765600,1,-71.65,9.98
1765800,1,-83.77,12.66
1766000,1,-73.79,11.13
1766200,1,-71.36,12.33
1766400,1,-81.19,5.73
1766600,1,-76.31,14.84
1766800,0,-82.66,5.41
1767000,0,-80.56,8.38
1767200,0,-80.08,9.47
1767400,0,-86.54,4.19
1767600,0,-81.61,4.76
1767800,0,-81.49,8.71
1768000,1,-76.87,11.11
1768200,1,-78.54,6.08
1768400,1,-77.79,8.44
1768600,1,-72.62,14.89
1768800,1,-73.69,15.91
1769000,1,-76.79,11.31
1769200,1,-73.47,11.15
1769400,1,-73.6,13.32
1769600,1,-77.28,12.99
1769800,1,-78.77,8.18
1770000,1,-78.64,12.69
1770200,1,-75.22,14.47
1770400,1,-78.27,10.71
1770600,1,-70.9,9.77
1770800,1,-77.36,9.45
1771000,0,-82.78,9.32
1771200,1,-72.72,8.13
1771400,1,-75.06,11.47
1771600,1,-77.29,13.28
1771800,1,-74.4,16.74
1772000,0,-84.68,5.17
1772200,0,-81.26,7.29
1772400,1,-73.57,8.81
1772600,1,-78.08,9.43
1772800,0,-73.5,2.95
1773000,0,-78.4,6.99
1773200,0,-79.14,5.31
1773400,0,-78.36,7.77
1773600,1,-78.29,12.4
1773800,1,-73.51,12.74
1774000,1,-77.92,12.87
1774200,1,-77.23,11.1
1774400,0,-77.02,10.97
1774600,1,-70.72,11.69
1774800,1,-75.01,15.1
1775000,1,-73.1,14.68
1775200,1,-77.5,13.11
1775400,1,-78.47,10.35
1775600,0,-84.69,10.0
1775800,0,-85.2,12.38
1776000,0,-81.32,4.77
1776200,0,-88.03,11.95
1776400,1,-74.63,12.0
1776600,1,-70.32,14.02
1776800,1,-74.35,10.84
1777000,1,-73.64,13.62
1777200,1,-77.93,8.68
1777400,1,-74.32,12.36
1777600,1,-69.88,10.39
1777800,1,-71.97,13.46
1778000,1,-81.81,7.23
1778200,1,-70.87,10.93
1778400,1,-76.27,12.07
1778600,1,-77.98,9.65
1778800,1,-78.87,12.49
1779000,1,-78.71,14.31
1779200,1,-74.9,12.18
1779400,0,-81.12,5.92
1779600,1,-77.71,10.49
1779800,1,-78.42,14.48
1780000,0,-82.51,10.58
1780200,0,-79.76,4.1
1780400,1,-66.55,12.69
1780600,1,-84.47,12.04
1780800,1,-76.4,13.29
1781000,1,-78.0,14.42
1781200,1,-76.37,14.31
1781400,1,-79.81,4.26
1781600,1,-76.96,10.67
1781800,1,-68.08,15.37
1782000,1,-70.95,7.81
1782200,1,-71.96,13.48
1782400,1,-72.23,11.54
1782600,1,-71.72,13.05
1782800,1,-74.34,10.44
1783000,1,-78.11,13.67
1783200,1,-73.08,16.36
1783400,1,-72.35,13.7
1783600,1,-72.61,7.57
1783800,1,-75.27,11.17
1784000,1,-74.63,14.21
1784200,0,-85.12,7.39
1784400,0,-81.2,7.84
1784600,0,-85.99,10.03
1784800,1,-75.38,11.98
1785000,1,-76.97,11.03
1785200,1,-70.99,11.32
1785400,1,-76.07,11.69
1785600,1,-73.86,10.95
1785800,1,-75.13,11.52
1786000,1,-74.35,11.77
1786200,1,-78.59,10.18
1786400,1,-72.6,14.4
1786600,1,-80.12,15.47
1786800,1,-72.81,11.31
1787000,1,-73.74,9.98
1787200,0,-84.83,6.87
1787400,0,-80.55,9.19
1787600,1,-73.53,12.02
1787800,1,-81.72,9.0
1788000,1,-73.84,9.43
1788200,1,-72.41,6.68
1788400,1,-86.92,9.04
1788600,1,-78.5,7.52
1788800,1,-75.24,14.43
1789000,0,-78.64,7.28
1789200,0,-83.67,6.18
1789400,0,-79.31,6.11
1789600,1,-71.95,11.62
1789800,0,-75.81,14.64
1790000,1,-78.7,11.23
1790200,1,-72.5,9.71
1790400,0,-73.65,9.38
1790600,1,-82.54,14.06
1790800,1,-76.07,11.1
1791000,1,-70.33,13.78
1791200,1,-75.14,5.8
1791400,1,-74.3,7.55
1791600,1,-79.64,12.34
1791800,1,-73.17,9.11
1792000,0,-71.71,14.39
1792200,1,-74.71,12.02
1792400,1,-75.51,10.37
1792600,0,-83.76,9.18
1792800,0,-83.91,4.02
1793000,0,-81.79,6.62
1793200,0,-81.64,7.75
1793400,0,-78.89,3.83
1793600,0,-75.52,6.08
1793800,1,-70.15,11.51
1794000,1,-69.84,10.67
1794200,1,-68.47,9.75
1794400,1,-71.68,13.35
1794600,1,-75.71,15.15
1794800,1,-71.72,8.44
1795000,1,-73.29,14.48
1795200,1,-74.8,12.04
1795400,1,-74.43,7.34
1795600,1,-73.53,14.09
1795800,1,-74.13,11.59
1796000,0,-83.3,3.96
1796200,1,-73.68,11.67
1796400,0,-82.06,5.33
1796600,0,-90.3,3.25
1796800,1,-72.85,14.77
1797000,1,-68.37,8.98
1797200,1,-72.78,13.4
1797400,1,-77.75,11.11
1797600,1,-80.39,14.1
1797800,1,-74.38,12.48
1798000,0,-70.91,12.88
1798200,1,-70.71,12.85
1798400,1,-76.05,8.28
1798600,1,-73.41,15.99
1798800,1,-72.05,11.67
1799000,1,-71.5,9.6
1799200,1,-77.87,11.11
1799400,1,-70.1,12.24
1799600,1,-74.3,8.64
1799800,1,-73.17,10.54
