seed,topology,t_s,delta,log_delta
42,fixed,0.0,0.85,-0.0706
42,fixed,0.01,0.7768979,-0.1096
42,fixed,0.02,0.7100827,-0.1487
42,fixed,0.03,0.6490138,-0.1877
42,fixed,0.04,0.593197,-0.2268
42,fixed,0.05,0.5421806,-0.2659
42,fixed,0.06,0.4955517,-0.3049
42,fixed,0.07,0.452933,-0.344
42,fixed,0.08,0.4139797,-0.383
42,fixed,0.09,0.3783764,-0.4221
42,fixed,0.1,0.3458351,-0.4611
42,fixed,0.11,0.3160924,-0.5002
42,fixed,0.12,0.2889077,-0.5392
42,fixed,0.13,0.2640609,-0.5783
42,fixed,0.14,0.241351,-0.6174
42,fixed,0.15,0.2205942,-0.6564
42,fixed,0.16,0.2016226,-0.6955
42,fixed,0.17,0.1842825,-0.7345
42,fixed,0.18,0.1684338,-0.7736
42,fixed,0.19,0.153948,-0.8126
42,fixed,0.2,0.1407081,-0.8517
42,fixed,0.21,0.1286069,-0.8907
42,fixed,0.22,0.1175464,-0.9298
42,fixed,0.23,0.1074371,-0.9688
42,fixed,0.24,0.09819723,-1.0079
42,fixed,0.25,0.08975202,-1.047
42,fixed,0.26,0.08203312,-1.086
42,fixed,0.27,0.07497807,-1.1251
42,fixed,0.28,0.06852977,-1.1641
42,fixed,0.29,0.06263604,-1.2032
42,fixed,0.3,0.05724918,-1.2422
42,fixed,0.31,0.05232561,-1.2813
42,fixed,0.32,0.04782548,-1.3203
42,fixed,0.33,0.04371237,-1.3594
42,fixed,0.34,0.03995299,-1.3985
42,fixed,0.35,0.03651694,-1.4375
42,fixed,0.36,0.03337639,-1.4766
42,fixed,0.37,0.03050594,-1.5156
42,fixed,0.38,0.02788235,-1.5547
42,fixed,0.39,0.0254844,-1.5937
42,fixed,0.4,0.02329268,-1.6328
42,fixed,0.41,0.02128945,-1.6718
42,fixed,0.42,0.0194585,-1.7109
42,fixed,0.43,0.01778502,-1.7499
42,fixed,0.44,0.01625547,-1.789
42,fixed,0.45,0.01485746,-1.8281
42,fixed,0.46,0.01357968,-1.8671
42,fixed,0.47,0.01241179,-1.9062
42,fixed,0.48,0.01134435,-1.9452
42,fixed,0.49,0.0103687,-1.9843
42,fixed,0.5,0.009476971,-2.0233
42,fixed,0.51,0.008661927,-2.0624
42,fixed,0.52,0.00791698,-2.1014
42,fixed,0.53,0.0072361,-2.1405
42,fixed,0.54,0.006613777,-2.1796
42,fixed,0.55,0.006044976,-2.2186
42,fixed,0.56,0.005525093,-2.2577
42,fixed,0.57,0.005049921,-2.2967
42,fixed,0.58,0.004615616,-2.3358
42,fixed,0.59,0.004218661,-2.3748
42,fixed,0.6,0.003855846,-2.4139
42,fixed,0.61,0.003524233,-2.4529
42,fixed,0.62,0.003221141,-2.492
42,fixed,0.63,0.002944114,-2.531
42,fixed,0.64,0.002690913,-2.5701
42,fixed,0.65,0.002459488,-2.6092
42,fixed,0.66,0.002247966,-2.6482
42,fixed,0.67,0.002054635,-2.6873
42,fixed,0.68,0.001877932,-2.7263
42,fixed,0.69,0.001716425,-2.7654
42,fixed,0.7,0.001568808,-2.8044
42,fixed,0.71,0.001433887,-2.8435
42,fixed,0.72,0.001310569,-2.8825
42,fixed,0.73,0.001197857,-2.9216
42,fixed,0.74,0.001094838,-2.9607
42,fixed,0.75,0.001000679,-2.9997
42,fixed,0.76,0.0009146182,-3.0388
42,fixed,0.77,0.0008359588,-3.0778
42,fixed,0.78,0.0007640642,-3.1169
42,fixed,0.79,0.0006983528,-3.1559
42,fixed,0.8,0.0006382927,-3.195
42,fixed,0.81,0.000583398,-3.234
42,fixed,0.82,0.0005332243,-3.2731
42,fixed,0.83,0.0004873657,-3.3121
42,fixed,0.84,0.000445451,-3.3512
42,fixed,0.85,0.0004071411,-3.3903
42,fixed,0.86,0.000372126,-3.4293
42,fixed,0.87,0.0003401222,-3.4684
42,fixed,0.88,0.0003108708,-3.5074
42,fixed,0.89,0.0002841352,-3.5465
42,fixed,0.9,0.0002596988,-3.5855
42,fixed,0.91,0.0002373641,-3.6246
42,fixed,0.92,0.0002169502,-3.6636
42,fixed,0.93,0.0001982919,-3.7027
42,fixed,0.94,0.0001812383,-3.7417
42,fixed,0.95,0.0001656514,-3.7808
42,fixed,0.96,0.000151405,-3.8199
42,fixed,0.97,0.0001383838,-3.8589
42,fixed,0.98,0.0001264824,-3.898
42,fixed,0.99,0.0001156046,-3.937
42,fixed,1.0,0.0001056623,-3.9761
42,fixed,1.01,9.65751e-05,-4.0151
42,fixed,1.02,8.82694e-05,-4.0542
42,fixed,1.03,8.067801e-05,-4.0932
42,fixed,1.04,7.37395e-05,-4.1323
42,fixed,1.05,6.739772e-05,-4.1714
42,fixed,1.06,6.160135e-05,-4.2104
42,fixed,1.07,5.630348e-05,-4.2495
42,fixed,1.08,5.146124e-05,-4.2885
42,fixed,1.09,4.703544e-05,-4.3276
42,fixed,1.1,4.299028e-05,-4.3666
42,fixed,1.11,3.929301e-05,-4.4057
42,fixed,1.12,3.591371e-05,-4.4447
42,fixed,1.13,3.282504e-05,-4.4838
42,fixed,1.14,3.000201e-05,-4.5228
42,fixed,1.15,2.742176e-05,-4.5619
42,fixed,1.16,2.506342e-05,-4.601
42,fixed,1.17,2.29079e-05,-4.64
42,fixed,1.18,2.093777e-05,-4.6791
42,fixed,1.19,1.913707e-05,-4.7181
42,fixed,1.2,1.749123e-05,-4.7572
42,fixed,1.21,1.598694e-05,-4.7962
42,fixed,1.22,1.461202e-05,-4.8353
42,fixed,1.23,1.335535e-05,-4.8743
42,fixed,1.24,1.220676e-05,-4.9134
42,fixed,1.25,1.115695e-05,-4.9525
42,fixed,1.26,1.019742e-05,-4.9915
42,fixed,1.27,9.320419e-06,-5.0306
42,fixed,1.28,8.51884e-06,-5.0696
42,fixed,1.29,7.786199e-06,-5.1087
42,fixed,1.3,7.116566e-06,-5.1477
42,fixed,1.31,6.504524e-06,-5.1868
42,fixed,1.32,5.945119e-06,-5.2258
42,fixed,1.33,5.433824e-06,-5.2649
42,fixed,1.34,4.966501e-06,-5.3039
42,fixed,1.35,4.53937e-06,-5.343
42,fixed,1.36,4.148973e-06,-5.3821
42,fixed,1.37,3.792151e-06,-5.4211
42,fixed,1.38,3.466016e-06,-5.4602
42,fixed,1.39,3.16793e-06,-5.4992
42,fixed,1.4,2.89548e-06,-5.5383
42,fixed,1.41,2.646462e-06,-5.5773
42,fixed,1.42,2.418859e-06,-5.6164
42,fixed,1.43,2.210832e-06,-5.6554
42,fixed,1.44,2.020695e-06,-5.6945
42,fixed,1.45,1.84691e-06,-5.7336
42,fixed,1.46,1.688071e-06,-5.7726
42,fixed,1.47,1.542893e-06,-5.8117
42,fixed,1.48,1.4102e-06,-5.8507
42,fixed,1.49,1.288919e-06,-5.8898
42,fixed,1.5,1.178069e-06,-5.9288
42,switching,0.0,0.8601229,-0.0654
42,switching,0.01,0.8371119,-0.0772
42,switching,0.02,0.8146833,-0.089
42,switching,0.03,0.7928223,-0.1008
42,switching,0.04,0.7715143,-0.1127
42,switching,0.05,0.7507455,-0.1245
42,switching,0.06,0.7305023,-0.1364
42,switching,0.07,0.7107718,-0.1483
42,switching,0.08,0.6915413,-0.1602
42,switching,0.09,0.6727987,-0.1721
42,switching,0.1,0.6545323,-0.1841
42,switching,0.11,0.6367307,-0.196
42,switching,0.12,0.6193829,-0.208
42,switching,0.13,0.6024782,-0.2201
42,switching,0.14,0.5860063,-0.2321
42,switching,0.15,0.5699571,-0.2442
42,switching,0.16,0.554321,-0.2562
42,switching,0.17,0.5390884,-0.2683
42,switching,0.18,0.5242503,-0.2805
42,switching,0.19,0.5097977,-0.2926
42,switching,0.2,0.495722,-0.3048
42,switching,0.21,0.4820146,-0.3169
42,switching,0.22,0.4686673,-0.3291
42,switching,0.23,0.4556721,-0.3413
42,switching,0.24,0.4430211,-0.3536
42,switching,0.25,0.4307068,-0.3658
42,switching,0.26,0.4187215,-0.3781
42,switching,0.27,0.4070579,-0.3903
42,switching,0.28,0.395709,-0.4026
42,switching,0.29,0.3846676,-0.4149
42,switching,0.3,0.3739268,-0.4272
42,switching,0.31,0.3634799,-0.4395
42,switching,0.32,0.3533202,-0.4518
42,switching,0.33,0.3434412,-0.4641
42,switching,0.34,0.3338364,-0.4765
42,switching,0.35,0.3244997,-0.4888
42,switching,0.36,0.3154246,-0.5011
42,switching,0.37,0.3066052,-0.5134
42,switching,0.38,0.2980354,-0.5257
42,switching,0.39,0.2897092,-0.538
42,switching,0.4,0.2816209,-0.5503
42,switching,0.41,0.2737646,-0.5626
42,switching,0.42,0.2661346,-0.5749
42,switching,0.43,0.2587254,-0.5872
42,switching,0.44,0.2515314,-0.5994
42,switching,0.45,0.2445472,-0.6116
42,switching,0.46,0.2377673,-0.6238
42,switching,0.47,0.2311866,-0.636
42,switching,0.48,0.2247997,-0.6482
42,switching,0.49,0.2186015,-0.6603
42,switching,0.5,0.2125869,-0.6725
42,switching,0.51,0.2067509,-0.6846
42,switching,0.52,0.2010886,-0.6966
42,switching,0.53,0.1955951,-0.7086
42,switching,0.54,0.1902656,-0.7206
42,switching,0.55,0.1850955,-0.7326
42,switching,0.56,0.18008,-0.7445
42,switching,0.57,0.1752146,-0.7564
42,switching,0.58,0.1704949,-0.7683
42,switching,0.59,0.1659165,-0.7801
42,switching,0.6,0.161475,-0.7919
42,switching,0.61,0.1571661,-0.8036
42,switching,0.62,0.1529858,-0.8153
42,switching,0.63,0.14893,-0.827
42,switching,0.64,0.1449947,-0.8386
42,switching,0.65,0.1411759,-0.8502
42,switching,0.66,0.1374699,-0.8618
42,switching,0.67,0.1338729,-0.8733
42,switching,0.68,0.1303814,-0.8848
42,switching,0.69,0.1269916,-0.8962
42,switching,0.7,0.1237003,-0.9076
42,switching,0.71,0.1205039,-0.919
42,switching,0.72,0.1173993,-0.9303
42,switching,0.73,0.1143832,-0.9416
42,switching,0.74,0.1114525,-0.9529
42,switching,0.75,0.1086042,-0.9642
42,switching,0.76,0.1058355,-0.9754
42,switching,0.77,0.1031433,-0.9866
42,switching,0.78,0.1005252,-0.9977
42,switching,0.79,0.09797825,-1.0089
42,switching,0.8,0.09550006,-1.02
42,switching,0.81,0.09308811,-1.0311
42,switching,0.82,0.09074003,-1.0422
42,switching,0.83,0.08845352,-1.0533
42,switching,0.84,0.08622638,-1.0644
42,switching,0.85,0.08405648,-1.0754
42,switching,0.86,0.08194179,-1.0865
42,switching,0.87,0.07988035,-1.0976
42,switching,0.88,0.07787029,-1.1086
42,switching,0.89,0.07590983,-1.1197
42,switching,0.9,0.07399724,-1.1308
42,switching,0.91,0.07213089,-1.1419
42,switching,0.92,0.07030923,-1.153
42,switching,0.93,0.06853076,-1.1641
42,switching,0.94,0.06679407,-1.1753
42,switching,0.95,0.06509781,-1.1864
42,switching,0.96,0.06344071,-1.1976
42,switching,0.97,0.06182156,-1.2089
42,switching,0.98,0.0602392,-1.2201
42,switching,0.99,0.05869254,-1.2314
42,switching,1.0,0.05718057,-1.2428
42,switching,1.01,0.05570229,-1.2541
42,switching,1.02,0.05425681,-1.2655
42,switching,1.03,0.05284324,-1.277
42,switching,1.04,0.05146077,-1.2885
42,switching,1.05,0.05010863,-1.3001
42,switching,1.06,0.0487861,-1.3117
42,switching,1.07,0.0474925,-1.3234
42,switching,1.08,0.04622717,-1.3351
42,switching,1.09,0.04498952,-1.3469
42,switching,1.1,0.04377898,-1.3587
42,switching,1.11,0.04259501,-1.3706
42,switching,1.12,0.04143711,-1.3826
42,switching,1.13,0.0403048,-1.3946
42,switching,1.14,0.03919764,-1.4067
42,switching,1.15,0.03811519,-1.4189
42,switching,1.16,0.03705707,-1.4311
42,switching,1.17,0.03602288,-1.4434
42,switching,1.18,0.03501227,-1.4558
42,switching,1.19,0.03402489,-1.4682
42,switching,1.2,0.03306042,-1.4807
42,switching,1.21,0.03211853,-1.4932
42,switching,1.22,0.03119892,-1.5059
42,switching,1.23,0.0303013,-1.5185
42,switching,1.24,0.02942538,-1.5313
42,switching,1.25,0.02857089,-1.5441
42,switching,1.26,0.02773754,-1.5569
42,switching,1.27,0.02692508,-1.5698
42,switching,1.28,0.02613324,-1.5828
42,switching,1.29,0.02536175,-1.5958
42,switching,1.3,0.02461037,-1.6089
42,switching,1.31,0.02387881,-1.622
42,switching,1.32,0.02316683,-1.6351
42,switching,1.33,0.02247417,-1.6483
42,switching,1.34,0.02180055,-1.6615
42,switching,1.35,0.02114572,-1.6748
42,switching,1.36,0.0205094,-1.688
42,switching,1.37,0.01989132,-1.7013
42,switching,1.38,0.01929119,-1.7146
42,switching,1.39,0.01870875,-1.728
42,switching,1.4,0.0181437,-1.7413
42,switching,1.41,0.01759575,-1.7546
42,switching,1.42,0.01706461,-1.7679
42,switching,1.43,0.01654997,-1.7812
42,switching,1.44,0.01605152,-1.7945
42,switching,1.45,0.01556896,-1.8077
42,switching,1.46,0.01510197,-1.821
42,switching,1.47,0.01465023,-1.8342
42,switching,1.48,0.0142134,-1.8473
42,switching,1.49,0.01379117,-1.8604
42,switching,1.5,0.01338319,-1.8734
43,fixed,0.0,0.85,-0.0706
43,fixed,0.01,0.7776227,-0.1092
43,fixed,0.02,0.7114083,-0.1479
43,fixed,0.03,0.6508321,-0.1865
43,fixed,0.04,0.5954139,-0.2252
43,fixed,0.05,0.5447146,-0.2638
43,fixed,0.06,0.4983323,-0.3025
43,fixed,0.07,0.4558994,-0.3411
43,fixed,0.08,0.4170797,-0.3798
43,fixed,0.09,0.3815654,-0.4184
43,fixed,0.1,0.3490752,-0.4571
43,fixed,0.11,0.3193516,-0.4957
43,fixed,0.12,0.2921589,-0.5344
43,fixed,0.13,0.2672816,-0.573
43,fixed,0.14,0.2445226,-0.6117
43,fixed,0.15,0.2237016,-0.6503
43,fixed,0.16,0.2046535,-0.689
43,fixed,0.17,0.1872273,-0.7276
43,fixed,0.18,0.1712849,-0.7663
43,fixed,0.19,0.1567001,-0.8049
43,fixed,0.2,0.1433571,-0.8436
43,fixed,0.21,0.1311503,-0.8822
43,fixed,0.22,0.1199829,-0.9209
43,fixed,0.23,0.1097663,-0.9595
43,fixed,0.24,0.1004198,-0.9982
43,fixed,0.25,0.09186905,-1.0368
43,fixed,0.26,0.08404642,-1.0755
43,fixed,0.27,0.07688989,-1.1141
43,fixed,0.28,0.07034273,-1.1528
43,fixed,0.29,0.06435307,-1.1914
43,fixed,0.3,0.05887342,-1.2301
43,fixed,0.31,0.05386036,-1.2687
43,fixed,0.32,0.04927417,-1.3074
43,fixed,0.33,0.04507848,-1.346
43,fixed,0.34,0.04124006,-1.3847
43,fixed,0.35,0.03772848,-1.4233
43,fixed,0.36,0.03451591,-1.462
43,fixed,0.37,0.03157689,-1.5006
43,fixed,0.38,0.02888813,-1.5393
43,fixed,0.39,0.02642831,-1.5779
43,fixed,0.4,0.02417795,-1.6166
43,fixed,0.41,0.0221192,-1.6552
43,fixed,0.42,0.02023575,-1.6939
43,fixed,0.43,0.01851269,-1.7325
43,fixed,0.44,0.01693633,-1.7712
43,fixed,0.45,0.01549421,-1.8098
43,fixed,0.46,0.01417488,-1.8485
43,fixed,0.47,0.01296789,-1.8871
43,fixed,0.48,0.01186368,-1.9258
43,fixed,0.49,0.01085349,-1.9644
43,fixed,0.5,0.00992932,-2.0031
43,fixed,0.51,0.009083841,-2.0417
43,fixed,0.52,0.008310354,-2.0804
43,fixed,0.53,0.007602729,-2.119
43,fixed,0.54,0.006955359,-2.1577
43,fixed,0.55,0.006363112,-2.1963
43,fixed,0.56,0.005821295,-2.235
43,fixed,0.57,0.005325613,-2.2736
43,fixed,0.58,0.004872138,-2.3123
43,fixed,0.59,0.004457277,-2.3509
43,fixed,0.6,0.004077741,-2.3896
43,fixed,0.61,0.003730522,-2.4282
43,fixed,0.62,0.003412869,-2.4669
43,fixed,0.63,0.003122264,-2.5055
43,fixed,0.64,0.002856404,-2.5442
43,fixed,0.65,0.002613182,-2.5828
43,fixed,0.66,0.00239067,-2.6215
43,fixed,0.67,0.002187105,-2.6601
43,fixed,0.68,0.002000874,-2.6988
43,fixed,0.69,0.0018305,-2.7374
43,fixed,0.7,0.001674633,-2.7761
43,fixed,0.71,0.001532039,-2.8147
43,fixed,0.72,0.001401586,-2.8534
43,fixed,0.73,0.001282241,-2.892
43,fixed,0.74,0.001173059,-2.9307
43,fixed,0.75,0.001073173,-2.9693
43,fixed,0.76,0.0009817927,-3.008
43,fixed,0.77,0.0008981933,-3.0466
43,fixed,0.78,0.0008217124,-3.0853
43,fixed,0.79,0.0007517438,-3.1239
43,fixed,0.8,0.000687733,-3.1626
43,fixed,0.81,0.0006291727,-3.2012
43,fixed,0.82,0.0005755988,-3.2399
43,fixed,0.83,0.0005265867,-3.2785
43,fixed,0.84,0.000481748,-3.3172
43,fixed,0.85,0.0004407273,-3.3558
43,fixed,0.86,0.0004031994,-3.3945
43,fixed,0.87,0.0003688671,-3.4331
43,fixed,0.88,0.0003374582,-3.4718
43,fixed,0.89,0.0003087237,-3.5104
43,fixed,0.9,0.0002824359,-3.5491
43,fixed,0.91,0.0002583866,-3.5877
43,fixed,0.92,0.000236385,-3.6264
43,fixed,0.93,0.0002162569,-3.665
43,fixed,0.94,0.0001978427,-3.7037
43,fixed,0.95,0.0001809964,-3.7423
43,fixed,0.96,0.0001655846,-3.781
43,fixed,0.97,0.0001514851,-3.8196
43,fixed,0.98,0.0001385862,-3.8583
43,fixed,0.99,0.0001267856,-3.8969
43,fixed,1.0,0.0001159899,-3.9356
43,fixed,1.01,0.0001061134,-3.9742
43,fixed,1.02,9.707784e-05,-4.0129
43,fixed,1.03,8.881169e-05,-4.0515
43,fixed,1.04,8.124939e-05,-4.0902
43,fixed,1.05,7.433103e-05,-4.1288
43,fixed,1.06,6.800176e-05,-4.1675
43,fixed,1.07,6.221143e-05,-4.2061
43,fixed,1.08,5.691414e-05,-4.2448
43,fixed,1.09,5.206791e-05,-4.2834
43,fixed,1.1,4.763434e-05,-4.3221
43,fixed,1.11,4.357829e-05,-4.3607
43,fixed,1.12,3.986761e-05,-4.3994
43,fixed,1.13,3.647289e-05,-4.438
43,fixed,1.14,3.336724e-05,-4.4767
43,fixed,1.15,3.052602e-05,-4.5153
43,fixed,1.16,2.792674e-05,-4.554
43,fixed,1.17,2.554879e-05,-4.5926
43,fixed,1.18,2.337331e-05,-4.6313
43,fixed,1.19,2.138308e-05,-4.6699
43,fixed,1.2,1.956232e-05,-4.7086
43,fixed,1.21,1.789659e-05,-4.7472
43,fixed,1.22,1.63727e-05,-4.7859
43,fixed,1.23,1.497857e-05,-4.8245
43,fixed,1.24,1.370315e-05,-4.8632
43,fixed,1.25,1.253633e-05,-4.9018
43,fixed,1.26,1.146886e-05,-4.9405
43,fixed,1.27,1.049229e-05,-4.9791
43,fixed,1.28,9.598877e-06,-5.0178
43,fixed,1.29,8.781535e-06,-5.0564
43,fixed,1.3,8.033789e-06,-5.0951
43,fixed,1.31,7.349714e-06,-5.1337
43,fixed,1.32,6.723888e-06,-5.1724
43,fixed,1.33,6.15135e-06,-5.211
43,fixed,1.34,5.627564e-06,-5.2497
43,fixed,1.35,5.148379e-06,-5.2883
43,fixed,1.36,4.709996e-06,-5.327
43,fixed,1.37,4.308941e-06,-5.3656
43,fixed,1.38,3.942035e-06,-5.4043
43,fixed,1.39,3.606372e-06,-5.4429
43,fixed,1.4,3.29929e-06,-5.4816
43,fixed,1.41,3.018357e-06,-5.5202
43,fixed,1.42,2.761344e-06,-5.5589
43,fixed,1.43,2.526217e-06,-5.5975
43,fixed,1.44,2.31111e-06,-5.6362
43,fixed,1.45,2.114319e-06,-5.6748
43,fixed,1.46,1.934286e-06,-5.7135
43,fixed,1.47,1.769582e-06,-5.7521
43,fixed,1.48,1.618902e-06,-5.7908
43,fixed,1.49,1.481053e-06,-5.8294
43,fixed,1.5,1.354942e-06,-5.8681
43,switching,0.0,0.8448354,-0.0732
43,switching,0.01,0.8234117,-0.0844
43,switching,0.02,0.8025575,-0.0955
43,switching,0.03,0.7822558,-0.1067
43,switching,0.04,0.7624898,-0.1178
43,switching,0.05,0.7432436,-0.1289
43,switching,0.06,0.7245014,-0.14
43,switching,0.07,0.706248,-0.151
43,switching,0.08,0.6884687,-0.1621
43,switching,0.09,0.6711492,-0.1732
43,switching,0.1,0.6542755,-0.1842
43,switching,0.11,0.6378343,-0.1953
43,switching,0.12,0.6218126,-0.2063
43,switching,0.13,0.6061976,-0.2174
43,switching,0.14,0.5909773,-0.2284
43,switching,0.15,0.5761398,-0.2395
43,switching,0.16,0.5616739,-0.2505
43,switching,0.17,0.5475684,-0.2616
43,switching,0.18,0.5338127,-0.2726
43,switching,0.19,0.5203967,-0.2837
43,switching,0.2,0.5073105,-0.2947
43,switching,0.21,0.4945444,-0.3058
43,switching,0.22,0.4820895,-0.3169
43,switching,0.23,0.4699368,-0.328
43,switching,0.24,0.4580779,-0.3391
43,switching,0.25,0.4465045,-0.3502
43,switching,0.26,0.4352088,-0.3613
43,switching,0.27,0.4241833,-0.3724
43,switching,0.28,0.4134207,-0.3836
43,switching,0.29,0.402914,-0.3948
43,switching,0.3,0.3926565,-0.406
43,switching,0.31,0.3826417,-0.4172
43,switching,0.32,0.3728635,-0.4285
43,switching,0.33,0.3633158,-0.4397
43,switching,0.34,0.3539931,-0.451
43,switching,0.35,0.3448898,-0.4623
43,switching,0.36,0.3360005,-0.4737
43,switching,0.37,0.3273204,-0.485
43,switching,0.38,0.3188445,-0.4964
43,switching,0.39,0.310568,-0.5078
43,switching,0.4,0.3024866,-0.5193
43,switching,0.41,0.2945959,-0.5308
43,switching,0.42,0.2868917,-0.5423
43,switching,0.43,0.27937,-0.5538
43,switching,0.44,0.272027,-0.5654
43,switching,0.45,0.2648588,-0.577
43,switching,0.46,0.2578618,-0.5886
43,switching,0.47,0.2510327,-0.6003
43,switching,0.48,0.244368,-0.612
43,switching,0.49,0.2378644,-0.6237
43,switching,0.5,0.2315188,-0.6354
43,switching,0.51,0.225328,-0.6472
43,switching,0.52,0.2192891,-0.659
43,switching,0.53,0.2133992,-0.6708
43,switching,0.54,0.2076554,-0.6827
43,switching,0.55,0.2020549,-0.6945
43,switching,0.56,0.196595,-0.7064
43,switching,0.57,0.1912731,-0.7183
43,switching,0.58,0.1860865,-0.7303
43,switching,0.59,0.1810327,-0.7422
43,switching,0.6,0.1761092,-0.7542
43,switching,0.61,0.1713135,-0.7662
43,switching,0.62,0.1666431,-0.7782
43,switching,0.63,0.1620956,-0.7902
43,switching,0.64,0.1576686,-0.8023
43,switching,0.65,0.1533599,-0.8143
43,switching,0.66,0.149167,-0.8263
43,switching,0.67,0.1450877,-0.8384
43,switching,0.68,0.1411197,-0.8504
43,switching,0.69,0.1372606,-0.8625
43,switching,0.7,0.1335083,-0.8745
43,switching,0.71,0.1298605,-0.8865
43,switching,0.72,0.126315,-0.8985
43,switching,0.73,0.1228695,-0.9106
43,switching,0.74,0.1195219,-0.9226
43,switching,0.75,0.11627,-0.9345
43,switching,0.76,0.1131116,-0.9465
43,switching,0.77,0.1100446,-0.9584
43,switching,0.78,0.1070667,-0.9703
43,switching,0.79,0.1041759,-0.9822
43,switching,0.8,0.10137,-0.9941
43,switching,0.81,0.09864697,-1.0059
43,switching,0.82,0.09600465,-1.0177
43,switching,0.83,0.09344096,-1.0295
43,switching,0.84,0.09095384,-1.0412
43,switching,0.85,0.08854124,-1.0529
43,switching,0.86,0.08620112,-1.0645
43,switching,0.87,0.08393146,-1.0761
43,switching,0.88,0.08173028,-1.0876
43,switching,0.89,0.07959559,-1.0991
43,switching,0.9,0.07752543,-1.1106
43,switching,0.91,0.07551788,-1.122
43,switching,0.92,0.07357102,-1.1333
43,switching,0.93,0.07168298,-1.1446
43,switching,0.94,0.0698519,-1.1558
43,switching,0.95,0.06807596,-1.167
43,switching,0.96,0.06635334,-1.1781
43,switching,0.97,0.06468229,-1.1892
43,switching,0.98,0.06306107,-1.2002
43,switching,0.99,0.06148798,-1.2112
43,switching,1.0,0.05996134,-1.2221
43,switching,1.01,0.05847952,-1.233
43,switching,1.02,0.05704093,-1.2438
43,switching,1.03,0.05564399,-1.2546
43,switching,1.04,0.0542872,-1.2653
43,switching,1.05,0.05296905,-1.276
43,switching,1.06,0.0516881,-1.2866
43,switching,1.07,0.05044295,-1.2972
43,switching,1.08,0.04923223,-1.3078
43,switching,1.09,0.04805461,-1.3183
43,switching,1.1,0.04690881,-1.3287
43,switching,1.11,0.04579358,-1.3392
43,switching,1.12,0.04470773,-1.3496
43,switching,1.13,0.0436501,-1.36
43,switching,1.14,0.04261956,-1.3704
43,switching,1.15,0.04161505,-1.3807
43,switching,1.16,0.04063553,-1.3911
43,switching,1.17,0.03968,-1.4014
43,switching,1.18,0.03874753,-1.4118
43,switching,1.19,0.03783721,-1.4221
43,switching,1.2,0.03694815,-1.4324
43,switching,1.21,0.03607955,-1.4427
43,switching,1.22,0.03523061,-1.4531
43,switching,1.23,0.03440058,-1.4634
43,switching,1.24,0.03358876,-1.4738
43,switching,1.25,0.03279447,-1.4842
43,switching,1.26,0.03201707,-1.4946
43,switching,1.27,0.03125598,-1.5051
43,switching,1.28,0.03051062,-1.5155
43,switching,1.29,0.02978047,-1.5261
43,switching,1.3,0.02906503,-1.5366
43,switching,1.31,0.02836384,-1.5472
43,switching,1.32,0.02767645,-1.5579
43,switching,1.33,0.02700248,-1.5686
43,switching,1.34,0.02634153,-1.5794
43,switching,1.35,0.02569328,-1.5902
43,switching,1.36,0.02505738,-1.6011
43,switching,1.37,0.02443356,-1.612
43,switching,1.38,0.02382152,-1.623
43,switching,1.39,0.02322103,-1.6341
43,switching,1.4,0.02263185,-1.6453
43,switching,1.41,0.02205378,-1.6565
43,switching,1.42,0.02148662,-1.6678
43,switching,1.43,0.0209302,-1.6792
43,switching,1.44,0.02038436,-1.6907
43,switching,1.45,0.01984896,-1.7023
43,switching,1.46,0.01932387,-1.7139
43,switching,1.47,0.01880898,-1.7256
43,switching,1.48,0.01830417,-1.7374
43,switching,1.49,0.01780936,-1.7494
43,switching,1.5,0.01732446,-1.7613
44,fixed,0.0,0.85,-0.0706
44,fixed,0.01,0.7801854,-0.1078
44,fixed,0.02,0.716105,-0.145
44,fixed,0.03,0.6572878,-0.1822
44,fixed,0.04,0.6033015,-0.2195
44,fixed,0.05,0.5537495,-0.2567
44,fixed,0.06,0.5082673,-0.2939
44,fixed,0.07,0.4665209,-0.3311
44,fixed,0.08,0.4282032,-0.3684
44,fixed,0.09,0.3930328,-0.4056
44,fixed,0.1,0.3607511,-0.4428
44,fixed,0.11,0.3311209,-0.48
44,fixed,0.12,0.3039243,-0.5172
44,fixed,0.13,0.2789615,-0.5545
44,fixed,0.14,0.2560491,-0.5917
44,fixed,0.15,0.2350185,-0.6289
44,fixed,0.16,0.2157153,-0.6661
44,fixed,0.17,0.1979976,-0.7033
44,fixed,0.18,0.1817351,-0.7406
44,fixed,0.19,0.1668083,-0.7778
44,fixed,0.2,0.1531075,-0.815
44,fixed,0.21,0.140532,-0.8522
44,fixed,0.22,0.1289895,-0.8894
44,fixed,0.23,0.1183949,-0.9267
44,fixed,0.24,0.1086706,-0.9639
44,fixed,0.25,0.09974494,-1.0011
44,fixed,0.26,0.0915524,-1.0383
44,fixed,0.27,0.08403276,-1.0756
44,fixed,0.28,0.07713074,-1.1128
44,fixed,0.29,0.07079562,-1.15
44,fixed,0.3,0.06498083,-1.1872
44,fixed,0.31,0.05964364,-1.2244
44,fixed,0.32,0.05474482,-1.2617
44,fixed,0.33,0.05024836,-1.2989
44,fixed,0.34,0.04612122,-1.3361
44,fixed,0.35,0.04233306,-1.3733
44,fixed,0.36,0.03885604,-1.4105
44,fixed,0.37,0.0356646,-1.4478
44,fixed,0.38,0.0327353,-1.485
44,fixed,0.39,0.03004659,-1.5222
44,fixed,0.4,0.02757872,-1.5594
44,fixed,0.41,0.02531354,-1.5966
44,fixed,0.42,0.02323442,-1.6339
44,fixed,0.43,0.02132606,-1.6711
44,fixed,0.44,0.01957445,-1.7083
44,fixed,0.45,0.0179667,-1.7455
44,fixed,0.46,0.01649101,-1.7828
44,fixed,0.47,0.01513653,-1.82
44,fixed,0.48,0.01389329,-1.8572
44,fixed,0.49,0.01275217,-1.8944
44,fixed,0.5,0.01170477,-1.9316
44,fixed,0.51,0.0107434,-1.9689
44,fixed,0.52,0.009860991,-2.0061
44,fixed,0.53,0.00905106,-2.0433
44,fixed,0.54,0.008307653,-2.0805
44,fixed,0.55,0.007625305,-2.1177
44,fixed,0.56,0.006999002,-2.155
44,fixed,0.57,0.00642414,-2.1922
44,fixed,0.58,0.005896494,-2.2294
44,fixed,0.59,0.005412186,-2.2666
44,fixed,0.6,0.004967657,-2.3038
44,fixed,0.61,0.004559639,-2.3411
44,fixed,0.62,0.004185134,-2.3783
44,fixed,0.63,0.003841389,-2.4155
44,fixed,0.64,0.003525877,-2.4527
44,fixed,0.65,0.003236279,-2.49
44,fixed,0.66,0.002970468,-2.5272
44,fixed,0.67,0.002726489,-2.5644
44,fixed,0.68,0.002502549,-2.6016
44,fixed,0.69,0.002297003,-2.6388
44,fixed,0.7,0.002108339,-2.6761
44,fixed,0.71,0.001935171,-2.7133
44,fixed,0.72,0.001776226,-2.7505
44,fixed,0.73,0.001630336,-2.7877
44,fixed,0.74,0.001496428,-2.8249
44,fixed,0.75,0.001373519,-2.8622
44,fixed,0.76,0.001260706,-2.8994
44,fixed,0.77,0.001157158,-2.9366
44,fixed,0.78,0.001062115,-2.9738
44,fixed,0.79,0.000974878,-3.011
44,fixed,0.8,0.0008948066,-3.0483
44,fixed,0.81,0.0008213118,-3.0855
44,fixed,0.82,0.0007538534,-3.1227
44,fixed,0.83,0.0006919358,-3.1599
44,fixed,0.84,0.0006351038,-3.1972
44,fixed,0.85,0.0005829396,-3.2344
44,fixed,0.86,0.0005350599,-3.2716
44,fixed,0.87,0.0004911129,-3.3088
44,fixed,0.88,0.0004507754,-3.346
44,fixed,0.89,0.000413751,-3.3833
44,fixed,0.9,0.0003797676,-3.4205
44,fixed,0.91,0.0003485755,-3.4577
44,fixed,0.92,0.0003199453,-3.4949
44,fixed,0.93,0.0002936666,-3.5321
44,fixed,0.94,0.0002695464,-3.5694
44,fixed,0.95,0.0002474072,-3.6066
44,fixed,0.96,0.0002270864,-3.6438
44,fixed,0.97,0.0002084347,-3.681
44,fixed,0.98,0.000191315,-3.7183
44,fixed,0.99,0.0001756013,-3.7555
44,fixed,1.0,0.0001611784,-3.7927
44,fixed,1.01,0.00014794,-3.8299
44,fixed,1.02,0.000135789,-3.8671
44,fixed,1.03,0.000124636,-3.9044
44,fixed,1.04,0.000114399,-3.9416
44,fixed,1.05,0.0001050029,-3.9788
44,fixed,1.06,9.637846e-05,-4.016
44,fixed,1.07,8.846243e-05,-4.0532
44,fixed,1.08,8.119658e-05,-4.0905
44,fixed,1.09,7.452751e-05,-4.1277
44,fixed,1.1,6.840621e-05,-4.1649
44,fixed,1.11,6.278767e-05,-4.2021
44,fixed,1.12,5.763062e-05,-4.2393
44,fixed,1.13,5.289713e-05,-4.2766
44,fixed,1.14,4.855244e-05,-4.3138
44,fixed,1.15,4.456459e-05,-4.351
44,fixed,1.16,4.090428e-05,-4.3882
44,fixed,1.17,3.754461e-05,-4.4255
44,fixed,1.18,3.446089e-05,-4.4627
44,fixed,1.19,3.163045e-05,-4.4999
44,fixed,1.2,2.903249e-05,-4.5371
44,fixed,1.21,2.664791e-05,-4.5743
44,fixed,1.22,2.445919e-05,-4.6116
44,fixed,1.23,2.245024e-05,-4.6488
44,fixed,1.24,2.060629e-05,-4.686
44,fixed,1.25,1.891379e-05,-4.7232
44,fixed,1.26,1.736031e-05,-4.7604
44,fixed,1.27,1.593443e-05,-4.7977
44,fixed,1.28,1.462565e-05,-4.8349
44,fixed,1.29,1.342438e-05,-4.8721
44,fixed,1.3,1.232177e-05,-4.9093
44,fixed,1.31,1.130972e-05,-4.9465
44,fixed,1.32,1.03808e-05,-4.9838
44,fixed,1.33,9.528174e-06,-5.021
44,fixed,1.34,8.745579e-06,-5.0582
44,fixed,1.35,8.027262e-06,-5.0954
44,fixed,1.36,7.367944e-06,-5.1327
44,fixed,1.37,6.762779e-06,-5.1699
44,fixed,1.38,6.207319e-06,-5.2071
44,fixed,1.39,5.697482e-06,-5.2443
44,fixed,1.4,5.22952e-06,-5.2815
44,fixed,1.41,4.799994e-06,-5.3188
44,fixed,1.42,4.405747e-06,-5.356
44,fixed,1.43,4.043882e-06,-5.3932
44,fixed,1.44,3.711738e-06,-5.4304
44,fixed,1.45,3.406875e-06,-5.4676
44,fixed,1.46,3.127052e-06,-5.5049
44,fixed,1.47,2.870212e-06,-5.5421
44,fixed,1.48,2.634468e-06,-5.5793
44,fixed,1.49,2.418086e-06,-5.6165
44,fixed,1.5,2.219477e-06,-5.6537
44,switching,0.0,0.8574468,-0.0668
44,switching,0.01,0.8342822,-0.0787
44,switching,0.02,0.8117107,-0.0906
44,switching,0.03,0.7897187,-0.1025
44,switching,0.04,0.7682929,-0.1145
44,switching,0.05,0.7474203,-0.1264
44,switching,0.06,0.7270885,-0.1384
44,switching,0.07,0.7072851,-0.1504
44,switching,0.08,0.6879983,-0.1624
44,switching,0.09,0.6692164,-0.1744
44,switching,0.1,0.650928,-0.1865
44,switching,0.11,0.633122,-0.1985
44,switching,0.12,0.6157875,-0.2106
44,switching,0.13,0.598914,-0.2226
44,switching,0.14,0.5824909,-0.2347
44,switching,0.15,0.5665081,-0.2468
44,switching,0.16,0.5509557,-0.2589
44,switching,0.17,0.5358238,-0.271
44,switching,0.18,0.5211028,-0.2831
44,switching,0.19,0.5067832,-0.2952
44,switching,0.2,0.4928558,-0.3073
44,switching,0.21,0.4793114,-0.3194
44,switching,0.22,0.4661412,-0.3315
44,switching,0.23,0.4533362,-0.3436
44,switching,0.24,0.4408878,-0.3557
44,switching,0.25,0.4287875,-0.3678
44,switching,0.26,0.4170269,-0.3798
44,switching,0.27,0.4055977,-0.3919
44,switching,0.28,0.3944917,-0.404
44,switching,0.29,0.383701,-0.416
44,switching,0.3,0.3732175,-0.428
44,switching,0.31,0.3630336,-0.4401
44,switching,0.32,0.3531416,-0.4521
44,switching,0.33,0.3435338,-0.464
44,switching,0.34,0.3342029,-0.476
44,switching,0.35,0.3251416,-0.4879
44,switching,0.36,0.3163426,-0.4998
44,switching,0.37,0.3077988,-0.5117
44,switching,0.38,0.2995033,-0.5236
44,switching,0.39,0.2914491,-0.5354
44,switching,0.4,0.2836296,-0.5472
44,switching,0.41,0.276038,-0.559
44,switching,0.42,0.2686678,-0.5708
44,switching,0.43,0.2615126,-0.5825
44,switching,0.44,0.2545661,-0.5942
44,switching,0.45,0.2478221,-0.6059
44,switching,0.46,0.2412746,-0.6175
44,switching,0.47,0.2349176,-0.6291
44,switching,0.48,0.2287452,-0.6406
44,switching,0.49,0.2227518,-0.6522
44,switching,0.5,0.2169318,-0.6637
44,switching,0.51,0.2112797,-0.6751
44,switching,0.52,0.2057901,-0.6866
44,switching,0.53,0.2004579,-0.698
44,switching,0.54,0.1952779,-0.7093
44,switching,0.55,0.1902453,-0.7207
44,switching,0.56,0.185355,-0.732
44,switching,0.57,0.1806025,-0.7433
44,switching,0.58,0.1759831,-0.7545
44,switching,0.59,0.1714923,-0.7658
44,switching,0.6,0.1671259,-0.777
44,switching,0.61,0.1628796,-0.7881
44,switching,0.62,0.1587493,-0.7993
44,switching,0.63,0.1547311,-0.8104
44,switching,0.64,0.1508212,-0.8215
44,switching,0.65,0.1470157,-0.8326
44,switching,0.66,0.1433112,-0.8437
44,switching,0.67,0.1397041,-0.8548
44,switching,0.68,0.1361912,-0.8659
44,switching,0.69,0.1327692,-0.8769
44,switching,0.7,0.1294349,-0.8879
44,switching,0.71,0.1261855,-0.899
44,switching,0.72,0.123018,-0.91
44,switching,0.73,0.1199297,-0.9211
44,switching,0.74,0.1169179,-0.9321
44,switching,0.75,0.1139801,-0.9432
44,switching,0.76,0.1111139,-0.9542
44,switching,0.77,0.1083168,-0.9653
44,switching,0.78,0.1055868,-0.9764
44,switching,0.79,0.1029216,-0.9875
44,switching,0.8,0.1003193,-0.9986
44,switching,0.81,0.09777793,-1.0098
44,switching,0.82,0.0952956,-1.0209
44,switching,0.83,0.09287058,-1.0321
44,switching,0.84,0.09050121,-1.0433
44,switching,0.85,0.0881859,-1.0546
44,switching,0.86,0.08592314,-1.0659
44,switching,0.87,0.08371151,-1.0772
44,switching,0.88,0.08154965,-1.0886
44,switching,0.89,0.07943627,-1.1
44,switching,0.9,0.07737015,-1.1114
44,switching,0.91,0.07535015,-1.1229
44,switching,0.92,0.07337517,-1.1345
44,switching,0.93,0.07144417,-1.146
44,switching,0.94,0.06955617,-1.1577
44,switching,0.95,0.06771025,-1.1693
44,switching,0.96,0.06590553,-1.1811
44,switching,0.97,0.06414117,-1.1929
44,switching,0.98,0.06241638,-1.2047
44,switching,0.99,0.06073042,-1.2166
44,switching,1.0,0.05908257,-1.2285
44,switching,1.01,0.05747214,-1.2405
44,switching,1.02,0.05589851,-1.2526
44,switching,1.03,0.05436104,-1.2647
44,switching,1.04,0.05285914,-1.2769
44,switching,1.05,0.05139225,-1.2891
44,switching,1.06,0.04995983,-1.3014
44,switching,1.07,0.04856135,-1.3137
44,switching,1.08,0.04719629,-1.3261
44,switching,1.09,0.04586417,-1.3385
44,switching,1.1,0.04456451,-1.351
44,switching,1.11,0.04329684,-1.3635
44,switching,1.12,0.0420607,-1.3761
44,switching,1.13,0.04085565,-1.3887
44,switching,1.14,0.03968123,-1.4014
44,switching,1.15,0.038537,-1.4141
44,switching,1.16,0.03742255,-1.4269
44,switching,1.17,0.03633742,-1.4396
44,switching,1.18,0.0352812,-1.4525
44,switching,1.19,0.03425344,-1.4653
44,switching,1.2,0.03325372,-1.4782
44,switching,1.21,0.03228161,-1.491
44,switching,1.22,0.03133666,-1.5039
44,switching,1.23,0.03041845,-1.5169
44,switching,1.24,0.02952652,-1.5298
44,switching,1.25,0.02866044,-1.5427
44,switching,1.26,0.02781975,-1.5556
44,switching,1.27,0.027004,-1.5686
44,switching,1.28,0.02621274,-1.5815
44,switching,1.29,0.02544548,-1.5944
44,switching,1.3,0.02470178,-1.6073
44,switching,1.31,0.02398115,-1.6201
44,switching,1.32,0.02328312,-1.633
44,switching,1.33,0.0226072,-1.6458
44,switching,1.34,0.0219529,-1.6585
44,switching,1.35,0.02131974,-1.6712
44,switching,1.36,0.02070722,-1.6839
44,switching,1.37,0.02011484,-1.6965
44,switching,1.38,0.0195421,-1.709
44,switching,1.39,0.0189885,-1.7215
44,switching,1.4,0.01845352,-1.7339
44,switching,1.41,0.01793667,-1.7463
44,switching,1.42,0.01743743,-1.7585
44,switching,1.43,0.0169553,-1.7707
44,switching,1.44,0.01648977,-1.7828
44,switching,1.45,0.01604032,-1.7948
44,switching,1.46,0.01560647,-1.8067
44,switching,1.47,0.01518769,-1.8185
44,switching,1.48,0.01478349,-1.8302
44,switching,1.49,0.01439337,-1.8418
44,switching,1.5,0.01401685,-1.8533
45,fixed,0.0,0.85,-0.0706
45,fixed,0.01,0.7796779,-0.1081
45,fixed,0.02,0.7151737,-0.1456
45,fixed,0.03,0.6560061,-0.1831
45,fixed,0.04,0.6017335,-0.2206
45,fixed,0.05,0.551951,-0.2581
45,fixed,0.06,0.5062871,-0.2956
45,fixed,0.07,0.464401,-0.3331
45,fixed,0.08,0.4259803,-0.3706
45,fixed,0.09,0.3907381,-0.4081
45,fixed,0.1,0.3584116,-0.4456
45,fixed,0.11,0.3287596,-0.4831
45,fixed,0.12,0.3015607,-0.5206
45,fixed,0.13,0.276612,-0.5581
45,fixed,0.14,0.2537274,-0.5956
45,fixed,0.15,0.2327361,-0.6331
45,fixed,0.16,0.2134814,-0.6706
45,fixed,0.17,0.1958197,-0.7081
45,fixed,0.18,0.1796192,-0.7456
45,fixed,0.19,0.1647589,-0.7832
45,fixed,0.2,0.1511281,-0.8207
45,fixed,0.21,0.138625,-0.8582
45,fixed,0.22,0.1271563,-0.8957
45,fixed,0.23,0.1166364,-0.9332
45,fixed,0.24,0.1069869,-0.9707
45,fixed,0.25,0.09813567,-1.0082
45,fixed,0.26,0.09001672,-1.0457
45,fixed,0.27,0.08256947,-1.0832
45,fixed,0.28,0.07573835,-1.1207
45,fixed,0.29,0.06947237,-1.1582
45,fixed,0.3,0.0637248,-1.1957
45,fixed,0.31,0.05845273,-1.2332
45,fixed,0.32,0.05361683,-1.2707
45,fixed,0.33,0.04918101,-1.3082
45,fixed,0.34,0.04511217,-1.3457
45,fixed,0.35,0.04137996,-1.3832
45,fixed,0.36,0.03795652,-1.4207
45,fixed,0.37,0.03481631,-1.4582
45,fixed,0.38,0.03193589,-1.4957
45,fixed,0.39,0.02929377,-1.5332
45,fixed,0.4,0.02687025,-1.5707
45,fixed,0.41,0.02464722,-1.6082
45,fixed,0.42,0.02260811,-1.6457
45,fixed,0.43,0.0207377,-1.6832
45,fixed,0.44,0.01902203,-1.7207
45,fixed,0.45,0.0174483,-1.7582
45,fixed,0.46,0.01600477,-1.7958
45,fixed,0.47,0.01468067,-1.8333
45,fixed,0.48,0.01346611,-1.8708
45,fixed,0.49,0.01235203,-1.9083
45,fixed,0.5,0.01133013,-1.9458
45,fixed,0.51,0.01039277,-1.9833
45,fixed,0.52,0.009532953,-2.0208
45,fixed,0.53,0.008744274,-2.0583
45,fixed,0.54,0.008020844,-2.0958
45,fixed,0.55,0.007357265,-2.1333
45,fixed,0.56,0.006748585,-2.1708
45,fixed,0.57,0.006190262,-2.2083
45,fixed,0.58,0.00567813,-2.2458
45,fixed,0.59,0.005208368,-2.2833
45,fixed,0.6,0.00477747,-2.3208
45,fixed,0.61,0.004382221,-2.3583
45,fixed,0.62,0.004019672,-2.3958
45,fixed,0.63,0.003687117,-2.4333
45,fixed,0.64,0.003382075,-2.4708
45,fixed,0.65,0.00310227,-2.5083
45,fixed,0.66,0.002845613,-2.5458
45,fixed,0.67,0.002610191,-2.5833
45,fixed,0.68,0.002394245,-2.6208
45,fixed,0.69,0.002196164,-2.6583
45,fixed,0.7,0.002014472,-2.6958
45,fixed,0.71,0.001847811,-2.7333
45,fixed,0.72,0.001694938,-2.7708
45,fixed,0.73,0.001554713,-2.8083
45,fixed,0.74,0.001426088,-2.8459
45,fixed,0.75,0.001308105,-2.8834
45,fixed,0.76,0.001199883,-2.9209
45,fixed,0.77,0.001100615,-2.9584
45,fixed,0.78,0.001009559,-2.9959
45,fixed,0.79,0.0009260363,-3.0334
45,fixed,0.8,0.0008494237,-3.0709
45,fixed,0.81,0.0007791493,-3.1084
45,fixed,0.82,0.0007146888,-3.1459
45,fixed,0.83,0.0006555613,-3.1834
45,fixed,0.84,0.0006013255,-3.2209
45,fixed,0.85,0.0005515767,-3.2584
45,fixed,0.86,0.0005059438,-3.2959
45,fixed,0.87,0.0004640861,-3.3334
45,fixed,0.88,0.0004256914,-3.3709
45,fixed,0.89,0.0003904732,-3.4084
45,fixed,0.9,0.0003581686,-3.4459
45,fixed,0.91,0.0003285367,-3.4834
45,fixed,0.92,0.0003013562,-3.5209
45,fixed,0.93,0.0002764245,-3.5584
45,fixed,0.94,0.0002535554,-3.5959
45,fixed,0.95,0.0002325783,-3.6334
45,fixed,0.96,0.0002133366,-3.6709
45,fixed,0.97,0.0001956869,-3.7084
45,fixed,0.98,0.0001794974,-3.7459
45,fixed,0.99,0.0001646472,-3.7834
45,fixed,1.0,0.0001510256,-3.8209
45,fixed,1.01,0.000138531,-3.8585
45,fixed,1.02,0.0001270701,-3.896
45,fixed,1.03,0.0001165573,-3.9335
45,fixed,1.04,0.0001069143,-3.971
45,fixed,1.05,9.806912e-05,-4.0085
45,fixed,1.06,8.995568e-05,-4.046
45,fixed,1.07,8.251349e-05,-4.0835
45,fixed,1.08,7.568699e-05,-4.121
45,fixed,1.09,6.942527e-05,-4.1585
45,fixed,1.1,6.368159e-05,-4.196
45,fixed,1.11,5.841309e-05,-4.2335
45,fixed,1.12,5.358047e-05,-4.271
45,fixed,1.13,4.914766e-05,-4.3085
45,fixed,1.14,4.508158e-05,-4.346
45,fixed,1.15,4.13519e-05,-4.3835
45,fixed,1.16,3.793078e-05,-4.421
45,fixed,1.17,3.47927e-05,-4.4585
45,fixed,1.18,3.191423e-05,-4.496
45,fixed,1.19,2.927391e-05,-4.5335
45,fixed,1.2,2.685203e-05,-4.571
45,fixed,1.21,2.463051e-05,-4.6085
45,fixed,1.22,2.259278e-05,-4.646
45,fixed,1.23,2.072364e-05,-4.6835
45,fixed,1.24,1.900913e-05,-4.721
45,fixed,1.25,1.743647e-05,-4.7585
45,fixed,1.26,1.599392e-05,-4.796
45,fixed,1.27,1.467072e-05,-4.8335
45,fixed,1.28,1.345698e-05,-4.8711
45,fixed,1.29,1.234366e-05,-4.9086
45,fixed,1.3,1.132245e-05,-4.9461
45,fixed,1.31,1.038572e-05,-4.9836
45,fixed,1.32,9.526489e-06,-5.0211
45,fixed,1.33,8.738345e-06,-5.0586
45,fixed,1.34,8.015406e-06,-5.0961
45,fixed,1.35,7.352276e-06,-5.1336
45,fixed,1.36,6.744009e-06,-5.1711
45,fixed,1.37,6.186065e-06,-5.2086
45,fixed,1.38,5.67428e-06,-5.2461
45,fixed,1.39,5.204837e-06,-5.2836
45,fixed,1.4,4.774231e-06,-5.3211
45,fixed,1.41,4.37925e-06,-5.3586
45,fixed,1.42,4.016947e-06,-5.3961
45,fixed,1.43,3.684617e-06,-5.4336
45,fixed,1.44,3.379782e-06,-5.4711
45,fixed,1.45,3.100166e-06,-5.5086
45,fixed,1.46,2.843684e-06,-5.5461
45,fixed,1.47,2.608421e-06,-5.5836
45,fixed,1.48,2.392621e-06,-5.6211
45,fixed,1.49,2.194675e-06,-5.6586
45,fixed,1.5,2.013106e-06,-5.6961
45,switching,0.0,0.8593018,-0.0659
45,switching,0.01,0.8382431,-0.0766
45,switching,0.02,0.8176725,-0.0874
45,switching,0.03,0.7975779,-0.0982
45,switching,0.04,0.7779476,-0.109
45,switching,0.05,0.7587702,-0.1199
45,switching,0.06,0.7400349,-0.1307
45,switching,0.07,0.7217311,-0.1416
45,switching,0.08,0.7038488,-0.1525
45,switching,0.09,0.6863781,-0.1634
45,switching,0.1,0.6693098,-0.1744
45,switching,0.11,0.6526346,-0.1853
45,switching,0.12,0.6363438,-0.1963
45,switching,0.13,0.620429,-0.2073
45,switching,0.14,0.6048819,-0.2183
45,switching,0.15,0.5896948,-0.2294
45,switching,0.16,0.5748599,-0.2404
45,switching,0.17,0.5603699,-0.2515
45,switching,0.18,0.5462175,-0.2626
45,switching,0.19,0.532396,-0.2738
45,switching,0.2,0.5188985,-0.2849
45,switching,0.21,0.5057185,-0.2961
45,switching,0.22,0.4928496,-0.3073
45,switching,0.23,0.4802858,-0.3185
45,switching,0.24,0.468021,-0.3297
45,switching,0.25,0.4560493,-0.341
45,switching,0.26,0.4443651,-0.3523
45,switching,0.27,0.4329628,-0.3635
45,switching,0.28,0.4218369,-0.3749
45,switching,0.29,0.4109821,-0.3862
45,switching,0.3,0.4003932,-0.3975
45,switching,0.31,0.390065,-0.4089
45,switching,0.32,0.3799926,-0.4202
45,switching,0.33,0.3701709,-0.4316
45,switching,0.34,0.3605952,-0.443
45,switching,0.35,0.3512606,-0.4544
45,switching,0.36,0.3421624,-0.4658
45,switching,0.37,0.3332959,-0.4772
45,switching,0.38,0.3246566,-0.4886
45,switching,0.39,0.31624,-0.5
45,switching,0.4,0.3080414,-0.5114
45,switching,0.41,0.3000566,-0.5228
45,switching,0.42,0.292281,-0.5342
45,switching,0.43,0.2847103,-0.5456
45,switching,0.44,0.2773403,-0.557
45,switching,0.45,0.2701666,-0.5684
45,switching,0.46,0.263185,-0.5797
45,switching,0.47,0.2563913,-0.5911
45,switching,0.48,0.2497812,-0.6024
45,switching,0.49,0.2433508,-0.6138
45,switching,0.5,0.2370958,-0.6251
45,switching,0.51,0.2310122,-0.6364
45,switching,0.52,0.225096,-0.6476
45,switching,0.53,0.2193431,-0.6589
45,switching,0.54,0.2137496,-0.6701
45,switching,0.55,0.2083115,-0.6813
45,switching,0.56,0.203025,-0.6925
45,switching,0.57,0.1978861,-0.7036
45,switching,0.58,0.1928911,-0.7147
45,switching,0.59,0.1880362,-0.7258
45,switching,0.6,0.1833175,-0.7368
45,switching,0.61,0.1787315,-0.7478
45,switching,0.62,0.1742744,-0.7588
45,switching,0.63,0.1699426,-0.7697
45,switching,0.64,0.1657327,-0.7806
45,switching,0.65,0.161641,-0.7914
45,switching,0.66,0.157664,-0.8023
45,switching,0.67,0.1537985,-0.813
45,switching,0.68,0.1500409,-0.8238
45,switching,0.69,0.1463881,-0.8345
45,switching,0.7,0.1428368,-0.8452
45,switching,0.71,0.1393837,-0.8558
45,switching,0.72,0.1360258,-0.8664
45,switching,0.73,0.1327601,-0.8769
45,switching,0.74,0.1295834,-0.8875
45,switching,0.75,0.1264929,-0.8979
45,switching,0.76,0.1234858,-0.9084
45,switching,0.77,0.1205592,-0.9188
45,switching,0.78,0.1177103,-0.9292
45,switching,0.79,0.1149367,-0.9395
45,switching,0.8,0.1122356,-0.9499
45,switching,0.81,0.1096045,-0.9602
45,switching,0.82,0.1070411,-0.9704
45,switching,0.83,0.104543,-0.9807
45,switching,0.84,0.1021078,-0.9909
45,switching,0.85,0.09973337,-1.0012
45,switching,0.86,0.09741754,-1.0114
45,switching,0.87,0.09515825,-1.0216
45,switching,0.88,0.0929535,-1.0317
45,switching,0.89,0.09080138,-1.0419
45,switching,0.9,0.08870003,-1.0521
45,switching,0.91,0.08664767,-1.0622
45,switching,0.92,0.08464261,-1.0724
45,switching,0.93,0.0826832,-1.0826
45,switching,0.94,0.0807679,-1.0928
45,switching,0.95,0.07889519,-1.1029
45,switching,0.96,0.07706366,-1.1132
45,switching,0.97,0.07527194,-1.1234
45,switching,0.98,0.07351875,-1.1336
45,switching,0.99,0.07180285,-1.1439
45,switching,1.0,0.07012308,-1.1541
45,switching,1.01,0.06847833,-1.1644
45,switching,1.02,0.06686755,-1.1748
45,switching,1.03,0.06528976,-1.1852
45,switching,1.04,0.06374402,-1.1956
45,switching,1.05,0.06222945,-1.206
45,switching,1.06,0.06074522,-1.2165
45,switching,1.07,0.05929056,-1.227
45,switching,1.08,0.05786473,-1.2376
45,switching,1.09,0.05646705,-1.2482
45,switching,1.1,0.05509688,-1.2589
45,switching,1.11,0.05375362,-1.2696
45,switching,1.12,0.05243671,-1.2804
45,switching,1.13,0.05114563,-1.2912
45,switching,1.14,0.04987988,-1.3021
45,switching,1.15,0.04863902,-1.313
45,switching,1.16,0.04742262,-1.324
45,switching,1.17,0.04623029,-1.3351
45,switching,1.18,0.04506166,-1.3462
45,switching,1.19,0.04391638,-1.3574
45,switching,1.2,0.04279414,-1.3686
45,switching,1.21,0.04169464,-1.3799
45,switching,1.22,0.0406176,-1.3913
45,switching,1.23,0.03956274,-1.4027
45,switching,1.24,0.03852984,-1.4142
45,switching,1.25,0.03751864,-1.4258
45,switching,1.26,0.03652893,-1.4374
45,switching,1.27,0.0355605,-1.449
45,switching,1.28,0.03461313,-1.4608
45,switching,1.29,0.03368663,-1.4725
45,switching,1.3,0.0327808,-1.4844
45,switching,1.31,0.03189547,-1.4963
45,switching,1.32,0.03103044,-1.5082
45,switching,1.33,0.03018552,-1.5202
45,switching,1.34,0.02936054,-1.5322
45,switching,1.35,0.02855531,-1.5443
45,switching,1.36,0.02776964,-1.5564
45,switching,1.37,0.02700334,-1.5686
45,switching,1.38,0.02625622,-1.5808
45,switching,1.39,0.02552809,-1.593
45,switching,1.4,0.02481873,-1.6052
45,switching,1.41,0.02412795,-1.6175
45,switching,1.42,0.02345553,-1.6298
45,switching,1.43,0.02280125,-1.642
45,switching,1.44,0.02216488,-1.6543
45,switching,1.45,0.02154619,-1.6666
45,switching,1.46,0.02094494,-1.6789
45,switching,1.47,0.02036087,-1.6912
45,switching,1.48,0.01979374,-1.7035
45,switching,1.49,0.01924327,-1.7157
45,switching,1.5,0.0187092,-1.7279
123,fixed,0.0,0.85,-0.0706
123,fixed,0.01,0.7813373,-0.1072
123,fixed,0.02,0.7182212,-0.1437
123,fixed,0.03,0.6602036,-0.1803
123,fixed,0.04,0.6068726,-0.2169
123,fixed,0.05,0.5578497,-0.2535
123,fixed,0.06,0.5127868,-0.2901
123,fixed,0.07,0.4713641,-0.3266
123,fixed,0.08,0.4332875,-0.3632
123,fixed,0.09,0.3982867,-0.3998
123,fixed,0.1,0.3661133,-0.4364
123,fixed,0.11,0.3365388,-0.473
123,fixed,0.12,0.3093533,-0.5095
123,fixed,0.13,0.2843639,-0.5461
123,fixed,0.14,0.2613931,-0.5827
123,fixed,0.15,0.2402779,-0.6193
123,fixed,0.16,0.2208683,-0.6559
123,fixed,0.17,0.2030267,-0.6924
123,fixed,0.18,0.1866263,-0.729
123,fixed,0.19,0.1715507,-0.7656
123,fixed,0.2,0.1576929,-0.8022
123,fixed,0.21,0.1449545,-0.8388
123,fixed,0.22,0.1332451,-0.8753
123,fixed,0.23,0.1224817,-0.9119
123,fixed,0.24,0.1125876,-0.9485
123,fixed,0.25,0.1034929,-0.9851
123,fixed,0.26,0.09513275,-1.0217
123,fixed,0.27,0.08744796,-1.0583
123,fixed,0.28,0.08038395,-1.0948
123,fixed,0.29,0.07389057,-1.1314
123,fixed,0.3,0.06792172,-1.168
123,fixed,0.31,0.06243503,-1.2046
123,fixed,0.32,0.05739155,-1.2412
123,fixed,0.33,0.05275549,-1.2777
123,fixed,0.34,0.04849392,-1.3143
123,fixed,0.35,0.0445766,-1.3509
123,fixed,0.36,0.04097572,-1.3875
123,fixed,0.37,0.03766572,-1.4241
123,fixed,0.38,0.0346231,-1.4606
123,fixed,0.39,0.03182626,-1.4972
123,fixed,0.4,0.02925535,-1.5338
123,fixed,0.41,0.02689211,-1.5704
123,fixed,0.42,0.02471978,-1.607
123,fixed,0.43,0.02272292,-1.6435
123,fixed,0.44,0.02088738,-1.6801
123,fixed,0.45,0.0192001,-1.7167
123,fixed,0.46,0.01764913,-1.7533
123,fixed,0.47,0.01622344,-1.7899
123,fixed,0.48,0.01491291,-1.8264
123,fixed,0.49,0.01370825,-1.863
123,fixed,0.5,0.01260091,-1.8996
123,fixed,0.51,0.01158301,-1.9362
123,fixed,0.52,0.01064734,-1.9728
123,fixed,0.53,0.009787253,-2.0093
123,fixed,0.54,0.008996642,-2.0459
123,fixed,0.55,0.008269897,-2.0825
123,fixed,0.56,0.007601858,-2.1191
123,fixed,0.57,0.006987783,-2.1557
123,fixed,0.58,0.006423313,-2.1922
123,fixed,0.59,0.005904441,-2.2288
123,fixed,0.6,0.005427482,-2.2654
123,fixed,0.61,0.004989052,-2.302
123,fixed,0.62,0.004586039,-2.3386
123,fixed,0.63,0.00421558,-2.3751
123,fixed,0.64,0.003875048,-2.4117
123,fixed,0.65,0.003562023,-2.4483
123,fixed,0.66,0.003274284,-2.4849
123,fixed,0.67,0.003009789,-2.5215
123,fixed,0.68,0.002766659,-2.558
123,fixed,0.69,0.00254317,-2.5946
123,fixed,0.7,0.002337733,-2.6312
123,fixed,0.71,0.002148892,-2.6678
123,fixed,0.72,0.001975306,-2.7044
123,fixed,0.73,0.001815741,-2.7409
123,fixed,0.74,0.001669066,-2.7775
123,fixed,0.75,0.00153424,-2.8141
123,fixed,0.76,0.001410305,-2.8507
123,fixed,0.77,0.001296381,-2.8873
123,fixed,0.78,0.00119166,-2.9238
123,fixed,0.79,0.001095398,-2.9604
123,fixed,0.8,0.001006912,-2.997
123,fixed,0.81,0.0009255742,-3.0336
123,fixed,0.82,0.0008508067,-3.0702
123,fixed,0.83,0.0007820789,-3.1067
123,fixed,0.84,0.0007189028,-3.1433
123,fixed,0.85,0.0006608302,-3.1799
123,fixed,0.86,0.0006074486,-3.2165
123,fixed,0.87,0.0005583791,-3.2531
123,fixed,0.88,0.0005132735,-3.2897
123,fixed,0.89,0.0004718115,-3.3262
123,fixed,0.9,0.0004336987,-3.3628
123,fixed,0.91,0.0003986647,-3.3994
123,fixed,0.92,0.0003664608,-3.436
123,fixed,0.93,0.0003368582,-3.4726
123,fixed,0.94,0.0003096469,-3.5091
123,fixed,0.95,0.0002846338,-3.5457
123,fixed,0.96,0.0002616412,-3.5823
123,fixed,0.97,0.0002405059,-3.6189
123,fixed,0.98,0.0002210779,-3.6555
123,fixed,0.99,0.0002032194,-3.692
123,fixed,1.0,0.0001868034,-3.7286
123,fixed,1.01,0.0001717135,-3.7652
123,fixed,1.02,0.0001578425,-3.8018
123,fixed,1.03,0.0001450921,-3.8384
123,fixed,1.04,0.0001333716,-3.8749
123,fixed,1.05,0.0001225979,-3.9115
123,fixed,1.06,0.0001126945,-3.9481
123,fixed,1.07,0.0001035911,-3.9847
123,fixed,1.08,9.522303e-05,-4.0213
123,fixed,1.09,8.753095e-05,-4.0578
123,fixed,1.1,8.046024e-05,-4.0944
123,fixed,1.11,7.396069e-05,-4.131
123,fixed,1.12,6.798618e-05,-4.1676
123,fixed,1.13,6.249428e-05,-4.2042
123,fixed,1.14,5.744602e-05,-4.2407
123,fixed,1.15,5.280555e-05,-4.2773
123,fixed,1.16,4.853994e-05,-4.3139
123,fixed,1.17,4.461891e-05,-4.3505
123,fixed,1.18,4.101461e-05,-4.3871
123,fixed,1.19,3.770147e-05,-4.4236
123,fixed,1.2,3.465596e-05,-4.4602
123,fixed,1.21,3.185646e-05,-4.4968
123,fixed,1.22,2.928311e-05,-4.5334
123,fixed,1.23,2.691763e-05,-4.57
123,fixed,1.24,2.474324e-05,-4.6065
123,fixed,1.25,2.274449e-05,-4.6431
123,fixed,1.26,2.09072e-05,-4.6797
123,fixed,1.27,1.921832e-05,-4.7163
123,fixed,1.28,1.766588e-05,-4.7529
123,fixed,1.29,1.623883e-05,-4.7894
123,fixed,1.3,1.492707e-05,-4.826
123,fixed,1.31,1.372126e-05,-4.8626
123,fixed,1.32,1.261287e-05,-4.8992
123,fixed,1.33,1.1594e-05,-4.9358
123,fixed,1.34,1.065745e-05,-4.9723
123,fixed,1.35,9.796541e-06,-5.0089
123,fixed,1.36,9.005181e-06,-5.0455
123,fixed,1.37,8.277746e-06,-5.0821
123,fixed,1.38,7.609073e-06,-5.1187
123,fixed,1.39,6.994415e-06,-5.1552
123,fixed,1.4,6.429409e-06,-5.1918
123,fixed,1.41,5.910044e-06,-5.2284
123,fixed,1.42,5.432633e-06,-5.265
123,fixed,1.43,4.993787e-06,-5.3016
123,fixed,1.44,4.590391e-06,-5.3382
123,fixed,1.45,4.219581e-06,-5.3747
123,fixed,1.46,3.878725e-06,-5.4113
123,fixed,1.47,3.565403e-06,-5.4479
123,fixed,1.48,3.277391e-06,-5.4845
123,fixed,1.49,3.012645e-06,-5.5211
123,fixed,1.5,2.769285e-06,-5.5576
123,switching,0.0,0.8416532,-0.0749
123,switching,0.01,0.8212934,-0.0855
123,switching,0.02,0.8014493,-0.0961
123,switching,0.03,0.7821092,-0.1067
123,switching,0.04,0.7632614,-0.1173
123,switching,0.05,0.7448945,-0.1279
123,switching,0.06,0.7269971,-0.1385
123,switching,0.07,0.709558,-0.149
123,switching,0.08,0.6925662,-0.1595
123,switching,0.09,0.6760107,-0.17
123,switching,0.1,0.6598809,-0.1805
123,switching,0.11,0.644166,-0.191
123,switching,0.12,0.6288556,-0.2014
123,switching,0.13,0.6139394,-0.2119
123,switching,0.14,0.5994071,-0.2223
123,switching,0.15,0.5852487,-0.2327
123,switching,0.16,0.5714543,-0.243
123,switching,0.17,0.5580143,-0.2534
123,switching,0.18,0.544919,-0.2637
123,switching,0.19,0.532159,-0.274
123,switching,0.2,0.5197251,-0.2842
123,switching,0.21,0.5076082,-0.2945
123,switching,0.22,0.4957995,-0.3047
123,switching,0.23,0.4842901,-0.3149
123,switching,0.24,0.4730715,-0.3251
123,switching,0.25,0.4621354,-0.3352
123,switching,0.26,0.4514735,-0.3454
123,switching,0.27,0.4410778,-0.3555
123,switching,0.28,0.4309405,-0.3656
123,switching,0.29,0.421054,-0.3757
123,switching,0.3,0.4114106,-0.3857
123,switching,0.31,0.4020033,-0.3958
123,switching,0.32,0.3928248,-0.4058
123,switching,0.33,0.3838683,-0.4158
123,switching,0.34,0.375127,-0.4258
123,switching,0.35,0.3665945,-0.4358
123,switching,0.36,0.3582643,-0.4458
123,switching,0.37,0.3501304,-0.4558
123,switching,0.38,0.3421868,-0.4657
123,switching,0.39,0.3344277,-0.4757
123,switching,0.4,0.3268475,-0.4857
123,switching,0.41,0.3194408,-0.4956
123,switching,0.42,0.3122024,-0.5056
123,switching,0.43,0.3051273,-0.5155
123,switching,0.44,0.2982106,-0.5255
123,switching,0.45,0.2914477,-0.5354
123,switching,0.46,0.284834,-0.5454
123,switching,0.47,0.2783652,-0.5554
123,switching,0.48,0.2720372,-0.5654
123,switching,0.49,0.2658459,-0.5754
123,switching,0.5,0.2597876,-0.5854
123,switching,0.51,0.2538585,-0.5954
123,switching,0.52,0.2480552,-0.6055
123,switching,0.53,0.2423742,-0.6155
123,switching,0.54,0.2368125,-0.6256
123,switching,0.55,0.2313668,-0.6357
123,switching,0.56,0.2260343,-0.6458
123,switching,0.57,0.2208122,-0.656
123,switching,0.58,0.2156977,-0.6662
123,switching,0.59,0.2106884,-0.6764
123,switching,0.6,0.2057818,-0.6866
123,switching,0.61,0.2009757,-0.6969
123,switching,0.62,0.1962678,-0.7072
123,switching,0.63,0.191656,-0.7175
123,switching,0.64,0.1871383,-0.7278
123,switching,0.65,0.1827129,-0.7382
123,switching,0.66,0.1783779,-0.7487
123,switching,0.67,0.1741316,-0.7591
123,switching,0.68,0.1699725,-0.7696
123,switching,0.69,0.1658988,-0.7802
123,switching,0.7,0.1619092,-0.7907
123,switching,0.71,0.1580022,-0.8013
123,switching,0.72,0.1541765,-0.812
123,switching,0.73,0.1504307,-0.8227
123,switching,0.74,0.1467636,-0.8334
123,switching,0.75,0.143174,-0.8441
123,switching,0.76,0.1396608,-0.8549
123,switching,0.77,0.1362228,-0.8658
123,switching,0.78,0.132859,-0.8766
123,switching,0.79,0.1295683,-0.8875
123,switching,0.8,0.1263497,-0.8984
123,switching,0.81,0.1232023,-0.9094
123,switching,0.82,0.120125,-0.9204
123,switching,0.83,0.1171168,-0.9314
123,switching,0.84,0.114177,-0.9424
123,switching,0.85,0.1113045,-0.9535
123,switching,0.86,0.1084985,-0.9646
123,switching,0.87,0.105758,-0.9757
123,switching,0.88,0.1030821,-0.9868
123,switching,0.89,0.1004701,-0.998
123,switching,0.9,0.09792088,-1.0091
123,switching,0.91,0.09543368,-1.0203
123,switching,0.92,0.09300758,-1.0315
123,switching,0.93,0.09064169,-1.0427
123,switching,0.94,0.0883351,-1.0539
123,switching,0.95,0.08608692,-1.0651
123,switching,0.96,0.08389623,-1.0763
123,switching,0.97,0.08176211,-1.0874
123,switching,0.98,0.07968364,-1.0986
123,switching,0.99,0.07765989,-1.1098
123,switching,1.0,0.0756899,-1.121
123,switching,1.01,0.07377272,-1.1321
123,switching,1.02,0.07190739,-1.1432
123,switching,1.03,0.07009294,-1.1543
123,switching,1.04,0.06832839,-1.1654
123,switching,1.05,0.06661273,-1.1764
123,switching,1.06,0.06494499,-1.1875
123,switching,1.07,0.06332413,-1.1984
123,switching,1.08,0.06174916,-1.2094
123,switching,1.09,0.06021905,-1.2203
123,switching,1.1,0.05873277,-1.2311
123,switching,1.11,0.05728929,-1.2419
123,switching,1.12,0.05588758,-1.2527
123,switching,1.13,0.05452658,-1.2634
123,switching,1.14,0.05320527,-1.274
123,switching,1.15,0.0519226,-1.2846
123,switching,1.16,0.05067752,-1.2952
123,switching,1.17,0.049469,-1.3057
123,switching,1.18,0.048296,-1.3161
123,switching,1.19,0.04715747,-1.3264
123,switching,1.2,0.0460524,-1.3367
123,switching,1.21,0.04497975,-1.347
123,switching,1.22,0.04393851,-1.3572
123,switching,1.23,0.04292768,-1.3673
123,switching,1.24,0.04194625,-1.3773
123,switching,1.25,0.04099324,-1.3873
123,switching,1.26,0.04006767,-1.3972
123,switching,1.27,0.03916859,-1.4071
123,switching,1.28,0.03829504,-1.4169
123,switching,1.29,0.03744609,-1.4266
123,switching,1.3,0.03662084,-1.4363
123,switching,1.31,0.03581838,-1.4459
123,switching,1.32,0.03503783,-1.4555
123,switching,1.33,0.03427834,-1.465
123,switching,1.34,0.03353907,-1.4744
123,switching,1.35,0.03281921,-1.4839
123,switching,1.36,0.03211795,-1.4933
123,switching,1.37,0.03143453,-1.5026
123,switching,1.38,0.03076819,-1.5119
123,switching,1.39,0.03011821,-1.5212
123,switching,1.4,0.0294839,-1.5304
123,switching,1.41,0.02886456,-1.5396
123,switching,1.42,0.02825955,-1.5488
123,switching,1.43,0.02766825,-1.558
123,switching,1.44,0.02709005,-1.5672
123,switching,1.45,0.02652438,-1.5764
123,switching,1.46,0.02597068,-1.5855
123,switching,1.47,0.02542843,-1.5947
123,switching,1.48,0.02489714,-1.6039
123,switching,1.49,0.02437632,-1.613
123,switching,1.5,0.02386554,-1.6222
124,fixed,0.0,0.85,-0.0706
124,fixed,0.01,0.7717589,-0.1125
124,fixed,0.02,0.7007197,-0.1545
124,fixed,0.03,0.6362196,-0.1964
124,fixed,0.04,0.5776567,-0.2383
124,fixed,0.05,0.5244843,-0.2803
124,fixed,0.06,0.4762064,-0.3222
124,fixed,0.07,0.4323724,-0.3641
124,fixed,0.08,0.3925732,-0.4061
124,fixed,0.09,0.3564375,-0.448
124,fixed,0.1,0.323628,-0.49
124,fixed,0.11,0.2938386,-0.5319
124,fixed,0.12,0.2667912,-0.5738
124,fixed,0.13,0.2422335,-0.6158
124,fixed,0.14,0.2199363,-0.6577
124,fixed,0.15,0.1996915,-0.6996
124,fixed,0.16,0.1813103,-0.7416
124,fixed,0.17,0.1646209,-0.7835
124,fixed,0.18,0.1494679,-0.8255
124,fixed,0.19,0.1357096,-0.8674
124,fixed,0.2,0.1232177,-0.9093
124,fixed,0.21,0.1118757,-0.9513
124,fixed,0.22,0.1015778,-0.9932
124,fixed,0.23,0.0922277,-1.0351
124,fixed,0.24,0.08373829,-1.0771
124,fixed,0.25,0.07603032,-1.119
124,fixed,0.26,0.06903185,-1.161
124,fixed,0.27,0.06267758,-1.2029
124,fixed,0.28,0.05690821,-1.2448
124,fixed,0.29,0.0516699,-1.2868
124,fixed,0.3,0.04691377,-1.3287
124,fixed,0.31,0.04259544,-1.3706
124,fixed,0.32,0.0386746,-1.4126
124,fixed,0.33,0.03511466,-1.4545
124,fixed,0.34,0.03188242,-1.4964
124,fixed,0.35,0.02894769,-1.5384
124,fixed,0.36,0.0262831,-1.5803
124,fixed,0.37,0.02386379,-1.6223
124,fixed,0.38,0.02166716,-1.6642
124,fixed,0.39,0.01967274,-1.7061
124,fixed,0.4,0.01786189,-1.7481
124,fixed,0.41,0.01621774,-1.79
124,fixed,0.42,0.01472492,-1.8319
124,fixed,0.43,0.01336952,-1.8739
124,fixed,0.44,0.01213887,-1.9158
124,fixed,0.45,0.01102151,-1.9578
124,fixed,0.46,0.010007,-1.9997
124,fixed,0.47,0.00908587,-2.0416
124,fixed,0.48,0.00824953,-2.0836
124,fixed,0.49,0.007490175,-2.1255
124,fixed,0.5,0.006800716,-2.1674
124,fixed,0.51,0.006174721,-2.2094
124,fixed,0.52,0.005606348,-2.2513
124,fixed,0.53,0.005090293,-2.2933
124,fixed,0.54,0.00462174,-2.3352
124,fixed,0.55,0.004196316,-2.3771
124,fixed,0.56,0.003810052,-2.4191
124,fixed,0.57,0.003459343,-2.461
124,fixed,0.58,0.003140916,-2.5029
124,fixed,0.59,0.0028518,-2.5449
124,fixed,0.6,0.002589297,-2.5868
124,fixed,0.61,0.002350956,-2.6288
124,fixed,0.62,0.002134554,-2.6707
124,fixed,0.63,0.001938072,-2.7126
124,fixed,0.64,0.001759676,-2.7546
124,fixed,0.65,0.001597701,-2.7965
124,fixed,0.66,0.001450635,-2.8384
124,fixed,0.67,0.001317106,-2.8804
124,fixed,0.68,0.001195869,-2.9223
124,fixed,0.69,0.001085791,-2.9643
124,fixed,0.7,0.0009858457,-3.0062
124,fixed,0.71,0.0008951002,-3.0481
124,fixed,0.72,0.0008127077,-3.0901
124,fixed,0.73,0.0007378993,-3.132
124,fixed,0.74,0.0006699769,-3.1739
124,fixed,0.75,0.0006083066,-3.2159
124,fixed,0.76,0.000552313,-3.2578
124,fixed,0.77,0.0005014735,-3.2998
124,fixed,0.78,0.0004553136,-3.3417
124,fixed,0.79,0.0004134028,-3.3836
124,fixed,0.8,0.0003753497,-3.4256
124,fixed,0.81,0.0003407994,-3.4675
124,fixed,0.82,0.0003094294,-3.5094
124,fixed,0.83,0.0002809469,-3.5514
124,fixed,0.84,0.0002550862,-3.5933
124,fixed,0.85,0.0002316059,-3.6353
124,fixed,0.86,0.000210287,-3.6772
124,fixed,0.87,0.0001909304,-3.7191
124,fixed,0.88,0.0001733556,-3.7611
124,fixed,0.89,0.0001573985,-3.803
124,fixed,0.9,0.0001429102,-3.8449
124,fixed,0.91,0.0001297556,-3.8869
124,fixed,0.92,0.0001178118,-3.9288
124,fixed,0.93,0.0001069674,-3.9707
124,fixed,0.94,9.712121e-05,-4.0127
124,fixed,0.95,8.818137e-05,-4.0546
124,fixed,0.96,8.006441e-05,-4.0966
124,fixed,0.97,7.269462e-05,-4.1385
124,fixed,0.98,6.60032e-05,-4.1804
124,fixed,0.99,5.992771e-05,-4.2224
124,fixed,1.0,5.441146e-05,-4.2643
124,fixed,1.01,4.940298e-05,-4.3062
124,fixed,1.02,4.485551e-05,-4.3482
124,fixed,1.03,4.072664e-05,-4.3901
124,fixed,1.04,3.697782e-05,-4.4321
124,fixed,1.05,3.357407e-05,-4.474
124,fixed,1.06,3.048363e-05,-4.5159
124,fixed,1.07,2.767766e-05,-4.5579
124,fixed,1.08,2.512998e-05,-4.5998
124,fixed,1.09,2.28168e-05,-4.6417
124,fixed,1.1,2.071656e-05,-4.6837
124,fixed,1.11,1.880963e-05,-4.7256
124,fixed,1.12,1.707823e-05,-4.7676
124,fixed,1.13,1.550621e-05,-4.8095
124,fixed,1.14,1.407889e-05,-4.8514
124,fixed,1.15,1.278295e-05,-4.8934
124,fixed,1.16,1.16063e-05,-4.9353
124,fixed,1.17,1.053796e-05,-4.9772
124,fixed,1.18,9.567958e-06,-5.0192
124,fixed,1.19,8.687243e-06,-5.0611
124,fixed,1.2,7.887597e-06,-5.1031
124,fixed,1.21,7.161556e-06,-5.145
124,fixed,1.22,6.502347e-06,-5.1869
124,fixed,1.23,5.903816e-06,-5.2289
124,fixed,1.24,5.36038e-06,-5.2708
124,fixed,1.25,4.866965e-06,-5.3127
124,fixed,1.26,4.418969e-06,-5.3547
124,fixed,1.27,4.01221e-06,-5.3966
124,fixed,1.28,3.642893e-06,-5.4386
124,fixed,1.29,3.307571e-06,-5.4805
124,fixed,1.3,3.003114e-06,-5.5224
124,fixed,1.31,2.726682e-06,-5.5644
124,fixed,1.32,2.475696e-06,-5.6063
124,fixed,1.33,2.247812e-06,-5.6482
124,fixed,1.34,2.040905e-06,-5.6902
124,fixed,1.35,1.853043e-06,-5.7321
124,fixed,1.36,1.682473e-06,-5.7741
124,fixed,1.37,1.527604e-06,-5.816
124,fixed,1.38,1.386991e-06,-5.8579
124,fixed,1.39,1.25932e-06,-5.8999
124,fixed,1.4,1.143402e-06,-5.9418
124,fixed,1.41,1.038154e-06,-5.9837
124,fixed,1.42,9.425934e-07,-6.0257
124,fixed,1.43,8.558292e-07,-6.0676
124,fixed,1.44,7.770516e-07,-6.1096
124,fixed,1.45,7.055252e-07,-6.1515
124,fixed,1.46,6.405828e-07,-6.1934
124,fixed,1.47,5.816182e-07,-6.2354
124,fixed,1.48,5.280812e-07,-6.2773
124,fixed,1.49,4.794722e-07,-6.3192
124,fixed,1.5,4.353375e-07,-6.3612
124,switching,0.0,0.8398002,-0.0758
124,switching,0.01,0.8160239,-0.0883
124,switching,0.02,0.7929554,-0.1008
124,switching,0.03,0.7705736,-0.1132
124,switching,0.04,0.7488581,-0.1256
124,switching,0.05,0.7277887,-0.138
124,switching,0.06,0.707346,-0.1504
124,switching,0.07,0.6875108,-0.1627
124,switching,0.08,0.6682646,-0.1751
124,switching,0.09,0.6495891,-0.1874
124,switching,0.1,0.6314668,-0.1996
124,switching,0.11,0.6138803,-0.2119
124,switching,0.12,0.5968128,-0.2242
124,switching,0.13,0.580248,-0.2364
124,switching,0.14,0.56417,-0.2486
124,switching,0.15,0.5485633,-0.2608
124,switching,0.16,0.5334128,-0.2729
124,switching,0.17,0.5187039,-0.2851
124,switching,0.18,0.5044224,-0.2972
124,switching,0.19,0.4905544,-0.3093
124,switching,0.2,0.4770867,-0.3214
124,switching,0.21,0.4640061,-0.3335
124,switching,0.22,0.4513001,-0.3455
124,switching,0.23,0.4389564,-0.3576
124,switching,0.24,0.4269633,-0.3696
124,switching,0.25,0.4153094,-0.3816
124,switching,0.26,0.4039834,-0.3936
124,switching,0.27,0.3929747,-0.4056
124,switching,0.28,0.382273,-0.4176
124,switching,0.29,0.3718683,-0.4296
124,switching,0.3,0.3617509,-0.4416
124,switching,0.31,0.3519115,-0.4536
124,switching,0.32,0.3423411,-0.4655
124,switching,0.33,0.3330311,-0.4775
124,switching,0.34,0.3239731,-0.4895
124,switching,0.35,0.3151591,-0.5015
124,switching,0.36,0.3065813,-0.5135
124,switching,0.37,0.2982324,-0.5254
124,switching,0.38,0.2901052,-0.5374
124,switching,0.39,0.2821928,-0.5495
124,switching,0.4,0.2744885,-0.5615
124,switching,0.41,0.2669862,-0.5735
124,switching,0.42,0.2596796,-0.5856
124,switching,0.43,0.2525629,-0.5976
124,switching,0.44,0.2456306,-0.6097
124,switching,0.45,0.2388773,-0.6218
124,switching,0.46,0.2322977,-0.634
124,switching,0.47,0.225887,-0.6461
124,switching,0.48,0.2196405,-0.6583
124,switching,0.49,0.2135535,-0.6705
124,switching,0.5,0.2076217,-0.6827
124,switching,0.51,0.201841,-0.695
124,switching,0.52,0.1962074,-0.7073
124,switching,0.53,0.190717,-0.7196
124,switching,0.54,0.1853661,-0.732
124,switching,0.55,0.1801513,-0.7444
124,switching,0.56,0.1750691,-0.7568
124,switching,0.57,0.1701163,-0.7693
124,switching,0.58,0.1652898,-0.7818
124,switching,0.59,0.1605866,-0.7943
124,switching,0.6,0.1560038,-0.8069
124,switching,0.61,0.1515385,-0.8195
124,switching,0.62,0.1471883,-0.8321
124,switching,0.63,0.1429503,-0.8448
124,switching,0.64,0.1388223,-0.8575
124,switching,0.65,0.1348018,-0.8703
124,switching,0.66,0.1308863,-0.8831
124,switching,0.67,0.1270738,-0.8959
124,switching,0.68,0.123362,-0.9088
124,switching,0.69,0.1197488,-0.9217
124,switching,0.7,0.1162321,-0.9347
124,switching,0.71,0.11281,-0.9477
124,switching,0.72,0.1094804,-0.9607
124,switching,0.73,0.1062415,-0.9737
124,switching,0.74,0.1030913,-0.9868
124,switching,0.75,0.1000281,-0.9999
124,switching,0.76,0.09705011,-1.013
124,switching,0.77,0.0941555,-1.0262
124,switching,0.78,0.09134256,-1.0393
124,switching,0.79,0.0886096,-1.0525
124,switching,0.8,0.08595494,-1.0657
124,switching,0.81,0.08337693,-1.079
124,switching,0.82,0.08087393,-1.0922
124,switching,0.83,0.07844432,-1.1054
124,switching,0.84,0.07608652,-1.1187
124,switching,0.85,0.07379895,-1.1319
124,switching,0.86,0.07158004,-1.1452
124,switching,0.87,0.06942824,-1.1585
124,switching,0.88,0.06734201,-1.1717
124,switching,0.89,0.06531984,-1.185
124,switching,0.9,0.0633602,-1.1982
124,switching,0.91,0.06146161,-1.2114
124,switching,0.92,0.05962257,-1.2246
124,switching,0.93,0.0578416,-1.2378
124,switching,0.94,0.05611724,-1.2509
124,switching,0.95,0.05444802,-1.264
124,switching,0.96,0.05283252,-1.2771
124,switching,0.97,0.05126929,-1.2901
124,switching,0.98,0.04975692,-1.3031
124,switching,0.99,0.04829399,-1.3161
124,switching,1.0,0.04687912,-1.329
124,switching,1.01,0.04551091,-1.3419
124,switching,1.02,0.044188,-1.3547
124,switching,1.03,0.04290904,-1.3675
124,switching,1.04,0.04167269,-1.3801
124,switching,1.05,0.04047763,-1.3928
124,switching,1.06,0.03932255,-1.4054
124,switching,1.07,0.03820617,-1.4179
124,switching,1.08,0.03712721,-1.4303
124,switching,1.09,0.03608442,-1.4427
124,switching,1.1,0.03507658,-1.455
124,switching,1.11,0.03410248,-1.4672
124,switching,1.12,0.03316092,-1.4794
124,switching,1.13,0.03225074,-1.4915
124,switching,1.14,0.03137079,-1.5035
124,switching,1.15,0.03051996,-1.5154
124,switching,1.16,0.02969715,-1.5273
124,switching,1.17,0.02890129,-1.5391
124,switching,1.18,0.02813134,-1.5508
124,switching,1.19,0.02738626,-1.5625
124,switching,1.2,0.02666508,-1.5741
124,switching,1.21,0.02596681,-1.5856
124,switching,1.22,0.02529054,-1.597
124,switching,1.23,0.02463533,-1.6084
124,switching,1.24,0.02400031,-1.6198
124,switching,1.25,0.02338462,-1.6311
124,switching,1.26,0.02278744,-1.6423
124,switching,1.27,0.02220797,-1.6535
124,switching,1.28,0.02164542,-1.6646
124,switching,1.29,0.02109908,-1.6757
124,switching,1.3,0.02056821,-1.6868
124,switching,1.31,0.02005214,-1.6978
124,switching,1.32,0.01955021,-1.7088
124,switching,1.33,0.01906179,-1.7198
124,switching,1.34,0.01858629,-1.7308
124,switching,1.35,0.01812312,-1.7418
124,switching,1.36,0.01767175,-1.7527
124,switching,1.37,0.01723165,-1.7637
124,switching,1.38,0.01680233,-1.7746
124,switching,1.39,0.01638333,-1.7856
124,switching,1.4,0.01597421,-1.7966
124,switching,1.41,0.01557455,-1.8076
124,switching,1.42,0.01518396,-1.8186
124,switching,1.43,0.01480207,-1.8297
124,switching,1.44,0.01442854,-1.8408
124,switching,1.45,0.01406304,-1.8519
124,switching,1.46,0.01370528,-1.8631
124,switching,1.47,0.01335497,-1.8744
124,switching,1.48,0.01301186,-1.8857
124,switching,1.49,0.0126757,-1.897
124,switching,1.5,0.01234627,-1.9085
125,fixed,0.0,0.85,-0.0706
125,fixed,0.01,0.7783597,-0.1088
125,fixed,0.02,0.7127574,-0.1471
125,fixed,0.03,0.6526842,-0.1853
125,fixed,0.04,0.5976742,-0.2235
125,fixed,0.05,0.5473006,-0.2618
125,fixed,0.06,0.5011726,-0.3
125,fixed,0.07,0.4589324,-0.3383
125,fixed,0.08,0.4202523,-0.3765
125,fixed,0.09,0.3848323,-0.4147
125,fixed,0.1,0.3523975,-0.453
125,fixed,0.11,0.3226965,-0.4912
125,fixed,0.12,0.2954987,-0.5294
125,fixed,0.13,0.2705933,-0.5677
125,fixed,0.14,0.2477869,-0.6059
125,fixed,0.15,0.2269028,-0.6442
125,fixed,0.16,0.2077788,-0.6824
125,fixed,0.17,0.1902666,-0.7206
125,fixed,0.18,0.1742304,-0.7589
125,fixed,0.19,0.1595458,-0.7971
125,fixed,0.2,0.1460988,-0.8354
125,fixed,0.21,0.1337852,-0.8736
125,fixed,0.22,0.1225094,-0.9118
125,fixed,0.23,0.112184,-0.9501
125,fixed,0.24,0.1027288,-0.9883
125,fixed,0.25,0.09407057,-1.0265
125,fixed,0.26,0.08614204,-1.0648
125,fixed,0.27,0.07888175,-1.103
125,fixed,0.28,0.07223338,-1.1413
125,fixed,0.29,0.06614535,-1.1795
125,fixed,0.3,0.06057044,-1.2177
125,fixed,0.31,0.0554654,-1.256
125,fixed,0.32,0.05079062,-1.2942
125,fixed,0.33,0.04650985,-1.3325
125,fixed,0.34,0.04258987,-1.3707
125,fixed,0.35,0.03900028,-1.4089
125,fixed,0.36,0.03571323,-1.4472
125,fixed,0.37,0.03270322,-1.4854
125,fixed,0.38,0.0299469,-1.5236
125,fixed,0.39,0.02742289,-1.5619
125,fixed,0.4,0.02511162,-1.6001
125,fixed,0.41,0.02299514,-1.6384
125,fixed,0.42,0.02105705,-1.6766
125,fixed,0.43,0.0192823,-1.7148
125,fixed,0.44,0.01765713,-1.7531
125,fixed,0.45,0.01616894,-1.7913
125,fixed,0.46,0.01480618,-1.8296
125,fixed,0.47,0.01355827,-1.8678
125,fixed,0.48,0.01241555,-1.906
125,fixed,0.49,0.01136913,-1.9443
125,fixed,0.5,0.01041091,-1.9825
125,fixed,0.51,0.009533447,-2.0208
125,fixed,0.52,0.008729942,-2.059
125,fixed,0.53,0.007994159,-2.0972
125,fixed,0.54,0.007320389,-2.1355
125,fixed,0.55,0.006703406,-2.1737
125,fixed,0.56,0.006138425,-2.2119
125,fixed,0.57,0.005621061,-2.2502
125,fixed,0.58,0.005147303,-2.2884
125,fixed,0.59,0.004713474,-2.3267
125,fixed,0.6,0.004316209,-2.3649
125,fixed,0.61,0.003952427,-2.4031
125,fixed,0.62,0.003619306,-2.4414
125,fixed,0.63,0.003314261,-2.4796
125,fixed,0.64,0.003034926,-2.5179
125,fixed,0.65,0.002779134,-2.5561
125,fixed,0.66,0.002544901,-2.5943
125,fixed,0.67,0.00233041,-2.6326
125,fixed,0.68,0.002133996,-2.6708
125,fixed,0.69,0.001954137,-2.709
125,fixed,0.7,0.001789437,-2.7473
125,fixed,0.71,0.001638618,-2.7855
125,fixed,0.72,0.001500511,-2.8238
125,fixed,0.73,0.001374044,-2.862
125,fixed,0.74,0.001258236,-2.9002
125,fixed,0.75,0.001152188,-2.9385
125,fixed,0.76,0.001055079,-2.9767
125,fixed,0.77,0.0009661536,-3.015
125,fixed,0.78,0.0008847235,-3.0532
125,fixed,0.79,0.0008101566,-3.0914
125,fixed,0.8,0.0007418744,-3.1297
125,fixed,0.81,0.0006793472,-3.1679
125,fixed,0.82,0.0006220899,-3.2061
125,fixed,0.83,0.0005696585,-3.2444
125,fixed,0.84,0.0005216461,-3.2826
125,fixed,0.85,0.0004776803,-3.3209
125,fixed,0.86,0.0004374201,-3.3591
125,fixed,0.87,0.0004005531,-3.3973
125,fixed,0.88,0.0003667934,-3.4356
125,fixed,0.89,0.000335879,-3.4738
125,fixed,0.9,0.0003075702,-3.5121
125,fixed,0.91,0.0002816474,-3.5503
125,fixed,0.92,0.0002579094,-3.5885
125,fixed,0.93,0.000236172,-3.6268
125,fixed,0.94,0.0002162668,-3.665
125,fixed,0.95,0.0001980392,-3.7032
125,fixed,0.96,0.000181348,-3.7415
125,fixed,0.97,0.0001660634,-3.7797
125,fixed,0.98,0.0001520672,-3.818
125,fixed,0.99,0.0001392505,-3.8562
125,fixed,1.0,0.0001275141,-3.8944
125,fixed,1.01,0.0001167669,-3.9327
125,fixed,1.02,0.0001069254,-3.9709
125,fixed,1.03,9.791346e-05,-4.0092
125,fixed,1.04,8.966105e-05,-4.0474
125,fixed,1.05,8.210417e-05,-4.0856
125,fixed,1.06,7.51842e-05,-4.1239
125,fixed,1.07,6.884747e-05,-4.1621
125,fixed,1.08,6.304482e-05,-4.2004
125,fixed,1.09,5.773122e-05,-4.2386
125,fixed,1.1,5.286548e-05,-4.2768
125,fixed,1.11,4.840983e-05,-4.3151
125,fixed,1.12,4.432972e-05,-4.3533
125,fixed,1.13,4.059349e-05,-4.3915
125,fixed,1.14,3.717215e-05,-4.4298
125,fixed,1.15,3.403918e-05,-4.468
125,fixed,1.16,3.117027e-05,-4.5063
125,fixed,1.17,2.854315e-05,-4.5445
125,fixed,1.18,2.613746e-05,-4.5827
125,fixed,1.19,2.393452e-05,-4.621
125,fixed,1.2,2.191725e-05,-4.6592
125,fixed,1.21,2.007001e-05,-4.6975
125,fixed,1.22,1.837845e-05,-4.7357
125,fixed,1.23,1.682946e-05,-4.7739
125,fixed,1.24,1.541103e-05,-4.8122
125,fixed,1.25,1.411215e-05,-4.8504
125,fixed,1.26,1.292274e-05,-4.8886
125,fixed,1.27,1.183357e-05,-4.9269
125,fixed,1.28,1.083621e-05,-4.9651
125,fixed,1.29,9.9229e-06,-5.0034
125,fixed,1.3,9.086571e-06,-5.0416
125,fixed,1.31,8.32073e-06,-5.0798
125,fixed,1.32,7.619436e-06,-5.1181
125,fixed,1.33,6.977249e-06,-5.1563
125,fixed,1.34,6.389187e-06,-5.1946
125,fixed,1.35,5.850689e-06,-5.2328
125,fixed,1.36,5.357577e-06,-5.271
125,fixed,1.37,4.906025e-06,-5.3093
125,fixed,1.38,4.492532e-06,-5.3475
125,fixed,1.39,4.113889e-06,-5.3857
125,fixed,1.4,3.767159e-06,-5.424
125,fixed,1.41,3.449653e-06,-5.4622
125,fixed,1.42,3.158906e-06,-5.5005
125,fixed,1.43,2.892665e-06,-5.5387
125,fixed,1.44,2.648863e-06,-5.5769
125,fixed,1.45,2.42561e-06,-5.6152
125,fixed,1.46,2.221173e-06,-5.6534
125,fixed,1.47,2.033966e-06,-5.6917
125,fixed,1.48,1.862538e-06,-5.7299
125,fixed,1.49,1.705558e-06,-5.7681
125,fixed,1.5,1.561809e-06,-5.8064
125,switching,0.0,0.8428757,-0.0742
125,switching,0.01,0.8200522,-0.0862
125,switching,0.02,0.7978633,-0.0981
125,switching,0.03,0.7762928,-0.11
125,switching,0.04,0.7553251,-0.1219
125,switching,0.05,0.7349446,-0.1337
125,switching,0.06,0.7151363,-0.1456
125,switching,0.07,0.6958853,-0.1575
125,switching,0.08,0.6771768,-0.1693
125,switching,0.09,0.6589967,-0.1811
125,switching,0.1,0.6413306,-0.1929
125,switching,0.11,0.6241648,-0.2047
125,switching,0.12,0.6074856,-0.2165
125,switching,0.13,0.5912797,-0.2282
125,switching,0.14,0.575534,-0.2399
125,switching,0.15,0.5602356,-0.2516
125,switching,0.16,0.5453719,-0.2633
125,switching,0.17,0.5309305,-0.275
125,switching,0.18,0.5168993,-0.2866
125,switching,0.19,0.5032665,-0.2982
125,switching,0.2,0.4900203,-0.3098
125,switching,0.21,0.4771495,-0.3213
125,switching,0.22,0.4646429,-0.3329
125,switching,0.23,0.4524895,-0.3444
125,switching,0.24,0.4406788,-0.3559
125,switching,0.25,0.4292003,-0.3673
125,switching,0.26,0.4180439,-0.3788
125,switching,0.27,0.4071997,-0.3902
125,switching,0.28,0.3966579,-0.4016
125,switching,0.29,0.3864092,-0.413
125,switching,0.3,0.3764443,-0.4243
125,switching,0.31,0.3667543,-0.4356
125,switching,0.32,0.3573306,-0.4469
125,switching,0.33,0.3481646,-0.4582
125,switching,0.34,0.3392482,-0.4695
125,switching,0.35,0.3305732,-0.4807
125,switching,0.36,0.322132,-0.492
125,switching,0.37,0.3139171,-0.5032
125,switching,0.38,0.3059212,-0.5144
125,switching,0.39,0.2981371,-0.5256
125,switching,0.4,0.2905582,-0.5368
125,switching,0.41,0.2831777,-0.5479
125,switching,0.42,0.2759892,-0.5591
125,switching,0.43,0.2689867,-0.5703
125,switching,0.44,0.2621641,-0.5814
125,switching,0.45,0.2555157,-0.5926
125,switching,0.46,0.2490359,-0.6037
125,switching,0.47,0.2427196,-0.6149
125,switching,0.48,0.2365614,-0.6261
125,switching,0.49,0.2305564,-0.6372
125,switching,0.5,0.2247,-0.6484
125,switching,0.51,0.2189876,-0.6596
125,switching,0.52,0.2134148,-0.6708
125,switching,0.53,0.2079773,-0.682
125,switching,0.54,0.2026713,-0.6932
125,switching,0.55,0.1974928,-0.7044
125,switching,0.56,0.1924381,-0.7157
125,switching,0.57,0.1875037,-0.727
125,switching,0.58,0.1826862,-0.7383
125,switching,0.59,0.1779825,-0.7496
125,switching,0.6,0.1733893,-0.761
125,switching,0.61,0.1689039,-0.7724
125,switching,0.62,0.1645232,-0.7838
125,switching,0.63,0.1602447,-0.7952
125,switching,0.64,0.1560658,-0.8067
125,switching,0.65,0.151984,-0.8182
125,switching,0.66,0.147997,-0.8297
125,switching,0.67,0.1441026,-0.8413
125,switching,0.68,0.1402985,-0.8529
125,switching,0.69,0.1365828,-0.8646
125,switching,0.7,0.1329536,-0.8763
125,switching,0.71,0.1294088,-0.888
125,switching,0.72,0.1259469,-0.8998
125,switching,0.73,0.122566,-0.9116
125,switching,0.74,0.1192644,-0.9235
125,switching,0.75,0.1160408,-0.9354
125,switching,0.76,0.1128934,-0.9473
125,switching,0.77,0.1098209,-0.9593
125,switching,0.78,0.1068219,-0.9713
125,switching,0.79,0.1038949,-0.9834
125,switching,0.8,0.1010388,-0.9955
125,switching,0.81,0.09825218,-1.0077
125,switching,0.82,0.09553386,-1.0198
125,switching,0.83,0.09288264,-1.0321
125,switching,0.84,0.09029736,-1.0443
125,switching,0.85,0.08777687,-1.0566
125,switching,0.86,0.08532007,-1.0689
125,switching,0.87,0.08292586,-1.0813
125,switching,0.88,0.08059317,-1.0937
125,switching,0.89,0.07832096,-1.1061
125,switching,0.9,0.07610817,-1.1186
125,switching,0.91,0.07395378,-1.131
125,switching,0.92,0.07185678,-1.1435
125,switching,0.93,0.06981616,-1.156
125,switching,0.94,0.06783092,-1.1686
125,switching,0.95,0.06590006,-1.1811
125,switching,0.96,0.0640226,-1.1937
125,switching,0.97,0.06219755,-1.2062
125,switching,0.98,0.06042392,-1.2188
125,switching,0.99,0.05870074,-1.2314
125,switching,1.0,0.05702702,-1.2439
125,switching,1.01,0.05540178,-1.2565
125,switching,1.02,0.05382404,-1.269
125,switching,1.03,0.05229282,-1.2816
125,switching,1.04,0.05080713,-1.2941
125,switching,1.05,0.04936599,-1.3066
125,switching,1.06,0.04796843,-1.319
125,switching,1.07,0.04661345,-1.3315
125,switching,1.08,0.04530006,-1.3439
125,switching,1.09,0.04402729,-1.3563
125,switching,1.1,0.04279415,-1.3686
125,switching,1.11,0.04159966,-1.3809
125,switching,1.12,0.04044283,-1.3932
125,switching,1.13,0.03932268,-1.4054
125,switching,1.14,0.03823823,-1.4175
125,switching,1.15,0.03718852,-1.4296
125,switching,1.16,0.03617256,-1.4416
125,switching,1.17,0.03518939,-1.4536
125,switching,1.18,0.03423805,-1.4655
125,switching,1.19,0.03331759,-1.4773
125,switching,1.2,0.03242706,-1.4891
125,switching,1.21,0.03156552,-1.5008
125,switching,1.22,0.03073204,-1.5124
125,switching,1.23,0.02992569,-1.524
125,switching,1.24,0.02914559,-1.5354
125,switching,1.25,0.02839081,-1.5468
125,switching,1.26,0.02766048,-1.5581
125,switching,1.27,0.02695373,-1.5694
125,switching,1.28,0.0262697,-1.5805
125,switching,1.29,0.02560755,-1.5916
125,switching,1.3,0.02496644,-1.6026
125,switching,1.31,0.02434557,-1.6136
125,switching,1.32,0.02374415,-1.6244
125,switching,1.33,0.0231614,-1.6352
125,switching,1.34,0.02259656,-1.646
125,switching,1.35,0.0220489,-1.6566
125,switching,1.36,0.02151769,-1.6672
125,switching,1.37,0.02100224,-1.6777
125,switching,1.38,0.02050187,-1.6882
125,switching,1.39,0.02001592,-1.6986
125,switching,1.4,0.01954375,-1.709
125,switching,1.41,0.01908476,-1.7193
125,switching,1.42,0.01863834,-1.7296
125,switching,1.43,0.01820393,-1.7398
125,switching,1.44,0.01778097,-1.75
125,switching,1.45,0.01736895,-1.7602
125,switching,1.46,0.01696735,-1.7704
125,switching,1.47,0.01657569,-1.7805
125,switching,1.48,0.01619351,-1.7907
125,switching,1.49,0.01582038,-1.8008
125,switching,1.5,0.01545587,-1.8109
126,fixed,0.0,0.85,-0.0706
126,fixed,0.01,0.7737768,-0.1114
126,fixed,0.02,0.7043888,-0.1522
126,fixed,0.03,0.6412232,-0.193
126,fixed,0.04,0.5837219,-0.2338
126,fixed,0.05,0.531377,-0.2746
126,fixed,0.06,0.4837261,-0.3154
126,fixed,0.07,0.4403483,-0.3562
126,fixed,0.08,0.4008603,-0.397
126,fixed,0.09,0.3649134,-0.4378
126,fixed,0.1,0.3321901,-0.4786
126,fixed,0.11,0.3024011,-0.5194
126,fixed,0.12,0.2752835,-0.5602
126,fixed,0.13,0.2505976,-0.601
126,fixed,0.14,0.2281254,-0.6418
126,fixed,0.15,0.2076684,-0.6826
126,fixed,0.16,0.1890459,-0.7234
126,fixed,0.17,0.1720933,-0.7642
126,fixed,0.18,0.156661,-0.805
126,fixed,0.19,0.1426125,-0.8458
126,fixed,0.2,0.1298238,-0.8866
126,fixed,0.21,0.1181819,-0.9274
126,fixed,0.22,0.107584,-0.9683
126,fixed,0.23,0.09793651,-1.0091
126,fixed,0.24,0.08915412,-1.0499
126,fixed,0.25,0.08115928,-1.0907
126,fixed,0.26,0.07388137,-1.1315
126,fixed,0.27,0.06725611,-1.1723
126,fixed,0.28,0.06122496,-1.2131
126,fixed,0.29,0.05573465,-1.2539
126,fixed,0.3,0.05073668,-1.2947
126,fixed,0.31,0.0461869,-1.3355
126,fixed,0.32,0.04204512,-1.3763
126,fixed,0.33,0.03827475,-1.4171
126,fixed,0.34,0.03484248,-1.4579
126,fixed,0.35,0.03171801,-1.4987
126,fixed,0.36,0.02887371,-1.5395
126,fixed,0.37,0.02628448,-1.5803
126,fixed,0.38,0.02392744,-1.6211
126,fixed,0.39,0.02178176,-1.6619
126,fixed,0.4,0.01982849,-1.7027
126,fixed,0.41,0.01805039,-1.7435
126,fixed,0.42,0.01643173,-1.7843
126,fixed,0.43,0.01495822,-1.8251
126,fixed,0.44,0.01361685,-1.8659
126,fixed,0.45,0.01239577,-1.9067
126,fixed,0.46,0.01128419,-1.9475
126,fixed,0.47,0.01027229,-1.9883
126,fixed,0.48,0.009351126,-2.0291
126,fixed,0.49,0.008512569,-2.0699
126,fixed,0.5,0.00774921,-2.1107
126,fixed,0.51,0.007054304,-2.1515
126,fixed,0.52,0.006421714,-2.1923
126,fixed,0.53,0.005845851,-2.2332
126,fixed,0.54,0.005321628,-2.274
126,fixed,0.55,0.004844414,-2.3148
126,fixed,0.56,0.004409995,-2.3556
126,fixed,0.57,0.004014531,-2.3964
126,fixed,0.58,0.003654531,-2.4372
126,fixed,0.59,0.003326813,-2.478
126,fixed,0.6,0.003028483,-2.5188
126,fixed,0.61,0.002756906,-2.5596
126,fixed,0.62,0.002509682,-2.6004
126,fixed,0.63,0.002284628,-2.6412
126,fixed,0.64,0.002079755,-2.682
126,fixed,0.65,0.001893254,-2.7228
126,fixed,0.66,0.001723478,-2.7636
126,fixed,0.67,0.001568926,-2.8044
126,fixed,0.68,0.001428234,-2.8452
126,fixed,0.69,0.001300158,-2.886
126,fixed,0.7,0.001183567,-2.9268
126,fixed,0.71,0.001077431,-2.9676
126,fixed,0.72,0.0009808134,-3.0084
126,fixed,0.73,0.0008928595,-3.0492
126,fixed,0.74,0.0008127929,-3.09
126,fixed,0.75,0.0007399062,-3.1308
126,fixed,0.76,0.0006735556,-3.1716
126,fixed,0.77,0.0006131549,-3.2124
126,fixed,0.78,0.0005581706,-3.2532
126,fixed,0.79,0.000508117,-3.294
126,fixed,0.8,0.000462552,-3.3348
126,fixed,0.81,0.0004210729,-3.3756
126,fixed,0.82,0.0003833135,-3.4164
126,fixed,0.83,0.0003489401,-3.4572
126,fixed,0.84,0.0003176491,-3.4981
126,fixed,0.85,0.0002891641,-3.5389
126,fixed,0.86,0.0002632335,-3.5797
126,fixed,0.87,0.0002396282,-3.6205
126,fixed,0.88,0.0002181397,-3.6613
126,fixed,0.89,0.0001985782,-3.7021
126,fixed,0.9,0.0001807708,-3.7429
126,fixed,0.91,0.0001645603,-3.7837
126,fixed,0.92,0.0001498034,-3.8245
126,fixed,0.93,0.0001363699,-3.8653
126,fixed,0.94,0.000124141,-3.9061
126,fixed,0.95,0.0001130088,-3.9469
126,fixed,0.96,0.0001028748,-3.9877
126,fixed,0.97,9.364954e-05,-4.0285
126,fixed,0.98,8.525157e-05,-4.0693
126,fixed,0.99,7.760669e-05,-4.1101
126,fixed,1.0,7.064736e-05,-4.1509
126,fixed,1.01,6.43121e-05,-4.1917
126,fixed,1.02,5.854496e-05,-4.2325
126,fixed,1.03,5.329497e-05,-4.2733
126,fixed,1.04,4.851578e-05,-4.3141
126,fixed,1.05,4.416516e-05,-4.3549
126,fixed,1.06,4.020468e-05,-4.3957
126,fixed,1.07,3.659935e-05,-4.4365
126,fixed,1.08,3.331732e-05,-4.4773
126,fixed,1.09,3.032961e-05,-4.5181
126,fixed,1.1,2.760982e-05,-4.5589
126,fixed,1.11,2.513393e-05,-4.5997
126,fixed,1.12,2.288006e-05,-4.6405
126,fixed,1.13,2.082831e-05,-4.6813
126,fixed,1.14,1.896054e-05,-4.7221
126,fixed,1.15,1.726027e-05,-4.763
126,fixed,1.16,1.571246e-05,-4.8038
126,fixed,1.17,1.430346e-05,-4.8446
126,fixed,1.18,1.30208e-05,-4.8854
126,fixed,1.19,1.185317e-05,-4.9262
126,fixed,1.2,1.079025e-05,-4.967
126,fixed,1.21,9.822637e-06,-5.0078
126,fixed,1.22,8.941799e-06,-5.0486
126,fixed,1.23,8.139948e-06,-5.0894
126,fixed,1.24,7.410004e-06,-5.1302
126,fixed,1.25,6.745516e-06,-5.171
126,fixed,1.26,6.140616e-06,-5.2118
126,fixed,1.27,5.58996e-06,-5.2526
126,fixed,1.28,5.088684e-06,-5.2934
126,fixed,1.29,4.63236e-06,-5.3342
126,fixed,1.3,4.216956e-06,-5.375
126,fixed,1.31,3.838803e-06,-5.4158
126,fixed,1.32,3.494561e-06,-5.4566
126,fixed,1.33,3.181188e-06,-5.4974
126,fixed,1.34,2.895917e-06,-5.5382
126,fixed,1.35,2.636228e-06,-5.579
126,fixed,1.36,2.399825e-06,-5.6198
126,fixed,1.37,2.184623e-06,-5.6606
126,fixed,1.38,1.988718e-06,-5.7014
126,fixed,1.39,1.810381e-06,-5.7422
126,fixed,1.4,1.648036e-06,-5.783
126,fixed,1.41,1.50025e-06,-5.8238
126,fixed,1.42,1.365716e-06,-5.8646
126,fixed,1.43,1.243246e-06,-5.9054
126,fixed,1.44,1.131759e-06,-5.9462
126,fixed,1.45,1.030269e-06,-5.987
126,fixed,1.46,9.378802e-07,-6.0279
126,fixed,1.47,8.537764e-07,-6.0687
126,fixed,1.48,7.772145e-07,-6.1095
126,fixed,1.49,7.075183e-07,-6.1503
126,fixed,1.5,6.44072e-07,-6.1911
126,switching,0.0,0.8561238,-0.0675
126,switching,0.01,0.8373034,-0.0771
126,switching,0.02,0.8188689,-0.0868
126,switching,0.03,0.800814,-0.0965
126,switching,0.04,0.7831329,-0.1062
126,switching,0.05,0.7658196,-0.1159
126,switching,0.06,0.7488685,-0.1256
126,switching,0.07,0.732274,-0.1353
126,switching,0.08,0.7160304,-0.1451
126,switching,0.09,0.7001324,-0.1548
126,switching,0.1,0.6845745,-0.1646
126,switching,0.11,0.6693515,-0.1743
126,switching,0.12,0.654458,-0.1841
126,switching,0.13,0.639889,-0.1939
126,switching,0.14,0.6256392,-0.2037
126,switching,0.15,0.6117036,-0.2135
126,switching,0.16,0.598077,-0.2232
126,switching,0.17,0.5847544,-0.233
126,switching,0.18,0.5717308,-0.2428
126,switching,0.19,0.5590012,-0.2526
126,switching,0.2,0.5465605,-0.2624
126,switching,0.21,0.534404,-0.2721
126,switching,0.22,0.5225264,-0.2819
126,switching,0.23,0.510923,-0.2916
126,switching,0.24,0.4995888,-0.3014
126,switching,0.25,0.4885188,-0.3111
126,switching,0.26,0.4777081,-0.3208
126,switching,0.27,0.4671518,-0.3305
126,switching,0.28,0.456845,-0.3402
126,switching,0.29,0.4467828,-0.3499
126,switching,0.3,0.4369603,-0.3596
126,switching,0.31,0.4273725,-0.3692
126,switching,0.32,0.4180146,-0.3788
126,switching,0.33,0.4088817,-0.3884
126,switching,0.34,0.399969,-0.398
126,switching,0.35,0.3912716,-0.4075
126,switching,0.36,0.3827847,-0.417
126,switching,0.37,0.3745035,-0.4265
126,switching,0.38,0.3664232,-0.436
126,switching,0.39,0.3585391,-0.4455
126,switching,0.4,0.3508463,-0.4549
126,switching,0.41,0.3433403,-0.4643
126,switching,0.42,0.3360164,-0.4736
126,switching,0.43,0.3288699,-0.483
126,switching,0.44,0.3218962,-0.4923
126,switching,0.45,0.3150909,-0.5016
126,switching,0.46,0.3084495,-0.5108
126,switching,0.47,0.3019675,-0.52
126,switching,0.48,0.2956405,-0.5292
126,switching,0.49,0.2894642,-0.5384
126,switching,0.5,0.2834344,-0.5475
126,switching,0.51,0.277547,-0.5567
126,switching,0.52,0.2717976,-0.5658
126,switching,0.53,0.2661825,-0.5748
126,switching,0.54,0.2606974,-0.5839
126,switching,0.55,0.2553386,-0.5929
126,switching,0.56,0.2501023,-0.6019
126,switching,0.57,0.2449847,-0.6109
126,switching,0.58,0.2399822,-0.6198
126,switching,0.59,0.2350911,-0.6288
126,switching,0.6,0.2303081,-0.6377
126,switching,0.61,0.2256298,-0.6466
126,switching,0.62,0.2210529,-0.6555
126,switching,0.63,0.2165741,-0.6644
126,switching,0.64,0.2121904,-0.6733
126,switching,0.65,0.2078988,-0.6821
126,switching,0.66,0.2036964,-0.691
126,switching,0.67,0.1995803,-0.6999
126,switching,0.68,0.1955479,-0.7087
126,switching,0.69,0.1915965,-0.7176
126,switching,0.7,0.1877237,-0.7265
126,switching,0.71,0.183927,-0.7354
126,switching,0.72,0.1802041,-0.7442
126,switching,0.73,0.1765527,-0.7531
126,switching,0.74,0.1729708,-0.762
126,switching,0.75,0.1694563,-0.7709
126,switching,0.76,0.1660072,-0.7799
126,switching,0.77,0.1626218,-0.7888
126,switching,0.78,0.1592982,-0.7978
126,switching,0.79,0.1560347,-0.8068
126,switching,0.8,0.1528299,-0.8158
126,switching,0.81,0.1496822,-0.8248
126,switching,0.82,0.1465901,-0.8339
126,switching,0.83,0.1435523,-0.843
126,switching,0.84,0.1405677,-0.8521
126,switching,0.85,0.1376348,-0.8613
126,switching,0.86,0.1347528,-0.8705
126,switching,0.87,0.1319205,-0.8797
126,switching,0.88,0.1291369,-0.8889
126,switching,0.89,0.1264011,-0.8982
126,switching,0.9,0.1237123,-0.9076
126,switching,0.91,0.1210696,-0.917
126,switching,0.92,0.1184724,-0.9264
126,switching,0.93,0.1159199,-0.9358
126,switching,0.94,0.1134115,-0.9453
126,switching,0.95,0.1109466,-0.9549
126,switching,0.96,0.1085247,-0.9645
126,switching,0.97,0.1061451,-0.9741
126,switching,0.98,0.1038075,-0.9838
126,switching,0.99,0.1015114,-0.9935
126,switching,1.0,0.09925636,-1.0032
126,switching,1.01,0.09704202,-1.013
126,switching,1.02,0.094868,-1.0229
126,switching,1.03,0.09273397,-1.0328
126,switching,1.04,0.0906396,-1.0427
126,switching,1.05,0.08858458,-1.0526
126,switching,1.06,0.08656862,-1.0626
126,switching,1.07,0.08459143,-1.0727
126,switching,1.08,0.08265274,-1.0827
126,switching,1.09,0.08075228,-1.0928
126,switching,1.1,0.07888979,-1.103
126,switching,1.11,0.077065,-1.1131
126,switching,1.12,0.07527765,-1.1233
126,switching,1.13,0.07352748,-1.1336
126,switching,1.14,0.07181422,-1.1438
126,switching,1.15,0.07013758,-1.154
126,switching,1.16,0.06849731,-1.1643
126,switching,1.17,0.06689309,-1.1746
126,switching,1.18,0.06532464,-1.1849
126,switching,1.19,0.06379165,-1.1952
126,switching,1.2,0.06229379,-1.2056
126,switching,1.21,0.06083074,-1.2159
126,switching,1.22,0.05940213,-1.2262
126,switching,1.23,0.05800762,-1.2365
126,switching,1.24,0.05664683,-1.2468
126,switching,1.25,0.05531936,-1.2571
126,switching,1.26,0.05402481,-1.2674
126,switching,1.27,0.05276275,-1.2777
126,switching,1.28,0.05153275,-1.2879
126,switching,1.29,0.05033436,-1.2981
126,switching,1.3,0.0491671,-1.3083
126,switching,1.31,0.04803049,-1.3185
126,switching,1.32,0.04692402,-1.3286
126,switching,1.33,0.0458472,-1.3387
126,switching,1.34,0.04479948,-1.3487
126,switching,1.35,0.04378032,-1.3587
126,switching,1.36,0.04278917,-1.3687
126,switching,1.37,0.04182546,-1.3786
126,switching,1.38,0.0408886,-1.3884
126,switching,1.39,0.03997802,-1.3982
126,switching,1.4,0.03909311,-1.4079
126,switching,1.41,0.03823326,-1.4176
126,switching,1.42,0.03739785,-1.4272
126,switching,1.43,0.03658626,-1.4367
126,switching,1.44,0.03579786,-1.4461
126,switching,1.45,0.03503201,-1.4555
126,switching,1.46,0.03428808,-1.4649
126,switching,1.47,0.03356542,-1.4741
126,switching,1.48,0.03286339,-1.4833
126,switching,1.49,0.03218135,-1.4924
126,switching,1.5,0.03151866,-1.5014
256,fixed,0.0,0.85,-0.0706
256,fixed,0.01,0.7785879,-0.1087
256,fixed,0.02,0.7131754,-0.1468
256,fixed,0.03,0.6532585,-0.1849
256,fixed,0.04,0.5983754,-0.223
256,fixed,0.05,0.5481033,-0.2611
256,fixed,0.06,0.5020548,-0.2992
256,fixed,0.07,0.4598751,-0.3374
256,fixed,0.08,0.421239,-0.3755
256,fixed,0.09,0.3858489,-0.4136
256,fixed,0.1,0.3534321,-0.4517
256,fixed,0.11,0.3237387,-0.4898
256,fixed,0.12,0.2965401,-0.5279
256,fixed,0.13,0.2716265,-0.566
256,fixed,0.14,0.248806,-0.6041
256,fixed,0.15,0.2279027,-0.6423
256,fixed,0.16,0.2087556,-0.6804
256,fixed,0.17,0.1912172,-0.7185
256,fixed,0.18,0.1751522,-0.7566
256,fixed,0.19,0.1604369,-0.7947
256,fixed,0.2,0.1469579,-0.8328
256,fixed,0.21,0.1346114,-0.8709
256,fixed,0.22,0.1233021,-0.909
256,fixed,0.23,0.112943,-0.9471
256,fixed,0.24,0.1034541,-0.9853
256,fixed,0.25,0.09476251,-1.0234
256,fixed,0.26,0.0868011,-1.0615
256,fixed,0.27,0.07950857,-1.0996
256,fixed,0.28,0.07282872,-1.1377
256,fixed,0.29,0.06671006,-1.1758
256,fixed,0.3,0.06110547,-1.2139
256,fixed,0.31,0.05597174,-1.252
256,fixed,0.32,0.05126931,-1.2901
256,fixed,0.33,0.04696196,-1.3283
256,fixed,0.34,0.04301648,-1.3664
256,fixed,0.35,0.03940248,-1.4045
256,fixed,0.36,0.03609211,-1.4426
256,fixed,0.37,0.03305986,-1.4807
256,fixed,0.38,0.03028236,-1.5188
256,fixed,0.39,0.02773821,-1.5569
256,fixed,0.4,0.0254078,-1.595
256,fixed,0.41,0.02327318,-1.6331
256,fixed,0.42,0.0213179,-1.6713
256,fixed,0.43,0.0195269,-1.7094
256,fixed,0.44,0.01788636,-1.7475
256,fixed,0.45,0.01638365,-1.7856
256,fixed,0.46,0.01500719,-1.8237
256,fixed,0.47,0.01374637,-1.8618
256,fixed,0.48,0.01259148,-1.8999
256,fixed,0.49,0.01153362,-1.938
256,fixed,0.5,0.01056463,-1.9761
256,fixed,0.51,0.009677047,-2.0143
256,fixed,0.52,0.008864037,-2.0524
256,fixed,0.53,0.008119331,-2.0905
256,fixed,0.54,0.007437192,-2.1286
256,fixed,0.55,0.006812361,-2.1667
256,fixed,0.56,0.006240026,-2.2048
256,fixed,0.57,0.005715775,-2.2429
256,fixed,0.58,0.005235568,-2.281
256,fixed,0.59,0.004795705,-2.3191
256,fixed,0.6,0.004392798,-2.3573
256,fixed,0.61,0.00402374,-2.3954
256,fixed,0.62,0.003685688,-2.4335
256,fixed,0.63,0.003376038,-2.4716
256,fixed,0.64,0.003092403,-2.5097
256,fixed,0.65,0.002832597,-2.5478
256,fixed,0.66,0.002594618,-2.5859
256,fixed,0.67,0.002376633,-2.624
256,fixed,0.68,0.002176962,-2.6621
256,fixed,0.69,0.001994066,-2.7003
256,fixed,0.7,0.001826536,-2.7384
256,fixed,0.71,0.001673081,-2.7765
256,fixed,0.72,0.001532518,-2.8146
256,fixed,0.73,0.001403765,-2.8527
256,fixed,0.74,0.001285829,-2.8908
256,fixed,0.75,0.001177801,-2.9289
256,fixed,0.76,0.001078849,-2.967
256,fixed,0.77,0.0009882099,-3.0052
256,fixed,0.78,0.0009051861,-3.0433
256,fixed,0.79,0.0008291376,-3.0814
256,fixed,0.8,0.0007594782,-3.1195
256,fixed,0.81,0.0006956712,-3.1576
256,fixed,0.82,0.0006372249,-3.1957
256,fixed,0.83,0.0005836889,-3.2338
256,fixed,0.84,0.0005346507,-3.2719
256,fixed,0.85,0.0004897324,-3.31
256,fixed,0.86,0.0004485879,-3.3482
256,fixed,0.87,0.0004109001,-3.3863
256,fixed,0.88,0.0003763786,-3.4244
256,fixed,0.89,0.0003447574,-3.4625
256,fixed,0.9,0.0003157929,-3.5006
256,fixed,0.91,0.0002892618,-3.5387
256,fixed,0.92,0.0002649597,-3.5768
256,fixed,0.93,0.0002426993,-3.6149
256,fixed,0.94,0.0002223091,-3.653
256,fixed,0.95,0.0002036319,-3.6912
256,fixed,0.96,0.0001865239,-3.7293
256,fixed,0.97,0.0001708533,-3.7674
256,fixed,0.98,0.0001564991,-3.8055
256,fixed,0.99,0.000143351,-3.8436
256,fixed,1.0,0.0001313075,-3.8817
256,fixed,1.01,0.0001202758,-3.9198
256,fixed,1.02,0.0001101709,-3.9579
256,fixed,1.03,0.0001009149,-3.996
256,fixed,1.04,9.243665e-05,-4.0342
256,fixed,1.05,8.467065e-05,-4.0723
256,fixed,1.06,7.755711e-05,-4.1104
256,fixed,1.07,7.104121e-05,-4.1485
256,fixed,1.08,6.507273e-05,-4.1866
256,fixed,1.09,5.960569e-05,-4.2247
256,fixed,1.1,5.459796e-05,-4.2628
256,fixed,1.11,5.001095e-05,-4.3009
256,fixed,1.12,4.580932e-05,-4.339
256,fixed,1.13,4.196068e-05,-4.3772
256,fixed,1.14,3.843539e-05,-4.4153
256,fixed,1.15,3.520627e-05,-4.4534
256,fixed,1.16,3.224844e-05,-4.4915
256,fixed,1.17,2.953911e-05,-4.5296
256,fixed,1.18,2.70574e-05,-4.5677
256,fixed,1.19,2.478419e-05,-4.6058
256,fixed,1.2,2.270197e-05,-4.6439
256,fixed,1.21,2.079468e-05,-4.682
256,fixed,1.22,1.904763e-05,-4.7202
256,fixed,1.23,1.744736e-05,-4.7583
256,fixed,1.24,1.598153e-05,-4.7964
256,fixed,1.25,1.463885e-05,-4.8345
256,fixed,1.26,1.340898e-05,-4.8726
256,fixed,1.27,1.228243e-05,-4.9107
256,fixed,1.28,1.125053e-05,-4.9488
256,fixed,1.29,1.030533e-05,-4.9869
256,fixed,1.3,9.439534e-06,-5.025
256,fixed,1.31,8.646478e-06,-5.0632
256,fixed,1.32,7.92005e-06,-5.1013
256,fixed,1.33,7.254653e-06,-5.1394
256,fixed,1.34,6.645159e-06,-5.1775
256,fixed,1.35,6.08687e-06,-5.2156
256,fixed,1.36,5.575486e-06,-5.2537
256,fixed,1.37,5.107066e-06,-5.2918
256,fixed,1.38,4.677999e-06,-5.3299
256,fixed,1.39,4.284981e-06,-5.3681
256,fixed,1.4,3.924981e-06,-5.4062
256,fixed,1.41,3.595227e-06,-5.4443
256,fixed,1.42,3.293176e-06,-5.4824
256,fixed,1.43,3.016503e-06,-5.5205
256,fixed,1.44,2.763073e-06,-5.5586
256,fixed,1.45,2.530936e-06,-5.5967
256,fixed,1.46,2.318301e-06,-5.6348
256,fixed,1.47,2.123531e-06,-5.6729
256,fixed,1.48,1.945124e-06,-5.7111
256,fixed,1.49,1.781706e-06,-5.7492
256,fixed,1.5,1.632017e-06,-5.7873
256,switching,0.0,0.8425058,-0.0744
256,switching,0.01,0.8172431,-0.0876
256,switching,0.02,0.7927549,-0.1009
256,switching,0.03,0.7690189,-0.1141
256,switching,0.04,0.7460136,-0.1273
256,switching,0.05,0.7237177,-0.1404
256,switching,0.06,0.7021107,-0.1536
256,switching,0.07,0.6811724,-0.1667
256,switching,0.08,0.6608829,-0.1799
256,switching,0.09,0.6412231,-0.193
256,switching,0.1,0.6221741,-0.2061
256,switching,0.11,0.6037175,-0.2192
256,switching,0.12,0.5858353,-0.2322
256,switching,0.13,0.5685102,-0.2453
256,switching,0.14,0.5517248,-0.2583
256,switching,0.15,0.5354626,-0.2713
256,switching,0.16,0.5197073,-0.2842
256,switching,0.17,0.5044428,-0.2972
256,switching,0.18,0.4896539,-0.3101
256,switching,0.19,0.4753253,-0.323
256,switching,0.2,0.4614423,-0.3359
256,switching,0.21,0.4479907,-0.3487
256,switching,0.22,0.4349564,-0.3616
256,switching,0.23,0.4223258,-0.3744
256,switching,0.24,0.4100858,-0.3871
256,switching,0.25,0.3982234,-0.3999
256,switching,0.26,0.3867262,-0.4126
256,switching,0.27,0.3755821,-0.4253
256,switching,0.28,0.3647792,-0.438
256,switching,0.29,0.3543061,-0.4506
256,switching,0.3,0.3441516,-0.4633
256,switching,0.31,0.3343051,-0.4759
256,switching,0.32,0.324756,-0.4884
256,switching,0.33,0.3154943,-0.501
256,switching,0.34,0.3065101,-0.5136
256,switching,0.35,0.2977939,-0.5261
256,switching,0.36,0.2893367,-0.5386
256,switching,0.37,0.2811295,-0.5511
256,switching,0.38,0.2731637,-0.5636
256,switching,0.39,0.2654311,-0.576
256,switching,0.4,0.2579237,-0.5885
256,switching,0.41,0.2506338,-0.601
256,switching,0.42,0.243554,-0.6134
256,switching,0.43,0.2366771,-0.6258
256,switching,0.44,0.2299963,-0.6383
256,switching,0.45,0.2235049,-0.6507
256,switching,0.46,0.2171965,-0.6631
256,switching,0.47,0.211065,-0.6756
256,switching,0.48,0.2051046,-0.688
256,switching,0.49,0.1993095,-0.7005
256,switching,0.5,0.1936744,-0.7129
256,switching,0.51,0.188194,-0.7254
256,switching,0.52,0.1828633,-0.7379
256,switching,0.53,0.1776775,-0.7504
256,switching,0.54,0.1726321,-0.7629
256,switching,0.55,0.1677227,-0.7754
256,switching,0.56,0.162945,-0.788
256,switching,0.57,0.1582951,-0.8005
256,switching,0.58,0.153769,-0.8131
256,switching,0.59,0.1493631,-0.8258
256,switching,0.6,0.1450738,-0.8384
256,switching,0.61,0.1408978,-0.8511
256,switching,0.62,0.1368318,-0.8638
256,switching,0.63,0.1328728,-0.8766
256,switching,0.64,0.1290178,-0.8894
256,switching,0.65,0.125264,-0.9022
256,switching,0.66,0.1216086,-0.915
256,switching,0.67,0.1180491,-0.9279
256,switching,0.68,0.114583,-0.9409
256,switching,0.69,0.111208,-0.9539
256,switching,0.7,0.1079217,-0.9669
256,switching,0.71,0.104722,-0.98
256,switching,0.72,0.1016067,-0.9931
256,switching,0.73,0.09857396,-1.0062
256,switching,0.74,0.09562172,-1.0194
256,switching,0.75,0.09274816,-1.0327
256,switching,0.76,0.08995148,-1.046
256,switching,0.77,0.08722995,-1.0593
256,switching,0.78,0.08458191,-1.0727
256,switching,0.79,0.08200575,-1.0862
256,switching,0.8,0.07949989,-1.0996
256,switching,0.81,0.07706283,-1.1132
256,switching,0.82,0.07469309,-1.1267
256,switching,0.83,0.07238925,-1.1403
256,switching,0.84,0.07014991,-1.154
256,switching,0.85,0.06797371,-1.1677
256,switching,0.86,0.06585933,-1.1814
256,switching,0.87,0.06380547,-1.1951
256,switching,0.88,0.06181085,-1.2089
256,switching,0.89,0.05987423,-1.2228
256,switching,0.9,0.05799439,-1.2366
256,switching,0.91,0.05617011,-1.2505
256,switching,0.92,0.05440021,-1.2644
256,switching,0.93,0.05268352,-1.2783
256,switching,0.94,0.05101888,-1.2923
256,switching,0.95,0.04940515,-1.3062
256,switching,0.96,0.04784119,-1.3202
256,switching,0.97,0.04632589,-1.3342
256,switching,0.98,0.04485815,-1.3482
256,switching,0.99,0.04343685,-1.3621
256,switching,1.0,0.04206092,-1.3761
256,switching,1.01,0.04072926,-1.3901
256,switching,1.02,0.03944082,-1.4041
256,switching,1.03,0.03819452,-1.418
256,switching,1.04,0.0369893,-1.4319
256,switching,1.05,0.03582412,-1.4458
256,switching,1.06,0.03469794,-1.4597
256,switching,1.07,0.03360972,-1.4735
256,switching,1.08,0.03255843,-1.4873
256,switching,1.09,0.03154306,-1.5011
256,switching,1.1,0.0305626,-1.5148
256,switching,1.11,0.02961604,-1.5285
256,switching,1.12,0.02870239,-1.5421
256,switching,1.13,0.02782068,-1.5556
256,switching,1.14,0.02696992,-1.5691
256,switching,1.15,0.02614915,-1.5825
256,switching,1.16,0.02535743,-1.5959
256,switching,1.17,0.02459381,-1.6092
256,switching,1.18,0.02385737,-1.6224
256,switching,1.19,0.02314719,-1.6355
256,switching,1.2,0.02246237,-1.6485
256,switching,1.21,0.02180202,-1.6615
256,switching,1.22,0.02116527,-1.6744
256,switching,1.23,0.02055125,-1.6872
256,switching,1.24,0.01995914,-1.6999
256,switching,1.25,0.01938809,-1.7125
256,switching,1.26,0.01883731,-1.725
256,switching,1.27,0.01830599,-1.7374
256,switching,1.28,0.01779336,-1.7497
256,switching,1.29,0.01729867,-1.762
256,switching,1.3,0.01682117,-1.7741
256,switching,1.31,0.01636015,-1.7862
256,switching,1.32,0.01591491,-1.7982
256,switching,1.33,0.01548477,-1.8101
256,switching,1.34,0.01506906,-1.8219
256,switching,1.35,0.01466714,-1.8337
256,switching,1.36,0.0142784,-1.8453
256,switching,1.37,0.01390224,-1.8569
256,switching,1.38,0.01353807,-1.8684
256,switching,1.39,0.01318534,-1.8799
256,switching,1.4,0.01284352,-1.8913
256,switching,1.41,0.01251208,-1.9027
256,switching,1.42,0.01219053,-1.914
256,switching,1.43,0.01187839,-1.9252
256,switching,1.44,0.01157522,-1.9365
256,switching,1.45,0.01128057,-1.9477
256,switching,1.46,0.01099404,-1.9588
256,switching,1.47,0.01071523,-1.97
256,switching,1.48,0.01044376,-1.9811
256,switching,1.49,0.01017929,-1.9923
256,switching,1.5,0.009921471,-2.0034
257,fixed,0.0,0.85,-0.0706
257,fixed,0.01,0.7795579,-0.1082
257,fixed,0.02,0.7149536,-0.1457
257,fixed,0.03,0.6557033,-0.1833
257,fixed,0.04,0.6013631,-0.2209
257,fixed,0.05,0.5515264,-0.2584
257,fixed,0.06,0.5058197,-0.296
257,fixed,0.07,0.4639009,-0.3336
257,fixed,0.08,0.425456,-0.3711
257,fixed,0.09,0.3901972,-0.4087
257,fixed,0.1,0.3578604,-0.4463
257,fixed,0.11,0.3282034,-0.4839
257,fixed,0.12,0.3010042,-0.5214
257,fixed,0.13,0.2760591,-0.559
257,fixed,0.14,0.2531812,-0.5966
257,fixed,0.15,0.2321993,-0.6341
257,fixed,0.16,0.2129563,-0.6717
257,fixed,0.17,0.195308,-0.7093
257,fixed,0.18,0.1791222,-0.7469
257,fixed,0.19,0.1642778,-0.7844
257,fixed,0.2,0.1506636,-0.822
257,fixed,0.21,0.1381777,-0.8596
257,fixed,0.22,0.1267265,-0.8971
257,fixed,0.23,0.1162242,-0.9347
257,fixed,0.24,0.1065924,-0.9723
257,fixed,0.25,0.09775876,-1.0098
257,fixed,0.26,0.0896572,-1.0474
257,fixed,0.27,0.08222703,-1.085
257,fixed,0.28,0.07541263,-1.1226
257,fixed,0.29,0.06916296,-1.1601
257,fixed,0.3,0.06343122,-1.1977
257,fixed,0.31,0.05817448,-1.2353
257,fixed,0.32,0.05335339,-1.2728
257,fixed,0.33,0.04893183,-1.3104
257,fixed,0.34,0.0448767,-1.348
257,fixed,0.35,0.04115763,-1.3855
257,fixed,0.36,0.03774678,-1.4231
257,fixed,0.37,0.03461859,-1.4607
257,fixed,0.38,0.03174964,-1.4983
257,fixed,0.39,0.02911845,-1.5358
257,fixed,0.4,0.02670532,-1.5734
257,fixed,0.41,0.02449217,-1.611
257,fixed,0.42,0.02246243,-1.6485
257,fixed,0.43,0.0206009,-1.6861
257,fixed,0.44,0.01889364,-1.7237
257,fixed,0.45,0.01732787,-1.7613
257,fixed,0.46,0.01589185,-1.7988
257,fixed,0.47,0.01457485,-1.8364
257,fixed,0.48,0.01336699,-1.874
257,fixed,0.49,0.01225922,-1.9115
257,fixed,0.5,0.01124327,-1.9491
257,fixed,0.51,0.0103115,-1.9867
257,fixed,0.52,0.009456956,-2.0242
257,fixed,0.53,0.00867323,-2.0618
257,fixed,0.54,0.007954453,-2.0994
257,fixed,0.55,0.007295244,-2.137
257,fixed,0.56,0.006690665,-2.1745
257,fixed,0.57,0.006136189,-2.2121
257,fixed,0.58,0.005627665,-2.2497
257,fixed,0.59,0.005161283,-2.2872
257,fixed,0.6,0.004733552,-2.3248
257,fixed,0.61,0.004341268,-2.3624
257,fixed,0.62,0.003981494,-2.4
257,fixed,0.63,0.003651536,-2.4375
257,fixed,0.64,0.003348922,-2.4751
257,fixed,0.65,0.003071387,-2.5127
257,fixed,0.66,0.002816852,-2.5502
257,fixed,0.67,0.002583411,-2.5878
257,fixed,0.68,0.002369316,-2.6254
257,fixed,0.69,0.002172963,-2.6629
257,fixed,0.7,0.001992883,-2.7005
257,fixed,0.71,0.001827727,-2.7381
257,fixed,0.72,0.001676258,-2.7757
257,fixed,0.73,0.001537341,-2.8132
257,fixed,0.74,0.001409937,-2.8508
257,fixed,0.75,0.001293091,-2.8884
257,fixed,0.76,0.001185929,-2.9259
257,fixed,0.77,0.001087647,-2.9635
257,fixed,0.78,0.0009975108,-3.0011
257,fixed,0.79,0.0009148441,-3.0387
257,fixed,0.8,0.0008390282,-3.0762
257,fixed,0.81,0.0007694954,-3.1138
257,fixed,0.82,0.000705725,-3.1514
257,fixed,0.83,0.0006472394,-3.1889
257,fixed,0.84,0.0005936008,-3.2265
257,fixed,0.85,0.0005444073,-3.2641
257,fixed,0.86,0.0004992906,-3.3016
257,fixed,0.87,0.0004579129,-3.3392
257,fixed,0.88,0.0004199643,-3.3768
257,fixed,0.89,0.0003851606,-3.4144
257,fixed,0.9,0.0003532411,-3.4519
257,fixed,0.91,0.000323967,-3.4895
257,fixed,0.92,0.0002971189,-3.5271
257,fixed,0.93,0.0002724957,-3.5646
257,fixed,0.94,0.0002499132,-3.6022
257,fixed,0.95,0.0002292021,-3.6398
257,fixed,0.96,0.0002102074,-3.6774
257,fixed,0.97,0.0001927869,-3.7149
257,fixed,0.98,0.0001768101,-3.7525
257,fixed,0.99,0.0001621573,-3.7901
257,fixed,1.0,0.0001487188,-3.8276
257,fixed,1.01,0.0001363941,-3.8652
257,fixed,1.02,0.0001250907,-3.9028
257,fixed,1.03,0.000114724,-3.9403
257,fixed,1.04,0.0001052165,-3.9779
257,fixed,1.05,9.649689e-05,-4.0155
257,fixed,1.06,8.84999e-05,-4.0531
257,fixed,1.07,8.116565e-05,-4.0906
257,fixed,1.08,7.443921e-05,-4.1282
257,fixed,1.09,6.827021e-05,-4.1658
257,fixed,1.1,6.261245e-05,-4.2033
257,fixed,1.11,5.742356e-05,-4.2409
257,fixed,1.12,5.26647e-05,-4.2785
257,fixed,1.13,4.830022e-05,-4.3161
257,fixed,1.14,4.429743e-05,-4.3536
257,fixed,1.15,4.062637e-05,-4.3912
257,fixed,1.16,3.725954e-05,-4.4288
257,fixed,1.17,3.417173e-05,-4.4663
257,fixed,1.18,3.133982e-05,-4.5039
257,fixed,1.19,2.874259e-05,-4.5415
257,fixed,1.2,2.636061e-05,-4.579
257,fixed,1.21,2.417602e-05,-4.6166
257,fixed,1.22,2.217248e-05,-4.6542
257,fixed,1.23,2.033498e-05,-4.6918
257,fixed,1.24,1.864976e-05,-4.7293
257,fixed,1.25,1.71042e-05,-4.7669
257,fixed,1.26,1.568672e-05,-4.8045
257,fixed,1.27,1.438672e-05,-4.842
257,fixed,1.28,1.319445e-05,-4.8796
257,fixed,1.29,1.210098e-05,-4.9172
257,fixed,1.3,1.109814e-05,-4.9547
257,fixed,1.31,1.01784e-05,-4.9923
257,fixed,1.32,9.334886e-06,-5.0299
257,fixed,1.33,8.561276e-06,-5.0675
257,fixed,1.34,7.851777e-06,-5.105
257,fixed,1.35,7.201077e-06,-5.1426
257,fixed,1.36,6.604302e-06,-5.1802
257,fixed,1.37,6.056983e-06,-5.2177
257,fixed,1.38,5.555023e-06,-5.2553
257,fixed,1.39,5.094661e-06,-5.2929
257,fixed,1.4,4.672451e-06,-5.3305
257,fixed,1.41,4.285231e-06,-5.368
257,fixed,1.42,3.930101e-06,-5.4056
257,fixed,1.43,3.604402e-06,-5.4432
257,fixed,1.44,3.305694e-06,-5.4807
257,fixed,1.45,3.031741e-06,-5.5183
257,fixed,1.46,2.780492e-06,-5.5559
257,fixed,1.47,2.550064e-06,-5.5934
257,fixed,1.48,2.338733e-06,-5.631
257,fixed,1.49,2.144915e-06,-5.6686
257,fixed,1.5,1.967159e-06,-5.7062
257,switching,0.0,0.8422355,-0.0746
257,switching,0.01,0.820494,-0.0859
257,switching,0.02,0.7993468,-0.0973
257,switching,0.03,0.7787763,-0.1086
257,switching,0.04,0.7587651,-0.1199
257,switching,0.05,0.7392967,-0.1312
257,switching,0.06,0.7203545,-0.1425
257,switching,0.07,0.7019227,-0.1537
257,switching,0.08,0.6839857,-0.165
257,switching,0.09,0.6665287,-0.1762
257,switching,0.1,0.6495368,-0.1874
257,switching,0.11,0.632996,-0.1986
257,switching,0.12,0.6168923,-0.2098
257,switching,0.13,0.6012124,-0.221
257,switching,0.14,0.5859433,-0.2321
257,switching,0.15,0.5710725,-0.2433
257,switching,0.16,0.5565877,-0.2545
257,switching,0.17,0.5424771,-0.2656
257,switching,0.18,0.5287293,-0.2768
257,switching,0.19,0.5153332,-0.2879
257,switching,0.2,0.5022782,-0.2991
257,switching,0.21,0.489554,-0.3102
257,switching,0.22,0.4771505,-0.3213
257,switching,0.23,0.4650583,-0.3325
257,switching,0.24,0.4532679,-0.3436
257,switching,0.25,0.4417705,-0.3548
257,switching,0.26,0.4305575,-0.366
257,switching,0.27,0.4196206,-0.3771
257,switching,0.28,0.4089518,-0.3883
257,switching,0.29,0.3985434,-0.3995
257,switching,0.3,0.3883881,-0.4107
257,switching,0.31,0.3784787,-0.422
257,switching,0.32,0.3688084,-0.4332
257,switching,0.33,0.3593707,-0.4445
257,switching,0.34,0.3501593,-0.4557
257,switching,0.35,0.3411682,-0.467
257,switching,0.36,0.3323914,-0.4784
257,switching,0.37,0.3238236,-0.4897
257,switching,0.38,0.3154593,-0.5011
257,switching,0.39,0.3072934,-0.5124
257,switching,0.4,0.2993209,-0.5239
257,switching,0.41,0.2915373,-0.5353
257,switching,0.42,0.2839378,-0.5468
257,switching,0.43,0.2765182,-0.5583
257,switching,0.44,0.2692743,-0.5698
257,switching,0.45,0.2622021,-0.5814
257,switching,0.46,0.2552977,-0.593
257,switching,0.47,0.2485574,-0.6046
257,switching,0.48,0.2419776,-0.6162
257,switching,0.49,0.2355548,-0.6279
257,switching,0.5,0.2292859,-0.6396
257,switching,0.51,0.2231674,-0.6514
257,switching,0.52,0.2171965,-0.6631
257,switching,0.53,0.21137,-0.675
257,switching,0.54,0.2056851,-0.6868
257,switching,0.55,0.2001389,-0.6987
257,switching,0.56,0.1947289,-0.7106
257,switching,0.57,0.1894522,-0.7225
257,switching,0.58,0.1843064,-0.7345
257,switching,0.59,0.1792889,-0.7464
257,switching,0.6,0.1743973,-0.7585
257,switching,0.61,0.1696292,-0.7705
257,switching,0.62,0.1649823,-0.7826
257,switching,0.63,0.1604543,-0.7946
257,switching,0.64,0.156043,-0.8068
257,switching,0.65,0.151746,-0.8189
257,switching,0.66,0.1475614,-0.831
257,switching,0.67,0.1434868,-0.8432
257,switching,0.68,0.1395203,-0.8554
257,switching,0.69,0.1356597,-0.8675
257,switching,0.7,0.131903,-0.8797
257,switching,0.71,0.1282482,-0.8919
257,switching,0.72,0.1246931,-0.9042
257,switching,0.73,0.1212359,-0.9164
257,switching,0.74,0.1178745,-0.9286
257,switching,0.75,0.114607,-0.9408
257,switching,0.76,0.1114313,-0.953
257,switching,0.77,0.1083456,-0.9652
257,switching,0.78,0.1053479,-0.9774
257,switching,0.79,0.1024363,-0.9895
257,switching,0.8,0.09960887,-1.0017
257,switching,0.81,0.09686369,-1.0138
257,switching,0.82,0.09419887,-1.026
257,switching,0.83,0.09161252,-1.038
257,switching,0.84,0.08910277,-1.0501
257,switching,0.85,0.08666776,-1.0621
257,switching,0.86,0.08430561,-1.0741
257,switching,0.87,0.08201448,-1.0861
257,switching,0.88,0.07979255,-1.098
257,switching,0.89,0.07763799,-1.1099
257,switching,0.9,0.07554898,-1.1218
257,switching,0.91,0.07352374,-1.1336
257,switching,0.92,0.07156049,-1.1453
257,switching,0.93,0.06965745,-1.157
257,switching,0.94,0.0678129,-1.1687
257,switching,0.95,0.06602509,-1.1803
257,switching,0.96,0.06429232,-1.1918
257,switching,0.97,0.0626129,-1.2033
257,switching,0.98,0.06098518,-1.2148
257,switching,0.99,0.05940749,-1.2262
257,switching,1.0,0.05787823,-1.2375
257,switching,1.01,0.0563958,-1.2488
257,switching,1.02,0.05495863,-1.26
257,switching,1.03,0.05356519,-1.2711
257,switching,1.04,0.05221396,-1.2822
257,switching,1.05,0.05090346,-1.2933
257,switching,1.06,0.04963224,-1.3042
257,switching,1.07,0.04839887,-1.3152
257,switching,1.08,0.04720197,-1.326
257,switching,1.09,0.04604019,-1.3369
257,switching,1.1,0.0449122,-1.3476
257,switching,1.11,0.04381672,-1.3584
257,switching,1.12,0.04275248,-1.369
257,switching,1.13,0.04171829,-1.3797
257,switching,1.14,0.04071295,-1.3903
257,switching,1.15,0.03973533,-1.4008
257,switching,1.16,0.03878431,-1.4113
257,switching,1.17,0.03785884,-1.4218
257,switching,1.18,0.03695787,-1.4323
257,switching,1.19,0.03608041,-1.4427
257,switching,1.2,0.0352255,-1.4531
257,switching,1.21,0.03439223,-1.4635
257,switching,1.22,0.03357971,-1.4739
257,switching,1.23,0.03278709,-1.4843
257,switching,1.24,0.03201358,-1.4947
257,switching,1.25,0.03125839,-1.505
257,switching,1.26,0.03052079,-1.5154
257,switching,1.27,0.02980008,-1.5258
257,switching,1.28,0.02909559,-1.5362
257,switching,1.29,0.0284067,-1.5466
257,switching,1.3,0.0277328,-1.557
257,switching,1.31,0.02707334,-1.5675
257,switching,1.32,0.02642778,-1.5779
257,switching,1.33,0.02579562,-1.5885
257,switching,1.34,0.02517639,-1.599
257,switching,1.35,0.02456966,-1.6096
257,switching,1.36,0.023975,-1.6202
257,switching,1.37,0.02339205,-1.6309
257,switching,1.38,0.02282044,-1.6417
257,switching,1.39,0.02225984,-1.6525
257,switching,1.4,0.02170995,-1.6633
257,switching,1.41,0.02117049,-1.6743
257,switching,1.42,0.02064119,-1.6853
257,switching,1.43,0.02012182,-1.6963
257,switching,1.44,0.01961216,-1.7075
257,switching,1.45,0.01911201,-1.7187
257,switching,1.46,0.01862119,-1.73
257,switching,1.47,0.01813955,-1.7414
257,switching,1.48,0.01766692,-1.7528
257,switching,1.49,0.01720317,-1.7644
257,switching,1.5,0.0167482,-1.776
258,fixed,0.0,0.85,-0.0706
258,fixed,0.01,0.7725227,-0.1121
258,fixed,0.02,0.7021074,-0.1536
258,fixed,0.03,0.6381104,-0.1951
258,fixed,0.04,0.5799468,-0.2366
258,fixed,0.05,0.5270848,-0.2781
258,fixed,0.06,0.4790411,-0.3196
258,fixed,0.07,0.4353766,-0.3611
258,fixed,0.08,0.3956921,-0.4026
258,fixed,0.09,0.3596248,-0.4442
258,fixed,0.1,0.3268451,-0.4857
258,fixed,0.11,0.2970532,-0.5272
258,fixed,0.12,0.2699769,-0.5687
258,fixed,0.13,0.2453686,-0.6102
258,fixed,0.14,0.2230033,-0.6517
258,fixed,0.15,0.2026766,-0.6932
258,fixed,0.16,0.1842026,-0.7347
258,fixed,0.17,0.1674126,-0.7762
258,fixed,0.18,0.152153,-0.8177
258,fixed,0.19,0.1382843,-0.8592
258,fixed,0.2,0.1256797,-0.9007
258,fixed,0.21,0.114224,-0.9422
258,fixed,0.22,0.1038125,-0.9838
258,fixed,0.23,0.09435002,-1.0253
258,fixed,0.24,0.08575003,-1.0668
258,fixed,0.25,0.07793393,-1.1083
258,fixed,0.26,0.07083027,-1.1498
258,fixed,0.27,0.06437411,-1.1913
258,fixed,0.28,0.05850642,-1.2328
258,fixed,0.29,0.05317357,-1.2743
258,fixed,0.3,0.04832681,-1.3158
258,fixed,0.31,0.04392183,-1.3573
258,fixed,0.32,0.03991837,-1.3988
258,fixed,0.33,0.03627981,-1.4403
258,fixed,0.34,0.03297292,-1.4818
258,fixed,0.35,0.02996744,-1.5234
258,fixed,0.36,0.02723592,-1.5649
258,fixed,0.37,0.02475337,-1.6064
258,fixed,0.38,0.0224971,-1.6479
258,fixed,0.39,0.0204465,-1.6894
258,fixed,0.4,0.0185828,-1.7309
258,fixed,0.41,0.01688898,-1.7724
258,fixed,0.42,0.01534956,-1.8139
258,fixed,0.43,0.01395045,-1.8554
258,fixed,0.44,0.01267887,-1.8969
258,fixed,0.45,0.01152319,-1.9384
258,fixed,0.46,0.01047285,-1.9799
258,fixed,0.47,0.009518255,-2.0214
258,fixed,0.48,0.008650668,-2.063
258,fixed,0.49,0.007862162,-2.1045
258,fixed,0.5,0.007145527,-2.146
258,fixed,0.51,0.006494214,-2.1875
258,fixed,0.52,0.005902268,-2.229
258,fixed,0.53,0.005364277,-2.2705
258,fixed,0.54,0.004875324,-2.312
258,fixed,0.55,0.004430939,-2.3535
258,fixed,0.56,0.00402706,-2.395
258,fixed,0.57,0.003659994,-2.4365
258,fixed,0.58,0.003326387,-2.478
258,fixed,0.59,0.003023187,-2.5195
258,fixed,0.6,0.002747624,-2.561
258,fixed,0.61,0.002497179,-2.6026
258,fixed,0.62,0.002269562,-2.6441
258,fixed,0.63,0.002062691,-2.6856
258,fixed,0.64,0.001874678,-2.7271
258,fixed,0.65,0.001703801,-2.7686
258,fixed,0.66,0.0015485,-2.8101
258,fixed,0.67,0.001407354,-2.8516
258,fixed,0.68,0.001279074,-2.8931
258,fixed,0.69,0.001162487,-2.9346
258,fixed,0.7,0.001056527,-2.9761
258,fixed,0.71,0.0009602244,-3.0176
258,fixed,0.72,0.0008727001,-3.0591
258,fixed,0.73,0.0007931537,-3.1006
258,fixed,0.74,0.0007208579,-3.1422
258,fixed,0.75,0.0006551518,-3.1837
258,fixed,0.76,0.0005954349,-3.2252
258,fixed,0.77,0.0005411611,-3.2667
258,fixed,0.78,0.0004918344,-3.3082
258,fixed,0.79,0.0004470038,-3.3497
258,fixed,0.8,0.0004062595,-3.3912
258,fixed,0.81,0.000369229,-3.4327
258,fixed,0.82,0.0003355738,-3.4742
258,fixed,0.83,0.0003049864,-3.5157
258,fixed,0.84,0.0002771869,-3.5572
258,fixed,0.85,0.0002519214,-3.5987
258,fixed,0.86,0.0002289588,-3.6402
258,fixed,0.87,0.0002080892,-3.6818
258,fixed,0.88,0.000189122,-3.7233
258,fixed,0.89,0.0001718835,-3.7648
258,fixed,0.9,0.0001562164,-3.8063
258,fixed,0.91,0.0001419773,-3.8478
258,fixed,0.92,0.0001290361,-3.8893
258,fixed,0.93,0.0001172745,-3.9308
258,fixed,0.94,0.0001065849,-3.9723
258,fixed,0.95,9.686973e-05,-4.0138
258,fixed,0.96,8.804007e-05,-4.0553
258,fixed,0.97,8.001524e-05,-4.0968
258,fixed,0.98,7.272187e-05,-4.1383
258,fixed,0.99,6.609328e-05,-4.1798
258,fixed,1.0,6.006889e-05,-4.2214
258,fixed,1.01,5.459363e-05,-4.2629
258,fixed,1.02,4.961743e-05,-4.3044
258,fixed,1.03,4.509481e-05,-4.3459
258,fixed,1.04,4.098443e-05,-4.3874
258,fixed,1.05,3.72487e-05,-4.4289
258,fixed,1.06,3.385349e-05,-4.4704
258,fixed,1.07,3.076775e-05,-4.5119
258,fixed,1.08,2.796328e-05,-4.5534
258,fixed,1.09,2.541443e-05,-4.5949
258,fixed,1.1,2.309791e-05,-4.6364
258,fixed,1.11,2.099254e-05,-4.6779
258,fixed,1.12,1.907907e-05,-4.7194
258,fixed,1.13,1.734002e-05,-4.761
258,fixed,1.14,1.575948e-05,-4.8025
258,fixed,1.15,1.432301e-05,-4.844
258,fixed,1.16,1.301747e-05,-4.8855
258,fixed,1.17,1.183093e-05,-4.927
258,fixed,1.18,1.075254e-05,-4.9685
258,fixed,1.19,9.77245e-06,-5.01
258,fixed,1.2,8.881693e-06,-5.0515
258,fixed,1.21,8.072129e-06,-5.093
258,fixed,1.22,7.336356e-06,-5.1345
258,fixed,1.23,6.667648e-06,-5.176
258,fixed,1.24,6.059894e-06,-5.2175
258,fixed,1.25,5.507536e-06,-5.259
258,fixed,1.26,5.005525e-06,-5.3006
258,fixed,1.27,4.549272e-06,-5.3421
258,fixed,1.28,4.134607e-06,-5.3836
258,fixed,1.29,3.757738e-06,-5.4251
258,fixed,1.3,3.415221e-06,-5.4666
258,fixed,1.31,3.103924e-06,-5.5081
258,fixed,1.32,2.821002e-06,-5.5496
258,fixed,1.33,2.563869e-06,-5.5911
258,fixed,1.34,2.330172e-06,-5.6326
258,fixed,1.35,2.117778e-06,-5.6741
258,fixed,1.36,1.924743e-06,-5.7156
258,fixed,1.37,1.749303e-06,-5.7571
258,fixed,1.38,1.589854e-06,-5.7986
258,fixed,1.39,1.444939e-06,-5.8402
258,fixed,1.4,1.313233e-06,-5.8817
258,fixed,1.41,1.193532e-06,-5.9232
258,fixed,1.42,1.084742e-06,-5.9647
258,fixed,1.43,9.858681e-07,-6.0062
258,fixed,1.44,8.960065e-07,-6.0477
258,fixed,1.45,8.143356e-07,-6.0892
258,fixed,1.46,7.401091e-07,-6.1307
258,fixed,1.47,6.726483e-07,-6.1722
258,fixed,1.48,6.113366e-07,-6.2137
258,fixed,1.49,5.556134e-07,-6.2552
258,fixed,1.5,5.049693e-07,-6.2967
258,switching,0.0,0.8600923,-0.0655
258,switching,0.01,0.8390423,-0.0762
258,switching,0.02,0.8184743,-0.087
258,switching,0.03,0.7983769,-0.0978
258,switching,0.04,0.7787394,-0.1086
258,switching,0.05,0.7595512,-0.1194
258,switching,0.06,0.7408022,-0.1303
258,switching,0.07,0.7224826,-0.1412
258,switching,0.08,0.7045829,-0.1521
258,switching,0.09,0.6870941,-0.163
258,switching,0.1,0.6700073,-0.1739
258,switching,0.11,0.6533139,-0.1849
258,switching,0.12,0.6370057,-0.1959
258,switching,0.13,0.6210747,-0.2069
258,switching,0.14,0.6055132,-0.2179
258,switching,0.15,0.5903137,-0.2289
258,switching,0.16,0.5754687,-0.24
258,switching,0.17,0.5609714,-0.2511
258,switching,0.18,0.5468147,-0.2622
258,switching,0.19,0.532992,-0.2733
258,switching,0.2,0.5194967,-0.2844
258,switching,0.21,0.5063224,-0.2956
258,switching,0.22,0.493463,-0.3067
258,switching,0.23,0.4809124,-0.3179
258,switching,0.24,0.4686646,-0.3291
258,switching,0.25,0.4567137,-0.3404
258,switching,0.26,0.4450542,-0.3516
258,switching,0.27,0.4336803,-0.3628
258,switching,0.28,0.4225866,-0.3741
258,switching,0.29,0.4117677,-0.3853
258,switching,0.3,0.4012181,-0.3966
258,switching,0.31,0.3909328,-0.4079
258,switching,0.32,0.3809065,-0.4192
258,switching,0.33,0.3711341,-0.4305
258,switching,0.34,0.3616106,-0.4418
258,switching,0.35,0.3523309,-0.453
258,switching,0.36,0.3432902,-0.4643
258,switching,0.37,0.3344836,-0.4756
258,switching,0.38,0.3259062,-0.4869
258,switching,0.39,0.3175532,-0.4982
258,switching,0.4,0.30942,-0.5095
258,switching,0.41,0.3015018,-0.5207
258,switching,0.42,0.293794,-0.532
258,switching,0.43,0.286292,-0.5432
258,switching,0.44,0.2789911,-0.5544
258,switching,0.45,0.2718868,-0.5656
258,switching,0.46,0.2649747,-0.5768
258,switching,0.47,0.2582503,-0.588
258,switching,0.48,0.251709,-0.5991
258,switching,0.49,0.2453467,-0.6102
258,switching,0.5,0.2391588,-0.6213
258,switching,0.51,0.233141,-0.6324
258,switching,0.52,0.2272892,-0.6434
258,switching,0.53,0.2215991,-0.6544
258,switching,0.54,0.2160664,-0.6654
258,switching,0.55,0.2106871,-0.6764
258,switching,0.56,0.2054571,-0.6873
258,switching,0.57,0.2003722,-0.6982
258,switching,0.58,0.1954285,-0.709
258,switching,0.59,0.1906221,-0.7198
258,switching,0.6,0.1859491,-0.7306
258,switching,0.61,0.1814056,-0.7413
258,switching,0.62,0.1769878,-0.7521
258,switching,0.63,0.172692,-0.7627
258,switching,0.64,0.1685146,-0.7734
258,switching,0.65,0.164452,-0.784
258,switching,0.66,0.1605006,-0.7945
258,switching,0.67,0.1566569,-0.8051
258,switching,0.68,0.1529176,-0.8155
258,switching,0.69,0.1492794,-0.826
258,switching,0.7,0.1457389,-0.8364
258,switching,0.71,0.142293,-0.8468
258,switching,0.72,0.1389387,-0.8572
258,switching,0.73,0.1356727,-0.8675
258,switching,0.74,0.1324922,-0.8778
258,switching,0.75,0.1293944,-0.8881
258,switching,0.76,0.1263763,-0.8983
258,switching,0.77,0.1234354,-0.9086
258,switching,0.78,0.1205688,-0.9188
258,switching,0.79,0.1177742,-0.9289
258,switching,0.8,0.1150489,-0.9391
258,switching,0.81,0.1123906,-0.9493
258,switching,0.82,0.1097969,-0.9594
258,switching,0.83,0.1072657,-0.9695
258,switching,0.84,0.1047947,-0.9797
258,switching,0.85,0.1023819,-0.9898
258,switching,0.86,0.1000253,-0.9999
258,switching,0.87,0.09772295,-1.01
258,switching,0.88,0.09547297,-1.0201
258,switching,0.89,0.09327363,-1.0302
258,switching,0.9,0.09112322,-1.0404
258,switching,0.91,0.08902014,-1.0505
258,switching,0.92,0.08696284,-1.0607
258,switching,0.93,0.08494984,-1.0708
258,switching,0.94,0.08297975,-1.081
258,switching,0.95,0.08105123,-1.0912
258,switching,0.96,0.07916302,-1.1015
258,switching,0.97,0.07731392,-1.1117
258,switching,0.98,0.07550279,-1.122
258,switching,0.99,0.07372856,-1.1324
258,switching,1.0,0.07199022,-1.1427
258,switching,1.01,0.07028682,-1.1531
258,switching,1.02,0.06861744,-1.1636
258,switching,1.03,0.06698124,-1.174
258,switching,1.04,0.06537744,-1.1846
258,switching,1.05,0.06380528,-1.1951
258,switching,1.06,0.06226406,-1.2058
258,switching,1.07,0.06075312,-1.2164
258,switching,1.08,0.05927186,-1.2272
258,switching,1.09,0.0578197,-1.2379
258,switching,1.1,0.0563961,-1.2488
258,switching,1.11,0.05500057,-1.2596
258,switching,1.12,0.05363263,-1.2706
258,switching,1.13,0.05229185,-1.2816
258,switching,1.14,0.05097782,-1.2926
258,switching,1.15,0.04969015,-1.3037
258,switching,1.16,0.04842849,-1.3149
258,switching,1.17,0.04719251,-1.3261
258,switching,1.18,0.04598187,-1.3374
258,switching,1.19,0.0447963,-1.3488
258,switching,1.2,0.04363549,-1.3602
258,switching,1.21,0.04249919,-1.3716
258,switching,1.22,0.04138713,-1.3831
258,switching,1.23,0.04029908,-1.3947
258,switching,1.24,0.03923478,-1.4063
258,switching,1.25,0.03819402,-1.418
258,switching,1.26,0.03717655,-1.4297
258,switching,1.27,0.03618218,-1.4415
258,switching,1.28,0.03521066,-1.4533
258,switching,1.29,0.03426179,-1.4652
258,switching,1.3,0.03333536,-1.4771
258,switching,1.31,0.03243113,-1.489
258,switching,1.32,0.03154889,-1.501
258,switching,1.33,0.03068842,-1.513
258,switching,1.34,0.02984948,-1.5251
258,switching,1.35,0.02903186,-1.5371
258,switching,1.36,0.0282353,-1.5492
258,switching,1.37,0.02745956,-1.5613
258,switching,1.38,0.02670441,-1.5734
258,switching,1.39,0.02596957,-1.5855
258,switching,1.4,0.02525478,-1.5977
258,switching,1.41,0.02455977,-1.6098
258,switching,1.42,0.02388427,-1.6219
258,switching,1.43,0.02322797,-1.634
258,switching,1.44,0.0225906,-1.6461
258,switching,1.45,0.02197183,-1.6581
258,switching,1.46,0.02137136,-1.6702
258,switching,1.47,0.02078887,-1.6822
258,switching,1.48,0.02022402,-1.6941
258,switching,1.49,0.01967649,-1.7061
258,switching,1.5,0.01914593,-1.7179
259,fixed,0.0,0.85,-0.0706
259,fixed,0.01,0.7796573,-0.1081
259,fixed,0.02,0.7151359,-0.1456
259,fixed,0.03,0.655954,-0.1831
259,fixed,0.04,0.6016698,-0.2206
259,fixed,0.05,0.5518779,-0.2582
259,fixed,0.06,0.5062066,-0.2957
259,fixed,0.07,0.4643149,-0.3332
259,fixed,0.08,0.42589,-0.3707
259,fixed,0.09,0.390645,-0.4082
259,fixed,0.1,0.3583167,-0.4457
259,fixed,0.11,0.3286638,-0.4832
259,fixed,0.12,0.3014649,-0.5208
259,fixed,0.13,0.2765168,-0.5583
259,fixed,0.14,0.2536333,-0.5958
259,fixed,0.15,0.2326436,-0.6333
259,fixed,0.16,0.2133909,-0.6708
259,fixed,0.17,0.1957315,-0.7083
259,fixed,0.18,0.1795335,-0.7459
259,fixed,0.19,0.164676,-0.7834
259,fixed,0.2,0.1510481,-0.8209
259,fixed,0.21,0.1385479,-0.8584
259,fixed,0.22,0.1270822,-0.8959
259,fixed,0.23,0.1165654,-0.9334
259,fixed,0.24,0.1069189,-0.9709
259,fixed,0.25,0.09807071,-1.0085
259,fixed,0.26,0.08995475,-1.046
259,fixed,0.27,0.08251045,-1.0835
259,fixed,0.28,0.0756822,-1.121
259,fixed,0.29,0.06941903,-1.1585
259,fixed,0.3,0.06367418,-1.196
259,fixed,0.31,0.05840475,-1.2336
259,fixed,0.32,0.0535714,-1.2711
259,fixed,0.33,0.04913804,-1.3086
259,fixed,0.34,0.04507157,-1.3461
259,fixed,0.35,0.04134162,-1.3836
259,fixed,0.36,0.03792034,-1.4211
259,fixed,0.37,0.0347822,-1.4586
259,fixed,0.38,0.03190376,-1.4962
259,fixed,0.39,0.02926353,-1.5337
259,fixed,0.4,0.02684179,-1.5712
259,fixed,0.41,0.02462047,-1.6087
259,fixed,0.42,0.02258298,-1.6462
259,fixed,0.43,0.0207141,-1.6837
259,fixed,0.44,0.01899988,-1.7212
259,fixed,0.45,0.01742752,-1.7588
259,fixed,0.46,0.01598529,-1.7963
259,fixed,0.47,0.01466241,-1.8338
259,fixed,0.48,0.013449,-1.8713
259,fixed,0.49,0.01233601,-1.9088
259,fixed,0.5,0.01131513,-1.9463
259,fixed,0.51,0.01037874,-1.9839
259,fixed,0.52,0.009519833,-2.0214
259,fixed,0.53,0.008732008,-2.0589
259,fixed,0.54,0.008009381,-2.0964
259,fixed,0.55,0.007346555,-2.1339
259,fixed,0.56,0.006738583,-2.1714
259,fixed,0.57,0.006180924,-2.2089
259,fixed,0.58,0.005669414,-2.2465
259,fixed,0.59,0.005200236,-2.284
259,fixed,0.6,0.004769884,-2.3215
259,fixed,0.61,0.004375147,-2.359
259,fixed,0.62,0.004013077,-2.3965
259,fixed,0.63,0.00368097,-2.434
259,fixed,0.64,0.003376347,-2.4716
259,fixed,0.65,0.003096934,-2.5091
259,fixed,0.66,0.002840643,-2.5466
259,fixed,0.67,0.002605563,-2.5841
259,fixed,0.68,0.002389936,-2.6216
259,fixed,0.69,0.002192155,-2.6591
259,fixed,0.7,0.00201074,-2.6966
259,fixed,0.71,0.001844339,-2.7342
259,fixed,0.72,0.001691709,-2.7717
259,fixed,0.73,0.00155171,-2.8092
259,fixed,0.74,0.001423296,-2.8467
259,fixed,0.75,0.00130551,-2.8842
259,fixed,0.76,0.001197471,-2.9217
259,fixed,0.77,0.001098373,-2.9593
259,fixed,0.78,0.001007476,-2.9968
259,fixed,0.79,0.0009241007,-3.0343
259,fixed,0.8,0.0008476257,-3.0718
259,fixed,0.81,0.0007774795,-3.1093
259,fixed,0.82,0.0007131383,-3.1468
259,fixed,0.83,0.0006541217,-3.1843
259,fixed,0.84,0.0005999891,-3.2219
259,fixed,0.85,0.0005503364,-3.2594
259,fixed,0.86,0.0005047927,-3.2969
259,fixed,0.87,0.000463018,-3.3344
259,fixed,0.88,0.0004247004,-3.3719
259,fixed,0.89,0.0003895538,-3.4094
259,fixed,0.9,0.0003573159,-3.4469
259,fixed,0.91,0.0003277458,-3.4845
259,fixed,0.92,0.0003006228,-3.522
259,fixed,0.93,0.0002757444,-3.5595
259,fixed,0.94,0.0002529249,-3.597
259,fixed,0.95,0.0002319938,-3.6345
259,fixed,0.96,0.0002127949,-3.672
259,fixed,0.97,0.0001951848,-3.7096
259,fixed,0.98,0.0001790321,-3.7471
259,fixed,0.99,0.0001642161,-3.7846
259,fixed,1.0,0.0001506262,-3.8221
259,fixed,1.01,0.0001381609,-3.8596
259,fixed,1.02,0.0001267273,-3.8971
259,fixed,1.03,0.0001162398,-3.9346
259,fixed,1.04,0.0001066203,-3.9722
259,fixed,1.05,9.779677e-05,-4.0097
259,fixed,1.06,8.970349e-05,-4.0472
259,fixed,1.07,8.227997e-05,-4.0847
259,fixed,1.08,7.54708e-05,-4.1222
259,fixed,1.09,6.922513e-05,-4.1597
259,fixed,1.1,6.349632e-05,-4.1973
259,fixed,1.11,5.824161e-05,-4.2348
259,fixed,1.12,5.342176e-05,-4.2723
259,fixed,1.13,4.900078e-05,-4.3098
259,fixed,1.14,4.494567e-05,-4.3473
259,fixed,1.15,4.122614e-05,-4.3848
259,fixed,1.16,3.781442e-05,-4.4223
259,fixed,1.17,3.468505e-05,-4.4599
259,fixed,1.18,3.181465e-05,-4.4974
259,fixed,1.19,2.918179e-05,-4.5349
259,fixed,1.2,2.676682e-05,-4.5724
259,fixed,1.21,2.45517e-05,-4.6099
259,fixed,1.22,2.25199e-05,-4.6474
259,fixed,1.23,2.065624e-05,-4.6849
259,fixed,1.24,1.894681e-05,-4.7225
259,fixed,1.25,1.737884e-05,-4.76
259,fixed,1.26,1.594064e-05,-4.7975
259,fixed,1.27,1.462145e-05,-4.835
259,fixed,1.28,1.341144e-05,-4.8725
259,fixed,1.29,1.230156e-05,-4.91
259,fixed,1.3,1.128353e-05,-4.9476
259,fixed,1.31,1.034975e-05,-4.9851
259,fixed,1.32,9.493241e-06,-5.0226
259,fixed,1.33,8.707617e-06,-5.0601
259,fixed,1.34,7.987009e-06,-5.0976
259,fixed,1.35,7.326035e-06,-5.1351
259,fixed,1.36,6.71976e-06,-5.1726
259,fixed,1.37,6.163659e-06,-5.2102
259,fixed,1.38,5.653578e-06,-5.2477
259,fixed,1.39,5.18571e-06,-5.2852
259,fixed,1.4,4.756561e-06,-5.3227
259,fixed,1.41,4.362926e-06,-5.3602
259,fixed,1.42,4.001867e-06,-5.3977
259,fixed,1.43,3.670688e-06,-5.4353
259,fixed,1.44,3.366916e-06,-5.4728
259,fixed,1.45,3.088283e-06,-5.5103
259,fixed,1.46,2.832709e-06,-5.5478
259,fixed,1.47,2.598285e-06,-5.5853
259,fixed,1.48,2.383261e-06,-5.6228
259,fixed,1.49,2.186031e-06,-5.6603
259,fixed,1.5,2.005124e-06,-5.6979
259,switching,0.0,0.8425715,-0.0744
259,switching,0.01,0.8219223,-0.0852
259,switching,0.02,0.8018111,-0.0959
259,switching,0.03,0.7822224,-0.1067
259,switching,0.04,0.7631411,-0.1174
259,switching,0.05,0.7445524,-0.1281
259,switching,0.06,0.7264418,-0.1388
259,switching,0.07,0.7087954,-0.1495
259,switching,0.08,0.6915993,-0.1601
259,switching,0.09,0.6748404,-0.1708
259,switching,0.1,0.6585056,-0.1814
259,switching,0.11,0.6425824,-0.1921
259,switching,0.12,0.6270585,-0.2027
259,switching,0.13,0.611922,-0.2133
259,switching,0.14,0.5971614,-0.2239
259,switching,0.15,0.5827655,-0.2345
259,switching,0.16,0.5687235,-0.2451
259,switching,0.17,0.5550249,-0.2557
259,switching,0.18,0.5416595,-0.2663
259,switching,0.19,0.5286174,-0.2769
259,switching,0.2,0.5158893,-0.2874
259,switching,0.21,0.5034659,-0.298
259,switching,0.22,0.4913383,-0.3086
259,switching,0.23,0.479498,-0.3192
259,switching,0.24,0.4679368,-0.3298
259,switching,0.25,0.4566466,-0.3404
259,switching,0.26,0.4456199,-0.351
259,switching,0.27,0.4348493,-0.3617
259,switching,0.28,0.4243277,-0.3723
259,switching,0.29,0.4140482,-0.3829
259,switching,0.3,0.4040043,-0.3936
259,switching,0.31,0.3941897,-0.4043
259,switching,0.32,0.3845983,-0.415
259,switching,0.33,0.3752244,-0.4257
259,switching,0.34,0.3660624,-0.4364
259,switching,0.35,0.3571069,-0.4472
259,switching,0.36,0.3483527,-0.458
259,switching,0.37,0.339795,-0.4688
259,switching,0.38,0.3314291,-0.4796
259,switching,0.39,0.3232503,-0.4905
259,switching,0.4,0.3152545,-0.5013
259,switching,0.41,0.3074373,-0.5122
259,switching,0.42,0.2997949,-0.5232
259,switching,0.43,0.2923233,-0.5341
259,switching,0.44,0.285019,-0.5451
259,switching,0.45,0.2778783,-0.5561
259,switching,0.46,0.2708979,-0.5672
259,switching,0.47,0.2640745,-0.5783
259,switching,0.48,0.257405,-0.5894
259,switching,0.49,0.2508863,-0.6005
259,switching,0.5,0.2445156,-0.6117
259,switching,0.51,0.23829,-0.6229
259,switching,0.52,0.2322068,-0.6341
259,switching,0.53,0.2262634,-0.6454
259,switching,0.54,0.2204573,-0.6567
259,switching,0.55,0.2147859,-0.668
259,switching,0.56,0.2092469,-0.6793
259,switching,0.57,0.2038379,-0.6907
259,switching,0.58,0.1985567,-0.7021
259,switching,0.59,0.193401,-0.7135
259,switching,0.6,0.1883688,-0.725
259,switching,0.61,0.1834577,-0.7365
259,switching,0.62,0.1786659,-0.748
259,switching,0.63,0.1739912,-0.7595
259,switching,0.64,0.1694316,-0.771
259,switching,0.65,0.1649851,-0.7826
259,switching,0.66,0.1606497,-0.7941
259,switching,0.67,0.1564236,-0.8057
259,switching,0.68,0.1523048,-0.8173
259,switching,0.69,0.1482914,-0.8289
259,switching,0.7,0.1443815,-0.8405
259,switching,0.71,0.1405732,-0.8521
259,switching,0.72,0.1368647,-0.8637
259,switching,0.73,0.133254,-0.8753
259,switching,0.74,0.1297394,-0.8869
259,switching,0.75,0.1263191,-0.8985
259,switching,0.76,0.1229911,-0.9101
259,switching,0.77,0.1197536,-0.9217
259,switching,0.78,0.1166048,-0.9333
259,switching,0.79,0.1135428,-0.9448
259,switching,0.8,0.1105659,-0.9564
259,switching,0.81,0.1076722,-0.9679
259,switching,0.82,0.1048598,-0.9794
259,switching,0.83,0.1021271,-0.9909
259,switching,0.84,0.09947203,-1.0023
259,switching,0.85,0.09689293,-1.0137
259,switching,0.86,0.09438795,-1.0251
259,switching,0.87,0.0919553,-1.0364
259,switching,0.88,0.08959317,-1.0477
259,switching,0.89,0.08729978,-1.059
259,switching,0.9,0.08507334,-1.0702
259,switching,0.91,0.08291209,-1.0814
259,switching,0.92,0.08081427,-1.0925
259,switching,0.93,0.07877812,-1.1036
259,switching,0.94,0.07680191,-1.1146
259,switching,0.95,0.07488392,-1.1256
259,switching,0.96,0.07302245,-1.1365
259,switching,0.97,0.07121581,-1.1474
259,switching,0.98,0.06946233,-1.1583
259,switching,0.99,0.06776035,-1.169
259,switching,1.0,0.06610826,-1.1797
259,switching,1.01,0.06450445,-1.1904
259,switching,1.02,0.06294733,-1.201
259,switching,1.03,0.06143535,-1.2116
259,switching,1.04,0.05996699,-1.2221
259,switching,1.05,0.05854074,-1.2325
259,switching,1.06,0.05715512,-1.2429
259,switching,1.07,0.0558087,-1.2533
259,switching,1.08,0.05450007,-1.2636
259,switching,1.09,0.05322784,-1.2739
259,switching,1.1,0.05199067,-1.2841
259,switching,1.11,0.05078726,-1.2942
259,switching,1.12,0.04961631,-1.3044
259,switching,1.13,0.0484766,-1.3145
259,switching,1.14,0.04736691,-1.3245
259,switching,1.15,0.04628608,-1.3345
259,switching,1.16,0.04523297,-1.3445
259,switching,1.17,0.0442065,-1.3545
259,switching,1.18,0.0432056,-1.3645
259,switching,1.19,0.04222926,-1.3744
259,switching,1.2,0.0412765,-1.3843
259,switching,1.21,0.04034638,-1.3942
259,switching,1.22,0.03943799,-1.4041
259,switching,1.23,0.03855046,-1.414
259,switching,1.24,0.03768298,-1.4239
259,switching,1.25,0.03683475,-1.4337
259,switching,1.26,0.03600502,-1.4436
259,switching,1.27,0.03519307,-1.4535
259,switching,1.28,0.03439822,-1.4635
259,switching,1.29,0.03361984,-1.4734
259,switching,1.3,0.0328573,-1.4834
259,switching,1.31,0.03211005,-1.4934
259,switching,1.32,0.03137753,-1.5034
259,switching,1.33,0.03065925,-1.5134
259,switching,1.34,0.02995472,-1.5235
259,switching,1.35,0.0292635,-1.5337
259,switching,1.36,0.02858518,-1.5439
259,switching,1.37,0.02791937,-1.5541
259,switching,1.38,0.02726572,-1.5644
259,switching,1.39,0.0266239,-1.5747
259,switching,1.4,0.02599359,-1.5851
259,switching,1.41,0.02537453,-1.5956
259,switching,1.42,0.02476646,-1.6061
259,switching,1.43,0.02416914,-1.6167
259,switching,1.44,0.02358236,-1.6274
259,switching,1.45,0.02300593,-1.6382
259,switching,1.46,0.02243968,-1.649
259,switching,1.47,0.02188345,-1.6599
259,switching,1.48,0.0213371,-1.6709
259,switching,1.49,0.02080051,-1.6819
259,switching,1.5,0.02027356,-1.6931
512,fixed,0.0,0.85,-0.0706
512,fixed,0.01,0.7748306,-0.1108
512,fixed,0.02,0.7063088,-0.151
512,fixed,0.03,0.6438467,-0.1912
512,fixed,0.04,0.5869084,-0.2314
512,fixed,0.05,0.5350054,-0.2716
512,fixed,0.06,0.4876924,-0.3119
512,fixed,0.07,0.4445636,-0.3521
512,fixed,0.08,0.4052488,-0.3923
512,fixed,0.09,0.3694108,-0.4325
512,fixed,0.1,0.3367421,-0.4727
512,fixed,0.11,0.3069624,-0.5129
512,fixed,0.12,0.2798164,-0.5531
512,fixed,0.13,0.2550709,-0.5933
512,fixed,0.14,0.2325138,-0.6336
512,fixed,0.15,0.2119516,-0.6738
512,fixed,0.16,0.1932077,-0.714
512,fixed,0.17,0.1761215,-0.7542
512,fixed,0.18,0.1605463,-0.7944
512,fixed,0.19,0.1463484,-0.8346
512,fixed,0.2,0.1334062,-0.8748
512,fixed,0.21,0.1216084,-0.915
512,fixed,0.22,0.110854,-0.9552
512,fixed,0.23,0.1010507,-0.9955
512,fixed,0.24,0.09211434,-1.0357
512,fixed,0.25,0.08396825,-1.0759
512,fixed,0.26,0.07654255,-1.1161
512,fixed,0.27,0.06977355,-1.1563
512,fixed,0.28,0.06360315,-1.1965
512,fixed,0.29,0.05797844,-1.2367
512,fixed,0.3,0.05285114,-1.2769
512,fixed,0.31,0.04817727,-1.3172
512,fixed,0.32,0.04391673,-1.3574
512,fixed,0.33,0.04003298,-1.3976
512,fixed,0.34,0.03649268,-1.4378
512,fixed,0.35,0.03326546,-1.478
512,fixed,0.36,0.03032365,-1.5182
512,fixed,0.37,0.02764199,-1.5584
512,fixed,0.38,0.02519748,-1.5986
512,fixed,0.39,0.02296915,-1.6389
512,fixed,0.4,0.02093788,-1.6791
512,fixed,0.41,0.01908625,-1.7193
512,fixed,0.42,0.01739837,-1.7595
512,fixed,0.43,0.01585975,-1.7997
512,fixed,0.44,0.0144572,-1.8399
512,fixed,0.45,0.01317868,-1.8801
512,fixed,0.46,0.01201323,-1.9203
512,fixed,0.47,0.01095085,-1.9606
512,fixed,0.48,0.009982414,-2.0008
512,fixed,0.49,0.009099624,-2.041
512,fixed,0.5,0.008294902,-2.0812
512,fixed,0.51,0.007561346,-2.1214
512,fixed,0.52,0.006892662,-2.1616
512,fixed,0.53,0.006283112,-2.2018
512,fixed,0.54,0.005727468,-2.242
512,fixed,0.55,0.005220962,-2.2822
512,fixed,0.56,0.004759248,-2.3225
512,fixed,0.57,0.004338366,-2.3627
512,fixed,0.58,0.003954705,-2.4029
512,fixed,0.59,0.003604972,-2.4431
512,fixed,0.6,0.003286168,-2.4833
512,fixed,0.61,0.002995557,-2.5235
512,fixed,0.62,0.002730646,-2.5637
512,fixed,0.63,0.002489163,-2.6039
512,fixed,0.64,0.002269035,-2.6442
512,fixed,0.65,0.002068374,-2.6844
512,fixed,0.66,0.001885458,-2.7246
512,fixed,0.67,0.001718718,-2.7648
512,fixed,0.68,0.001566724,-2.805
512,fixed,0.69,0.001428172,-2.8452
512,fixed,0.7,0.001301872,-2.8854
512,fixed,0.71,0.001186741,-2.9256
512,fixed,0.72,0.001081792,-2.9659
512,fixed,0.73,0.0009861245,-3.0061
512,fixed,0.74,0.000898917,-3.0463
512,fixed,0.75,0.0008194217,-3.0865
512,fixed,0.76,0.0007469565,-3.1267
512,fixed,0.77,0.0006808997,-3.1669
512,fixed,0.78,0.0006206846,-3.2071
512,fixed,0.79,0.0005657947,-3.2473
512,fixed,0.8,0.0005157589,-3.2876
512,fixed,0.81,0.0004701479,-3.3278
512,fixed,0.82,0.0004285706,-3.368
512,fixed,0.83,0.0003906702,-3.4082
512,fixed,0.84,0.0003561214,-3.4484
512,fixed,0.85,0.000324628,-3.4886
512,fixed,0.86,0.0002959196,-3.5288
512,fixed,0.87,0.0002697501,-3.569
512,fixed,0.88,0.0002458949,-3.6093
512,fixed,0.89,0.0002241493,-3.6495
512,fixed,0.9,0.0002043267,-3.6897
512,fixed,0.91,0.0001862572,-3.7299
512,fixed,0.92,0.0001697856,-3.7701
512,fixed,0.93,0.0001547707,-3.8103
512,fixed,0.94,0.0001410836,-3.8505
512,fixed,0.95,0.0001286069,-3.8907
512,fixed,0.96,0.0001172336,-3.9309
512,fixed,0.97,0.0001068661,-3.9712
512,fixed,0.98,9.741547e-05,-4.0114
512,fixed,0.99,8.880058e-05,-4.0516
512,fixed,1.0,8.094754e-05,-4.0918
512,fixed,1.01,7.378898e-05,-4.132
512,fixed,1.02,6.726348e-05,-4.1722
512,fixed,1.03,6.131506e-05,-4.2124
512,fixed,1.04,5.589269e-05,-4.2526
512,fixed,1.05,5.094985e-05,-4.2929
512,fixed,1.06,4.644412e-05,-4.3331
512,fixed,1.07,4.233685e-05,-4.3733
512,fixed,1.08,3.859281e-05,-4.4135
512,fixed,1.09,3.517987e-05,-4.4537
512,fixed,1.1,3.206876e-05,-4.4939
512,fixed,1.11,2.923277e-05,-4.5341
512,fixed,1.12,2.664758e-05,-4.5743
512,fixed,1.13,2.429101e-05,-4.6146
512,fixed,1.14,2.214285e-05,-4.6548
512,fixed,1.15,2.018466e-05,-4.695
512,fixed,1.16,1.839963e-05,-4.7352
512,fixed,1.17,1.677247e-05,-4.7754
512,fixed,1.18,1.52892e-05,-4.8156
512,fixed,1.19,1.393711e-05,-4.8558
512,fixed,1.2,1.270459e-05,-4.896
512,fixed,1.21,1.158106e-05,-4.9363
512,fixed,1.22,1.05569e-05,-4.9765
512,fixed,1.23,9.623302e-06,-5.0167
512,fixed,1.24,8.772269e-06,-5.0569
512,fixed,1.25,7.996498e-06,-5.0971
512,fixed,1.26,7.289331e-06,-5.1373
512,fixed,1.27,6.644702e-06,-5.1775
512,fixed,1.28,6.057081e-06,-5.2177
512,fixed,1.29,5.521425e-06,-5.2579
512,fixed,1.3,5.03314e-06,-5.2982
512,fixed,1.31,4.588037e-06,-5.3384
512,fixed,1.32,4.182296e-06,-5.3786
512,fixed,1.33,3.812436e-06,-5.4188
512,fixed,1.34,3.475285e-06,-5.459
512,fixed,1.35,3.16795e-06,-5.4992
512,fixed,1.36,2.887793e-06,-5.5394
512,fixed,1.37,2.632413e-06,-5.5796
512,fixed,1.38,2.399616e-06,-5.6199
512,fixed,1.39,2.187407e-06,-5.6601
512,fixed,1.4,1.993965e-06,-5.7003
512,fixed,1.41,1.81763e-06,-5.7405
512,fixed,1.42,1.656888e-06,-5.7807
512,fixed,1.43,1.510362e-06,-5.8209
512,fixed,1.44,1.376794e-06,-5.8611
512,fixed,1.45,1.255038e-06,-5.9013
512,fixed,1.46,1.144049e-06,-5.9416
512,fixed,1.47,1.042875e-06,-5.9818
512,fixed,1.48,9.506492e-07,-6.022
512,fixed,1.49,8.66579e-07,-6.0622
512,fixed,1.5,7.899434e-07,-6.1024
512,switching,0.0,0.8540292,-0.0685
512,switching,0.01,0.8285503,-0.0817
512,switching,0.02,0.803829,-0.0948
512,switching,0.03,0.7798407,-0.108
512,switching,0.04,0.7565616,-0.1212
512,switching,0.05,0.733969,-0.1343
512,switching,0.06,0.7120407,-0.1475
512,switching,0.07,0.6907556,-0.1607
512,switching,0.08,0.6700933,-0.1739
512,switching,0.09,0.650034,-0.1871
512,switching,0.1,0.6305589,-0.2003
512,switching,0.11,0.6116497,-0.2135
512,switching,0.12,0.5932888,-0.2267
512,switching,0.13,0.5754595,-0.24
512,switching,0.14,0.5581453,-0.2533
512,switching,0.15,0.5413307,-0.2665
512,switching,0.16,0.5250005,-0.2798
512,switching,0.17,0.5091404,-0.2932
512,switching,0.18,0.4937363,-0.3065
512,switching,0.19,0.4787749,-0.3199
512,switching,0.2,0.4642431,-0.3333
512,switching,0.21,0.4501286,-0.3467
512,switching,0.22,0.4364192,-0.3601
512,switching,0.23,0.4231036,-0.3736
512,switching,0.24,0.4101705,-0.387
512,switching,0.25,0.3976091,-0.4005
512,switching,0.26,0.3854092,-0.4141
512,switching,0.27,0.3735608,-0.4276
512,switching,0.28,0.3620541,-0.4412
512,switching,0.29,0.35088,-0.4548
512,switching,0.3,0.3400293,-0.4685
512,switching,0.31,0.3294935,-0.4822
512,switching,0.32,0.319264,-0.4959
512,switching,0.33,0.3093328,-0.5096
512,switching,0.34,0.299692,-0.5233
512,switching,0.35,0.2903339,-0.5371
512,switching,0.36,0.2812512,-0.5509
512,switching,0.37,0.2724366,-0.5647
512,switching,0.38,0.2638832,-0.5786
512,switching,0.39,0.2555843,-0.5925
512,switching,0.4,0.2475332,-0.6064
512,switching,0.41,0.2397236,-0.6203
512,switching,0.42,0.2321492,-0.6342
512,switching,0.43,0.2248039,-0.6482
512,switching,0.44,0.2176818,-0.6622
512,switching,0.45,0.2107772,-0.6762
512,switching,0.46,0.2040844,-0.6902
512,switching,0.47,0.1975978,-0.7042
512,switching,0.48,0.1913123,-0.7183
512,switching,0.49,0.1852224,-0.7323
512,switching,0.5,0.179323,-0.7464
512,switching,0.51,0.1736091,-0.7604
512,switching,0.52,0.1680757,-0.7745
512,switching,0.53,0.1627181,-0.7886
512,switching,0.54,0.1575315,-0.8026
512,switching,0.55,0.1525112,-0.8167
512,switching,0.56,0.1476527,-0.8308
512,switching,0.57,0.1429515,-0.8448
512,switching,0.58,0.1384033,-0.8589
512,switching,0.59,0.1340037,-0.8729
512,switching,0.6,0.1297485,-0.8869
512,switching,0.61,0.1256336,-0.9009
512,switching,0.62,0.121655,-0.9149
512,switching,0.63,0.1178085,-0.9288
512,switching,0.64,0.1140904,-0.9428
512,switching,0.65,0.1104967,-0.9567
512,switching,0.66,0.1070237,-0.9705
512,switching,0.67,0.1036677,-0.9844
512,switching,0.68,0.1004251,-0.9982
512,switching,0.69,0.09729231,-1.0119
512,switching,0.7,0.09426582,-1.0256
512,switching,0.71,0.09134223,-1.0393
512,switching,0.72,0.08851819,-1.053
512,switching,0.73,0.08579043,-1.0666
512,switching,0.74,0.08315573,-1.0801
512,switching,0.75,0.08061097,-1.0936
512,switching,0.76,0.07815307,-1.1071
512,switching,0.77,0.07577903,-1.1205
512,switching,0.78,0.07348592,-1.1338
512,switching,0.79,0.07127089,-1.1471
512,switching,0.8,0.06913115,-1.1603
512,switching,0.81,0.06706398,-1.1735
512,switching,0.82,0.06506673,-1.1866
512,switching,0.83,0.06313682,-1.1997
512,switching,0.84,0.06127175,-1.2127
512,switching,0.85,0.05946909,-1.2257
512,switching,0.86,0.05772645,-1.2386
512,switching,0.87,0.05604155,-1.2515
512,switching,0.88,0.05441216,-1.2643
512,switching,0.89,0.05283612,-1.2771
512,switching,0.9,0.05131134,-1.2898
512,switching,0.91,0.04983579,-1.3025
512,switching,0.92,0.04840753,-1.3151
512,switching,0.93,0.04702467,-1.3277
512,switching,0.94,0.04568539,-1.3402
512,switching,0.95,0.04438793,-1.3527
512,switching,0.96,0.04313062,-1.3652
512,switching,0.97,0.04191181,-1.3777
512,switching,0.98,0.04072997,-1.3901
512,switching,0.99,0.03958358,-1.4025
512,switching,1.0,0.03847121,-1.4149
512,switching,1.01,0.0373915,-1.4272
512,switching,1.02,0.03634311,-1.4396
512,switching,1.03,0.0353248,-1.4519
512,switching,1.04,0.03433537,-1.4643
512,switching,1.05,0.03337366,-1.4766
512,switching,1.06,0.03243859,-1.4889
512,switching,1.07,0.03152912,-1.5013
512,switching,1.08,0.03064426,-1.5137
512,switching,1.09,0.02978308,-1.526
512,switching,1.1,0.02894469,-1.5384
512,switching,1.11,0.02812824,-1.5509
512,switching,1.12,0.02733294,-1.5633
512,switching,1.13,0.02655803,-1.5758
512,switching,1.14,0.02580281,-1.5883
512,switching,1.15,0.0250666,-1.6009
512,switching,1.16,0.02434877,-1.6135
512,switching,1.17,0.02364873,-1.6262
512,switching,1.18,0.02296591,-1.6389
512,switching,1.19,0.02229979,-1.6517
512,switching,1.2,0.02164988,-1.6645
512,switching,1.21,0.02101571,-1.6775
512,switching,1.22,0.02039685,-1.6904
512,switching,1.23,0.01979289,-1.7035
512,switching,1.24,0.01920344,-1.7166
512,switching,1.25,0.01862816,-1.7298
512,switching,1.26,0.01806671,-1.7431
512,switching,1.27,0.01751877,-1.7565
512,switching,1.28,0.01698404,-1.77
512,switching,1.29,0.01646226,-1.7835
512,switching,1.3,0.01595317,-1.7972
512,switching,1.31,0.01545651,-1.8109
512,switching,1.32,0.01497207,-1.8247
512,switching,1.33,0.01449962,-1.8386
512,switching,1.34,0.01403897,-1.8527
512,switching,1.35,0.01358991,-1.8668
512,switching,1.36,0.01315226,-1.881
512,switching,1.37,0.01272585,-1.8953
512,switching,1.38,0.0123105,-1.9097
512,switching,1.39,0.01190606,-1.9242
512,switching,1.4,0.01151236,-1.9388
512,switching,1.41,0.01112926,-1.9535
512,switching,1.42,0.01075661,-1.9683
512,switching,1.43,0.01039425,-1.9832
512,switching,1.44,0.01004205,-1.9982
512,switching,1.45,0.009699863,-2.0132
512,switching,1.46,0.00936755,-2.0284
512,switching,1.47,0.00904497,-2.0436
512,switching,1.48,0.008731983,-2.0589
512,switching,1.49,0.008428447,-2.0743
512,switching,1.5,0.008134222,-2.0897
513,fixed,0.0,0.85,-0.0706
513,fixed,0.01,0.7768961,-0.1096
513,fixed,0.02,0.7100794,-0.1487
513,fixed,0.03,0.6490093,-0.1877
513,fixed,0.04,0.5931916,-0.2268
513,fixed,0.05,0.5421744,-0.2659
513,fixed,0.06,0.4955449,-0.3049
513,fixed,0.07,0.4529257,-0.344
513,fixed,0.08,0.413972,-0.383
513,fixed,0.09,0.3783685,-0.4221
513,fixed,0.1,0.3458271,-0.4611
513,fixed,0.11,0.3160844,-0.5002
513,fixed,0.12,0.2888997,-0.5393
513,fixed,0.13,0.264053,-0.5783
513,fixed,0.14,0.2413432,-0.6174
513,fixed,0.15,0.2205866,-0.6564
513,fixed,0.16,0.2016151,-0.6955
513,fixed,0.17,0.1842753,-0.7345
513,fixed,0.18,0.1684268,-0.7736
513,fixed,0.19,0.1539413,-0.8126
513,fixed,0.2,0.1407016,-0.8517
513,fixed,0.21,0.1286006,-0.8908
513,fixed,0.22,0.1175404,-0.9298
513,fixed,0.23,0.1074314,-0.9689
513,fixed,0.24,0.09819178,-1.0079
513,fixed,0.25,0.08974683,-1.047
513,fixed,0.26,0.08202819,-1.086
513,fixed,0.27,0.07497339,-1.1251
513,fixed,0.28,0.06852533,-1.1641
513,fixed,0.29,0.06263184,-1.2032
513,fixed,0.3,0.05724521,-1.2423
513,fixed,0.31,0.05232186,-1.2813
513,fixed,0.32,0.04782194,-1.3204
513,fixed,0.33,0.04370903,-1.3594
513,fixed,0.34,0.03994986,-1.3985
513,fixed,0.35,0.03651398,-1.4375
513,fixed,0.36,0.03337361,-1.4766
513,fixed,0.37,0.03050333,-1.5157
513,fixed,0.38,0.0278799,-1.5547
513,fixed,0.39,0.0254821,-1.5938
513,fixed,0.4,0.02329052,-1.6328
513,fixed,0.41,0.02128743,-1.6719
513,fixed,0.42,0.01945662,-1.7109
513,fixed,0.43,0.01778326,-1.75
513,fixed,0.44,0.01625381,-1.789
513,fixed,0.45,0.01485591,-1.8281
513,fixed,0.46,0.01357823,-1.8672
513,fixed,0.47,0.01241044,-1.9062
513,fixed,0.48,0.01134309,-1.9453
513,fixed,0.49,0.01036753,-1.9843
513,fixed,0.5,0.009475876,-2.0234
513,fixed,0.51,0.008660907,-2.0624
513,fixed,0.52,0.007916029,-2.1015
513,fixed,0.53,0.007235214,-2.1405
513,fixed,0.54,0.006612952,-2.1796
513,fixed,0.55,0.006044208,-2.2187
513,fixed,0.56,0.005524378,-2.2577
513,fixed,0.57,0.005049256,-2.2968
513,fixed,0.58,0.004614997,-2.3358
513,fixed,0.59,0.004218086,-2.3749
513,fixed,0.6,0.003855311,-2.4139
513,fixed,0.61,0.003523737,-2.453
513,fixed,0.62,0.003220679,-2.4921
513,fixed,0.63,0.002943686,-2.5311
513,fixed,0.64,0.002690515,-2.5702
513,fixed,0.65,0.002459119,-2.6092
513,fixed,0.66,0.002247623,-2.6483
513,fixed,0.67,0.002054317,-2.6873
513,fixed,0.68,0.001877636,-2.7264
513,fixed,0.69,0.001716151,-2.7654
513,fixed,0.7,0.001568554,-2.8045
513,fixed,0.71,0.001433651,-2.8436
513,fixed,0.72,0.001310351,-2.8826
513,fixed,0.73,0.001197655,-2.9217
513,fixed,0.74,0.001094651,-2.9607
513,fixed,0.75,0.001000506,-2.9998
513,fixed,0.76,0.0009144576,-3.0388
513,fixed,0.77,0.00083581,-3.0779
513,fixed,0.78,0.0007639265,-3.1169
513,fixed,0.79,0.0006982253,-3.156
513,fixed,0.8,0.0006381747,-3.1951
513,fixed,0.81,0.0005832888,-3.2341
513,fixed,0.82,0.0005331233,-3.2732
513,fixed,0.83,0.0004872722,-3.3122
513,fixed,0.84,0.0004453646,-3.3513
513,fixed,0.85,0.0004070612,-3.3903
513,fixed,0.86,0.000372052,-3.4294
513,fixed,0.87,0.0003400538,-3.4685
513,fixed,0.88,0.0003108076,-3.5075
513,fixed,0.89,0.0002840767,-3.5466
513,fixed,0.9,0.0002596448,-3.5856
513,fixed,0.91,0.0002373142,-3.6247
513,fixed,0.92,0.0002169041,-3.6637
513,fixed,0.93,0.0001982493,-3.7028
513,fixed,0.94,0.000181199,-3.7418
513,fixed,0.95,0.000165615,-3.7809
513,fixed,0.96,0.0001513714,-3.82
513,fixed,0.97,0.0001383527,-3.859
513,fixed,0.98,0.0001264538,-3.8981
513,fixed,0.99,0.0001155782,-3.9371
513,fixed,1.0,0.0001056379,-3.9762
513,fixed,1.01,9.655256e-05,-4.0152
513,fixed,1.02,8.82486e-05,-4.0543
513,fixed,1.03,8.065881e-05,-4.0933
513,fixed,1.04,7.372178e-05,-4.1324
513,fixed,1.05,6.738137e-05,-4.1715
513,fixed,1.06,6.158626e-05,-4.2105
513,fixed,1.07,5.628956e-05,-4.2496
513,fixed,1.08,5.14484e-05,-4.2886
513,fixed,1.09,4.70236e-05,-4.3277
513,fixed,1.1,4.297935e-05,-4.3667
513,fixed,1.11,3.928293e-05,-4.4058
513,fixed,1.12,3.590442e-05,-4.4449
513,fixed,1.13,3.281647e-05,-4.4839
513,fixed,1.14,2.99941e-05,-4.523
513,fixed,1.15,2.741447e-05,-4.562
513,fixed,1.16,2.50567e-05,-4.6011
513,fixed,1.17,2.290171e-05,-4.6401
513,fixed,1.18,2.093206e-05,-4.6792
513,fixed,1.19,1.913181e-05,-4.7182
513,fixed,1.2,1.748638e-05,-4.7573
513,fixed,1.21,1.598247e-05,-4.7964
513,fixed,1.22,1.460791e-05,-4.8354
513,fixed,1.23,1.335156e-05,-4.8745
513,fixed,1.24,1.220326e-05,-4.9135
513,fixed,1.25,1.115373e-05,-4.9526
513,fixed,1.26,1.019445e-05,-4.9916
513,fixed,1.27,9.317685e-06,-5.0307
513,fixed,1.28,8.516321e-06,-5.0697
513,fixed,1.29,7.783878e-06,-5.1088
513,fixed,1.3,7.114429e-06,-5.1479
513,fixed,1.31,6.502555e-06,-5.1869
513,fixed,1.32,5.943306e-06,-5.226
513,fixed,1.33,5.432154e-06,-5.265
513,fixed,1.34,4.964964e-06,-5.3041
513,fixed,1.35,4.537954e-06,-5.3431
513,fixed,1.36,4.147669e-06,-5.3822
513,fixed,1.37,3.79095e-06,-5.4213
513,fixed,1.38,3.464911e-06,-5.4603
513,fixed,1.39,3.166913e-06,-5.4994
513,fixed,1.4,2.894544e-06,-5.5384
513,fixed,1.41,2.6456e-06,-5.5775
513,fixed,1.42,2.418066e-06,-5.6165
513,fixed,1.43,2.210101e-06,-5.6556
513,fixed,1.44,2.020022e-06,-5.6946
513,fixed,1.45,1.846291e-06,-5.7337
513,fixed,1.46,1.687502e-06,-5.7728
513,fixed,1.47,1.542369e-06,-5.8118
513,fixed,1.48,1.409718e-06,-5.8509
513,fixed,1.49,1.288476e-06,-5.8899
513,fixed,1.5,1.177661e-06,-5.929
513,switching,0.0,0.8482468,-0.0715
513,switching,0.01,0.8260546,-0.083
513,switching,0.02,0.8044386,-0.0945
513,switching,0.03,0.7833862,-0.106
513,switching,0.04,0.7628847,-0.1175
513,switching,0.05,0.7429219,-0.1291
513,switching,0.06,0.7234855,-0.1406
513,switching,0.07,0.7045637,-0.1521
513,switching,0.08,0.6861446,-0.1636
513,switching,0.09,0.6682167,-0.1751
513,switching,0.1,0.6507686,-0.1866
513,switching,0.11,0.6337891,-0.1981
513,switching,0.12,0.6172669,-0.2095
513,switching,0.13,0.6011913,-0.221
513,switching,0.14,0.5855515,-0.2324
513,switching,0.15,0.5703368,-0.2439
513,switching,0.16,0.5555368,-0.2553
513,switching,0.17,0.5411411,-0.2667
513,switching,0.18,0.5271397,-0.2781
513,switching,0.19,0.5135226,-0.2894
513,switching,0.2,0.5002798,-0.3008
513,switching,0.21,0.4874016,-0.3121
513,switching,0.22,0.4748786,-0.3234
513,switching,0.23,0.4627012,-0.3347
513,switching,0.24,0.4508603,-0.346
513,switching,0.25,0.4393466,-0.3572
513,switching,0.26,0.4281513,-0.3684
513,switching,0.27,0.4172655,-0.3796
513,switching,0.28,0.4066806,-0.3907
513,switching,0.29,0.396388,-0.4019
513,switching,0.3,0.3863795,-0.413
513,switching,0.31,0.3766467,-0.4241
513,switching,0.32,0.3671817,-0.4351
513,switching,0.33,0.3579766,-0.4461
513,switching,0.34,0.3490237,-0.4571
513,switching,0.35,0.3403155,-0.4681
513,switching,0.36,0.3318444,-0.4791
513,switching,0.37,0.3236034,-0.49
513,switching,0.38,0.3155853,-0.5009
513,switching,0.39,0.3077833,-0.5118
513,switching,0.4,0.3001906,-0.5226
513,switching,0.41,0.2928007,-0.5334
513,switching,0.42,0.2856072,-0.5442
513,switching,0.43,0.2786038,-0.555
513,switching,0.44,0.2717845,-0.5658
513,switching,0.45,0.2651435,-0.5765
513,switching,0.46,0.2586749,-0.5872
513,switching,0.47,0.2523733,-0.598
513,switching,0.48,0.2462333,-0.6087
513,switching,0.49,0.2402497,-0.6193
513,switching,0.5,0.2344173,-0.63
513,switching,0.51,0.2287314,-0.6407
513,switching,0.52,0.2231872,-0.6513
513,switching,0.53,0.2177801,-0.662
513,switching,0.54,0.2125058,-0.6726
513,switching,0.55,0.20736,-0.6833
513,switching,0.56,0.2023387,-0.6939
513,switching,0.57,0.1974378,-0.7046
513,switching,0.58,0.1926536,-0.7152
513,switching,0.59,0.1879826,-0.7259
513,switching,0.6,0.1834211,-0.7366
513,switching,0.61,0.1789658,-0.7472
513,switching,0.62,0.1746136,-0.7579
513,switching,0.63,0.1703614,-0.7686
513,switching,0.64,0.1662062,-0.7794
513,switching,0.65,0.1621452,-0.7901
513,switching,0.66,0.1581758,-0.8009
513,switching,0.67,0.1542954,-0.8116
513,switching,0.68,0.1505015,-0.8225
513,switching,0.69,0.1467918,-0.8333
513,switching,0.7,0.1431641,-0.8442
513,switching,0.71,0.1396162,-0.8551
513,switching,0.72,0.1361463,-0.866
513,switching,0.73,0.1327522,-0.877
513,switching,0.74,0.1294323,-0.888
513,switching,0.75,0.1261848,-0.899
513,switching,0.76,0.123008,-0.9101
513,switching,0.77,0.1199004,-0.9212
513,switching,0.78,0.1168605,-0.9323
513,switching,0.79,0.1138868,-0.9435
513,switching,0.8,0.1109781,-0.9548
513,switching,0.81,0.108133,-0.966
513,switching,0.82,0.1053503,-0.9774
513,switching,0.83,0.1026289,-0.9887
513,switching,0.84,0.09996755,-1.0001
513,switching,0.85,0.09736532,-1.0116
513,switching,0.86,0.09482113,-1.0231
513,switching,0.87,0.09233401,-1.0346
513,switching,0.88,0.08990303,-1.0462
513,switching,0.89,0.08752728,-1.0579
513,switching,0.9,0.0852059,-1.0695
513,switching,0.91,0.08293803,-1.0812
513,switching,0.92,0.08072287,-1.093
513,switching,0.93,0.07855962,-1.1048
513,switching,0.94,0.07644751,-1.1166
513,switching,0.95,0.07438578,-1.1285
513,switching,0.96,0.0723737,-1.1404
513,switching,0.97,0.07041053,-1.1524
513,switching,0.98,0.06849557,-1.1643
513,switching,0.99,0.0666281,-1.1763
513,switching,1.0,0.06480743,-1.1884
513,switching,1.01,0.06303285,-1.2004
513,switching,1.02,0.06130368,-1.2125
513,switching,1.03,0.05961923,-1.2246
513,switching,1.04,0.05797881,-1.2367
513,switching,1.05,0.05638172,-1.2489
513,switching,1.06,0.05482729,-1.261
513,switching,1.07,0.05331481,-1.2732
513,switching,1.08,0.05184358,-1.2853
513,switching,1.09,0.05041291,-1.2975
513,switching,1.1,0.04902209,-1.3096
513,switching,1.11,0.04767041,-1.3218
513,switching,1.12,0.04635715,-1.3339
513,switching,1.13,0.04508159,-1.346
513,switching,1.14,0.04384301,-1.3581
513,switching,1.15,0.04264067,-1.3702
513,switching,1.16,0.04147383,-1.3822
513,switching,1.17,0.04034175,-1.3942
513,switching,1.18,0.03924368,-1.4062
513,switching,1.19,0.03817887,-1.4182
513,switching,1.2,0.03714656,-1.4301
513,switching,1.21,0.03614598,-1.4419
513,switching,1.22,0.03517638,-1.4537
513,switching,1.23,0.03423698,-1.4655
513,switching,1.24,0.03332702,-1.4772
513,switching,1.25,0.03244572,-1.4888
513,switching,1.26,0.03159232,-1.5004
513,switching,1.27,0.03076603,-1.5119
513,switching,1.28,0.0299661,-1.5234
513,switching,1.29,0.02919175,-1.5347
513,switching,1.3,0.02844222,-1.546
513,switching,1.31,0.02771674,-1.5573
513,switching,1.32,0.02701457,-1.5684
513,switching,1.33,0.02633494,-1.5795
513,switching,1.34,0.02567711,-1.5905
513,switching,1.35,0.02504034,-1.6014
513,switching,1.36,0.0244239,-1.6122
513,switching,1.37,0.02382708,-1.6229
513,switching,1.38,0.02324915,-1.6336
513,switching,1.39,0.02268942,-1.6442
513,switching,1.4,0.0221472,-1.6547
513,switching,1.41,0.02162181,-1.6651
513,switching,1.42,0.02111259,-1.6755
513,switching,1.43,0.02061887,-1.6857
513,switching,1.44,0.02014004,-1.6959
513,switching,1.45,0.01967546,-1.7061
513,switching,1.46,0.01922453,-1.7161
513,switching,1.47,0.01878665,-1.7262
513,switching,1.48,0.01836126,-1.7361
513,switching,1.49,0.0179478,-1.746
513,switching,1.5,0.01754571,-1.7558
514,fixed,0.0,0.85,-0.0706
514,fixed,0.01,0.7779607,-0.109
514,fixed,0.02,0.7120269,-0.1475
514,fixed,0.03,0.6516811,-0.186
514,fixed,0.04,0.5964498,-0.2244
514,fixed,0.05,0.5458994,-0.2629
514,fixed,0.06,0.4996333,-0.3013
514,fixed,0.07,0.4572883,-0.3398
514,fixed,0.08,0.4185322,-0.3783
514,fixed,0.09,0.3830607,-0.4167
514,fixed,0.1,0.3505955,-0.4552
514,fixed,0.11,0.3208818,-0.4937
514,fixed,0.12,0.2936864,-0.5321
514,fixed,0.13,0.2687958,-0.5706
514,fixed,0.14,0.2460148,-0.609
514,fixed,0.15,0.2251645,-0.6475
514,fixed,0.16,0.2060814,-0.686
514,fixed,0.17,0.1886155,-0.7244
514,fixed,0.18,0.17263,-0.7629
514,fixed,0.19,0.1579992,-0.8013
514,fixed,0.2,0.1446085,-0.8398
514,fixed,0.21,0.1323526,-0.8783
514,fixed,0.22,0.1211354,-0.9167
514,fixed,0.23,0.1108689,-0.9552
514,fixed,0.24,0.1014726,-0.9937
514,fixed,0.25,0.09287255,-1.0321
514,fixed,0.26,0.08500141,-1.0706
514,fixed,0.27,0.07779736,-1.109
514,fixed,0.28,0.07120387,-1.1475
514,fixed,0.29,0.06516919,-1.186
514,fixed,0.3,0.05964596,-1.2244
514,fixed,0.31,0.05459084,-1.2629
514,fixed,0.32,0.04996415,-1.3013
514,fixed,0.33,0.04572959,-1.3398
514,fixed,0.34,0.04185391,-1.3783
514,fixed,0.35,0.0383067,-1.4167
514,fixed,0.36,0.03506013,-1.4552
514,fixed,0.37,0.03208871,-1.4936
514,fixed,0.38,0.02936912,-1.5321
514,fixed,0.39,0.02688003,-1.5706
514,fixed,0.4,0.02460189,-1.609
514,fixed,0.41,0.02251683,-1.6475
514,fixed,0.42,0.02060848,-1.686
514,fixed,0.43,0.01886187,-1.7244
514,fixed,0.44,0.01726328,-1.7629
514,fixed,0.45,0.01580018,-1.8013
514,fixed,0.46,0.01446108,-1.8398
514,fixed,0.47,0.01323548,-1.8783
514,fixed,0.48,0.01211374,-1.9167
514,fixed,0.49,0.01108708,-1.9552
514,fixed,0.5,0.01014742,-1.9936
514,fixed,0.51,0.009287409,-2.0321
514,fixed,0.52,0.008500281,-2.0706
514,fixed,0.53,0.007779864,-2.109
514,fixed,0.54,0.007120505,-2.1475
514,fixed,0.55,0.006517027,-2.186
514,fixed,0.56,0.005964695,-2.2244
514,fixed,0.57,0.005459175,-2.2629
514,fixed,0.58,0.004996498,-2.3013
514,fixed,0.59,0.004573034,-2.3398
514,fixed,0.6,0.00418546,-2.3783
514,fixed,0.61,0.003830733,-2.4167
514,fixed,0.62,0.003506071,-2.4552
514,fixed,0.63,0.003208924,-2.4936
514,fixed,0.64,0.002936961,-2.5321
514,fixed,0.65,0.002688047,-2.5706
514,fixed,0.66,0.00246023,-2.609
514,fixed,0.67,0.00225172,-2.6475
514,fixed,0.68,0.002060882,-2.6859
514,fixed,0.69,0.001886218,-2.7244
514,fixed,0.7,0.001726357,-2.7629
514,fixed,0.71,0.001580044,-2.8013
514,fixed,0.72,0.001446132,-2.8398
514,fixed,0.73,0.00132357,-2.8783
514,fixed,0.74,0.001211394,-2.9167
514,fixed,0.75,0.001108726,-2.9552
514,fixed,0.76,0.001014759,-2.9936
514,fixed,0.77,0.0009287562,-3.0321
514,fixed,0.78,0.0008500422,-3.0706
514,fixed,0.79,0.0007779993,-3.109
514,fixed,0.8,0.0007120622,-3.1475
514,fixed,0.81,0.0006517135,-3.1859
514,fixed,0.82,0.0005964794,-3.2244
514,fixed,0.83,0.0005459265,-3.2629
514,fixed,0.84,0.0004996581,-3.3013
514,fixed,0.85,0.000457311,-3.3398
514,fixed,0.86,0.0004185529,-3.3782
514,fixed,0.87,0.0003830797,-3.4167
514,fixed,0.88,0.0003506129,-3.4552
514,fixed,0.89,0.0003208977,-3.4936
514,fixed,0.9,0.0002937009,-3.5321
514,fixed,0.91,0.0002688092,-3.5706
514,fixed,0.92,0.000246027,-3.609
514,fixed,0.93,0.0002251757,-3.6475
514,fixed,0.94,0.0002060916,-3.6859
514,fixed,0.95,0.0001886249,-3.7244
514,fixed,0.96,0.0001726385,-3.7629
514,fixed,0.97,0.0001580071,-3.8013
514,fixed,0.98,0.0001446156,-3.8398
514,fixed,0.99,0.0001323592,-3.8782
514,fixed,1.0,0.0001211414,-3.9167
514,fixed,1.01,0.0001108744,-3.9552
514,fixed,1.02,0.0001014776,-3.9936
514,fixed,1.03,9.287716e-05,-4.0321
514,fixed,1.04,8.500562e-05,-4.0706
514,fixed,1.05,7.780122e-05,-4.109
514,fixed,1.06,7.12074e-05,-4.1475
514,fixed,1.07,6.517242e-05,-4.1859
514,fixed,1.08,5.964892e-05,-4.2244
514,fixed,1.09,5.459355e-05,-4.2629
514,fixed,1.1,4.996663e-05,-4.3013
514,fixed,1.11,4.573186e-05,-4.3398
514,fixed,1.12,4.185599e-05,-4.3782
514,fixed,1.13,3.83086e-05,-4.4167
514,fixed,1.14,3.506187e-05,-4.4552
514,fixed,1.15,3.20903e-05,-4.4936
514,fixed,1.16,2.937058e-05,-4.5321
514,fixed,1.17,2.688136e-05,-4.5705
514,fixed,1.18,2.460311e-05,-4.609
514,fixed,1.19,2.251794e-05,-4.6475
514,fixed,1.2,2.06095e-05,-4.6859
514,fixed,1.21,1.88628e-05,-4.7244
514,fixed,1.22,1.726414e-05,-4.7629
514,fixed,1.23,1.580097e-05,-4.8013
514,fixed,1.24,1.44618e-05,-4.8398
514,fixed,1.25,1.323613e-05,-4.8782
514,fixed,1.26,1.211434e-05,-4.9167
514,fixed,1.27,1.108763e-05,-4.9552
514,fixed,1.28,1.014793e-05,-4.9936
514,fixed,1.29,9.28787e-06,-5.0321
514,fixed,1.3,8.500703e-06,-5.0705
514,fixed,1.31,7.780251e-06,-5.109
514,fixed,1.32,7.120858e-06,-5.1475
514,fixed,1.33,6.51735e-06,-5.1859
514,fixed,1.34,5.964991e-06,-5.2244
514,fixed,1.35,5.459446e-06,-5.2629
514,fixed,1.36,4.996746e-06,-5.3013
514,fixed,1.37,4.573261e-06,-5.3398
514,fixed,1.38,4.185668e-06,-5.3782
514,fixed,1.39,3.830924e-06,-5.4167
514,fixed,1.4,3.506245e-06,-5.4552
514,fixed,1.41,3.209083e-06,-5.4936
514,fixed,1.42,2.937107e-06,-5.5321
514,fixed,1.43,2.688181e-06,-5.5705
514,fixed,1.44,2.460352e-06,-5.609
514,fixed,1.45,2.251832e-06,-5.6475
514,fixed,1.46,2.060984e-06,-5.6859
514,fixed,1.47,1.886311e-06,-5.7244
514,fixed,1.48,1.726443e-06,-5.7628
514,fixed,1.49,1.580123e-06,-5.8013
514,fixed,1.5,1.446204e-06,-5.8398
514,switching,0.0,0.8505717,-0.0703
514,switching,0.01,0.8267895,-0.0826
514,switching,0.02,0.8036814,-0.0949
514,switching,0.03,0.7812261,-0.1072
514,switching,0.04,0.7594029,-0.1195
514,switching,0.05,0.7381919,-0.1318
514,switching,0.06,0.7175739,-0.1441
514,switching,0.07,0.6975302,-0.1564
514,switching,0.08,0.6780429,-0.1687
514,switching,0.09,0.6590948,-0.1811
514,switching,0.1,0.6406692,-0.1934
514,switching,0.11,0.6227499,-0.2057
514,switching,0.12,0.6053216,-0.218
514,switching,0.13,0.5883692,-0.2304
514,switching,0.14,0.5718784,-0.2427
514,switching,0.15,0.5558353,-0.2551
514,switching,0.16,0.5402266,-0.2674
514,switching,0.17,0.5250395,-0.2798
514,switching,0.18,0.5102617,-0.2922
514,switching,0.19,0.4958811,-0.3046
514,switching,0.2,0.4818864,-0.3171
514,switching,0.21,0.4682665,-0.3295
514,switching,0.22,0.4550109,-0.342
514,switching,0.23,0.4421094,-0.3545
514,switching,0.24,0.4295522,-0.367
514,switching,0.25,0.4173297,-0.3795
514,switching,0.26,0.4054329,-0.3921
514,switching,0.27,0.3938531,-0.4047
514,switching,0.28,0.3825818,-0.4173
514,switching,0.29,0.371611,-0.4299
514,switching,0.3,0.3609326,-0.4426
514,switching,0.31,0.3505394,-0.4553
514,switching,0.32,0.3404239,-0.468
514,switching,0.33,0.3305791,-0.4807
514,switching,0.34,0.3209982,-0.4935
514,switching,0.35,0.3116748,-0.5063
514,switching,0.36,0.3026025,-0.5191
514,switching,0.37,0.2937751,-0.532
514,switching,0.38,0.2851867,-0.5449
514,switching,0.39,0.2768317,-0.5578
514,switching,0.4,0.2687044,-0.5707
514,switching,0.41,0.2607994,-0.5837
514,switching,0.42,0.2531115,-0.5967
514,switching,0.43,0.2456357,-0.6097
514,switching,0.44,0.2383669,-0.6228
514,switching,0.45,0.2313003,-0.6358
514,switching,0.46,0.2244313,-0.6489
514,switching,0.47,0.2177552,-0.662
514,switching,0.48,0.2112677,-0.6752
514,switching,0.49,0.2049642,-0.6883
514,switching,0.5,0.1988406,-0.7015
514,switching,0.51,0.1928927,-0.7147
514,switching,0.52,0.1871164,-0.7279
514,switching,0.53,0.1815076,-0.7411
514,switching,0.54,0.1760625,-0.7543
514,switching,0.55,0.1707771,-0.7676
514,switching,0.56,0.1656477,-0.7808
514,switching,0.57,0.1606706,-0.7941
514,switching,0.58,0.155842,-0.8073
514,switching,0.59,0.1511583,-0.8206
514,switching,0.6,0.1466161,-0.8338
514,switching,0.61,0.1422118,-0.8471
514,switching,0.62,0.1379419,-0.8603
514,switching,0.63,0.1338031,-0.8735
514,switching,0.64,0.1297921,-0.8868
514,switching,0.65,0.1259054,-0.9
514,switching,0.66,0.1221398,-0.9131
514,switching,0.67,0.1184923,-0.9263
514,switching,0.68,0.1149595,-0.9395
514,switching,0.69,0.1115383,-0.9526
514,switching,0.7,0.1082257,-0.9657
514,switching,0.71,0.1050187,-0.9787
514,switching,0.72,0.1019142,-0.9918
514,switching,0.73,0.09890939,-1.0048
514,switching,0.74,0.09600124,-1.0177
514,switching,0.75,0.09318693,-1.0306
514,switching,0.76,0.09046366,-1.0435
514,switching,0.77,0.08782866,-1.0564
514,switching,0.78,0.08527921,-1.0692
514,switching,0.79,0.08281262,-1.0819
514,switching,0.8,0.08042628,-1.0946
514,switching,0.81,0.07811759,-1.1073
514,switching,0.82,0.07588403,-1.1198
514,switching,0.83,0.07372311,-1.1324
514,switching,0.84,0.0716324,-1.1449
514,switching,0.85,0.06960952,-1.1573
514,switching,0.86,0.06765212,-1.1697
514,switching,0.87,0.06575792,-1.1821
514,switching,0.88,0.06392471,-1.1943
514,switching,0.89,0.06215029,-1.2066
514,switching,0.9,0.06043255,-1.2187
514,switching,0.91,0.05876941,-1.2308
514,switching,0.92,0.05715886,-1.2429
514,switching,0.93,0.05559894,-1.2549
514,switching,0.94,0.05408774,-1.2669
514,switching,0.95,0.0526234,-1.2788
514,switching,0.96,0.05120414,-1.2907
514,switching,0.97,0.0498282,-1.3025
514,switching,0.98,0.04849391,-1.3143
514,switching,0.99,0.04719963,-1.3261
514,switching,1.0,0.04594378,-1.3378
514,switching,1.01,0.04472485,-1.3495
514,switching,1.02,0.04354136,-1.3611
514,switching,1.03,0.04239191,-1.3727
514,switching,1.04,0.04127513,-1.3843
514,switching,1.05,0.04018972,-1.3959
514,switching,1.06,0.03913443,-1.4074
514,switching,1.07,0.03810805,-1.419
514,switching,1.08,0.03710944,-1.4305
514,switching,1.09,0.0361375,-1.442
514,switching,1.1,0.03519116,-1.4536
514,switching,1.11,0.03426945,-1.4651
514,switching,1.12,0.03337139,-1.4766
514,switching,1.13,0.03249608,-1.4882
514,switching,1.14,0.03164266,-1.4997
514,switching,1.15,0.03081031,-1.5113
514,switching,1.16,0.02999826,-1.5229
514,switching,1.17,0.02920578,-1.5345
514,switching,1.18,0.02843216,-1.5462
514,switching,1.19,0.02767676,-1.5579
514,switching,1.2,0.02693896,-1.5696
514,switching,1.21,0.02621818,-1.5814
514,switching,1.22,0.02551388,-1.5932
514,switching,1.23,0.02482555,-1.6051
514,switching,1.24,0.0241527,-1.617
514,switching,1.25,0.0234949,-1.629
514,switching,1.26,0.02285172,-1.6411
514,switching,1.27,0.02222277,-1.6532
514,switching,1.28,0.02160768,-1.6654
514,switching,1.29,0.02100612,-1.6777
514,switching,1.3,0.02041778,-1.69
514,switching,1.31,0.01984235,-1.7024
514,switching,1.32,0.01927957,-1.7149
514,switching,1.33,0.01872918,-1.7275
514,switching,1.34,0.01819094,-1.7401
514,switching,1.35,0.01766464,-1.7529
514,switching,1.36,0.01715007,-1.7657
514,switching,1.37,0.01664704,-1.7787
514,switching,1.38,0.01615537,-1.7917
514,switching,1.39,0.0156749,-1.8048
514,switching,1.4,0.01520548,-1.818
514,switching,1.41,0.01474695,-1.8313
514,switching,1.42,0.01429918,-1.8447
514,switching,1.43,0.01386204,-1.8582
514,switching,1.44,0.0134354,-1.8717
514,switching,1.45,0.01301914,-1.8854
514,switching,1.46,0.01261315,-1.8992
514,switching,1.47,0.01221732,-1.913
514,switching,1.48,0.01183154,-1.927
514,switching,1.49,0.01145569,-1.941
514,switching,1.5,0.01108968,-1.9551
515,fixed,0.0,0.85,-0.0706
515,fixed,0.01,0.7777425,-0.1092
515,fixed,0.02,0.7116274,-0.1477
515,fixed,0.03,0.6511328,-0.1863
515,fixed,0.04,0.5957807,-0.2249
515,fixed,0.05,0.5451341,-0.2635
515,fixed,0.06,0.4987929,-0.3021
515,fixed,0.07,0.456391,-0.3407
515,fixed,0.08,0.4175937,-0.3792
515,fixed,0.09,0.3820946,-0.4178
515,fixed,0.1,0.3496131,-0.4564
515,fixed,0.11,0.3198929,-0.495
515,fixed,0.12,0.2926992,-0.5336
515,fixed,0.13,0.2678172,-0.5722
515,fixed,0.14,0.2450503,-0.6107
515,fixed,0.15,0.2242189,-0.6493
515,fixed,0.16,0.2051583,-0.6879
515,fixed,0.17,0.187718,-0.7265
515,fixed,0.18,0.1717603,-0.7651
515,fixed,0.19,0.1571592,-0.8037
515,fixed,0.2,0.1437992,-0.8422
515,fixed,0.21,0.131575,-0.8808
515,fixed,0.22,0.12039,-0.9194
515,fixed,0.23,0.1101558,-0.958
515,fixed,0.24,0.1007915,-0.9966
515,fixed,0.25,0.09222337,-1.0352
515,fixed,0.26,0.08438357,-1.0737
515,fixed,0.27,0.07721021,-1.1123
515,fixed,0.28,0.07064666,-1.1509
515,fixed,0.29,0.06464107,-1.1895
515,fixed,0.3,0.059146,-1.2281
515,fixed,0.31,0.05411807,-1.2667
515,fixed,0.32,0.04951755,-1.3052
515,fixed,0.33,0.04530812,-1.3438
515,fixed,0.34,0.04145653,-1.3824
515,fixed,0.35,0.03793236,-1.421
515,fixed,0.36,0.03470777,-1.4596
515,fixed,0.37,0.0317573,-1.4982
515,fixed,0.38,0.02905765,-1.5367
515,fixed,0.39,0.02658749,-1.5753
515,fixed,0.4,0.02432732,-1.6139
515,fixed,0.41,0.02225928,-1.6525
515,fixed,0.42,0.02036704,-1.6911
515,fixed,0.43,0.01863566,-1.7297
515,fixed,0.44,0.01705147,-1.7682
515,fixed,0.45,0.01560194,-1.8068
515,fixed,0.46,0.01427564,-1.8454
515,fixed,0.47,0.01306208,-1.884
515,fixed,0.48,0.01195169,-1.9226
515,fixed,0.49,0.01093569,-1.9612
515,fixed,0.5,0.01000606,-1.9997
515,fixed,0.51,0.009155455,-2.0383
515,fixed,0.52,0.00837716,-2.0769
515,fixed,0.53,0.007665027,-2.1155
515,fixed,0.54,0.007013432,-2.1541
515,fixed,0.55,0.006417228,-2.1927
515,fixed,0.56,0.005871707,-2.2312
515,fixed,0.57,0.00537256,-2.2698
515,fixed,0.58,0.004915844,-2.3084
515,fixed,0.59,0.004497954,-2.347
515,fixed,0.6,0.004115588,-2.3856
515,fixed,0.61,0.003765727,-2.4242
515,fixed,0.62,0.003445606,-2.4627
515,fixed,0.63,0.003152699,-2.5013
515,fixed,0.64,0.002884692,-2.5399
515,fixed,0.65,0.002639467,-2.5785
515,fixed,0.66,0.002415089,-2.6171
515,fixed,0.67,0.002209785,-2.6556
515,fixed,0.68,0.002021934,-2.6942
515,fixed,0.69,0.001850052,-2.7328
515,fixed,0.7,0.001692781,-2.7714
515,fixed,0.71,0.001548879,-2.81
515,fixed,0.72,0.001417211,-2.8486
515,fixed,0.73,0.001296735,-2.8871
515,fixed,0.74,0.001186501,-2.9257
515,fixed,0.75,0.001085638,-2.9643
515,fixed,0.76,0.0009933494,-3.0029
515,fixed,0.77,0.0009089059,-3.0415
515,fixed,0.78,0.0008316408,-3.0801
515,fixed,0.79,0.0007609439,-3.1186
515,fixed,0.8,0.000696257,-3.1572
515,fixed,0.81,0.0006370689,-3.1958
515,fixed,0.82,0.0005829124,-3.2344
515,fixed,0.83,0.0005333597,-3.273
515,fixed,0.84,0.0004880194,-3.3116
515,fixed,0.85,0.0004465334,-3.3501
515,fixed,0.86,0.0004085741,-3.3887
515,fixed,0.87,0.0003738417,-3.4273
515,fixed,0.88,0.0003420618,-3.4659
515,fixed,0.89,0.0003129835,-3.5045
515,fixed,0.9,0.0002863772,-3.5431
515,fixed,0.91,0.0002620326,-3.5816
515,fixed,0.92,0.0002397575,-3.6202
515,fixed,0.93,0.000219376,-3.6588
515,fixed,0.94,0.0002007271,-3.6974
515,fixed,0.95,0.0001836635,-3.736
515,fixed,0.96,0.0001680504,-3.7746
515,fixed,0.97,0.0001537647,-3.8131
515,fixed,0.98,0.0001406933,-3.8517
515,fixed,0.99,0.0001287331,-3.8903
515,fixed,1.0,0.0001177897,-3.9289
515,fixed,1.01,0.0001077765,-3.9675
515,fixed,1.02,9.861454e-05,-4.0061
515,fixed,1.03,9.023143e-05,-4.0446
515,fixed,1.04,8.256096e-05,-4.0832
515,fixed,1.05,7.554255e-05,-4.1218
515,fixed,1.06,6.912076e-05,-4.1604
515,fixed,1.07,6.324488e-05,-4.199
515,fixed,1.08,5.786851e-05,-4.2376
515,fixed,1.09,5.294917e-05,-4.2761
515,fixed,1.1,4.844802e-05,-4.3147
515,fixed,1.11,4.432951e-05,-4.3533
515,fixed,1.12,4.056111e-05,-4.3919
515,fixed,1.13,3.711305e-05,-4.4305
515,fixed,1.14,3.395811e-05,-4.4691
515,fixed,1.15,3.107137e-05,-4.5076
515,fixed,1.16,2.843003e-05,-4.5462
515,fixed,1.17,2.601323e-05,-4.5848
515,fixed,1.18,2.380187e-05,-4.6234
515,fixed,1.19,2.17785e-05,-4.662
515,fixed,1.2,1.992713e-05,-4.7006
515,fixed,1.21,1.823315e-05,-4.7391
515,fixed,1.22,1.668317e-05,-4.7777
515,fixed,1.23,1.526495e-05,-4.8163
515,fixed,1.24,1.39673e-05,-4.8549
515,fixed,1.25,1.277995e-05,-4.8935
515,fixed,1.26,1.169354e-05,-4.9321
515,fixed,1.27,1.069949e-05,-4.9706
515,fixed,1.28,9.789938e-06,-5.0092
515,fixed,1.29,8.957706e-06,-5.0478
515,fixed,1.3,8.196222e-06,-5.0864
515,fixed,1.31,7.49947e-06,-5.125
515,fixed,1.32,6.861949e-06,-5.1636
515,fixed,1.33,6.278622e-06,-5.2021
515,fixed,1.34,5.744883e-06,-5.2407
515,fixed,1.35,5.256517e-06,-5.2793
515,fixed,1.36,4.809667e-06,-5.3179
515,fixed,1.37,4.400802e-06,-5.3565
515,fixed,1.38,4.026695e-06,-5.3951
515,fixed,1.39,3.68439e-06,-5.4336
515,fixed,1.4,3.371184e-06,-5.4722
515,fixed,1.41,3.084604e-06,-5.5108
515,fixed,1.42,2.822385e-06,-5.5494
515,fixed,1.43,2.582457e-06,-5.588
515,fixed,1.44,2.362926e-06,-5.6265
515,fixed,1.45,2.162056e-06,-5.6651
515,fixed,1.46,1.978262e-06,-5.7037
515,fixed,1.47,1.810092e-06,-5.7423
515,fixed,1.48,1.656218e-06,-5.7809
515,fixed,1.49,1.515425e-06,-5.8195
515,fixed,1.5,1.3866e-06,-5.858
515,switching,0.0,0.8601937,-0.0654
515,switching,0.01,0.8417861,-0.0748
515,switching,0.02,0.8237367,-0.0842
515,switching,0.03,0.806039,-0.0936
515,switching,0.04,0.7886864,-0.1031
515,switching,0.05,0.7716725,-0.1126
515,switching,0.06,0.7549912,-0.1221
515,switching,0.07,0.7386369,-0.1316
515,switching,0.08,0.7226038,-0.1411
515,switching,0.09,0.7068864,-0.1507
515,switching,0.1,0.6914796,-0.1602
515,switching,0.11,0.6763782,-0.1698
515,switching,0.12,0.6615774,-0.1794
515,switching,0.13,0.6470723,-0.189
515,switching,0.14,0.6328583,-0.1987
515,switching,0.15,0.618931,-0.2084
515,switching,0.16,0.6052859,-0.218
515,switching,0.17,0.5919188,-0.2277
515,switching,0.18,0.5788255,-0.2375
515,switching,0.19,0.566002,-0.2472
515,switching,0.2,0.5534442,-0.2569
515,switching,0.21,0.5411482,-0.2667
515,switching,0.22,0.5291102,-0.2765
515,switching,0.23,0.5173264,-0.2862
515,switching,0.24,0.505793,-0.296
515,switching,0.25,0.4945063,-0.3058
515,switching,0.26,0.4834627,-0.3156
515,switching,0.27,0.4726586,-0.3255
515,switching,0.28,0.4620904,-0.3353
515,switching,0.29,0.4517544,-0.3451
515,switching,0.3,0.4416471,-0.3549
515,switching,0.31,0.4317651,-0.3648
515,switching,0.32,0.4221047,-0.3746
515,switching,0.33,0.4126624,-0.3844
515,switching,0.34,0.4034347,-0.3942
515,switching,0.35,0.3944181,-0.404
515,switching,0.36,0.3856091,-0.4139
515,switching,0.37,0.377004,-0.4237
515,switching,0.38,0.3685995,-0.4334
515,switching,0.39,0.360392,-0.4432
515,switching,0.4,0.3523779,-0.453
515,switching,0.41,0.3445537,-0.4627
515,switching,0.42,0.3369158,-0.4725
515,switching,0.43,0.3294606,-0.4822
515,switching,0.44,0.3221847,-0.4919
515,switching,0.45,0.3150844,-0.5016
515,switching,0.46,0.3081562,-0.5112
515,switching,0.47,0.3013964,-0.5209
515,switching,0.48,0.2948016,-0.5305
515,switching,0.49,0.2883682,-0.5401
515,switching,0.5,0.2820925,-0.5496
515,switching,0.51,0.275971,-0.5591
515,switching,0.52,0.2700002,-0.5686
515,switching,0.53,0.2641765,-0.5781
515,switching,0.54,0.2584965,-0.5875
515,switching,0.55,0.2529564,-0.597
515,switching,0.56,0.247553,-0.6063
515,switching,0.57,0.2422827,-0.6157
515,switching,0.58,0.237142,-0.625
515,switching,0.59,0.2321276,-0.6343
515,switching,0.6,0.227236,-0.6435
515,switching,0.61,0.2224639,-0.6527
515,switching,0.62,0.2178079,-0.6619
515,switching,0.63,0.2132649,-0.6711
515,switching,0.64,0.2088315,-0.6802
515,switching,0.65,0.2045045,-0.6893
515,switching,0.66,0.2002809,-0.6984
515,switching,0.67,0.1961574,-0.7074
515,switching,0.68,0.1921312,-0.7164
515,switching,0.69,0.1881991,-0.7254
515,switching,0.7,0.1843583,-0.7343
515,switching,0.71,0.1806058,-0.7433
515,switching,0.72,0.1769389,-0.7522
515,switching,0.73,0.1733549,-0.7611
515,switching,0.74,0.1698511,-0.7699
515,switching,0.75,0.1664248,-0.7788
515,switching,0.76,0.1630735,-0.7876
515,switching,0.77,0.1597948,-0.7964
515,switching,0.78,0.1565863,-0.8052
515,switching,0.79,0.1534456,-0.814
515,switching,0.8,0.1503705,-0.8228
515,switching,0.81,0.1473589,-0.8316
515,switching,0.82,0.1444086,-0.8404
515,switching,0.83,0.1415176,-0.8492
515,switching,0.84,0.138684,-0.858
515,switching,0.85,0.135906,-0.8668
515,switching,0.86,0.1331816,-0.8756
515,switching,0.87,0.1305093,-0.8844
515,switching,0.88,0.1278873,-0.8932
515,switching,0.89,0.1253142,-0.902
515,switching,0.9,0.1227884,-0.9108
515,switching,0.91,0.1203085,-0.9197
515,switching,0.92,0.1178731,-0.9286
515,switching,0.93,0.115481,-0.9375
515,switching,0.94,0.113131,-0.9464
515,switching,0.95,0.110822,-0.9554
515,switching,0.96,0.1085527,-0.9644
515,switching,0.97,0.1063224,-0.9734
515,switching,0.98,0.1041299,-0.9824
515,switching,0.99,0.1019745,-0.9915
515,switching,1.0,0.09985518,-1.0006
515,switching,1.01,0.09777133,-1.0098
515,switching,1.02,0.09572216,-1.019
515,switching,1.03,0.09370702,-1.0282
515,switching,1.04,0.09172529,-1.0375
515,switching,1.05,0.08977639,-1.0468
515,switching,1.06,0.08785981,-1.0562
515,switching,1.07,0.08597505,-1.0656
515,switching,1.08,0.08412166,-1.0751
515,switching,1.09,0.08229925,-1.0846
515,switching,1.1,0.08050744,-1.0942
515,switching,1.11,0.07874589,-1.1038
515,switching,1.12,0.07701428,-1.1134
515,switching,1.13,0.07531233,-1.1231
515,switching,1.14,0.07363979,-1.1329
515,switching,1.15,0.07199642,-1.1427
515,switching,1.16,0.07038199,-1.1525
515,switching,1.17,0.06879631,-1.1624
515,switching,1.18,0.06723919,-1.1724
515,switching,1.19,0.06571047,-1.1824
515,switching,1.2,0.06420998,-1.1924
515,switching,1.21,0.06273758,-1.2025
515,switching,1.22,0.06129311,-1.2126
515,switching,1.23,0.05987644,-1.2227
515,switching,1.24,0.05848744,-1.2329
515,switching,1.25,0.05712596,-1.2432
515,switching,1.26,0.05579187,-1.2534
515,switching,1.27,0.05448504,-1.2637
515,switching,1.28,0.05320532,-1.274
515,switching,1.29,0.05195256,-1.2844
515,switching,1.3,0.05072662,-1.2948
515,switching,1.31,0.04952734,-1.3052
515,switching,1.32,0.04835454,-1.3156
515,switching,1.33,0.04720806,-1.326
515,switching,1.34,0.04608769,-1.3364
515,switching,1.35,0.04499324,-1.3469
515,switching,1.36,0.04392451,-1.3573
515,switching,1.37,0.04288126,-1.3677
515,switching,1.38,0.04186325,-1.3782
515,switching,1.39,0.04087025,-1.3886
515,switching,1.4,0.03990198,-1.399
515,switching,1.41,0.03895816,-1.4094
515,switching,1.42,0.0380385,-1.4198
515,switching,1.43,0.03714269,-1.4301
515,switching,1.44,0.03627042,-1.4404
515,switching,1.45,0.03542135,-1.4507
515,switching,1.46,0.03459512,-1.461
515,switching,1.47,0.03379138,-1.4712
515,switching,1.48,0.03300975,-1.4814
515,switching,1.49,0.03224984,-1.4915
515,switching,1.5,0.03151125,-1.5015
1024,fixed,0.0,0.85,-0.0706
1024,fixed,0.01,0.7809471,-0.1074
1024,fixed,0.02,0.7175039,-0.1442
1024,fixed,0.03,0.6592148,-0.181
1024,fixed,0.04,0.605661,-0.2178
1024,fixed,0.05,0.5564578,-0.2546
1024,fixed,0.06,0.5112519,-0.2914
1024,fixed,0.07,0.4697184,-0.3282
1024,fixed,0.08,0.4315591,-0.365
1024,fixed,0.09,0.3964998,-0.4018
1024,fixed,0.1,0.3642886,-0.4386
1024,fixed,0.11,0.3346943,-0.4754
1024,fixed,0.12,0.3075041,-0.5121
1024,fixed,0.13,0.2825229,-0.5489
1024,fixed,0.14,0.2595711,-0.5857
1024,fixed,0.15,0.2384838,-0.6225
1024,fixed,0.16,0.2191097,-0.6593
1024,fixed,0.17,0.2013095,-0.6961
1024,fixed,0.18,0.1849554,-0.7329
1024,fixed,0.19,0.1699298,-0.7697
1024,fixed,0.2,0.1561249,-0.8065
1024,fixed,0.21,0.1434415,-0.8433
1024,fixed,0.22,0.1317885,-0.8801
1024,fixed,0.23,0.1210822,-0.9169
1024,fixed,0.24,0.1112456,-0.9537
1024,fixed,0.25,0.1022082,-0.9905
1024,fixed,0.26,0.09390491,-1.0273
1024,fixed,0.27,0.08627619,-1.0641
1024,fixed,0.28,0.07926722,-1.1009
1024,fixed,0.29,0.07282765,-1.1377
1024,fixed,0.3,0.06691122,-1.1745
1024,fixed,0.31,0.06147544,-1.2113
1024,fixed,0.32,0.05648125,-1.2481
1024,fixed,0.33,0.05189279,-1.2849
1024,fixed,0.34,0.04767708,-1.3217
1024,fixed,0.35,0.04380385,-1.3585
1024,fixed,0.36,0.04024528,-1.3953
1024,fixed,0.37,0.03697581,-1.4321
1024,fixed,0.38,0.03397194,-1.4689
1024,fixed,0.39,0.0312121,-1.5057
1024,fixed,0.4,0.02867647,-1.5425
1024,fixed,0.41,0.02634683,-1.5793
1024,fixed,0.42,0.02420644,-1.6161
1024,fixed,0.43,0.02223994,-1.6529
1024,fixed,0.44,0.0204332,-1.6897
1024,fixed,0.45,0.01877323,-1.7265
1024,fixed,0.46,0.01724812,-1.7633
1024,fixed,0.47,0.0158469,-1.8001
1024,fixed,0.48,0.01455952,-1.8369
1024,fixed,0.49,0.01337672,-1.8737
1024,fixed,0.5,0.01229001,-1.9104
1024,fixed,0.51,0.01129159,-1.9472
1024,fixed,0.52,0.01037427,-1.984
1024,fixed,0.53,0.00953148,-2.0208
1024,fixed,0.54,0.008757155,-2.0576
1024,fixed,0.55,0.008045734,-2.0944
1024,fixed,0.56,0.007392109,-2.1312
1024,fixed,0.57,0.006791583,-2.168
1024,fixed,0.58,0.006239843,-2.2048
1024,fixed,0.59,0.005732926,-2.2416
1024,fixed,0.6,0.005267191,-2.2784
1024,fixed,0.61,0.004839291,-2.3152
1024,fixed,0.62,0.004446153,-2.352
1024,fixed,0.63,0.004084953,-2.3888
1024,fixed,0.64,0.003753096,-2.4256
1024,fixed,0.65,0.003448199,-2.4624
1024,fixed,0.66,0.003168072,-2.4992
1024,fixed,0.67,0.002910702,-2.536
1024,fixed,0.68,0.00267424,-2.5728
1024,fixed,0.69,0.002456988,-2.6096
1024,fixed,0.7,0.002257385,-2.6464
1024,fixed,0.71,0.002073998,-2.6832
1024,fixed,0.72,0.001905509,-2.72
1024,fixed,0.73,0.001750708,-2.7568
1024,fixed,0.74,0.001608483,-2.7936
1024,fixed,0.75,0.001477812,-2.8304
1024,fixed,0.76,0.001357756,-2.8672
1024,fixed,0.77,0.001247454,-2.904
1024,fixed,0.78,0.001146112,-2.9408
1024,fixed,0.79,0.001053003,-2.9776
1024,fixed,0.8,0.0009674586,-3.0144
1024,fixed,0.81,0.0008888635,-3.0512
1024,fixed,0.82,0.0008166533,-3.088
1024,fixed,0.83,0.0007503094,-3.1248
1024,fixed,0.84,0.0006893552,-3.1616
1024,fixed,0.85,0.0006333529,-3.1984
1024,fixed,0.86,0.0005819001,-3.2352
1024,fixed,0.87,0.0005346272,-3.2719
1024,fixed,0.88,0.0004911948,-3.3087
1024,fixed,0.89,0.0004512907,-3.3455
1024,fixed,0.9,0.0004146284,-3.3823
1024,fixed,0.91,0.0003809445,-3.4191
1024,fixed,0.92,0.0003499971,-3.4559
1024,fixed,0.93,0.0003215638,-3.4927
1024,fixed,0.94,0.0002954403,-3.5295
1024,fixed,0.95,0.0002714391,-3.5663
1024,fixed,0.96,0.0002493877,-3.6031
1024,fixed,0.97,0.0002291278,-3.6399
1024,fixed,0.98,0.0002105137,-3.6767
1024,fixed,0.99,0.0001934119,-3.7135
1024,fixed,1.0,0.0001776993,-3.7503
1024,fixed,1.01,0.0001632633,-3.7871
1024,fixed,1.02,0.0001499999,-3.8239
1024,fixed,1.03,0.0001378141,-3.8607
1024,fixed,1.04,0.0001266183,-3.8975
1024,fixed,1.05,0.000116332,-3.9343
1024,fixed,1.06,0.0001068813,-3.9711
1024,fixed,1.07,9.819841e-05,-4.0079
1024,fixed,1.08,9.022089e-05,-4.0447
1024,fixed,1.09,8.289146e-05,-4.0815
1024,fixed,1.1,7.615746e-05,-4.1183
1024,fixed,1.11,6.997052e-05,-4.1551
1024,fixed,1.12,6.428621e-05,-4.1919
1024,fixed,1.13,5.906367e-05,-4.2287
1024,fixed,1.14,5.426542e-05,-4.2655
1024,fixed,1.15,4.985696e-05,-4.3023
1024,fixed,1.16,4.580664e-05,-4.3391
1024,fixed,1.17,4.208537e-05,-4.3759
1024,fixed,1.18,3.866641e-05,-4.4127
1024,fixed,1.19,3.55252e-05,-4.4495
1024,fixed,1.2,3.263917e-05,-4.4863
1024,fixed,1.21,2.998761e-05,-4.5231
1024,fixed,1.22,2.755145e-05,-4.5599
1024,fixed,1.23,2.531321e-05,-4.5967
1024,fixed,1.24,2.325679e-05,-4.6335
1024,fixed,1.25,2.136744e-05,-4.6702
1024,fixed,1.26,1.963158e-05,-4.707
1024,fixed,1.27,1.803673e-05,-4.7438
1024,fixed,1.28,1.657145e-05,-4.7806
1024,fixed,1.29,1.522521e-05,-4.8174
1024,fixed,1.3,1.398833e-05,-4.8542
1024,fixed,1.31,1.285193e-05,-4.891
1024,fixed,1.32,1.180786e-05,-4.9278
1024,fixed,1.33,1.08486e-05,-4.9646
1024,fixed,1.34,9.967276e-06,-5.0014
1024,fixed,1.35,9.157547e-06,-5.0382
1024,fixed,1.36,8.4136e-06,-5.075
1024,fixed,1.37,7.730089e-06,-5.1118
1024,fixed,1.38,7.102106e-06,-5.1486
1024,fixed,1.39,6.52514e-06,-5.1854
1024,fixed,1.4,5.995046e-06,-5.2222
1024,fixed,1.41,5.508016e-06,-5.259
1024,fixed,1.42,5.060551e-06,-5.2958
1024,fixed,1.43,4.649439e-06,-5.3326
1024,fixed,1.44,4.271724e-06,-5.3694
1024,fixed,1.45,3.924694e-06,-5.4062
1024,fixed,1.46,3.605857e-06,-5.443
1024,fixed,1.47,3.312922e-06,-5.4798
1024,fixed,1.48,3.043784e-06,-5.5166
1024,fixed,1.49,2.796511e-06,-5.5534
1024,fixed,1.5,2.569326e-06,-5.5902
1024,switching,0.0,0.8568646,-0.0671
1024,switching,0.01,0.8364468,-0.0776
1024,switching,0.02,0.816485,-0.0881
1024,switching,0.03,0.7969707,-0.0986
1024,switching,0.04,0.7778957,-0.1091
1024,switching,0.05,0.7592518,-0.1196
1024,switching,0.06,0.7410311,-0.1302
1024,switching,0.07,0.7232259,-0.1407
1024,switching,0.08,0.7058285,-0.1513
1024,switching,0.09,0.6888316,-0.1619
1024,switching,0.1,0.6722278,-0.1725
1024,switching,0.11,0.6560099,-0.1831
1024,switching,0.12,0.640171,-0.1937
1024,switching,0.13,0.624704,-0.2043
1024,switching,0.14,0.6096022,-0.215
1024,switching,0.15,0.5948587,-0.2256
1024,switching,0.16,0.5804669,-0.2362
1024,switching,0.17,0.5664202,-0.2469
1024,switching,0.18,0.5527122,-0.2575
1024,switching,0.19,0.5393363,-0.2681
1024,switching,0.2,0.5262863,-0.2788
1024,switching,0.21,0.5135558,-0.2894
1024,switching,0.22,0.5011385,-0.3
1024,switching,0.23,0.4890283,-0.3107
1024,switching,0.24,0.477219,-0.3213
1024,switching,0.25,0.4657044,-0.3319
1024,switching,0.26,0.4544786,-0.3425
1024,switching,0.27,0.4435356,-0.3531
1024,switching,0.28,0.4328693,-0.3636
1024,switching,0.29,0.4224738,-0.3742
1024,switching,0.3,0.4123433,-0.3847
1024,switching,0.31,0.4024719,-0.3953
1024,switching,0.32,0.3928538,-0.4058
1024,switching,0.33,0.3834833,-0.4163
1024,switching,0.34,0.3743546,-0.4267
1024,switching,0.35,0.3654621,-0.4372
1024,switching,0.36,0.3568002,-0.4476
1024,switching,0.37,0.3483632,-0.458
1024,switching,0.38,0.3401458,-0.4683
1024,switching,0.39,0.3321423,-0.4787
1024,switching,0.4,0.3243475,-0.489
1024,switching,0.41,0.3167559,-0.4993
1024,switching,0.42,0.3093623,-0.5095
1024,switching,0.43,0.3021614,-0.5198
1024,switching,0.44,0.295148,-0.53
1024,switching,0.45,0.2883171,-0.5401
1024,switching,0.46,0.2816636,-0.5503
1024,switching,0.47,0.2751826,-0.5604
1024,switching,0.48,0.2688692,-0.5705
1024,switching,0.49,0.2627186,-0.5805
1024,switching,0.5,0.256726,-0.5905
1024,switching,0.51,0.2508868,-0.6005
1024,switching,0.52,0.2451964,-0.6105
1024,switching,0.53,0.2396504,-0.6204
1024,switching,0.54,0.2342445,-0.6303
1024,switching,0.55,0.2289742,-0.6402
1024,switching,0.56,0.2238354,-0.6501
1024,switching,0.57,0.2188241,-0.6599
1024,switching,0.58,0.2139362,-0.6697
1024,switching,0.59,0.2091677,-0.6795
1024,switching,0.6,0.2045149,-0.6893
1024,switching,0.61,0.1999742,-0.699
1024,switching,0.62,0.1955418,-0.7088
1024,switching,0.63,0.1912143,-0.7185
1024,switching,0.64,0.1869883,-0.7282
1024,switching,0.65,0.1828606,-0.7379
1024,switching,0.66,0.1788278,-0.7476
1024,switching,0.67,0.174887,-0.7572
1024,switching,0.68,0.1710351,-0.7669
1024,switching,0.69,0.1672694,-0.7766
1024,switching,0.7,0.1635869,-0.7863
1024,switching,0.71,0.1599851,-0.7959
1024,switching,0.72,0.1564615,-0.8056
1024,switching,0.73,0.1530134,-0.8153
1024,switching,0.74,0.1496387,-0.825
1024,switching,0.75,0.1463349,-0.8347
1024,switching,0.76,0.1431,-0.8444
1024,switching,0.77,0.1399319,-0.8541
1024,switching,0.78,0.1368286,-0.8638
1024,switching,0.79,0.1337882,-0.8736
1024,switching,0.8,0.130809,-0.8834
1024,switching,0.81,0.1278892,-0.8932
1024,switching,0.82,0.1250273,-0.903
1024,switching,0.83,0.1222216,-0.9129
1024,switching,0.84,0.1194708,-0.9227
1024,switching,0.85,0.1167734,-0.9327
1024,switching,0.86,0.1141281,-0.9426
1024,switching,0.87,0.1115339,-0.9526
1024,switching,0.88,0.1089893,-0.9626
1024,switching,0.89,0.1064935,-0.9727
1024,switching,0.9,0.1040453,-0.9828
1024,switching,0.91,0.1016438,-0.9929
1024,switching,0.92,0.09928806,-1.0031
1024,switching,0.93,0.09697726,-1.0133
1024,switching,0.94,0.09471058,-1.0236
1024,switching,0.95,0.09248728,-1.0339
1024,switching,0.96,0.09030663,-1.0443
1024,switching,0.97,0.08816799,-1.0547
1024,switching,0.98,0.08607072,-1.0651
1024,switching,0.99,0.08401424,-1.0756
1024,switching,1.0,0.08199799,-1.0862
1024,switching,1.01,0.08002145,-1.0968
1024,switching,1.02,0.07808412,-1.1074
1024,switching,1.03,0.07618555,-1.1181
1024,switching,1.04,0.07432527,-1.1289
1024,switching,1.05,0.07250287,-1.1396
1024,switching,1.06,0.07071793,-1.1505
1024,switching,1.07,0.06897007,-1.1613
1024,switching,1.08,0.06725891,-1.1723
1024,switching,1.09,0.06558407,-1.1832
1024,switching,1.1,0.06394519,-1.1942
1024,switching,1.11,0.06234193,-1.2052
1024,switching,1.12,0.06077393,-1.2163
1024,switching,1.13,0.05924085,-1.2274
1024,switching,1.14,0.05774234,-1.2385
1024,switching,1.15,0.05627806,-1.2497
1024,switching,1.16,0.05484767,-1.2608
1024,switching,1.17,0.0534508,-1.272
1024,switching,1.18,0.05208711,-1.2833
1024,switching,1.19,0.05075623,-1.2945
1024,switching,1.2,0.0494578,-1.3058
1024,switching,1.21,0.04819144,-1.317
1024,switching,1.22,0.04695677,-1.3283
1024,switching,1.23,0.0457534,-1.3396
1024,switching,1.24,0.04458092,-1.3509
1024,switching,1.25,0.04343893,-1.3621
1024,switching,1.26,0.04232699,-1.3734
1024,switching,1.27,0.04124468,-1.3846
1024,switching,1.28,0.04019154,-1.3959
1024,switching,1.29,0.03916713,-1.4071
1024,switching,1.3,0.03817098,-1.4183
1024,switching,1.31,0.03720261,-1.4294
1024,switching,1.32,0.03626152,-1.4406
1024,switching,1.33,0.03534723,-1.4516
1024,switching,1.34,0.03445922,-1.4627
1024,switching,1.35,0.03359697,-1.4737
1024,switching,1.36,0.03275995,-1.4847
1024,switching,1.37,0.03194763,-1.4956
1024,switching,1.38,0.03115946,-1.5064
1024,switching,1.39,0.03039488,-1.5172
1024,switching,1.4,0.02965335,-1.5279
1024,switching,1.41,0.02893428,-1.5386
1024,switching,1.42,0.02823712,-1.5492
1024,switching,1.43,0.02756128,-1.5597
1024,switching,1.44,0.02690618,-1.5701
1024,switching,1.45,0.02627125,-1.5805
1024,switching,1.46,0.0256559,-1.5908
1024,switching,1.47,0.02505954,-1.601
1024,switching,1.48,0.0244816,-1.6112
1024,switching,1.49,0.02392148,-1.6212
1024,switching,1.5,0.0233786,-1.6312
1025,fixed,0.0,0.85,-0.0706
1025,fixed,0.01,0.778302,-0.1089
1025,fixed,0.02,0.7126518,-0.1471
1025,fixed,0.03,0.6525392,-0.1854
1025,fixed,0.04,0.5974971,-0.2237
1025,fixed,0.05,0.5470979,-0.2619
1025,fixed,0.06,0.5009498,-0.3002
1025,fixed,0.07,0.4586944,-0.3385
1025,fixed,0.08,0.4200033,-0.3767
1025,fixed,0.09,0.3845757,-0.415
1025,fixed,0.1,0.3521365,-0.4533
1025,fixed,0.11,0.3224336,-0.4916
1025,fixed,0.12,0.2952361,-0.5298
1025,fixed,0.13,0.2703328,-0.5681
1025,fixed,0.14,0.2475301,-0.6064
1025,fixed,0.15,0.2266508,-0.6446
1025,fixed,0.16,0.2075326,-0.6829
1025,fixed,0.17,0.1900271,-0.7212
1025,fixed,0.18,0.1739982,-0.7595
1025,fixed,0.19,0.1593214,-0.7977
1025,fixed,0.2,0.1458825,-0.836
1025,fixed,0.21,0.1335772,-0.8743
1025,fixed,0.22,0.1223099,-0.9125
1025,fixed,0.23,0.111993,-0.9508
1025,fixed,0.24,0.1025463,-0.9891
1025,fixed,0.25,0.09389649,-1.0274
1025,fixed,0.26,0.08597626,-1.0656
1025,fixed,0.27,0.07872411,-1.1039
1025,fixed,0.28,0.07208369,-1.1422
1025,fixed,0.29,0.06600339,-1.1804
1025,fixed,0.3,0.06043596,-1.2187
1025,fixed,0.31,0.05533815,-1.257
1025,fixed,0.32,0.05067035,-1.2952
1025,fixed,0.33,0.04639627,-1.3335
1025,fixed,0.34,0.04248272,-1.3718
1025,fixed,0.35,0.03889928,-1.4101
1025,fixed,0.36,0.0356181,-1.4483
1025,fixed,0.37,0.03261369,-1.4866
1025,fixed,0.38,0.02986271,-1.5249
1025,fixed,0.39,0.02734377,-1.5631
1025,fixed,0.4,0.02503731,-1.6014
1025,fixed,0.41,0.02292539,-1.6397
1025,fixed,0.42,0.02099162,-1.678
1025,fixed,0.43,0.01922097,-1.7162
1025,fixed,0.44,0.01759967,-1.7545
1025,fixed,0.45,0.01611513,-1.7928
1025,fixed,0.46,0.0147558,-1.831
1025,fixed,0.47,0.01351114,-1.8693
1025,fixed,0.48,0.01237147,-1.9076
1025,fixed,0.49,0.01132793,-1.9458
1025,fixed,0.5,0.01037241,-1.9841
1025,fixed,0.51,0.009497493,-2.0224
1025,fixed,0.52,0.008696374,-2.0607
1025,fixed,0.53,0.00796283,-2.0989
1025,fixed,0.54,0.00729116,-2.1372
1025,fixed,0.55,0.006676147,-2.1755
1025,fixed,0.56,0.00611301,-2.2137
1025,fixed,0.57,0.005597374,-2.252
1025,fixed,0.58,0.005125232,-2.2903
1025,fixed,0.59,0.004692915,-2.3286
1025,fixed,0.6,0.004297065,-2.3668
1025,fixed,0.61,0.003934605,-2.4051
1025,fixed,0.62,0.003602719,-2.4434
1025,fixed,0.63,0.003298827,-2.4816
1025,fixed,0.64,0.003020569,-2.5199
1025,fixed,0.65,0.002765783,-2.5582
1025,fixed,0.66,0.002532487,-2.5965
1025,fixed,0.67,0.00231887,-2.6347
1025,fixed,0.68,0.002123272,-2.673
1025,fixed,0.69,0.001944173,-2.7113
1025,fixed,0.7,0.001780181,-2.7495
1025,fixed,0.71,0.001630021,-2.7878
1025,fixed,0.72,0.001492528,-2.8261
1025,fixed,0.73,0.001366633,-2.8643
1025,fixed,0.74,0.001251356,-2.9026
1025,fixed,0.75,0.001145804,-2.9409
1025,fixed,0.76,0.001049154,-2.9792
1025,fixed,0.77,0.0009606576,-3.0174
1025,fixed,0.78,0.0008796256,-3.0557
1025,fixed,0.79,0.0008054286,-3.094
1025,fixed,0.8,0.0007374903,-3.1322
1025,fixed,0.81,0.0006752825,-3.1705
1025,fixed,0.82,0.000618322,-3.2088
1025,fixed,0.83,0.0005661662,-3.2471
1025,fixed,0.84,0.0005184097,-3.2853
1025,fixed,0.85,0.0004746816,-3.3236
1025,fixed,0.86,0.0004346419,-3.3619
1025,fixed,0.87,0.0003979796,-3.4001
1025,fixed,0.88,0.0003644098,-3.4384
1025,fixed,0.89,0.0003336716,-3.4767
1025,fixed,0.9,0.0003055262,-3.515
1025,fixed,0.91,0.0002797549,-3.5532
1025,fixed,0.92,0.0002561574,-3.5915
1025,fixed,0.93,0.0002345504,-3.6298
1025,fixed,0.94,0.0002147659,-3.668
1025,fixed,0.95,0.0001966503,-3.7063
1025,fixed,0.96,0.0001800627,-3.7446
1025,fixed,0.97,0.0001648743,-3.7828
1025,fixed,0.98,0.0001509671,-3.8211
1025,fixed,0.99,0.0001382329,-3.8594
1025,fixed,1.0,0.0001265729,-3.8977
1025,fixed,1.01,0.0001158964,-3.9359
1025,fixed,1.02,0.0001061204,-3.9742
1025,fixed,1.03,9.716912e-05,-4.0125
1025,fixed,1.04,8.897285e-05,-4.0507
1025,fixed,1.05,8.146794e-05,-4.089
1025,fixed,1.06,7.459607e-05,-4.1273
1025,fixed,1.07,6.830384e-05,-4.1656
1025,fixed,1.08,6.254237e-05,-4.2038
1025,fixed,1.09,5.726689e-05,-4.2421
1025,fixed,1.1,5.243639e-05,-4.2804
1025,fixed,1.11,4.801335e-05,-4.3186
1025,fixed,1.12,4.39634e-05,-4.3569
1025,fixed,1.13,4.025506e-05,-4.3952
1025,fixed,1.14,3.685952e-05,-4.4335
1025,fixed,1.15,3.37504e-05,-4.4717
1025,fixed,1.16,3.090353e-05,-4.51
1025,fixed,1.17,2.82968e-05,-4.5483
1025,fixed,1.18,2.590995e-05,-4.5865
1025,fixed,1.19,2.372443e-05,-4.6248
1025,fixed,1.2,2.172326e-05,-4.6631
1025,fixed,1.21,1.989089e-05,-4.7013
1025,fixed,1.22,1.821308e-05,-4.7396
1025,fixed,1.23,1.66768e-05,-4.7779
1025,fixed,1.24,1.52701e-05,-4.8162
1025,fixed,1.25,1.398206e-05,-4.8544
1025,fixed,1.26,1.280266e-05,-4.8927
1025,fixed,1.27,1.172275e-05,-4.931
1025,fixed,1.28,1.073393e-05,-4.9692
1025,fixed,1.29,9.828515e-06,-5.0075
1025,fixed,1.3,8.999474e-06,-5.0458
1025,fixed,1.31,8.240363e-06,-5.0841
1025,fixed,1.32,7.545284e-06,-5.1223
1025,fixed,1.33,6.908834e-06,-5.1606
1025,fixed,1.34,6.32607e-06,-5.1989
1025,fixed,1.35,5.792462e-06,-5.2371
1025,fixed,1.36,5.303865e-06,-5.2754
1025,fixed,1.37,4.856481e-06,-5.3137
1025,fixed,1.38,4.446834e-06,-5.3519
1025,fixed,1.39,4.07174e-06,-5.3902
1025,fixed,1.4,3.728287e-06,-5.4285
1025,fixed,1.41,3.413804e-06,-5.4668
1025,fixed,1.42,3.125847e-06,-5.505
1025,fixed,1.43,2.86218e-06,-5.5433
1025,fixed,1.44,2.620753e-06,-5.5816
1025,fixed,1.45,2.399691e-06,-5.6198
1025,fixed,1.46,2.197276e-06,-5.6581
1025,fixed,1.47,2.011934e-06,-5.6964
1025,fixed,1.48,1.842227e-06,-5.7347
1025,fixed,1.49,1.686834e-06,-5.7729
1025,fixed,1.5,1.544548e-06,-5.8112
1025,switching,0.0,0.843102,-0.0741
1025,switching,0.01,0.819683,-0.0864
1025,switching,0.02,0.7969296,-0.0986
1025,switching,0.03,0.7748247,-0.1108
1025,switching,0.04,0.7533513,-0.123
1025,switching,0.05,0.7324928,-0.1352
1025,switching,0.06,0.7122331,-0.1474
1025,switching,0.07,0.692556,-0.1595
1025,switching,0.08,0.673446,-0.1717
1025,switching,0.09,0.6548877,-0.1838
1025,switching,0.1,0.636866,-0.196
1025,switching,0.11,0.6193662,-0.2081
1025,switching,0.12,0.6023737,-0.2201
1025,switching,0.13,0.5858743,-0.2322
1025,switching,0.14,0.5698541,-0.2442
1025,switching,0.15,0.5542994,-0.2563
1025,switching,0.16,0.539197,-0.2683
1025,switching,0.17,0.5245335,-0.2802
1025,switching,0.18,0.5102963,-0.2922
1025,switching,0.19,0.4964728,-0.3041
1025,switching,0.2,0.4830507,-0.316
1025,switching,0.21,0.470018,-0.3279
1025,switching,0.22,0.4573629,-0.3397
1025,switching,0.23,0.4450739,-0.3516
1025,switching,0.24,0.4331399,-0.3634
1025,switching,0.25,0.4215499,-0.3752
1025,switching,0.26,0.4102932,-0.3869
1025,switching,0.27,0.3993594,-0.3986
1025,switching,0.28,0.3887383,-0.4103
1025,switching,0.29,0.3784201,-0.422
1025,switching,0.3,0.3683951,-0.4337
1025,switching,0.31,0.358654,-0.4453
1025,switching,0.32,0.3491876,-0.4569
1025,switching,0.33,0.339987,-0.4685
1025,switching,0.34,0.3310438,-0.4801
1025,switching,0.35,0.3223494,-0.4917
1025,switching,0.36,0.3138958,-0.5032
1025,switching,0.37,0.3056751,-0.5147
1025,switching,0.38,0.2976798,-0.5263
1025,switching,0.39,0.2899024,-0.5377
1025,switching,0.4,0.2823358,-0.5492
1025,switching,0.41,0.2749731,-0.5607
1025,switching,0.42,0.2678076,-0.5722
1025,switching,0.43,0.260833,-0.5836
1025,switching,0.44,0.2540429,-0.5951
1025,switching,0.45,0.2474314,-0.6065
1025,switching,0.46,0.2409928,-0.618
1025,switching,0.47,0.2347214,-0.6294
1025,switching,0.48,0.2286119,-0.6409
1025,switching,0.49,0.2226591,-0.6524
1025,switching,0.5,0.2168581,-0.6638
1025,switching,0.51,0.2112042,-0.6753
1025,switching,0.52,0.2056928,-0.6868
1025,switching,0.53,0.2003195,-0.6983
1025,switching,0.54,0.19508,-0.7098
1025,switching,0.55,0.1899705,-0.7213
1025,switching,0.56,0.1849869,-0.7329
1025,switching,0.57,0.1801257,-0.7444
1025,switching,0.58,0.1753833,-0.756
1025,switching,0.59,0.1707564,-0.7676
1025,switching,0.6,0.1662416,-0.7793
1025,switching,0.61,0.1618359,-0.7909
1025,switching,0.62,0.1575364,-0.8026
1025,switching,0.63,0.1533401,-0.8143
1025,switching,0.64,0.1492446,-0.8261
1025,switching,0.65,0.1452471,-0.8379
1025,switching,0.66,0.1413452,-0.8497
1025,switching,0.67,0.1375366,-0.8616
1025,switching,0.68,0.1338189,-0.8735
1025,switching,0.69,0.1301902,-0.8854
1025,switching,0.7,0.1266483,-0.8974
1025,switching,0.71,0.1231912,-0.9094
1025,switching,0.72,0.1198171,-0.9215
1025,switching,0.73,0.1165242,-0.9336
1025,switching,0.74,0.1133108,-0.9457
1025,switching,0.75,0.1101751,-0.9579
1025,switching,0.76,0.1071157,-0.9701
1025,switching,0.77,0.1041309,-0.9824
1025,switching,0.78,0.1012194,-0.9947
1025,switching,0.79,0.09837962,-1.0071
1025,switching,0.8,0.09561026,-1.0195
1025,switching,0.81,0.09290998,-1.0319
1025,switching,0.82,0.0902775,-1.0444
1025,switching,0.83,0.08771156,-1.0569
1025,switching,0.84,0.08521094,-1.0695
1025,switching,0.85,0.08277445,-1.0821
1025,switching,0.86,0.08040095,-1.0947
1025,switching,0.87,0.07808928,-1.1074
1025,switching,0.88,0.07583835,-1.1201
1025,switching,0.89,0.07364706,-1.1328
1025,switching,0.9,0.07151433,-1.1456
1025,switching,0.91,0.0694391,-1.1584
1025,switching,0.92,0.06742033,-1.1712
1025,switching,0.93,0.06545698,-1.184
1025,switching,0.94,0.06354803,-1.1969
1025,switching,0.95,0.06169245,-1.2098
1025,switching,0.96,0.05988925,-1.2227
1025,switching,0.97,0.05813741,-1.2355
1025,switching,0.98,0.05643593,-1.2484
1025,switching,0.99,0.05478383,-1.2613
1025,switching,1.0,0.0531801,-1.2743
1025,switching,1.01,0.05162376,-1.2872
1025,switching,1.02,0.05011381,-1.3
1025,switching,1.03,0.04864928,-1.3129
1025,switching,1.04,0.04722917,-1.3258
1025,switching,1.05,0.04585249,-1.3386
1025,switching,1.06,0.04451828,-1.3515
1025,switching,1.07,0.04322554,-1.3643
1025,switching,1.08,0.04197329,-1.377
1025,switching,1.09,0.04076055,-1.3898
1025,switching,1.1,0.03958635,-1.4025
1025,switching,1.11,0.03844971,-1.4151
1025,switching,1.12,0.03734965,-1.4277
1025,switching,1.13,0.03628521,-1.4403
1025,switching,1.14,0.03525542,-1.4528
1025,switching,1.15,0.03425932,-1.4652
1025,switching,1.16,0.03329595,-1.4776
1025,switching,1.17,0.03236437,-1.4899
1025,switching,1.18,0.03146362,-1.5022
1025,switching,1.19,0.03059277,-1.5144
1025,switching,1.2,0.02975089,-1.5265
1025,switching,1.21,0.02893706,-1.5385
1025,switching,1.22,0.02815038,-1.5505
1025,switching,1.23,0.02738993,-1.5624
1025,switching,1.24,0.02665484,-1.5742
1025,switching,1.25,0.02594422,-1.586
1025,switching,1.26,0.02525721,-1.5976
1025,switching,1.27,0.02459296,-1.6092
1025,switching,1.28,0.02395064,-1.6207
1025,switching,1.29,0.02332942,-1.6321
1025,switching,1.3,0.0227285,-1.6434
1025,switching,1.31,0.02214709,-1.6547
1025,switching,1.32,0.02158441,-1.6659
1025,switching,1.33,0.02103972,-1.677
1025,switching,1.34,0.02051228,-1.688
1025,switching,1.35,0.02000136,-1.6989
1025,switching,1.36,0.01950628,-1.7098
1025,switching,1.37,0.01902635,-1.7206
1025,switching,1.38,0.01856092,-1.7314
1025,switching,1.39,0.01810934,-1.7421
1025,switching,1.4,0.01767101,-1.7527
1025,switching,1.41,0.01724531,-1.7633
1025,switching,1.42,0.01683169,-1.7739
1025,switching,1.43,0.01642958,-1.7844
1025,switching,1.44,0.01603845,-1.7948
1025,switching,1.45,0.0156578,-1.8053
1025,switching,1.46,0.01528712,-1.8157
1025,switching,1.47,0.01492596,-1.8261
1025,switching,1.48,0.01457387,-1.8364
1025,switching,1.49,0.01423041,-1.8468
1025,switching,1.5,0.01389519,-1.8571
1026,fixed,0.0,0.85,-0.0706
1026,fixed,0.01,0.7742246,-0.1111
1026,fixed,0.02,0.7052043,-0.1517
1026,fixed,0.03,0.642337,-0.1922
1026,fixed,0.04,0.5850743,-0.2328
1026,fixed,0.05,0.5329163,-0.2733
1026,fixed,0.06,0.4854081,-0.3139
1026,fixed,0.07,0.4421351,-0.3544
1026,fixed,0.08,0.4027199,-0.395
1026,fixed,0.09,0.3668184,-0.4355
1026,fixed,0.1,0.3341174,-0.4761
1026,fixed,0.11,0.3043316,-0.5167
1026,fixed,0.12,0.2772012,-0.5572
1026,fixed,0.13,0.2524894,-0.5978
1026,fixed,0.14,0.2299806,-0.6383
1026,fixed,0.15,0.2094784,-0.6789
1026,fixed,0.16,0.1908039,-0.7194
1026,fixed,0.17,0.1737942,-0.76
1026,fixed,0.18,0.1583008,-0.8005
1026,fixed,0.19,0.1441887,-0.8411
1026,fixed,0.2,0.1313346,-0.8816
1026,fixed,0.21,0.1196265,-0.9222
1026,fixed,0.22,0.108962,-0.9627
1026,fixed,0.23,0.09924834,-1.0033
1026,fixed,0.24,0.09040059,-1.0438
1026,fixed,0.25,0.0823416,-1.0844
1026,fixed,0.26,0.07500105,-1.1249
1026,fixed,0.27,0.06831488,-1.1655
1026,fixed,0.28,0.06222478,-1.206
1026,fixed,0.29,0.05667759,-1.2466
1026,fixed,0.3,0.05162492,-1.2871
1026,fixed,0.31,0.04702268,-1.3277
1026,fixed,0.32,0.04283072,-1.3682
1026,fixed,0.33,0.03901247,-1.4088
1026,fixed,0.34,0.0355346,-1.4493
1026,fixed,0.35,0.03236678,-1.4899
1026,fixed,0.36,0.02948136,-1.5305
1026,fixed,0.37,0.02685317,-1.571
1026,fixed,0.38,0.02445927,-1.6116
1026,fixed,0.39,0.02227879,-1.6521
1026,fixed,0.4,0.02029269,-1.6927
1026,fixed,0.41,0.01848364,-1.7332
1026,fixed,0.42,0.01683587,-1.7738
1026,fixed,0.43,0.01533499,-1.8143
1026,fixed,0.44,0.01396792,-1.8549
1026,fixed,0.45,0.01272271,-1.8954
1026,fixed,0.46,0.01158851,-1.936
1026,fixed,0.47,0.01055542,-1.9765
1026,fixed,0.48,0.009614432,-2.0171
1026,fixed,0.49,0.008757329,-2.0576
1026,fixed,0.5,0.007976634,-2.0982
1026,fixed,0.51,0.007265537,-2.1387
1026,fixed,0.52,0.006617832,-2.1793
1026,fixed,0.53,0.006027868,-2.2198
1026,fixed,0.54,0.005490498,-2.2604
1026,fixed,0.55,0.005001033,-2.3009
1026,fixed,0.56,0.004555203,-2.3415
1026,fixed,0.57,0.004149118,-2.382
1026,fixed,0.58,0.003779234,-2.4226
1026,fixed,0.59,0.003442325,-2.4631
1026,fixed,0.6,0.00313545,-2.5037
1026,fixed,0.61,0.002855932,-2.5443
1026,fixed,0.62,0.002601332,-2.5848
1026,fixed,0.63,0.00236943,-2.6254
1026,fixed,0.64,0.002158201,-2.6659
1026,fixed,0.65,0.001965803,-2.7065
1026,fixed,0.66,0.001790556,-2.747
1026,fixed,0.67,0.001630932,-2.7876
1026,fixed,0.68,0.001485539,-2.8281
1026,fixed,0.69,0.001353106,-2.8687
1026,fixed,0.7,0.00123248,-2.9092
1026,fixed,0.71,0.001122608,-2.9498
1026,fixed,0.72,0.00102253,-2.9903
1026,fixed,0.73,0.0009313738,-3.0309
1026,fixed,0.74,0.0008483441,-3.0714
1026,fixed,0.75,0.0007727163,-3.112
1026,fixed,0.76,0.0007038305,-3.1525
1026,fixed,0.77,0.0006410857,-3.1931
1026,fixed,0.78,0.0005839345,-3.2336
1026,fixed,0.79,0.0005318781,-3.2742
1026,fixed,0.8,0.0004844625,-3.3147
1026,fixed,0.81,0.0004412738,-3.3553
1026,fixed,0.82,0.0004019353,-3.3958
1026,fixed,0.83,0.0003661037,-3.4364
1026,fixed,0.84,0.0003334665,-3.4769
1026,fixed,0.85,0.0003037388,-3.5175
1026,fixed,0.86,0.0002766612,-3.5581
1026,fixed,0.87,0.0002519975,-3.5986
1026,fixed,0.88,0.0002295325,-3.6392
1026,fixed,0.89,0.0002090703,-3.6797
1026,fixed,0.9,0.0001904322,-3.7203
1026,fixed,0.91,0.0001734556,-3.7608
1026,fixed,0.92,0.0001579924,-3.8014
1026,fixed,0.93,0.0001439078,-3.8419
1026,fixed,0.94,0.0001310788,-3.8825
1026,fixed,0.95,0.0001193934,-3.923
1026,fixed,0.96,0.0001087498,-3.9636
1026,fixed,0.97,9.9055e-05,-4.0041
1026,fixed,0.98,9.022448e-05,-4.0447
1026,fixed,0.99,8.218119e-05,-4.0852
1026,fixed,1.0,7.485493e-05,-4.1258
1026,fixed,1.01,6.81818e-05,-4.1663
1026,fixed,1.02,6.210356e-05,-4.2069
1026,fixed,1.03,5.656717e-05,-4.2474
1026,fixed,1.04,5.152435e-05,-4.288
1026,fixed,1.05,4.693108e-05,-4.3285
1026,fixed,1.06,4.274728e-05,-4.3691
1026,fixed,1.07,3.893647e-05,-4.4096
1026,fixed,1.08,3.546537e-05,-4.4502
1026,fixed,1.09,3.230372e-05,-4.4907
1026,fixed,1.1,2.942392e-05,-4.5313
1026,fixed,1.11,2.680085e-05,-4.5719
1026,fixed,1.12,2.441162e-05,-4.6124
1026,fixed,1.13,2.223538e-05,-4.653
1026,fixed,1.14,2.025315e-05,-4.6935
1026,fixed,1.15,1.844763e-05,-4.7341
1026,fixed,1.16,1.680307e-05,-4.7746
1026,fixed,1.17,1.530512e-05,-4.8152
1026,fixed,1.18,1.39407e-05,-4.8557
1026,fixed,1.19,1.269792e-05,-4.8963
1026,fixed,1.2,1.156593e-05,-4.9368
1026,fixed,1.21,1.053486e-05,-4.9774
1026,fixed,1.22,9.595702e-06,-5.0179
1026,fixed,1.23,8.740269e-06,-5.0585
1026,fixed,1.24,7.961095e-06,-5.099
1026,fixed,1.25,7.251382e-06,-5.1396
1026,fixed,1.26,6.604939e-06,-5.1801
1026,fixed,1.27,6.016125e-06,-5.2207
1026,fixed,1.28,5.479802e-06,-5.2612
1026,fixed,1.29,4.991291e-06,-5.3018
1026,fixed,1.3,4.546329e-06,-5.3423
1026,fixed,1.31,4.141035e-06,-5.3829
1026,fixed,1.32,3.771872e-06,-5.4234
1026,fixed,1.33,3.435618e-06,-5.464
1026,fixed,1.34,3.129341e-06,-5.5045
1026,fixed,1.35,2.850368e-06,-5.5451
1026,fixed,1.36,2.596265e-06,-5.5857
1026,fixed,1.37,2.364814e-06,-5.6262
1026,fixed,1.38,2.153997e-06,-5.6668
1026,fixed,1.39,1.961973e-06,-5.7073
1026,fixed,1.4,1.787068e-06,-5.7479
1026,fixed,1.41,1.627755e-06,-5.7884
1026,fixed,1.42,1.482645e-06,-5.829
1026,fixed,1.43,1.35047e-06,-5.8695
1026,fixed,1.44,1.230079e-06,-5.9101
1026,fixed,1.45,1.120421e-06,-5.9506
1026,fixed,1.46,1.020538e-06,-5.9912
1026,fixed,1.47,9.295594e-07,-6.0317
1026,fixed,1.48,8.466914e-07,-6.0723
1026,fixed,1.49,7.712109e-07,-6.1128
1026,fixed,1.5,7.024593e-07,-6.1534
1026,switching,0.0,0.8399681,-0.0757
1026,switching,0.01,0.8203215,-0.086
1026,switching,0.02,0.8011672,-0.0963
1026,switching,0.03,0.7824935,-0.1065
1026,switching,0.04,0.7642885,-0.1167
1026,switching,0.05,0.7465407,-0.1269
1026,switching,0.06,0.7292386,-0.1371
1026,switching,0.07,0.712371,-0.1473
1026,switching,0.08,0.6959268,-0.1574
1026,switching,0.09,0.6798949,-0.1676
1026,switching,0.1,0.6642647,-0.1777
1026,switching,0.11,0.6490256,-0.1877
1026,switching,0.12,0.634167,-0.1978
1026,switching,0.13,0.6196788,-0.2078
1026,switching,0.14,0.6055508,-0.2178
1026,switching,0.15,0.5917732,-0.2278
1026,switching,0.16,0.5783363,-0.2378
1026,switching,0.17,0.5652305,-0.2478
1026,switching,0.18,0.5524465,-0.2577
1026,switching,0.19,0.5399753,-0.2676
1026,switching,0.2,0.5278078,-0.2775
1026,switching,0.21,0.5159353,-0.2874
1026,switching,0.22,0.5043492,-0.2973
1026,switching,0.23,0.4930414,-0.3071
1026,switching,0.24,0.4820035,-0.3169
1026,switching,0.25,0.4712277,-0.3268
1026,switching,0.26,0.4607063,-0.3366
1026,switching,0.27,0.4504318,-0.3464
1026,switching,0.28,0.4403968,-0.3562
1026,switching,0.29,0.4305942,-0.3659
1026,switching,0.3,0.4210173,-0.3757
1026,switching,0.31,0.4116592,-0.3855
1026,switching,0.32,0.4025135,-0.3952
1026,switching,0.33,0.393574,-0.405
1026,switching,0.34,0.3848345,-0.4147
1026,switching,0.35,0.3762892,-0.4245
1026,switching,0.36,0.3679325,-0.4342
1026,switching,0.37,0.3597589,-0.444
1026,switching,0.38,0.3517631,-0.4537
1026,switching,0.39,0.34394,-0.4635
1026,switching,0.4,0.3362848,-0.4733
1026,switching,0.41,0.3287928,-0.4831
1026,switching,0.42,0.3214594,-0.4929
1026,switching,0.43,0.3142804,-0.5027
1026,switching,0.44,0.3072515,-0.5125
1026,switching,0.45,0.3003688,-0.5223
1026,switching,0.46,0.2936286,-0.5322
1026,switching,0.47,0.287027,-0.5421
1026,switching,0.48,0.2805607,-0.552
1026,switching,0.49,0.2742263,-0.5619
1026,switching,0.5,0.2680207,-0.5718
1026,switching,0.51,0.2619408,-0.5818
1026,switching,0.52,0.2559836,-0.5918
1026,switching,0.53,0.2501465,-0.6018
1026,switching,0.54,0.2444268,-0.6119
1026,switching,0.55,0.2388219,-0.6219
1026,switching,0.56,0.2333296,-0.632
1026,switching,0.57,0.2279475,-0.6422
1026,switching,0.58,0.2226734,-0.6523
1026,switching,0.59,0.2175053,-0.6625
1026,switching,0.6,0.2124412,-0.6728
1026,switching,0.61,0.2074792,-0.683
1026,switching,0.62,0.2026175,-0.6933
1026,switching,0.63,0.1978544,-0.7037
1026,switching,0.64,0.1931883,-0.714
1026,switching,0.65,0.1886176,-0.7244
1026,switching,0.66,0.1841408,-0.7348
1026,switching,0.67,0.1797564,-0.7453
1026,switching,0.68,0.1754631,-0.7558
1026,switching,0.69,0.1712595,-0.7663
1026,switching,0.7,0.1671444,-0.7769
1026,switching,0.71,0.1631164,-0.7875
1026,switching,0.72,0.1591744,-0.7981
1026,switching,0.73,0.1553171,-0.8088
1026,switching,0.74,0.1515435,-0.8195
1026,switching,0.75,0.1478525,-0.8302
1026,switching,0.76,0.1442428,-0.8409
1026,switching,0.77,0.1407134,-0.8517
1026,switching,0.78,0.1372633,-0.8624
1026,switching,0.79,0.1338914,-0.8732
1026,switching,0.8,0.1305967,-0.8841
1026,switching,0.81,0.127378,-0.8949
1026,switching,0.82,0.1242345,-0.9058
1026,switching,0.83,0.121165,-0.9166
1026,switching,0.84,0.1181685,-0.9275
1026,switching,0.85,0.1152439,-0.9384
1026,switching,0.86,0.1123903,-0.9493
1026,switching,0.87,0.1096066,-0.9602
1026,switching,0.88,0.1068917,-0.9711
1026,switching,0.89,0.1042445,-0.9819
1026,switching,0.9,0.1016641,-0.9928
1026,switching,0.91,0.09914935,-1.0037
1026,switching,0.92,0.0966991,-1.0146
1026,switching,0.93,0.0943123,-1.0254
1026,switching,0.94,0.09198783,-1.0363
1026,switching,0.95,0.08972459,-1.0471
1026,switching,0.96,0.08752143,-1.0579
1026,switching,0.97,0.08537722,-1.0687
1026,switching,0.98,0.08329082,-1.0794
1026,switching,0.99,0.08126105,-1.0901
1026,switching,1.0,0.07928675,-1.1008
1026,switching,1.01,0.07736674,-1.1114
1026,switching,1.02,0.07549985,-1.1221
1026,switching,1.03,0.07368487,-1.1326
1026,switching,1.04,0.07192061,-1.1431
1026,switching,1.05,0.07020586,-1.1536
1026,switching,1.06,0.06853943,-1.1641
1026,switching,1.07,0.0669201,-1.1744
1026,switching,1.08,0.06534665,-1.1848
1026,switching,1.09,0.06381789,-1.1951
1026,switching,1.1,0.06233261,-1.2053
1026,switching,1.11,0.06088958,-1.2155
1026,switching,1.12,0.05948763,-1.2256
1026,switching,1.13,0.05812554,-1.2356
1026,switching,1.14,0.05680213,-1.2456
1026,switching,1.15,0.05551621,-1.2556
1026,switching,1.16,0.05426662,-1.2655
1026,switching,1.17,0.0530522,-1.2753
1026,switching,1.18,0.05187179,-1.2851
1026,switching,1.19,0.05072426,-1.2948
1026,switching,1.2,0.0496085,-1.3044
1026,switching,1.21,0.0485234,-1.314
1026,switching,1.22,0.04746787,-1.3236
1026,switching,1.23,0.04644086,-1.3331
1026,switching,1.24,0.0454413,-1.3425
1026,switching,1.25,0.04446819,-1.352
1026,switching,1.26,0.04352052,-1.3613
1026,switching,1.27,0.0425973,-1.3706
1026,switching,1.28,0.04169758,-1.3799
1026,switching,1.29,0.04082044,-1.3891
1026,switching,1.3,0.03996497,-1.3983
1026,switching,1.31,0.03913029,-1.4075
1026,switching,1.32,0.03831555,-1.4166
1026,switching,1.33,0.03751992,-1.4257
1026,switching,1.34,0.03674262,-1.4348
1026,switching,1.35,0.03598288,-1.4439
1026,switching,1.36,0.03523995,-1.453
1026,switching,1.37,0.03451313,-1.462
1026,switching,1.38,0.03380175,-1.4711
1026,switching,1.39,0.03310515,-1.4801
1026,switching,1.4,0.03242272,-1.4892
1026,switching,1.41,0.03175385,-1.4982
1026,switching,1.42,0.03109801,-1.5073
1026,switching,1.43,0.03045464,-1.5163
1026,switching,1.44,0.02982325,-1.5254
1026,switching,1.45,0.02920336,-1.5346
1026,switching,1.46,0.02859453,-1.5437
1026,switching,1.47,0.02799634,-1.5529
1026,switching,1.48,0.02740839,-1.5621
1026,switching,1.49,0.02683033,-1.5714
1026,switching,1.5,0.02626181,-1.5807
1027,fixed,0.0,0.85,-0.0706
1027,fixed,0.01,0.7775762,-0.1093
1027,fixed,0.02,0.7113233,-0.1479
1027,fixed,0.03,0.6507154,-0.1866
1027,fixed,0.04,0.5952716,-0.2253
1027,fixed,0.05,0.5445518,-0.264
1027,fixed,0.06,0.4981536,-0.3026
1027,fixed,0.07,0.4557087,-0.3413
1027,fixed,0.08,0.4168803,-0.38
1027,fixed,0.09,0.3813603,-0.4187
1027,fixed,0.1,0.3488667,-0.4573
1027,fixed,0.11,0.3191417,-0.496
1027,fixed,0.12,0.2919494,-0.5347
1027,fixed,0.13,0.2670741,-0.5734
1027,fixed,0.14,0.2443182,-0.612
1027,fixed,0.15,0.2235012,-0.6507
1027,fixed,0.16,0.2044579,-0.6894
1027,fixed,0.17,0.1870372,-0.7281
1027,fixed,0.18,0.1711008,-0.7667
1027,fixed,0.19,0.1565223,-0.8054
1027,fixed,0.2,0.1431859,-0.8441
1027,fixed,0.21,0.1309858,-0.8828
1027,fixed,0.22,0.1198252,-0.9215
1027,fixed,0.23,0.1096156,-0.9601
1027,fixed,0.24,0.1002759,-0.9988
1027,fixed,0.25,0.09173191,-1.0375
1027,fixed,0.26,0.08391595,-1.0762
1027,fixed,0.27,0.07676594,-1.1148
1027,fixed,0.28,0.07022514,-1.1535
1027,fixed,0.29,0.06424165,-1.1922
1027,fixed,0.3,0.05876798,-1.2309
1027,fixed,0.31,0.05376069,-1.2695
1027,fixed,0.32,0.04918004,-1.3082
1027,fixed,0.33,0.04498968,-1.3469
1027,fixed,0.34,0.04115637,-1.3856
1027,fixed,0.35,0.03764966,-1.4242
1027,fixed,0.36,0.03444174,-1.4629
1027,fixed,0.37,0.03150716,-1.5016
1027,fixed,0.38,0.02882261,-1.5403
1027,fixed,0.39,0.02636679,-1.5789
1027,fixed,0.4,0.02412023,-1.6176
1027,fixed,0.41,0.02206508,-1.6563
1027,fixed,0.42,0.02018503,-1.695
1027,fixed,0.43,0.01846518,-1.7336
1027,fixed,0.44,0.01689187,-1.7723
1027,fixed,0.45,0.0154526,-1.811
1027,fixed,0.46,0.01413597,-1.8497
1027,fixed,0.47,0.01293153,-1.8884
1027,fixed,0.48,0.0118297,-1.927
1027,fixed,0.49,0.01082176,-1.9657
1027,fixed,0.5,0.009899699,-2.0044
1027,fixed,0.51,0.009056201,-2.0431
1027,fixed,0.52,0.008284573,-2.0817
1027,fixed,0.53,0.007578691,-2.1204
1027,fixed,0.54,0.006932953,-2.1591
1027,fixed,0.55,0.006342235,-2.1978
1027,fixed,0.56,0.005801848,-2.2364
1027,fixed,0.57,0.005307505,-2.2751
1027,fixed,0.58,0.004855282,-2.3138
1027,fixed,0.59,0.004441591,-2.3525
1027,fixed,0.6,0.004063148,-2.3911
1027,fixed,0.61,0.00371695,-2.4298
1027,fixed,0.62,0.003400249,-2.4685
1027,fixed,0.63,0.003110533,-2.5072
1027,fixed,0.64,0.002845502,-2.5458
1027,fixed,0.65,0.002603052,-2.5845
1027,fixed,0.66,0.002381261,-2.6232
1027,fixed,0.67,0.002178367,-2.6619
1027,fixed,0.68,0.00199276,-2.7005
1027,fixed,0.69,0.001822968,-2.7392
1027,fixed,0.7,0.001667644,-2.7779
1027,fixed,0.71,0.001525553,-2.8166
1027,fixed,0.72,0.001395569,-2.8552
1027,fixed,0.73,0.00127666,-2.8939
1027,fixed,0.74,0.001167883,-2.9326
1027,fixed,0.75,0.001068375,-2.9713
1027,fixed,0.76,0.0009773443,-3.01
1027,fixed,0.77,0.0008940703,-3.0486
1027,fixed,0.78,0.0008178915,-3.0873
1027,fixed,0.79,0.0007482036,-3.126
1027,fixed,0.8,0.0006844533,-3.1647
1027,fixed,0.81,0.0006261349,-3.2033
1027,fixed,0.82,0.0005727854,-3.242
1027,fixed,0.83,0.0005239816,-3.2807
1027,fixed,0.84,0.000479336,-3.3194
1027,fixed,0.85,0.0004384945,-3.358
1027,fixed,0.86,0.0004011328,-3.3967
1027,fixed,0.87,0.0003669545,-3.4354
1027,fixed,0.88,0.0003356884,-3.4741
1027,fixed,0.89,0.0003070863,-3.5127
1027,fixed,0.9,0.0002809212,-3.5514
1027,fixed,0.91,0.0002569854,-3.5901
1027,fixed,0.92,0.0002350891,-3.6288
1027,fixed,0.93,0.0002150585,-3.6674
1027,fixed,0.94,0.0001967346,-3.7061
1027,fixed,0.95,0.0001799719,-3.7448
1027,fixed,0.96,0.0001646375,-3.7835
1027,fixed,0.97,0.0001506097,-3.8221
1027,fixed,0.98,0.0001377771,-3.8608
1027,fixed,0.99,0.0001260379,-3.8995
1027,fixed,1.0,0.0001152989,-3.9382
1027,fixed,1.01,0.0001054749,-3.9769
1027,fixed,1.02,9.648797e-05,-4.0155
1027,fixed,1.03,8.826677e-05,-4.0542
1027,fixed,1.04,8.074605e-05,-4.0929
1027,fixed,1.05,7.386613e-05,-4.1316
1027,fixed,1.06,6.757241e-05,-4.1702
1027,fixed,1.07,6.181494e-05,-4.2089
1027,fixed,1.08,5.654804e-05,-4.2476
1027,fixed,1.09,5.17299e-05,-4.2863
1027,fixed,1.1,4.732228e-05,-4.3249
1027,fixed,1.11,4.329021e-05,-4.3636
1027,fixed,1.12,3.96017e-05,-4.4023
1027,fixed,1.13,3.622746e-05,-4.441
1027,fixed,1.14,3.314072e-05,-4.4796
1027,fixed,1.15,3.031698e-05,-4.5183
1027,fixed,1.16,2.773384e-05,-4.557
1027,fixed,1.17,2.53708e-05,-4.5957
1027,fixed,1.18,2.320909e-05,-4.6343
1027,fixed,1.19,2.123158e-05,-4.673
1027,fixed,1.2,1.942255e-05,-4.7117
1027,fixed,1.21,1.776766e-05,-4.7504
1027,fixed,1.22,1.625378e-05,-4.789
1027,fixed,1.23,1.486889e-05,-4.8277
1027,fixed,1.24,1.360199e-05,-4.8664
1027,fixed,1.25,1.244304e-05,-4.9051
1027,fixed,1.26,1.138284e-05,-4.9437
1027,fixed,1.27,1.041297e-05,-4.9824
1027,fixed,1.28,9.525741e-06,-5.0211
1027,fixed,1.29,8.714106e-06,-5.0598
1027,fixed,1.3,7.971626e-06,-5.0985
1027,fixed,1.31,7.292408e-06,-5.1371
1027,fixed,1.32,6.671063e-06,-5.1758
1027,fixed,1.33,6.102659e-06,-5.2145
1027,fixed,1.34,5.582685e-06,-5.2532
1027,fixed,1.35,5.107016e-06,-5.2918
1027,fixed,1.36,4.671876e-06,-5.3305
1027,fixed,1.37,4.273811e-06,-5.3692
1027,fixed,1.38,3.909664e-06,-5.4079
1027,fixed,1.39,3.576543e-06,-5.4465
1027,fixed,1.4,3.271806e-06,-5.4852
1027,fixed,1.41,2.993033e-06,-5.5239
1027,fixed,1.42,2.738014e-06,-5.5626
1027,fixed,1.43,2.504723e-06,-5.6012
1027,fixed,1.44,2.291309e-06,-5.6399
1027,fixed,1.45,2.09608e-06,-5.6786
1027,fixed,1.46,1.917485e-06,-5.7173
1027,fixed,1.47,1.754106e-06,-5.7559
1027,fixed,1.48,1.604649e-06,-5.7946
1027,fixed,1.49,1.467926e-06,-5.8333
1027,fixed,1.5,1.342852e-06,-5.872
1027,switching,0.0,0.8594326,-0.0658
1027,switching,0.01,0.8384504,-0.0765
1027,switching,0.02,0.8179516,-0.0873
1027,switching,0.03,0.7979245,-0.098
1027,switching,0.04,0.7783576,-0.1088
1027,switching,0.05,0.7592397,-0.1196
1027,switching,0.06,0.7405602,-0.1304
1027,switching,0.07,0.7223088,-0.1413
1027,switching,0.08,0.7044756,-0.1521
1027,switching,0.09,0.687051,-0.163
1027,switching,0.1,0.6700258,-0.1739
1027,switching,0.11,0.653391,-0.1848
1027,switching,0.12,0.6371381,-0.1958
1027,switching,0.13,0.6212588,-0.2067
1027,switching,0.14,0.6057449,-0.2177
1027,switching,0.15,0.5905889,-0.2287
1027,switching,0.16,0.5757831,-0.2397
1027,switching,0.17,0.5613204,-0.2508
1027,switching,0.18,0.5471936,-0.2619
1027,switching,0.19,0.533396,-0.273
1027,switching,0.2,0.5199209,-0.2841
1027,switching,0.21,0.5067619,-0.2952
1027,switching,0.22,0.4939128,-0.3063
1027,switching,0.23,0.4813675,-0.3175
1027,switching,0.24,0.46912,-0.3287
1027,switching,0.25,0.4571646,-0.3399
1027,switching,0.26,0.4454957,-0.3512
1027,switching,0.27,0.4341077,-0.3624
1027,switching,0.28,0.4229953,-0.3737
1027,switching,0.29,0.4121531,-0.3849
1027,switching,0.3,0.4015761,-0.3962
1027,switching,0.31,0.3912591,-0.4075
1027,switching,0.32,0.3811971,-0.4189
1027,switching,0.33,0.3713853,-0.4302
1027,switching,0.34,0.3618188,-0.4415
1027,switching,0.35,0.3524928,-0.4528
1027,switching,0.36,0.3434027,-0.4642
1027,switching,0.37,0.3345438,-0.4755
1027,switching,0.38,0.3259116,-0.4869
1027,switching,0.39,0.3175014,-0.4983
1027,switching,0.4,0.309309,-0.5096
1027,switching,0.41,0.3013297,-0.521
1027,switching,0.42,0.2935593,-0.5323
1027,switching,0.43,0.2859933,-0.5436
1027,switching,0.44,0.2786275,-0.555
1027,switching,0.45,0.2714576,-0.5663
1027,switching,0.46,0.2644794,-0.5776
1027,switching,0.47,0.2576886,-0.5889
1027,switching,0.48,0.2510811,-0.6002
1027,switching,0.49,0.2446527,-0.6114
1027,switching,0.5,0.2383994,-0.6227
1027,switching,0.51,0.232317,-0.6339
1027,switching,0.52,0.2264015,-0.6451
1027,switching,0.53,0.220649,-0.6563
1027,switching,0.54,0.2150553,-0.6674
1027,switching,0.55,0.2096166,-0.6786
1027,switching,0.56,0.2043291,-0.6897
1027,switching,0.57,0.1991887,-0.7007
1027,switching,0.58,0.1941917,-0.7118
1027,switching,0.59,0.1893344,-0.7228
1027,switching,0.6,0.1846128,-0.7337
1027,switching,0.61,0.1800234,-0.7447
1027,switching,0.62,0.1755625,-0.7556
1027,switching,0.63,0.1712265,-0.7664
1027,switching,0.64,0.1670118,-0.7773
1027,switching,0.65,0.1629148,-0.788
1027,switching,0.66,0.1589322,-0.7988
1027,switching,0.67,0.1550605,-0.8095
1027,switching,0.68,0.1512963,-0.8202
1027,switching,0.69,0.1476364,-0.8308
1027,switching,0.7,0.1440775,-0.8414
1027,switching,0.71,0.1406164,-0.852
1027,switching,0.72,0.1372501,-0.8625
1027,switching,0.73,0.1339754,-0.873
1027,switching,0.74,0.1307894,-0.8834
1027,switching,0.75,0.1276892,-0.8938
1027,switching,0.76,0.1246719,-0.9042
1027,switching,0.77,0.1217347,-0.9146
1027,switching,0.78,0.118875,-0.9249
1027,switching,0.79,0.11609,-0.9352
1027,switching,0.8,0.1133772,-0.9455
1027,switching,0.81,0.1107341,-0.9557
1027,switching,0.82,0.1081583,-0.9659
1027,switching,0.83,0.1056474,-0.9761
1027,switching,0.84,0.1031992,-0.9863
1027,switching,0.85,0.1008114,-0.9965
1027,switching,0.86,0.09848196,-1.0066
1027,switching,0.87,0.09620881,-1.0168
1027,switching,0.88,0.09398995,-1.0269
1027,switching,0.89,0.09182348,-1.037
1027,switching,0.9,0.08970758,-1.0472
1027,switching,0.91,0.08764049,-1.0573
1027,switching,0.92,0.08562052,-1.0674
1027,switching,0.93,0.08364605,-1.0776
1027,switching,0.94,0.08171554,-1.0877
1027,switching,0.95,0.07982752,-1.0978
1027,switching,0.96,0.07798059,-1.108
1027,switching,0.97,0.07617339,-1.1182
1027,switching,0.98,0.07440465,-1.1284
1027,switching,0.99,0.07267317,-1.1386
1027,switching,1.0,0.0709778,-1.1489
1027,switching,1.01,0.06931745,-1.1592
1027,switching,1.02,0.06769108,-1.1695
1027,switching,1.03,0.06609773,-1.1798
1027,switching,1.04,0.06453649,-1.1902
1027,switching,1.05,0.06300648,-1.2006
1027,switching,1.06,0.0615069,-1.2111
1027,switching,1.07,0.06003698,-1.2216
1027,switching,1.08,0.05859601,-1.2321
1027,switching,1.09,0.05718332,-1.2427
1027,switching,1.1,0.05579829,-1.2534
1027,switching,1.11,0.05444032,-1.2641
1027,switching,1.12,0.05310888,-1.2748
1027,switching,1.13,0.05180345,-1.2856
1027,switching,1.14,0.05052355,-1.2965
1027,switching,1.15,0.04926874,-1.3074
1027,switching,1.16,0.04803862,-1.3184
1027,switching,1.17,0.04683279,-1.3294
1027,switching,1.18,0.0456509,-1.3406
1027,switching,1.19,0.0444926,-1.3517
1027,switching,1.2,0.0433576,-1.3629
1027,switching,1.21,0.04224559,-1.3742
1027,switching,1.22,0.04115631,-1.3856
1027,switching,1.23,0.04008949,-1.397
1027,switching,1.24,0.03904489,-1.4084
1027,switching,1.25,0.03802228,-1.42
1027,switching,1.26,0.03702143,-1.4315
1027,switching,1.27,0.03604215,-1.4432
1027,switching,1.28,0.03508422,-1.4549
1027,switching,1.29,0.03414744,-1.4666
1027,switching,1.3,0.03323163,-1.4784
1027,switching,1.31,0.0323366,-1.4903
1027,switching,1.32,0.03146215,-1.5022
1027,switching,1.33,0.0306081,-1.5142
1027,switching,1.34,0.02977427,-1.5262
1027,switching,1.35,0.02896047,-1.5382
1027,switching,1.36,0.02816651,-1.5503
1027,switching,1.37,0.02739219,-1.5624
1027,switching,1.38,0.02663732,-1.5745
1027,switching,1.39,0.0259017,-1.5867
1027,switching,1.4,0.02518511,-1.5989
1027,switching,1.41,0.02448735,-1.6111
1027,switching,1.42,0.02380819,-1.6233
1027,switching,1.43,0.02314742,-1.6355
1027,switching,1.44,0.02250479,-1.6477
1027,switching,1.45,0.02188007,-1.66
1027,switching,1.46,0.021273,-1.6722
1027,switching,1.47,0.02068333,-1.6844
1027,switching,1.48,0.02011079,-1.6966
1027,switching,1.49,0.01955512,-1.7087
1027,switching,1.5,0.01901603,-1.7209
