path,t_s,x,y,z,radius
0,0.0,3.1176,-0.3238,0.2909,3.1478
0,0.2,3.3152,-0.2799,-0.2042,3.3333
0,0.4,3.3162,-0.3749,-0.6813,3.4061
0,0.6,3.1403,-0.0845,-0.8303,3.2493
0,0.8,2.8587,-0.3827,-0.2425,2.8944
0,1.0,3.1716,-0.3899,0.1539,3.1992
0,1.2,3.5414,-0.4564,0.0192,3.5707
0,1.4,3.4214,-0.307,0.2196,3.4421
0,1.6,3.5088,-0.2366,0.3183,3.5311
0,1.8,3.9823,-0.0857,0.7439,4.0521
0,2.0,3.6071,0.0274,0.7434,3.683
0,2.2,3.6571,0.4431,0.4649,3.713
0,2.4,3.0679,0.2375,0.7164,3.1594
0,2.6,3.1245,0.2075,0.632,3.1946
0,2.8,2.9362,0.1543,0.3913,2.9662
0,3.0,2.9249,0.1302,0.1908,2.934
0,3.2,2.8737,0.1909,0.3585,2.9023
0,3.4,3.0354,0.0553,-0.0777,3.0369
0,3.6,2.8429,-0.0313,-0.2419,2.8533
0,3.8,3.0952,-0.3211,-0.7007,3.1897
0,4.0,2.9322,-0.3739,-0.5831,3.0129
0,4.2,2.9547,-0.4341,-0.9304,3.128
0,4.4,3.1496,-0.0345,-0.7406,3.2356
0,4.6,3.3196,0.2638,-0.5345,3.3727
0,4.8,3.6013,0.0273,-0.7196,3.6726
0,5.0,3.6583,-0.1859,-0.5823,3.709
0,5.2,3.245,-0.3,-0.4963,3.2965
0,5.4,2.9706,-0.3473,0.02,2.9909
0,5.6,3.0674,-0.6001,-0.2521,3.1357
0,5.8,3.1337,-0.7567,0.1074,3.2256
0,6.0,3.2768,-0.7498,0.1082,3.3633
0,6.2,3.5866,-0.4537,-0.2849,3.6263
0,6.4,3.5996,-0.609,-0.0233,3.6509
0,6.6,3.2429,-0.3078,-0.255,3.2675
0,6.8,3.2236,-0.1643,-0.4786,3.2631
0,7.0,3.3037,-0.3304,-0.4443,3.3498
0,7.2,3.4063,-0.3681,-0.2463,3.435
0,7.4,3.3149,-0.2816,-0.1054,3.3285
0,7.6,3.4771,0.0494,0.2619,3.4873
0,7.8,3.6213,0.0202,0.2902,3.633
0,8.0,3.4554,0.1327,0.2106,3.4643
0,8.2,3.7598,0.1753,0.3483,3.78
0,8.4,3.9979,0.2663,0.0158,4.0068
0,8.6,3.6965,0.0782,-0.2307,3.7045
0,8.8,3.7029,0.0171,-0.2745,3.7131
0,9.0,3.4643,-0.3307,-0.2683,3.4904
0,9.2,3.8001,0.1234,-0.0244,3.8021
0,9.4,3.8614,-0.1156,0.3197,3.8764
0,9.6,4.3732,0.0724,0.1628,4.3769
0,9.8,3.9837,-0.0153,0.0033,3.9837
0,10.0,4.0669,0.083,0.1547,4.0707
0,10.2,3.8649,-0.0622,0.3799,3.8841
0,10.4,3.9892,-0.0249,0.0469,3.9895
0,10.6,3.8802,0.2442,0.4404,3.9128
0,10.8,3.9724,0.1686,0.9123,4.0793
0,11.0,4.0959,0.4602,0.6287,4.1694
0,11.2,3.7793,0.4291,0.5923,3.8494
0,11.4,4.045,0.4721,0.9135,4.1736
0,11.6,3.9347,0.6154,0.9339,4.0905
0,11.8,3.9538,0.7925,1.4408,4.2821
0,12.0,4.0839,0.2452,1.4401,4.3373
0,12.2,3.9768,0.3318,1.2995,4.1968
0,12.4,4.1739,0.5115,0.6452,4.2544
0,12.6,3.8779,0.4878,0.3812,3.927
0,12.8,3.8984,0.4893,-0.3572,3.9452
0,13.0,4.2065,0.1647,-0.1232,4.2115
0,13.2,3.8792,0.1446,-0.2626,3.8908
0,13.4,4.14,-0.062,0.0451,4.1407
0,13.6,3.9585,-0.0111,0.051,3.9589
0,13.8,4.3853,-0.2939,0.4765,4.4209
0,14.0,4.1839,-0.3417,0.237,4.2045
0,14.2,3.8111,-0.4983,0.3474,3.8592
0,14.4,3.7168,-0.5413,-0.3064,3.7685
0,14.6,3.3665,-0.5434,-0.2715,3.4209
0,14.8,3.2992,-0.4776,-0.1408,3.3366
0,15.0,3.2329,-0.3902,-0.3618,3.2764
0,15.2,3.0446,-0.102,-0.1951,3.0525
0,15.4,2.8219,0.0009,0.0138,2.822
0,15.6,2.9167,-0.5824,-0.3104,2.9905
0,15.8,2.8464,-0.8107,-0.2267,2.9683
0,16.0,2.8427,-0.448,-0.0925,2.8793
0,16.2,2.2145,-0.6656,-0.259,2.3268
0,16.4,2.4369,-0.5167,-0.1269,2.4943
0,16.6,2.7025,-0.8115,-0.2824,2.8358
0,16.8,2.6975,-1.0282,0.0786,2.8879
0,17.0,2.2901,-0.4112,-0.0789,2.328
0,17.2,2.0983,-0.2183,-0.259,2.1255
0,17.4,2.3526,-0.5539,-0.0361,2.4172
0,17.6,2.4131,-0.5208,0.0616,2.4694
0,17.8,2.2939,-0.5357,0.3067,2.3755
0,18.0,2.478,-0.287,0.3749,2.5226
0,18.2,2.5988,-0.307,0.251,2.6289
0,18.4,2.5845,-0.1596,0.3973,2.6197
0,18.6,2.9817,-0.0373,0.5879,3.0394
0,18.8,3.4035,-0.299,0.6062,3.4699
0,19.0,3.2646,-0.1984,0.2715,3.2818
0,19.2,3.3649,0.0254,0.3879,3.3873
0,19.4,3.8318,0.5892,0.251,3.885
0,19.6,3.9172,0.4242,0.5806,3.9826
0,19.8,4.3224,0.5055,0.6525,4.4005
0,20.0,4.1905,0.3224,0.5659,4.2409
0,20.2,4.0171,0.4826,0.4538,4.0713
0,20.4,4.1681,0.5136,0.2595,4.2076
0,20.6,3.7901,0.2799,-0.0465,3.8007
0,20.8,3.8268,0.3966,-0.3636,3.8645
0,21.0,4.2472,-0.0291,0.1344,4.2494
0,21.2,4.0408,-0.2843,0.4219,4.0727
0,21.4,3.9716,-0.2763,0.0336,3.9813
0,21.6,4.0336,-0.1536,0.0131,4.0366
0,21.8,3.7666,-0.0083,0.2763,3.7767
0,22.0,3.9116,0.2133,0.5854,3.9609
0,22.2,3.8615,0.1439,0.4522,3.8905
0,22.4,3.9576,0.2949,0.2686,3.9777
0,22.6,3.6578,-0.0104,0.443,3.6845
0,22.8,3.5619,-0.2029,0.7272,3.6411
0,23.0,3.4338,0.1682,0.5799,3.4865
0,23.2,3.2884,0.0955,0.8752,3.4042
0,23.4,3.2557,0.13,0.7316,3.3394
0,23.6,3.3168,0.1115,0.7534,3.4031
0,23.8,2.7766,0.1517,0.4005,2.8094
1,0.0,3.2618,-0.1248,-0.0358,3.2644
1,0.2,3.7553,-0.2838,-0.4282,3.7903
1,0.4,3.9871,-0.0995,-0.3056,4.0001
1,0.6,3.817,0.2197,-0.2919,3.8344
1,0.8,3.4024,-0.1302,-0.296,3.4177
1,1.0,3.4405,-0.1053,-0.4844,3.476
1,1.2,3.3722,0.1212,-0.7398,3.4546
1,1.4,3.2572,0.3491,-0.8935,3.3955
1,1.6,3.03,0.8246,-0.5773,3.1929
1,1.8,2.8597,0.6362,-0.249,2.9402
1,2.0,2.9846,0.6174,-0.3038,3.0629
1,2.2,2.9714,0.8959,-0.1349,3.1064
1,2.4,3.1839,1.0872,-0.3241,3.38
1,2.6,2.824,0.7766,-0.396,2.9554
1,2.8,3.041,1.012,-0.5934,3.2594
1,3.0,3.3111,1.0633,-0.8628,3.5831
1,3.2,3.6969,0.9456,-0.515,3.8506
1,3.4,3.3729,0.5283,-0.2511,3.4233
1,3.6,3.303,0.5021,-0.2806,3.3527
1,3.8,3.4357,0.4478,-0.3074,3.4783
1,4.0,3.1303,0.4267,-0.3607,3.1797
1,4.2,3.5877,0.4358,-0.3561,3.6315
1,4.4,3.4391,0.5299,-0.3832,3.5008
1,4.6,3.2636,0.8299,-0.2629,3.3777
1,4.8,3.071,0.8176,-0.4762,3.2135
1,5.0,3.1399,0.7401,-0.4259,3.2539
1,5.2,3.2429,0.5755,-0.5267,3.3354
1,5.4,2.9493,0.5506,-0.7919,3.103
1,5.6,2.7316,0.5121,-0.5265,2.8286
1,5.8,2.7872,0.0868,-0.7488,2.8874
1,6.0,2.9174,0.0886,-0.5061,2.9623
1,6.2,2.7705,-0.2079,-0.5201,2.8265
1,6.4,2.8752,-0.1371,-0.5218,2.9254
1,6.6,2.9395,-0.4336,-0.444,3.0043
1,6.8,3.185,-0.3782,-0.2925,3.2206
1,7.0,3.2893,-0.3714,-0.2874,3.3227
1,7.2,3.7584,-0.4809,-0.4395,3.8144
1,7.4,3.8511,-0.31,-0.3511,3.8794
1,7.6,3.8128,-0.1722,-0.2964,3.8282
1,7.8,3.4979,0.0807,-0.0313,3.499
1,8.0,3.5653,0.2212,-0.2805,3.5831
1,8.2,3.6244,0.0256,-0.258,3.6337
1,8.4,3.3945,0.0648,-0.2141,3.4019
1,8.6,3.3011,-0.2831,-0.0194,3.3133
1,8.8,3.2868,-0.4748,-0.0001,3.3209
1,9.0,3.0714,-0.8309,0.1229,3.1842
1,9.2,3.3438,-0.5846,0.1364,3.3973
1,9.4,3.0259,-0.3995,0.0095,3.0521
1,9.6,2.9022,-0.1189,0.0331,2.9049
1,9.8,2.5968,-0.1205,0.4302,2.635
1,10.0,2.4914,-0.212,0.7083,2.5988
1,10.2,2.9047,0.1351,0.7376,3.0
1,10.4,3.0187,0.1989,0.5422,3.0734
1,10.6,2.6493,0.0635,0.6324,2.7245
1,10.8,2.7711,0.3534,0.4092,2.8233
1,11.0,2.8219,0.884,0.0724,2.958
1,11.2,2.9311,0.9496,0.2622,3.0923
1,11.4,2.6415,1.2224,0.6102,2.9739
1,11.6,2.818,0.9001,0.4678,2.9951
1,11.8,2.6174,0.6324,0.8179,2.8142
1,12.0,2.4162,0.7272,0.8281,2.6557
1,12.2,2.9198,0.9052,0.7101,3.1382
1,12.4,2.923,0.8341,0.767,3.135
1,12.6,3.1518,0.9435,1.0519,3.4541
1,12.8,3.1932,0.8695,0.8341,3.4129
1,13.0,2.9894,1.0087,0.4704,3.1899
1,13.2,2.5369,0.5928,0.419,2.6387
1,13.4,2.4621,0.3812,0.3635,2.5178
1,13.6,2.5504,0.1905,0.293,2.5743
1,13.8,2.3951,-0.0191,0.0597,2.3959
1,14.0,2.6902,-0.1238,0.424,2.7262
1,14.2,2.665,-0.152,0.4917,2.7142
1,14.4,2.4067,-0.0838,0.3349,2.4314
1,14.6,2.4863,-0.3635,0.1212,2.5157
1,14.8,2.4401,-0.6315,0.1821,2.527
1,15.0,2.4161,-0.5067,0.2205,2.4784
1,15.2,2.6123,-0.6383,0.1613,2.694
1,15.4,2.5067,-0.863,0.1577,2.6557
1,15.6,2.7175,-0.5779,-0.0786,2.7794
1,15.8,2.7292,-0.4252,0.0434,2.7624
1,16.0,2.8375,-0.2402,-0.4415,2.8817
1,16.2,2.9457,-0.8242,-0.5186,3.1025
1,16.4,3.3321,-0.6572,-0.2683,3.4068
1,16.6,3.293,-0.6703,-0.4328,3.3883
1,16.8,3.6165,-0.6995,-0.7101,3.7513
1,17.0,3.1952,-0.4036,-1.1238,3.4111
1,17.2,3.3294,-0.4875,-0.8813,3.4784
1,17.4,3.2,-0.5281,-0.5944,3.2973
1,17.6,3.4161,-0.4123,-0.7715,3.5264
1,17.8,3.3388,-0.7021,-0.7669,3.497
1,18.0,3.5464,-0.4445,-0.5261,3.6126
1,18.2,3.8629,-0.2556,-0.3554,3.8876
1,18.4,4.1626,-0.0916,-0.5295,4.1972
1,18.6,3.7039,0.2003,-0.6866,3.7723
1,18.8,3.7096,-0.2846,-0.7327,3.7919
1,19.0,3.7681,-0.1554,-0.6208,3.822
1,19.2,3.5451,-0.03,-0.9728,3.6763
1,19.4,3.421,0.0741,-1.0981,3.5937
1,19.6,3.493,0.4927,-0.8819,3.6361
1,19.8,3.2998,0.1332,-0.7124,3.3784
1,20.0,2.9913,0.4093,-0.3147,3.0356
1,20.2,3.1188,0.4842,-0.227,3.1643
1,20.4,2.8997,0.3041,-0.5065,2.9593
1,20.6,2.9344,0.0207,-0.3387,2.9539
1,20.8,3.2289,-0.17,-0.4469,3.2641
1,21.0,3.2722,-0.4006,-0.1138,3.2986
1,21.2,3.0522,-0.1866,0.0168,3.058
1,21.4,3.3872,-0.2872,-0.0279,3.3994
1,21.6,3.402,-0.0747,-0.3124,3.4171
1,21.8,3.3118,-0.202,-0.0615,3.3185
1,22.0,3.7816,-0.1318,-0.2489,3.7921
1,22.2,3.846,-0.5991,-0.2037,3.8977
1,22.4,3.4075,-0.3624,-0.2352,3.4347
1,22.6,3.2922,-0.2804,-0.2086,3.3107
1,22.8,3.2831,-0.0699,-0.4678,3.317
1,23.0,3.0272,0.267,-0.2269,3.0474
1,23.2,2.9366,0.312,0.1959,2.9596
1,23.4,2.9294,0.062,0.0123,2.9301
1,23.6,2.8983,-0.082,0.0245,2.8996
1,23.8,3.1534,-0.0246,0.0264,3.1536
2,0.0,3.2388,-0.1355,-0.0188,3.2417
2,0.2,3.112,-0.0543,0.1858,3.118
2,0.4,2.8356,0.3711,0.048,2.8601
2,0.6,2.6375,0.291,0.1467,2.6575
2,0.8,2.9849,0.1722,-0.0042,2.9898
2,1.0,3.076,0.1832,-0.2,3.088
2,1.2,3.2825,0.2912,-0.2383,3.304
2,1.4,3.7769,-0.0782,-0.338,3.7928
2,1.6,3.8978,0.3978,-0.4334,3.942
2,1.8,4.0209,0.1423,-0.6051,4.0687
2,2.0,3.8171,0.4906,-0.6155,3.8974
2,2.2,4.2196,0.542,-0.8185,4.3322
2,2.4,3.8104,0.5793,-0.584,3.8982
2,2.6,3.4741,0.3934,-0.433,3.523
2,2.8,3.175,0.7808,-0.5347,3.3131
2,3.0,3.0218,0.4547,-0.7897,3.1562
2,3.2,2.894,0.5542,-0.8207,3.0587
2,3.4,3.1781,0.8697,-1.0955,3.4723
2,3.6,3.0901,0.8365,-0.8195,3.3046
2,3.8,2.8148,0.7444,-0.8167,3.024
2,4.0,2.8606,0.5295,-1.1336,3.1222
2,4.2,2.6721,0.6312,-0.7811,2.8546
2,4.4,2.8547,0.5223,-0.7485,2.9971
2,4.6,2.5846,0.164,-0.4626,2.6308
2,4.8,2.4136,0.0711,-0.4077,2.4488
2,5.0,2.28,-0.0649,-0.4068,2.3169
2,5.2,2.4445,-0.0595,-0.4001,2.4777
2,5.4,2.4899,-0.3811,-0.1822,2.5254
2,5.6,2.4694,-0.3183,-0.2284,2.5003
2,5.8,2.389,-0.3675,-0.1472,2.4216
2,6.0,2.3396,-0.2527,0.0943,2.3551
2,6.2,2.956,-0.0584,0.0567,2.9571
2,6.4,2.918,0.1662,-0.1983,2.9295
2,6.6,3.0656,-0.0108,0.1205,3.068
2,6.8,3.138,0.1514,-0.0501,3.142
2,7.0,3.2018,0.0945,-0.2716,3.2147
2,7.2,3.5653,0.0407,-0.1917,3.5707
2,7.4,3.4502,-0.016,-0.1356,3.4529
2,7.6,3.6458,-0.0246,-0.317,3.6596
2,7.8,3.3955,0.0805,-0.2551,3.406
2,8.0,3.3001,0.0776,-0.4987,3.3385
2,8.2,3.1054,0.1882,-0.3757,3.1337
2,8.4,2.9526,0.1035,-0.5934,3.0134
2,8.6,2.7912,0.4246,-0.6142,2.8893
2,8.8,2.5225,0.4243,-0.5156,2.6093
2,9.0,2.672,0.4931,-0.5404,2.7703
2,9.2,2.9838,0.3148,-0.2319,3.0093
2,9.4,2.7064,0.3383,-0.0804,2.7287
2,9.6,3.0602,0.3869,-0.3408,3.1033
2,9.8,3.0293,0.5329,-0.2844,3.0889
2,10.0,3.403,0.778,-0.394,3.513
2,10.2,3.6021,0.3277,-0.4446,3.6442
2,10.4,3.265,0.1563,-0.3957,3.2926
2,10.6,3.0351,0.226,-0.0927,3.045
2,10.8,3.0522,0.8018,-0.2627,3.1667
2,11.0,3.465,0.7627,-0.3667,3.5668
2,11.2,3.5109,0.747,-0.4257,3.6146
2,11.4,3.1678,0.7536,-0.5561,3.3033
2,11.6,2.8791,0.7111,-0.2356,2.975
2,11.8,2.8313,0.2856,-0.1734,2.8509
2,12.0,2.6827,0.5082,0.1245,2.7333
2,12.2,3.3779,0.6949,0.1444,3.4517
2,12.4,3.3764,0.8171,0.1031,3.4754
2,12.6,3.02,0.83,-0.1317,3.1348
2,12.8,2.6992,0.8329,0.3105,2.8418
2,13.0,2.5432,1.1362,0.1985,2.7925
2,13.2,2.5932,1.2475,0.1645,2.8824
2,13.4,2.3411,1.2585,0.3725,2.6839
2,13.6,2.6618,1.4655,0.1876,3.0443
2,13.8,2.8088,1.5111,-0.0396,3.1897
2,14.0,2.4861,1.3425,-0.2885,2.8401
2,14.2,2.959,1.2046,-0.0057,3.1948
2,14.4,3.2411,1.2823,-0.2032,3.4915
2,14.6,3.4453,1.0427,-0.2416,3.6078
2,14.8,3.8533,1.0586,-0.1471,3.9988
2,15.0,3.8741,1.1753,0.2661,4.0572
2,15.2,3.7542,1.1113,0.4536,3.9414
2,15.4,3.6027,0.8676,0.2192,3.7122
2,15.6,3.9473,0.8015,-0.0919,4.0289
2,15.8,3.5843,0.962,0.0985,3.7125
2,16.0,3.5849,0.7887,-0.2247,3.6775
2,16.2,3.6579,0.549,-0.173,3.7029
2,16.4,3.6769,0.4263,-0.2568,3.7104
2,16.6,3.9671,0.1734,-0.6822,4.029
2,16.8,3.8223,0.4603,-0.4753,3.8791
2,17.0,3.356,0.3567,-0.349,3.3929
2,17.2,3.3342,0.4969,0.0096,3.371
2,17.4,3.4399,0.3482,0.1117,3.4593
2,17.6,3.4879,0.1937,0.2136,3.4998
2,17.8,3.3378,0.1284,0.0843,3.3413
2,18.0,3.2428,0.3577,-0.0918,3.2638
2,18.2,3.4508,0.7099,-0.0051,3.5231
2,18.4,3.3456,0.9609,0.1316,3.4833
2,18.6,2.9551,0.8242,0.1342,3.0708
2,18.8,2.635,0.6638,0.0833,2.7186
2,19.0,2.6338,0.811,-0.136,2.7592
2,19.2,2.9351,0.5649,-0.158,2.9932
2,19.4,2.9231,0.7906,-0.4272,3.0581
2,19.6,2.8029,0.5472,-0.4911,2.8977
2,19.8,2.8362,0.5911,-0.4823,2.937
2,20.0,3.1547,0.681,-0.5813,3.2793
2,20.2,3.2976,0.663,-0.5395,3.4066
2,20.4,3.3399,0.0737,-0.2962,3.3539
2,20.6,3.2819,0.2025,-0.0017,3.2882
2,20.8,3.4551,0.4591,-0.1705,3.4896
2,21.0,3.4586,0.6618,-0.0702,3.5221
2,21.2,3.954,1.0763,-0.2207,4.1038
2,21.4,3.9997,0.5023,-0.0783,4.0319
2,21.6,3.9537,0.2267,-0.2204,3.9663
2,21.8,3.9216,0.2783,0.1913,3.9361
2,22.0,3.73,0.0652,0.0854,3.7315
2,22.2,3.3166,0.0115,0.286,3.3289
2,22.4,3.2296,0.0286,0.4357,3.259
2,22.6,3.0465,-0.0411,-0.1776,3.0519
2,22.8,3.1457,-0.3075,-0.3284,3.1777
2,23.0,3.212,-0.0616,-0.534,3.2567
2,23.2,3.2354,-0.3834,-0.5676,3.3071
2,23.4,3.0063,-0.1349,-0.69,3.0875
2,23.6,2.9361,0.1719,-0.7705,3.0404
2,23.8,2.4943,0.3276,-0.5772,2.5811
3,0.0,3.1234,-0.1461,0.2441,3.1363
3,0.2,3.2866,-0.4013,0.3834,3.3331
3,0.4,3.6451,-0.8759,0.4161,3.7718
3,0.6,3.8729,-0.6529,0.8933,4.0278
3,0.8,3.6708,-0.1286,0.9371,3.7907
3,1.0,3.6351,-0.0812,1.0534,3.7855
3,1.2,3.3089,-0.3595,0.9658,3.4657
3,1.4,3.25,-0.4442,1.1697,3.4825
3,1.6,3.4537,-0.4535,1.1806,3.678
3,1.8,3.0557,-0.3909,1.2747,3.3339
3,2.0,3.1335,-0.1847,1.4318,3.4501
3,2.2,3.3898,-0.0887,1.5929,3.7464
3,2.4,3.8414,-0.1103,1.2747,4.0489
3,2.6,3.5942,0.0002,1.205,3.7909
3,2.8,3.3257,-0.4606,1.2265,3.5745
3,3.0,3.4911,-0.8751,1.1882,3.7902
3,3.2,3.0107,-0.6525,1.1294,3.2811
3,3.4,2.9513,-0.6002,0.9312,3.1524
3,3.6,2.8182,-0.4914,0.7965,2.9695
3,3.8,2.848,-0.4437,0.7825,2.9866
3,4.0,2.5833,-0.1638,1.0905,2.8088
3,4.2,2.616,-0.167,0.6653,2.7044
3,4.4,2.7458,-0.3696,0.3731,2.7956
3,4.6,3.01,-0.2255,0.6295,3.0833
3,4.8,3.0788,0.0086,0.3498,3.0986
3,5.0,3.32,-0.1469,0.5782,3.3732
3,5.2,3.0814,-0.2881,0.6042,3.1533
3,5.4,2.9849,-0.2399,0.7925,3.0976
3,5.6,3.2816,-0.2234,0.6521,3.3532
3,5.8,3.0578,-0.1504,0.566,3.1134
3,6.0,3.2656,0.0068,0.4502,3.2965
3,6.2,3.2496,0.1192,0.6204,3.3104
3,6.4,3.1045,0.164,0.249,3.1188
3,6.6,3.0391,-0.1922,0.3068,3.0606
3,6.8,3.2188,-0.0182,0.1927,3.2246
3,7.0,3.1802,-0.0677,0.3156,3.1965
3,7.2,3.089,-0.0886,0.1375,3.0933
3,7.4,2.9154,-0.6396,-0.3238,3.0023
3,7.6,2.6772,-0.6055,-0.1573,2.7493
3,7.8,2.6961,-0.4011,-0.2178,2.7344
3,8.0,2.4652,-0.2647,-0.3882,2.5095
3,8.2,2.2277,-0.5661,-0.6408,2.3862
3,8.4,2.2906,-0.0855,-0.4379,2.3337
3,8.6,2.5931,-0.0252,0.143,2.5972
3,8.8,3.0808,-0.3683,-0.1347,3.1057
3,9.0,3.3546,-0.1432,-0.226,3.3653
3,9.2,2.9887,-0.0874,-0.4583,3.0249
3,9.4,2.7478,0.0252,-0.3759,2.7735
3,9.6,2.901,0.1482,-0.7209,2.9929
3,9.8,2.8944,-0.0606,-0.6308,2.963
3,10.0,3.0627,-0.1548,-0.5347,3.1128
3,10.2,3.1452,-0.3319,-0.2354,3.1714
3,10.4,3.0882,-0.151,-0.1197,3.0942
3,10.6,3.5434,-0.292,-0.1144,3.5573
3,10.8,3.5543,-0.6029,-0.012,3.6051
3,11.0,3.403,-0.3572,0.1234,3.4239
3,11.2,3.1245,-0.0202,0.1975,3.1308
3,11.4,3.2878,0.167,0.3743,3.3132
3,11.6,3.1357,-0.2377,0.1366,3.1477
3,11.8,3.4505,-0.2458,-0.3712,3.4791
3,12.0,3.4773,-0.5385,-0.0531,3.5191
3,12.2,3.4661,-0.5677,0.1074,3.5139
3,12.4,3.9391,-0.1643,0.3445,3.9575
3,12.6,3.7957,-0.3656,0.4481,3.8395
3,12.8,3.8033,-0.5466,0.7301,3.9111
3,13.0,3.8553,-0.6895,0.709,3.9801
3,13.2,4.1413,-0.6191,0.6858,4.2431
3,13.4,4.2617,-0.0838,0.4409,4.2852
3,13.6,4.2894,0.0486,0.5382,4.3233
3,13.8,3.8036,-0.0979,0.7696,3.8819
3,14.0,4.0465,-0.2454,0.8432,4.1407
3,14.2,4.1629,-0.0729,0.5722,4.2026
3,14.4,4.202,0.0799,0.2576,4.2106
3,14.6,4.3324,-0.3042,0.4957,4.3713
3,14.8,3.7057,-0.0906,0.3072,3.7195
3,15.0,3.5054,0.2445,0.0666,3.5145
3,15.2,3.4962,0.4391,0.0979,3.525
3,15.4,3.3361,0.2578,0.148,3.3493
3,15.6,3.229,-0.1269,0.0857,3.2327
3,15.8,3.0978,-0.3643,0.0996,3.1208
3,16.0,3.167,0.0251,0.1676,3.1716
3,16.2,3.369,-0.644,0.4106,3.4545
3,16.4,3.1823,-0.2741,0.2894,3.2072
3,16.6,3.0525,-0.3188,0.5118,3.1114
3,16.8,2.9182,-0.1005,0.4688,2.9573
3,17.0,3.3875,-0.2651,0.1609,3.4017
3,17.2,3.7056,0.1132,0.4356,3.7328
3,17.4,3.6281,0.509,0.4424,3.6902
3,17.6,3.3561,0.4947,0.1441,3.3954
3,17.8,3.5344,0.5211,-0.0937,3.5738
3,18.0,2.9543,0.5177,0.0458,2.9997
3,18.2,3.001,0.4877,0.145,3.0438
3,18.4,3.0319,0.2473,0.2693,3.0539
3,18.6,2.5907,0.2998,0.2259,2.6177
3,18.8,2.8029,0.5711,0.26,2.8723
3,19.0,2.8513,0.6136,0.1471,2.9203
3,19.2,2.7064,0.8033,0.0973,2.8247
3,19.4,2.758,0.8152,0.3546,2.8977
3,19.6,2.8034,0.7918,0.3754,2.9372
3,19.8,2.9193,0.5572,0.4222,3.0019
3,20.0,2.9943,0.6758,0.2583,3.0805
3,20.2,2.8892,0.8927,0.5107,3.0668
3,20.4,2.7601,0.7688,0.4588,2.9017
3,20.6,3.0088,0.6582,0.3764,3.1029
3,20.8,3.3543,0.0629,0.1188,3.357
3,21.0,3.4843,0.0781,0.303,3.4984
3,21.2,3.5195,-0.0701,0.0668,3.5209
3,21.4,3.5006,-0.3721,0.2472,3.529
3,21.6,3.1727,0.1071,0.0961,3.176
3,21.8,3.0766,0.5244,0.4044,3.1471
3,22.0,2.9666,0.5043,0.3608,3.0307
3,22.2,3.4641,0.3411,0.346,3.498
3,22.4,3.3896,0.1142,0.1932,3.397
3,22.6,3.5527,-0.1411,-0.1091,3.5572
3,22.8,3.5812,-0.25,-0.2385,3.5978
3,23.0,3.6341,-0.4317,-0.3329,3.6748
3,23.2,3.1624,-0.665,-0.0526,3.232
3,23.4,3.0752,-0.5496,0.0087,3.124
3,23.6,3.0403,-0.442,0.3027,3.0872
3,23.8,2.9819,-0.3267,0.5195,3.0444
4,0.0,3.2635,0.113,-0.0357,3.2656
4,0.2,3.4457,-0.3701,0.0475,3.4658
4,0.4,3.3057,-0.0367,0.148,3.3092
4,0.6,3.6057,0.114,0.2935,3.6194
4,0.8,3.4199,0.0618,0.6304,3.4781
4,1.0,3.218,0.1813,1.1383,3.4182
4,1.2,3.0469,0.037,0.8197,3.1554
4,1.4,3.4808,0.1501,0.7775,3.5697
4,1.6,3.6129,0.1087,0.5783,3.6605
4,1.8,3.4126,0.2706,0.5057,3.4605
4,2.0,3.5409,0.1505,0.6018,3.5948
4,2.2,3.3824,-0.1699,0.6418,3.4469
4,2.4,3.1727,-0.1201,0.8926,3.298
4,2.6,2.9772,0.0222,0.7544,3.0713
4,2.8,3.2649,-0.0945,0.7991,3.3626
4,3.0,3.2657,-0.1426,0.3091,3.2834
4,3.2,3.5276,0.0781,0.466,3.5591
4,3.4,3.6837,-0.0138,0.0989,3.6851
4,3.6,3.3183,-0.1236,0.1174,3.3226
4,3.8,3.3484,-0.3316,0.0503,3.3652
4,4.0,3.3418,-0.6702,0.6547,3.4707
4,4.2,3.5809,-0.7305,0.6795,3.7173
4,4.4,3.6673,-0.7386,0.5541,3.7818
4,4.6,3.9216,-0.2667,0.4267,3.9538
4,4.8,3.9474,-0.4575,0.6313,4.0236
4,5.0,3.8685,-0.3167,0.4816,3.9112
4,5.2,4.1034,-0.3872,0.7988,4.1984
4,5.4,4.4694,-0.0214,0.3129,4.4804
4,5.6,4.3279,0.1172,0.2794,4.3385
4,5.8,4.3675,0.4005,0.0268,4.3859
4,6.0,4.4122,0.0104,0.0853,4.4131
4,6.2,4.3104,0.0441,-0.0695,4.3112
4,6.4,3.9982,-0.2136,-0.0944,4.005
4,6.6,4.0539,0.1764,0.1439,4.0603
4,6.8,3.9142,0.3428,0.264,3.938
4,7.0,4.0287,0.005,0.1712,4.0323
4,7.2,3.9222,-0.2776,0.4351,3.956
4,7.4,3.8954,-0.1103,0.6241,3.9466
4,7.6,3.8665,-0.0369,0.9264,3.9761
4,7.8,4.1167,-0.1885,0.8713,4.2122
4,8.0,4.5283,0.3412,0.8761,4.6248
4,8.2,4.0613,0.4858,0.6328,4.1389
4,8.4,4.4659,0.2439,0.5538,4.5067
4,8.6,4.85,0.4507,0.7335,4.9259
4,8.8,4.8826,0.1371,0.936,4.9734
4,9.0,4.8185,0.4953,0.6833,4.8919
4,9.2,4.8485,0.5261,0.6561,4.9209
4,9.4,4.9344,0.4037,0.3108,4.9606
4,9.6,4.8022,0.2052,0.2451,4.8128
4,9.8,4.6983,0.2212,0.2592,4.7106
4,10.0,4.5264,0.1261,0.1961,4.5324
4,10.2,4.3921,0.3472,0.1459,4.4082
4,10.4,4.6031,0.2375,-0.033,4.6094
4,10.6,4.4451,0.4003,-0.239,4.4695
4,10.8,4.1337,0.1283,-0.0647,4.1362
4,11.0,3.9994,0.3016,-0.0316,4.0108
4,11.2,4.1993,0.227,0.1599,4.2085
4,11.4,3.9641,0.0401,0.5681,4.0048
4,11.6,4.0125,0.081,0.4934,4.0436
4,11.8,4.1771,0.2893,0.6154,4.2321
4,12.0,3.761,0.4117,1.0112,3.9162
4,12.2,3.9567,0.0735,0.976,4.0759
4,12.4,3.5461,-0.0861,0.632,3.603
4,12.6,3.7674,0.3571,0.5807,3.8285
4,12.8,3.4026,0.3595,0.3627,3.4407
4,13.0,3.5288,0.4306,-0.0234,3.5551
4,13.2,3.2229,0.3642,-0.0002,3.2434
4,13.4,2.9631,0.2957,0.0721,2.9787
4,13.6,2.9306,0.4949,-0.015,2.9722
4,13.8,2.8927,0.0354,0.3902,2.9191
4,14.0,2.814,0.6123,0.0309,2.88
4,14.2,3.2131,0.733,0.04,3.2959
4,14.4,3.1616,0.805,-0.2313,3.2707
4,14.6,3.24,0.6209,-0.3225,3.3147
4,14.8,3.0172,0.8026,-0.155,3.126
4,15.0,3.2037,0.61,-0.3742,3.2827
4,15.2,3.1327,0.5053,-0.4149,3.2002
4,15.4,3.0365,0.7397,-0.4305,3.1548
4,15.6,2.9592,0.3144,-0.1888,2.9819
4,15.8,2.7518,0.1501,-0.195,2.7628
4,16.0,2.7214,0.144,-0.3817,2.7518
4,16.2,2.8505,-0.0904,-0.2075,2.8595
4,16.4,3.0149,0.0864,-0.3103,3.032
4,16.6,3.3113,0.2266,-0.1469,3.3223
4,16.8,2.9349,0.4595,-0.237,2.9801
4,17.0,3.2243,0.3961,0.1668,3.2528
4,17.2,3.2307,0.4603,0.081,3.2644
4,17.4,3.054,0.5318,0.0007,3.0999
4,17.6,2.8145,-0.0335,-0.0315,2.8149
4,17.8,2.6994,-0.2202,-0.0638,2.7091
4,18.0,2.5788,0.1273,-0.281,2.5971
4,18.2,2.531,0.0012,-0.3738,2.5584
4,18.4,2.5448,0.3071,-0.4109,2.596
4,18.6,2.5721,0.1604,-0.4177,2.6108
4,18.8,2.7922,0.4963,-0.29,2.8508
4,19.0,3.0216,0.257,-0.4414,3.0645
4,19.2,2.5876,0.2449,-0.7734,2.7118
4,19.4,2.7131,0.3518,-0.6364,2.8088
4,19.6,3.0469,0.0956,-0.9917,3.2056
4,19.8,3.1499,0.1463,-0.3936,3.1778
4,20.0,3.2853,0.2934,-0.173,3.3029
4,20.2,3.2315,0.2351,0.1196,3.2423
4,20.4,3.0594,-0.2414,0.3873,3.0932
4,20.6,2.972,0.0087,0.6264,3.0373
4,20.8,3.1209,0.0538,0.5682,3.1727
4,21.0,3.0969,0.0695,0.4515,3.1305
4,21.2,2.9689,-0.0347,0.0748,2.9701
4,21.4,2.9112,0.0776,0.4407,2.9453
4,21.6,2.8895,-0.1034,0.6459,2.9626
4,21.8,2.8504,0.0336,0.482,2.8911
4,22.0,3.361,0.2578,0.7046,3.4437
4,22.2,3.3095,0.075,0.5409,3.3542
4,22.4,3.3046,-0.0127,0.4254,3.3318
4,22.6,2.8411,-0.2139,0.4592,2.8859
4,22.8,2.6757,-0.1412,0.4782,2.7217
4,23.0,2.6643,-0.1874,0.4374,2.7065
4,23.2,2.6328,-0.2928,0.5479,2.7051
4,23.4,2.403,-0.1653,0.6662,2.4991
4,23.6,2.527,-0.0522,0.2981,2.5451
4,23.8,2.5801,0.2016,0.0488,2.5884
5,0.0,3.1476,-0.0506,0.2163,3.1555
5,0.2,2.8142,-0.3772,0.3084,2.8561
5,0.4,3.0349,-0.4756,-0.004,3.072
5,0.6,3.1145,-0.6816,0.007,3.1882
5,0.8,3.5086,-1.1313,0.3371,3.7019
5,1.0,2.9598,-0.8538,0.4398,3.1117
5,1.2,2.8129,-0.9248,0.615,3.0243
5,1.4,2.5952,-0.9559,0.3071,2.7827
5,1.6,2.6112,-0.9908,0.7133,2.8825
5,1.8,2.7689,-1.1394,0.424,3.024
5,2.0,2.7005,-1.0485,0.6555,2.9702
5,2.2,2.7238,-0.8655,0.4986,2.9011
5,2.4,2.4419,-0.9912,0.5151,2.6853
5,2.6,2.6982,-0.8969,0.4275,2.8753
5,2.8,3.3005,-0.8529,0.6892,3.4779
5,3.0,3.1635,-1.0719,0.1103,3.342
5,3.2,2.925,-0.5653,0.114,2.9813
5,3.4,2.9132,-0.516,-0.0055,2.9586
5,3.6,2.7096,-0.4428,-0.1691,2.7508
5,3.8,2.7818,-0.5814,-0.1842,2.8479
5,4.0,2.9634,-0.9169,0.0884,3.1033
5,4.2,3.2424,-0.883,-0.2302,3.3684
5,4.4,3.3241,-0.2701,0.0567,3.3355
5,4.6,3.7052,-0.2496,0.0155,3.7136
5,4.8,3.1958,-0.7709,-0.2026,3.2937
5,5.0,3.4251,-0.8938,0.0504,3.5401
5,5.2,3.403,-1.076,0.2368,3.5769
5,5.4,3.2689,-1.2201,0.0785,3.49
5,5.6,3.1725,-1.307,-0.1165,3.4331
5,5.8,3.3107,-1.3573,-0.166,3.582
5,6.0,2.9929,-1.8834,-0.0713,3.5369
5,6.2,3.2671,-1.9083,-0.138,3.7861
5,6.4,3.1318,-1.5312,-0.5347,3.5269
5,6.6,3.186,-1.0284,-0.2147,3.3548
5,6.8,3.1087,-0.998,-0.6291,3.325
5,7.0,3.3865,-0.9833,-0.5634,3.5711
5,7.2,3.5082,-0.6545,-0.2192,3.5754
5,7.4,3.5742,-0.6409,-0.0981,3.6326
5,7.6,3.2829,-0.6543,0.1131,3.3494
5,7.8,3.7536,-0.6035,-0.1047,3.8033
5,8.0,3.5669,-0.5985,0.0361,3.6169
5,8.2,3.7408,-0.8111,0.0576,3.8282
5,8.4,3.6514,-0.4746,-0.0212,3.6822
5,8.6,3.6457,-0.2505,0.0679,3.655
5,8.8,3.7584,0.2345,0.099,3.767
5,9.0,3.5324,0.3856,0.228,3.5606
5,9.2,3.3632,0.339,0.5197,3.42
5,9.4,3.2584,-0.0629,0.6278,3.3189
5,9.6,3.744,-0.0577,0.3964,3.7654
5,9.8,3.7735,0.0034,0.1677,3.7772
5,10.0,3.9701,-0.0661,0.2421,3.9781
5,10.2,3.9447,-0.141,-0.0305,3.9473
5,10.4,3.726,0.0426,0.0406,3.7265
5,10.6,3.5225,0.3618,-0.3367,3.557
5,10.8,3.7695,0.1892,-0.4459,3.8005
5,11.0,3.8541,0.262,-0.3913,3.8827
5,11.2,3.6267,0.391,-0.3768,3.6671
5,11.4,3.2845,0.5552,-0.0175,3.3311
5,11.6,3.1028,0.7741,0.2986,3.2118
5,11.8,3.1114,1.0236,0.7106,3.3517
5,12.0,3.1552,0.9536,0.4305,3.3242
5,12.2,2.8955,1.0606,0.4596,3.1177
5,12.4,2.8498,0.7985,0.1199,2.962
5,12.6,2.7991,0.5977,-0.0565,2.8627
5,12.8,2.9637,0.1923,-0.0017,2.97
5,13.0,2.9807,0.2457,0.0882,2.9921
5,13.2,2.6354,0.4454,0.4564,2.7114
5,13.4,2.7177,0.3931,0.7721,2.8524
5,13.6,2.8568,0.5007,0.578,2.9574
5,13.8,3.0802,0.4249,0.7574,3.2003
5,14.0,3.2239,0.1584,0.7012,3.303
5,14.2,3.0915,0.1597,0.5126,3.1377
5,14.4,3.2199,0.1307,0.5994,3.2779
5,14.6,3.2519,0.2503,0.726,3.3413
5,14.8,3.2764,-0.1842,0.6052,3.3369
5,15.0,3.1471,-0.1879,0.5475,3.1999
5,15.2,3.4046,-0.0692,0.6173,3.4608
5,15.4,3.3162,-0.1404,0.6388,3.3801
5,15.6,3.2979,-0.1633,0.7724,3.3911
5,15.8,3.0202,-0.377,0.5922,3.1007
5,16.0,3.4463,-0.4477,0.4704,3.5069
5,16.2,3.4088,-0.6041,0.8484,3.5644
5,16.4,3.5549,-0.318,0.5482,3.611
5,16.6,3.1843,-0.1206,0.3323,3.2039
5,16.8,2.8711,-0.6158,0.6202,3.0012
5,17.0,2.6835,-0.6535,0.5654,2.8192
5,17.2,2.8214,-0.5276,0.4341,2.903
5,17.4,2.6703,-0.3257,0.5597,2.7477
5,17.6,3.0007,-0.2283,0.256,3.0202
5,17.8,2.8828,-0.2264,0.223,2.9003
5,18.0,2.7195,-0.4373,-0.0368,2.7547
5,18.2,2.9034,-0.1502,0.3749,2.9314
5,18.4,3.1223,-0.1639,0.515,3.1688
5,18.6,2.7537,0.2206,0.5439,2.8155
5,18.8,3.032,0.3899,-0.0714,3.0578
5,19.0,3.437,0.4767,0.0339,3.4701
5,19.2,3.1069,0.149,0.0877,3.1117
5,19.4,2.7191,-0.0807,0.35,2.7427
5,19.6,2.5816,0.0259,0.2802,2.5969
5,19.8,2.8998,-0.3874,0.0073,2.9256
5,20.0,2.9194,-0.4815,-0.233,2.968
5,20.2,2.7245,-0.1901,-0.245,2.7421
5,20.4,2.8645,-0.1367,-0.6862,2.9487
5,20.6,2.9601,0.0176,-0.7341,3.0498
5,20.8,3.132,-0.1806,-0.4912,3.1755
5,21.0,3.0515,-0.2423,-0.4767,3.0981
5,21.2,3.0914,-0.2153,-0.306,3.114
5,21.4,2.9496,-0.0095,-0.2041,2.9567
5,21.6,3.0675,-0.1451,-0.1702,3.0757
5,21.8,2.696,-0.0399,-0.3709,2.7216
5,22.0,2.9842,0.1294,-0.3009,3.0021
5,22.2,2.8873,0.1009,-0.1315,2.892
5,22.4,2.6837,0.2169,-0.2009,2.6999
5,22.6,2.9508,0.0876,-0.401,2.9793
5,22.8,2.6052,-0.1046,-0.4485,2.6455
5,23.0,2.633,-0.3104,-0.097,2.653
5,23.2,2.7489,-0.0903,0.2116,2.7585
5,23.4,2.9685,-0.0691,0.3821,2.9938
5,23.6,2.9826,-0.0091,0.3533,3.0035
5,23.8,3.075,-0.325,0.3209,3.1087
6,0.0,3.1656,0.0525,0.1589,3.17
6,0.2,3.1016,0.1589,0.3104,3.1212
6,0.4,2.6687,0.2839,0.1585,2.6885
6,0.6,2.6037,0.0532,0.1499,2.6086
6,0.8,2.7073,-0.114,0.1816,2.7158
6,1.0,2.9655,-0.3161,0.1919,2.9885
6,1.2,2.69,-0.1161,-0.1168,2.695
6,1.4,2.8628,-0.4759,-0.5832,2.9601
6,1.6,3.3499,-0.6776,-0.2285,3.4254
6,1.8,3.5785,-0.506,-0.392,3.6353
6,2.0,3.5298,-0.4588,-0.3896,3.5808
6,2.2,3.8843,0.0185,-0.4271,3.9078
6,2.4,3.6971,-0.1824,-0.3128,3.7148
6,2.6,3.2515,-0.1841,-0.2459,3.266
6,2.8,3.4637,-0.515,0.2824,3.5132
6,3.0,3.3674,-0.3292,0.3498,3.4015
6,3.2,3.0776,-0.2799,0.3017,3.1049
6,3.4,2.9301,-0.5069,0.3443,2.9935
6,3.6,3.1006,-0.6957,0.4567,3.2104
6,3.8,3.0667,-0.7492,0.4399,3.1874
6,4.0,3.2708,-0.6843,0.4566,3.3727
6,4.2,3.2124,-0.0955,0.6637,3.2816
6,4.4,3.3905,-0.1875,0.402,3.4194
6,4.6,2.9545,-0.1948,0.1644,2.9655
6,4.8,3.3058,-0.3792,0.524,3.3684
6,5.0,3.334,-0.2874,0.3726,3.3671
6,5.2,3.4494,0.0672,0.3495,3.4677
6,5.4,3.2772,-0.1304,0.4412,3.3094
6,5.6,3.3493,0.0554,0.3144,3.3645
6,5.8,3.422,0.2888,0.4886,3.4688
6,6.0,3.4718,0.2146,0.6143,3.5322
6,6.2,3.2738,0.2549,0.5087,3.3229
6,6.4,3.2483,0.0392,0.6407,3.3112
6,6.6,3.2789,-0.2294,0.6492,3.3504
6,6.8,3.2235,-0.0555,0.4801,3.2596
6,7.0,2.9734,-0.0271,0.559,3.0257
6,7.2,3.1491,0.1282,0.1248,3.1542
6,7.4,2.9594,0.204,-0.0492,2.9669
6,7.6,3.062,0.3928,-0.0484,3.0875
6,7.8,3.2316,0.6522,-0.3003,3.3104
6,8.0,3.5188,0.2492,-0.3658,3.5465
6,8.2,3.5628,0.0893,-0.2186,3.5707
6,8.4,3.6429,-0.1471,-0.3434,3.662
6,8.6,3.6975,-0.4184,0.0212,3.7211
6,8.8,3.871,-0.3096,-0.1015,3.8847
6,9.0,3.6577,-0.2921,-0.3093,3.6824
6,9.2,3.8337,-0.4288,-0.478,3.8871
6,9.4,3.7416,-0.435,-0.4824,3.7975
6,9.6,3.7298,-0.5745,-0.6805,3.8347
6,9.8,3.3453,-0.4626,-0.8371,3.4793
6,10.0,3.1198,-0.7584,-0.8559,3.3228
6,10.2,3.3891,-0.4326,-0.4857,3.451
6,10.4,3.1665,-0.0779,-0.4389,3.1977
6,10.6,3.136,0.2303,-0.451,3.1767
6,10.8,3.063,-0.1707,-0.6245,3.1306
6,11.0,3.1887,-0.2223,-0.7682,3.2874
6,11.2,3.1615,-0.0932,-0.7744,3.2563
6,11.4,2.6952,0.0683,-0.8933,2.8402
6,11.6,2.5796,-0.0647,-0.9038,2.7341
6,11.8,2.7509,-0.0312,-0.8305,2.8737
6,12.0,3.1797,-0.3243,-0.7762,3.2891
6,12.2,3.0299,-0.4459,-0.6819,3.1375
6,12.4,3.4968,-0.54,-0.4527,3.5671
6,12.6,3.282,-0.2498,-0.5866,3.3434
6,12.8,3.4196,-0.0719,-0.3429,3.4375
6,13.0,3.2616,-0.1134,-0.5658,3.3123
6,13.2,3.3164,-0.2429,-0.5749,3.3746
6,13.4,3.4922,-0.1002,-0.555,3.5374
6,13.6,3.3868,0.14,-0.3277,3.4055
6,13.8,3.4501,-0.0647,0.1903,3.456
6,14.0,3.1687,-0.4813,0.0423,3.2054
6,14.2,3.3372,-0.358,0.1124,3.3582
6,14.4,2.783,-0.201,-0.1334,2.7935
6,14.6,3.3165,-0.3734,-0.0085,3.3375
6,14.8,3.5386,-0.3616,-0.0407,3.5572
6,15.0,3.5996,-0.2867,0.1916,3.6161
6,15.2,3.5698,0.0566,0.1028,3.5717
6,15.4,3.4326,0.1015,0.2544,3.4435
6,15.6,3.3668,-0.0931,-0.3156,3.3828
6,15.8,3.603,0.1668,0.0511,3.6072
6,16.0,3.7103,0.0752,-0.1033,3.7125
6,16.2,3.9518,-0.0015,-0.211,3.9575
6,16.4,3.4697,0.1368,-0.5873,3.5217
6,16.6,3.3041,-0.1181,-0.4037,3.3308
6,16.8,3.5083,-0.093,-0.413,3.5338
6,17.0,3.6585,-0.2129,-0.9245,3.7795
6,17.2,3.5657,0.0319,-0.7307,3.6399
6,17.4,3.2404,0.1358,-0.9154,3.37
6,17.6,3.4583,0.1502,-0.7527,3.5425
6,17.8,3.6365,0.2099,-0.8133,3.7323
6,18.0,3.7864,0.0396,-0.636,3.8396
6,18.2,3.6813,0.4832,-0.5633,3.7553
6,18.4,3.5792,0.3686,-0.7053,3.6666
6,18.6,3.5786,0.112,-0.5069,3.6161
6,18.8,3.6229,-0.0067,-0.4179,3.6469
6,19.0,3.6984,0.302,-0.7969,3.7953
6,19.2,3.5231,-0.2173,-0.9166,3.6469
6,19.4,3.2567,-0.0371,-0.8493,3.3659
6,19.6,3.2723,0.2064,-0.9914,3.4254
6,19.8,3.5803,0.0116,-0.8022,3.669
6,20.0,3.542,0.0429,-0.3574,3.5602
6,20.2,3.5569,-0.0129,-0.0188,3.557
6,20.4,3.8781,0.0358,-0.1741,3.8822
6,20.6,3.8918,-0.0518,-0.0389,3.8924
6,20.8,3.8698,-0.0195,-0.1619,3.8732
6,21.0,4.2887,-0.4585,-0.4415,4.3357
6,21.2,4.3424,-0.5377,-0.0206,4.3757
6,21.4,4.4923,-0.2931,-0.4996,4.5294
6,21.6,4.1812,-0.0184,-0.3936,4.1997
6,21.8,4.2729,-0.3788,-0.7242,4.3504
6,22.0,3.9972,-0.0621,-0.6323,4.0473
6,22.2,3.7488,-0.1478,-0.5387,3.7901
6,22.4,3.4108,-0.3151,-0.1665,3.4294
6,22.6,3.4536,-0.2368,-0.0285,3.4618
6,22.8,3.5202,-0.5045,-0.3992,3.5785
6,23.0,3.7341,-0.3225,-0.1074,3.7496
6,23.2,3.6869,-0.2668,0.0408,3.6968
6,23.4,4.015,-0.1258,-0.1297,4.019
6,23.6,3.4628,0.1723,-0.65,3.5275
6,23.8,3.6224,-0.185,-0.2174,3.6336
7,0.0,3.1364,-0.0725,-0.0605,3.1378
7,0.2,3.066,-0.2447,0.094,3.0772
7,0.4,3.1217,0.1068,0.158,3.1275
7,0.6,3.1741,-0.0021,-0.5264,3.2175
7,0.8,2.9167,-0.144,-0.5673,2.9749
7,1.0,3.0036,0.0434,-0.5959,3.0624
7,1.2,3.0651,0.3246,-0.148,3.0857
7,1.4,3.314,-0.134,-0.0712,3.3174
7,1.6,3.4136,-0.1204,-0.1529,3.4191
7,1.8,3.0688,0.1784,-0.2641,3.0853
7,2.0,3.0679,-0.0658,-0.0346,3.0688
7,2.2,2.832,0.0551,0.1945,2.8393
7,2.4,3.0131,-0.0229,0.1712,3.018
7,2.6,3.0599,-0.1808,0.2951,3.0795
7,2.8,2.7671,-0.5064,0.3611,2.8361
7,3.0,2.9614,-0.586,0.2454,3.0288
7,3.2,3.0217,-0.1346,0.2967,3.0392
7,3.4,2.7226,-0.2337,0.1359,2.736
7,3.6,2.5543,-0.1343,0.2202,2.5673
7,3.8,2.7727,-0.1107,-0.0534,2.7754
7,4.0,2.603,-0.4886,-0.118,2.6511
7,4.2,2.7738,-0.4275,0.1867,2.8128
7,4.4,2.4701,-0.0447,0.1055,2.4728
7,4.6,2.4093,0.1157,0.3988,2.4448
7,4.8,2.3635,-0.2341,0.4614,2.4194
7,5.0,2.2995,-0.6426,0.5949,2.4606
7,5.2,2.4021,-0.3652,0.3455,2.4541
7,5.4,2.4556,-0.4576,0.1224,2.5009
7,5.6,2.5897,-0.2907,0.2823,2.6212
7,5.8,2.6604,0.0525,0.0862,2.6623
7,6.0,2.8332,0.1084,-0.0075,2.8353
7,6.2,2.9434,0.0638,0.3335,2.9629
7,6.4,2.8909,0.0364,0.1507,2.895
7,6.6,3.3703,0.1867,0.2717,3.3864
7,6.8,3.2189,-0.2361,0.047,3.2279
7,7.0,3.7587,-0.2132,0.1379,3.7673
7,7.2,3.9022,-0.6243,-0.1694,3.9554
7,7.4,3.7876,-0.5045,-0.1075,3.8226
7,7.6,3.9407,-0.0422,-0.1711,3.9446
7,7.8,3.8981,0.1613,-0.3533,3.9174
7,8.0,3.7707,-0.0313,-0.6836,3.8323
7,8.2,3.5016,-0.061,-0.4581,3.5319
7,8.4,3.0999,0.0027,-0.2722,3.1118
7,8.6,3.3012,0.0262,-0.1423,3.3044
7,8.8,3.1184,-0.1246,-0.0284,3.121
7,9.0,2.7575,0.027,0.2197,2.7664
7,9.2,2.9301,-0.2825,0.3456,2.9639
7,9.4,2.9661,-0.467,0.1334,3.0056
7,9.6,2.8549,-0.3284,0.2158,2.8818
7,9.8,2.8474,-0.2779,-0.0741,2.8618
7,10.0,2.9533,-0.4151,0.0488,2.9828
7,10.2,2.8748,-0.4446,0.1068,2.9109
7,10.4,2.8112,-0.2659,0.1998,2.8308
7,10.6,2.8339,-0.1788,0.3598,2.8623
7,10.8,2.8708,-0.3567,0.3535,2.9144
7,11.0,2.5896,-0.379,0.4615,2.6575
7,11.2,3.0237,-0.8097,0.6173,3.1905
7,11.4,2.8948,-0.9033,0.5588,3.0835
7,11.6,3.124,-0.9502,0.6003,3.3201
7,11.8,3.4743,-1.6034,0.3743,3.8447
7,12.0,3.6006,-1.3582,-0.0313,3.8484
7,12.2,3.8309,-1.4873,0.2282,4.1159
7,12.4,3.61,-1.421,-0.5,3.9117
7,12.6,3.4491,-1.3315,-0.356,3.7143
7,12.8,3.6642,-0.9541,-0.4464,3.8126
7,13.0,3.6507,-0.9922,-0.6454,3.8378
7,13.2,3.3968,-1.0367,-0.2991,3.5641
7,13.4,3.0223,-1.3221,-0.1785,3.3036
7,13.6,3.1014,-1.1428,-0.0669,3.3059
7,13.8,3.3691,-0.8196,0.3436,3.4843
7,14.0,4.0062,-0.6073,0.7773,4.1259
7,14.2,3.9252,-0.7462,0.8899,4.0934
7,14.4,3.8758,-0.455,1.0815,4.0495
7,14.6,3.9747,-0.9174,0.9208,4.1819
7,14.8,4.1408,-0.6467,0.7826,4.2634
7,15.0,3.8925,-0.6412,0.6509,3.9983
7,15.2,3.8287,-0.5163,0.9195,3.9713
7,15.4,3.6053,-0.0899,0.5246,3.6444
7,15.6,3.3911,0.1903,0.8237,3.4948
7,15.8,3.4491,0.4,0.9691,3.605
7,16.0,3.5227,0.5393,0.7399,3.6398
7,16.2,3.501,0.4388,0.8477,3.6288
7,16.4,3.4424,0.4814,0.8723,3.5837
7,16.6,3.5134,0.6721,1.2799,3.7992
7,16.8,3.3993,0.5568,1.0534,3.6021
7,17.0,3.2782,0.6327,0.9528,3.472
7,17.2,3.0385,0.8468,0.9534,3.2952
7,17.4,2.7184,1.1314,1.1422,3.1583
7,17.6,3.0856,1.3195,1.0649,3.5208
7,17.8,2.9061,1.5614,1.0006,3.4474
7,18.0,2.9916,1.275,1.0237,3.4093
7,18.2,3.3653,0.9596,0.7336,3.5755
7,18.4,3.4378,0.6197,0.7496,3.5727
7,18.6,3.5093,0.7948,0.7881,3.6835
7,18.8,3.5293,0.448,0.6479,3.6162
7,19.0,3.6181,0.4016,0.6066,3.6905
7,19.2,3.5987,0.5098,1.0105,3.7725
7,19.4,3.9284,0.6718,1.0976,4.1338
7,19.6,3.7105,0.3958,0.7513,3.8064
7,19.8,3.6533,0.144,0.8844,3.7616
7,20.0,3.3135,0.0913,0.6091,3.3703
7,20.2,3.0814,-0.113,0.8799,3.2066
7,20.4,3.3044,-0.1024,0.5359,3.3491
7,20.6,3.4702,-0.2145,0.1625,3.4806
7,20.8,3.2629,-0.2035,0.0429,3.2695
7,21.0,3.4665,-0.1704,-0.0421,3.4709
7,21.2,2.9949,0.0579,-0.0218,2.9955
7,21.4,2.8834,0.0484,0.2647,2.8959
7,21.6,3.2427,0.2476,0.0557,3.2526
7,21.8,2.8594,0.2873,-0.3304,2.8927
7,22.0,2.9311,0.1382,-0.2823,2.9479
7,22.2,2.9805,-0.2135,-0.2699,3.0003
7,22.4,2.8349,-0.5107,-0.1036,2.8824
7,22.6,2.7475,-0.4019,-0.224,2.7858
7,22.8,2.6245,-0.4307,-0.3808,2.6867
7,23.0,2.4938,-0.6424,-0.705,2.6699
7,23.2,2.6735,-0.9559,-0.5285,2.888
7,23.4,2.5686,-1.0314,-0.4416,2.8029
7,23.6,2.4397,-0.8255,-0.5728,2.6385
7,23.8,2.6144,-0.6278,-0.5124,2.7371
8,0.0,2.6487,0.1127,-0.0162,2.6511
8,0.2,2.5577,0.3918,-0.0594,2.5882
8,0.4,2.5406,0.6357,-0.1173,2.6215
8,0.6,2.8102,0.7634,-0.0041,2.9121
8,0.8,2.7161,0.4865,0.1737,2.7648
8,1.0,2.3828,0.5335,-0.1532,2.4466
8,1.2,2.9549,0.8647,0.0061,3.0788
8,1.4,2.5784,0.8534,0.1453,2.7199
8,1.6,2.9902,0.7529,0.4205,3.1121
8,1.8,3.155,0.8215,0.1725,3.2648
8,2.0,3.4668,0.9292,0.2411,3.5972
8,2.2,3.4342,0.4707,0.3388,3.4829
8,2.4,3.4107,0.1607,-0.118,3.4166
8,2.6,3.334,-0.043,-0.5496,3.3792
8,2.8,3.1974,0.0204,-0.7586,3.2862
8,3.0,3.1959,0.079,-0.8614,3.3109
8,3.2,3.0567,0.0527,-0.7498,3.1477
8,3.4,2.8501,0.3465,-0.3765,2.8957
8,3.6,2.4352,0.3925,-0.3682,2.494
8,3.8,2.3414,0.4609,-0.41,2.4213
8,4.0,2.4658,0.4193,-0.3431,2.5247
8,4.2,2.5005,0.4219,-0.3542,2.5605
8,4.4,2.7582,0.0635,-0.635,2.8311
8,4.6,2.7682,0.3039,-0.5778,2.8442
8,4.8,2.8927,0.2991,-0.4953,2.95
8,5.0,2.9434,0.492,-0.4729,3.0215
8,5.2,2.8894,0.5014,-0.6964,3.0141
8,5.4,3.0086,0.6337,-0.6242,3.1373
8,5.6,3.2224,0.3265,-0.645,3.3025
8,5.8,3.3432,0.3626,-0.3645,3.3825
8,6.0,3.2042,0.2917,-0.1409,3.2205
8,6.2,3.4344,0.5081,-0.2569,3.4812
8,6.4,3.5445,0.2591,-0.4694,3.5849
8,6.6,3.2909,0.3948,-0.9835,3.4573
8,6.8,3.3089,0.364,-1.1776,3.531
8,7.0,3.325,0.0292,-1.2063,3.5371
8,7.2,2.929,0.2519,-1.1145,3.1439
8,7.4,3.4892,0.1348,-1.0042,3.6333
8,7.6,3.5351,-0.1964,-0.5527,3.5834
8,7.8,3.2132,0.0323,-0.1997,3.2196
8,8.0,3.0419,-0.0809,-0.0536,3.0434
8,8.2,3.1688,-0.3385,0.0219,3.1869
8,8.4,2.8901,-0.1961,0.2503,2.9076
8,8.6,3.1419,-0.1739,0.133,3.1495
8,8.8,3.1048,-0.1718,0.6112,3.1691
8,9.0,3.0803,-0.2626,0.6053,3.1502
8,9.2,3.1664,-0.1246,0.6535,3.2355
8,9.4,2.8512,0.2886,0.4207,2.8965
8,9.6,2.9179,0.2685,0.1641,2.9348
8,9.8,2.5158,0.5367,0.036,2.5726
8,10.0,2.539,0.2639,0.213,2.5616
8,10.2,2.5162,0.4624,-0.1659,2.5636
8,10.4,2.588,0.8921,-0.2318,2.7473
8,10.6,2.8093,1.048,-0.4845,3.0372
8,10.8,3.1903,0.7,-0.4637,3.2989
8,11.0,2.9277,0.2909,-0.5524,2.9935
8,11.2,2.8751,0.3581,-0.9107,3.037
8,11.4,2.4553,0.2579,-1.0871,2.6976
8,11.6,2.4257,-0.208,-1.1745,2.7031
8,11.8,2.5686,-0.1596,-0.9205,2.7333
8,12.0,2.8375,-0.2169,-0.4665,2.8838
8,12.2,2.943,-0.5998,0.021,3.0036
8,12.4,3.0871,-0.3259,-0.1075,3.1062
8,12.6,2.981,-0.6293,-0.0387,3.0469
8,12.8,3.0554,-0.9756,0.0075,3.2074
8,13.0,3.2023,-0.9938,-0.1973,3.3588
8,13.2,3.069,-0.7786,-0.0162,3.1663
8,13.4,2.8614,-0.6374,-0.4086,2.9599
8,13.6,2.5503,-0.7549,-0.4132,2.6916
8,13.8,2.5909,-0.6675,-0.5243,2.7264
8,14.0,2.4642,-0.2309,-0.5091,2.5268
8,14.2,2.6473,-0.5125,-0.3545,2.7197
8,14.4,2.7066,-0.3213,-0.2662,2.7386
8,14.6,2.6726,-0.4731,-0.1765,2.7199
8,14.8,2.6944,-0.5308,-0.2114,2.7543
8,15.0,2.5528,-0.4063,-0.0866,2.5864
8,15.2,2.2875,-0.4385,0.2518,2.3428
8,15.4,2.5209,-0.3807,0.0511,2.55
8,15.6,2.4139,-0.6401,0.1934,2.5048
8,15.8,2.2194,-0.6457,0.3674,2.3404
8,16.0,2.59,-0.5169,0.5139,2.6906
8,16.2,2.7439,-0.1196,0.4319,2.7802
8,16.4,3.0804,0.0234,0.4073,3.1073
8,16.6,3.4066,-0.4353,0.3656,3.4537
8,16.8,3.579,-0.1932,0.497,3.6185
8,17.0,3.4375,-0.0064,0.1017,3.439
8,17.2,3.6153,0.2532,-0.2023,3.6298
8,17.4,3.2619,0.2633,0.0032,3.2725
8,17.6,3.5695,0.1997,-0.0541,3.5754
8,17.8,3.4803,-0.024,-0.0588,3.4809
8,18.0,2.7485,-0.2881,-0.5725,2.8222
8,18.2,2.8319,-0.4312,-0.3864,2.8905
8,18.4,2.8326,-0.5317,-0.4892,2.9233
8,18.6,2.8705,-0.2554,-0.3105,2.8985
8,18.8,2.6457,0.1674,-0.4212,2.6843
8,19.0,2.4479,0.0066,-0.4704,2.4927
8,19.2,2.7463,-0.0806,-0.5264,2.7975
8,19.4,2.5343,0.3241,-0.2677,2.5689
8,19.6,2.4963,0.0417,-0.1508,2.5012
8,19.8,2.782,0.294,-0.3582,2.8204
8,20.0,2.676,0.2674,-0.3242,2.7088
8,20.2,2.8598,0.4363,-0.5923,2.9529
8,20.4,3.0972,0.5371,-0.3606,3.1641
8,20.6,3.1265,0.42,0.0282,3.1547
8,20.8,2.8922,0.5142,0.1732,2.9426
8,21.0,3.2243,0.2146,0.4715,3.2657
8,21.2,3.4072,-0.1836,0.4667,3.4439
8,21.4,3.5213,-0.5056,0.4002,3.5799
8,21.6,3.1776,-0.4225,0.1949,3.2115
8,21.8,3.3275,-0.2624,0.2333,3.346
8,22.0,3.2446,-0.0529,0.334,3.2622
8,22.2,3.0002,0.1,0.1621,3.0062
8,22.4,2.9812,-0.2877,0.2548,3.0059
8,22.6,3.0547,-0.4871,0.3301,3.1109
8,22.8,2.9475,-0.6112,0.2667,3.022
8,23.0,2.8024,-0.2954,-0.0443,2.8183
8,23.2,2.9941,-0.3395,-0.1545,3.0173
8,23.4,3.1846,0.1517,-0.1205,3.1904
8,23.6,2.9504,0.1666,-0.0484,2.9555
8,23.8,2.9089,0.5369,-0.015,2.958
9,0.0,3.0903,-0.179,-0.3334,3.1134
9,0.2,2.7497,0.0039,-0.4,2.7786
9,0.4,2.8526,-0.0713,-0.5911,2.914
9,0.6,2.9958,-0.4599,-0.768,3.1267
9,0.8,3.08,-0.2256,-0.542,3.1354
9,1.0,3.074,-0.3784,-0.6578,3.1663
9,1.2,3.3097,-0.5377,-0.7138,3.4283
9,1.4,3.1951,-0.4526,-0.5406,3.2719
9,1.6,3.3417,-0.6288,-0.6044,3.4536
9,1.8,3.4107,-1.1123,-0.6647,3.6485
9,2.0,3.0612,-1.2502,-0.1854,3.3119
9,2.2,3.312,-1.4074,-0.4379,3.6252
9,2.4,3.234,-1.6336,-0.4682,3.6533
9,2.6,3.6519,-1.4897,-0.4728,3.9723
9,2.8,3.6241,-1.4429,-0.5366,3.9375
9,3.0,3.7176,-1.165,-0.2824,3.9061
9,3.2,3.6314,-0.6945,-0.0141,3.6972
9,3.4,3.4564,-0.7562,0.0767,3.539
9,3.6,3.7217,-0.6156,-0.1227,3.7743
9,3.8,3.6312,-0.4423,-0.2677,3.6679
9,4.0,4.1847,-0.3429,0.061,4.1992
9,4.2,3.9271,-0.1421,0.202,3.9348
9,4.4,3.7231,-0.1882,0.5283,3.7651
9,4.6,3.7436,-0.0367,0.3697,3.762
9,4.8,3.5382,-0.0701,0.5692,3.5844
9,5.0,3.5532,0.2637,0.2484,3.5716
9,5.2,3.5458,0.2674,0.1064,3.5574
9,5.4,3.2996,0.2124,0.036,3.3066
9,5.6,3.2777,0.4357,0.1038,3.3082
9,5.8,3.3522,0.7081,-0.126,3.4285
9,6.0,3.35,0.9391,-0.3496,3.4967
9,6.2,3.4984,1.0018,-0.5267,3.677
9,6.4,3.6664,1.0726,-0.4036,3.8413
9,6.6,3.3419,0.8769,-0.3969,3.4777
9,6.8,3.258,1.2166,-0.4062,3.5014
9,7.0,3.2384,1.405,-0.3912,3.5516
9,7.2,3.21,1.519,-0.5183,3.5889
9,7.4,3.074,0.944,-0.6454,3.2798
9,7.6,3.3557,0.9501,-0.2103,3.4939
9,7.8,3.3714,0.8582,-0.0965,3.4802
9,8.0,3.6928,1.4263,-0.1823,3.9629
9,8.2,3.4439,1.2029,-0.2323,3.6553
9,8.4,3.586,1.1132,0.1463,3.7577
9,8.6,3.5091,0.9755,0.4115,3.6654
9,8.8,3.4069,0.8085,0.258,3.511
9,9.0,3.3049,0.7043,0.378,3.4002
9,9.2,3.0927,0.8742,0.1417,3.217
9,9.4,3.4043,0.4502,-0.0148,3.434
9,9.6,3.3434,0.3725,0.2188,3.3712
9,9.8,3.0073,0.4868,-0.07,3.0473
9,10.0,3.4088,0.4366,0.1083,3.4383
9,10.2,2.9742,-0.0274,-0.1103,2.9764
9,10.4,3.1106,0.0017,-0.212,3.1179
9,10.6,3.3446,0.4281,-0.7678,3.4582
9,10.8,3.2362,0.5051,-0.9086,3.3991
9,11.0,3.2726,0.2733,-1.2441,3.5117
9,11.2,3.2328,0.1435,-1.3905,3.5221
9,11.4,2.7397,0.5344,-1.6234,3.2291
9,11.6,2.824,0.2032,-1.5398,3.2229
9,11.8,3.0048,0.4248,-1.1605,3.249
9,12.0,3.0441,0.5614,-1.1103,3.2885
9,12.2,3.2285,0.5632,-1.078,3.45
9,12.4,2.8609,0.8052,-0.7868,3.0744
9,12.6,2.8075,1.3023,-0.5948,3.1515
9,12.8,2.8141,1.292,-0.9056,3.2262
9,13.0,2.7309,1.0198,-0.802,3.0235
9,13.2,2.5236,1.3972,-0.6646,2.9602
9,13.4,2.825,1.9247,-0.7642,3.5028
9,13.6,2.5008,1.6525,-0.1767,3.0027
9,13.8,2.6048,1.62,-0.1409,3.0707
9,14.0,2.855,1.4992,-0.2459,3.2341
9,14.2,3.0692,1.2322,-0.3982,3.3312
9,14.4,2.8939,1.2634,-0.4588,3.1909
9,14.6,3.0213,1.3887,-0.8066,3.4216
9,14.8,2.9149,1.3617,-0.8475,3.3271
9,15.0,3.0096,1.5013,-0.8475,3.4684
9,15.2,2.6418,1.6388,-0.8409,3.2205
9,15.4,2.3298,1.2462,-0.8102,2.7636
9,15.6,2.667,0.8249,-0.9096,2.9361
9,15.8,2.8697,0.7339,-0.7477,3.055
9,16.0,2.6925,0.4383,-0.4097,2.7585
9,16.2,2.7211,0.6685,-0.4726,2.8416
9,16.4,2.7797,0.8699,-0.3662,2.9355
9,16.6,2.7389,0.6013,-0.4508,2.8402
9,16.8,2.9451,0.7503,-0.2749,3.0516
9,17.0,2.8658,1.0419,-0.0066,3.0493
9,17.2,3.2141,0.7498,0.0559,3.3009
9,17.4,2.9426,0.8758,-0.292,3.084
9,17.6,2.8784,0.598,-0.0835,2.941
9,17.8,2.5372,0.5806,-0.3226,2.6227
9,18.0,2.982,0.4123,-0.5134,3.0538
9,18.2,3.0085,0.4862,-0.2537,3.058
9,18.4,3.0346,0.315,-0.3554,3.0715
9,18.6,3.33,0.137,-0.7119,3.408
9,18.8,3.456,0.0967,-0.5101,3.4948
9,19.0,3.7122,0.1864,-0.662,3.7754
9,19.2,3.1711,0.0438,-0.5367,3.2165
9,19.4,3.5693,0.019,-0.1573,3.5728
9,19.6,3.4836,0.1707,0.0748,3.4886
9,19.8,3.4151,-0.2449,0.1994,3.4297
9,20.0,3.251,-0.2646,-0.0816,3.2627
9,20.2,3.0501,-0.2868,-0.0099,3.0636
9,20.4,2.9172,-0.6723,-0.2973,3.0084
9,20.6,2.6631,-0.6957,-0.2945,2.7682
9,20.8,2.6754,-0.6694,-0.0754,2.7589
9,21.0,2.8276,-0.839,-0.315,2.9662
9,21.2,2.6986,-0.9187,-0.1821,2.8565
9,21.4,2.639,-0.87,-0.4367,2.8128
9,21.6,2.5913,-1.0626,-0.6247,2.8695
9,21.8,2.445,-1.5103,-0.4197,2.9043
9,22.0,2.5678,-1.2081,-0.1701,2.8429
9,22.2,2.6353,-1.3521,0.0085,2.9619
9,22.4,2.4246,-1.2135,0.1383,2.7149
9,22.6,2.7791,-1.1507,0.0072,3.0079
9,22.8,2.9629,-1.2224,0.378,3.2273
9,23.0,2.8821,-1.2761,0.7991,3.2517
9,23.2,2.673,-1.2204,0.914,3.0773
9,23.4,2.4343,-1.0317,0.5349,2.6975
9,23.6,2.5008,-0.6322,0.453,2.6189
9,23.8,2.4047,-0.6892,0.1863,2.5084
10,0.0,3.3969,-0.1248,0.146,3.4023
10,0.2,3.1532,-0.0061,0.0422,3.1535
10,0.4,3.2512,0.2029,-0.0364,3.2577
10,0.6,2.9788,-0.2039,-0.0587,2.9863
10,0.8,3.0105,-0.1106,-0.0267,3.0126
10,1.0,2.8203,-0.4168,0.2098,2.8587
10,1.2,2.7729,-0.4164,-0.0089,2.804
10,1.4,2.7539,-0.478,0.1364,2.7984
10,1.6,2.8225,-0.6583,0.2158,2.9063
10,1.8,2.7339,-0.586,-0.272,2.8092
10,2.0,2.7791,-0.7105,-0.1748,2.8738
10,2.2,2.8035,-0.4298,-0.058,2.8369
10,2.4,2.8871,-0.2541,-0.1628,2.9028
10,2.6,2.7381,-0.1465,0.1996,2.7492
10,2.8,2.9549,-0.564,0.3299,3.0262
10,3.0,2.7046,-0.1672,0.5204,2.7593
10,3.2,2.8517,-0.4739,0.5283,2.9387
10,3.4,3.1772,-0.3563,0.5634,3.2464
10,3.6,3.2647,-0.3057,0.7976,3.3746
10,3.8,3.762,-0.3625,0.5906,3.8253
10,4.0,3.8849,-0.3092,0.3614,3.9139
10,4.2,3.7385,-0.0508,0.0481,3.7391
10,4.4,3.7875,-0.3534,0.1787,3.8081
10,4.6,3.9187,0.0731,0.1708,3.9231
10,4.8,3.6758,-0.1489,-0.0793,3.6796
10,5.0,3.5587,0.3118,0.1984,3.5779
10,5.2,3.2408,-0.1106,0.1921,3.2484
10,5.4,3.2725,0.1542,0.1986,3.2822
10,5.6,3.4691,-0.0731,0.2589,3.4795
10,5.8,3.4378,-0.2054,0.6678,3.5081
10,6.0,3.1107,-0.136,0.4597,3.1474
10,6.2,3.2777,-0.1449,0.5835,3.3323
10,6.4,3.5797,-0.0547,0.6601,3.6404
10,6.6,3.7817,0.102,0.6831,3.8443
10,6.8,3.6056,0.6522,1.0367,3.808
10,7.0,3.6922,0.7242,0.8968,3.868
10,7.2,3.3656,0.497,0.8105,3.4974
10,7.4,3.4918,0.5639,0.0511,3.5374
10,7.6,3.6407,0.3452,-0.1907,3.662
10,7.8,3.0666,0.3733,-0.0755,3.0902
10,8.0,3.5745,0.1247,0.1434,3.5795
10,8.2,3.567,0.1695,0.6072,3.6222
10,8.4,3.7058,0.1326,0.3181,3.7218
10,8.6,3.8233,0.0249,-0.2285,3.8302
10,8.8,3.7868,-0.2337,-0.5095,3.8281
10,9.0,3.3948,-0.2373,-0.2597,3.413
10,9.2,3.3301,-0.1556,0.0868,3.3349
10,9.4,3.4658,0.0897,0.1248,3.4693
10,9.6,3.4692,-0.2044,-0.0344,3.4754
10,9.8,3.2432,-0.2241,-0.4496,3.2818
10,10.0,3.3196,-0.5169,-0.4652,3.3916
10,10.2,3.0663,-0.8085,0.0363,3.1713
10,10.4,3.1312,-0.6073,-0.0794,3.1905
10,10.6,3.1729,-0.3763,-0.3751,3.2171
10,10.8,2.9671,-0.4625,0.0662,3.0037
10,11.0,2.9168,-0.1858,0.0846,2.924
10,11.2,3.0936,-0.2275,-0.0724,3.1028
10,11.4,3.0512,-0.7945,0.006,3.153
10,11.6,2.9978,-0.8966,-0.2321,3.1376
10,11.8,3.1582,-0.7807,-0.2833,3.2656
10,12.0,2.9842,-0.3981,-0.3604,3.0321
10,12.2,3.0134,0.0884,-0.4061,3.0419
10,12.4,2.8649,-0.1531,0.038,2.8692
10,12.6,2.7324,-0.0816,0.2997,2.75
10,12.8,2.6397,-0.1911,-0.0142,2.6466
10,13.0,2.8903,-0.4824,0.045,2.9306
10,13.2,2.7327,-0.5313,-0.0893,2.7853
10,13.4,2.8578,-0.4015,-0.2035,2.8931
10,13.6,2.94,-0.6832,0.4059,3.0455
10,13.8,2.9663,-0.6283,0.7326,3.1194
10,14.0,3.3279,-0.7326,0.9138,3.5279
10,14.2,3.1431,-0.7411,0.7848,3.3233
10,14.4,3.404,-0.7017,0.4659,3.5067
10,14.6,3.4929,-1.1998,0.6934,3.7577
10,14.8,3.3909,-0.9647,0.6201,3.5796
10,15.0,3.3865,-0.8957,0.4056,3.5263
10,15.2,3.0914,-1.0126,0.7874,3.347
10,15.4,2.9708,-0.6994,1.0702,3.2343
10,15.6,2.6304,-0.5611,1.1865,2.9397
10,15.8,2.5331,-0.1751,0.7256,2.6408
10,16.0,2.5758,-0.3859,0.2126,2.6133
10,16.2,2.7126,-0.2128,0.1193,2.7236
10,16.4,2.8018,-0.152,0.2922,2.8211
10,16.6,2.6966,-0.2238,0.2602,2.7184
10,16.8,2.8327,0.0524,0.2252,2.8422
10,17.0,2.8672,0.0849,0.039,2.8687
10,17.2,2.6448,0.3116,0.0636,2.6638
10,17.4,2.6468,-0.0411,-0.0373,2.6474
10,17.6,2.6529,0.079,-0.0503,2.6545
10,17.8,2.5207,0.1193,0.0774,2.5247
10,18.0,2.6189,0.5317,0.0905,2.6738
10,18.2,2.5355,0.5977,0.3779,2.6323
10,18.4,2.2554,0.5216,0.2262,2.326
10,18.6,2.0229,0.6074,0.1171,2.1154
10,18.8,1.9738,0.3878,0.4341,2.0578
10,19.0,2.2055,0.2801,0.4321,2.2648
10,19.2,2.5658,0.1998,0.3891,2.6029
10,19.4,2.3454,0.4738,0.4079,2.4273
10,19.6,2.5529,0.8195,0.8055,2.7996
10,19.8,2.4495,0.8549,0.5385,2.6497
10,20.0,2.4909,0.7681,0.3423,2.629
10,20.2,2.5644,0.5479,0.1189,2.6249
10,20.4,2.4691,0.8921,0.4241,2.6594
10,20.6,2.4579,1.036,0.3163,2.686
10,20.8,2.0877,0.7036,0.3122,2.2251
10,21.0,2.1743,0.0434,0.093,2.1767
10,21.2,1.9995,-0.0174,0.1436,2.0047
10,21.4,2.1372,-0.2772,0.5806,2.2319
10,21.6,2.1432,-0.1449,0.9533,2.3501
10,21.8,1.9638,-0.2236,0.5944,2.0639
10,22.0,2.1785,0.2195,0.6321,2.2789
10,22.2,1.8137,0.306,0.7291,1.9785
10,22.4,2.2112,0.2899,0.6891,2.3342
10,22.6,2.3256,0.4852,0.5737,2.4439
10,22.8,2.5672,0.6488,0.1874,2.6546
10,23.0,2.6625,0.887,0.1772,2.8119
10,23.2,2.5573,0.8542,0.0755,2.6973
10,23.4,2.599,0.7955,-0.0626,2.7188
10,23.6,2.6913,0.3679,-0.1269,2.7193
10,23.8,2.5873,0.5615,-0.1619,2.6525
11,0.0,3.1322,0.1837,0.1683,3.1421
11,0.2,3.3715,-0.0035,0.208,3.378
11,0.4,3.5646,0.3159,0.3367,3.5944
11,0.6,3.4168,0.1015,0.015,3.4184
11,0.8,3.2145,0.2729,0.188,3.2315
11,1.0,3.3532,0.3651,0.0994,3.3745
11,1.2,3.3201,0.644,-0.3774,3.4029
11,1.4,3.3567,0.0651,-0.0695,3.358
11,1.6,3.5151,0.036,0.088,3.5164
11,1.8,3.2596,0.2173,0.5639,3.3151
11,2.0,3.1997,-0.2135,0.6671,3.2755
11,2.2,3.2073,-0.2267,0.5194,3.2569
11,2.4,3.341,-0.132,0.5161,3.3832
11,2.6,3.2798,0.2082,0.4611,3.3186
11,2.8,3.4072,0.1538,0.215,3.4175
11,3.0,3.2298,-0.0138,0.3209,3.2458
11,3.2,3.2882,-0.0184,0.2899,3.301
11,3.4,2.9395,-0.298,0.5499,3.0053
11,3.6,3.0071,-0.0399,0.4755,3.0447
11,3.8,2.9922,0.009,0.3545,3.0132
11,4.0,2.8589,0.2961,0.2932,2.8891
11,4.2,2.902,0.1363,0.1574,2.9095
11,4.4,2.7369,0.4898,-0.042,2.7807
11,4.6,2.8806,0.6602,-0.0931,2.9567
11,4.8,3.0005,0.4795,-0.2882,3.0522
11,5.0,2.805,0.2954,-0.3383,2.8407
11,5.2,2.9563,0.4149,-0.0055,2.9852
11,5.4,2.6909,0.4055,-0.0169,2.7213
11,5.6,2.7869,0.6937,0.1681,2.8769
11,5.8,2.7188,0.2761,0.1945,2.7397
11,6.0,3.0165,0.1154,-0.0491,3.0191
11,6.2,3.0655,0.2856,0.1674,3.0834
11,6.4,3.1658,0.2419,0.2552,3.1853
11,6.6,3.7375,0.3147,0.4316,3.7755
11,6.8,3.621,-0.1841,0.3724,3.6447
11,7.0,3.6173,-0.3487,0.4256,3.6589
11,7.2,3.6236,-0.2683,0.1394,3.6362
11,7.4,3.4988,-0.385,0.0446,3.5203
11,7.6,3.868,-0.1716,0.2358,3.879
11,7.8,3.8773,0.6224,0.0472,3.9273
11,8.0,4.1355,1.1428,-0.2182,4.2961
11,8.2,3.9671,0.6378,-0.0851,4.0189
11,8.4,4.1484,0.7601,-0.1426,4.2198
11,8.6,3.9546,0.5824,-0.4703,4.0248
11,8.8,4.0204,0.4637,-0.775,4.1206
11,9.0,4.3307,0.4107,-0.9625,4.4553
11,9.2,4.2106,0.5567,-0.6602,4.2983
11,9.4,4.1814,0.5159,-0.6151,4.2578
11,9.6,4.0775,0.4525,-0.7165,4.1646
11,9.8,3.8538,0.6986,-0.5789,3.9591
11,10.0,3.7941,0.9982,-0.3473,3.9386
11,10.2,3.9015,0.9184,-0.1453,4.0108
11,10.4,3.6955,0.8944,0.0934,3.8033
11,10.6,3.5182,1.001,-0.073,3.6586
11,10.8,3.5337,1.0256,-0.2233,3.6863
11,11.0,3.5581,0.6203,-0.1421,3.6145
11,11.2,3.877,0.6083,-0.1746,3.9283
11,11.4,3.9013,0.5194,-0.1665,3.9392
11,11.6,4.1965,0.4796,-0.3253,4.2363
11,11.8,4.1812,0.7054,-0.2649,4.2486
11,12.0,4.1609,0.7407,-0.0255,4.2264
11,12.2,4.4536,0.8102,-0.0541,4.5271
11,12.4,4.398,0.761,-0.0179,4.4634
11,12.6,4.2523,1.0503,-0.7074,4.4369
11,12.8,3.9638,0.7752,-0.0761,4.0397
11,13.0,3.8165,0.6876,-0.3353,3.8924
11,13.2,3.5566,0.7545,-0.559,3.6785
11,13.4,3.3059,0.5887,-0.5676,3.4056
11,13.6,3.5716,0.4271,-0.7943,3.6837
11,13.8,3.5498,0.5319,-0.7899,3.6753
11,14.0,3.6165,0.3129,-0.4105,3.6531
11,14.2,3.2313,0.2741,-0.3497,3.2617
11,14.4,3.7274,0.0736,-0.0314,3.7282
11,14.6,3.5268,0.7409,-0.0004,3.6038
11,14.8,3.5596,0.9845,-0.0187,3.6933
11,15.0,3.4457,1.1057,-0.3092,3.632
11,15.2,3.3371,1.0257,-0.3942,3.5134
11,15.4,2.9837,1.1269,-0.7933,3.2866
11,15.6,3.1602,1.0695,-0.7864,3.4277
11,15.8,2.9318,1.2592,-0.943,3.3272
11,16.0,2.6305,1.2633,-0.6344,2.9863
11,16.2,2.78,0.8564,-0.5744,2.9651
11,16.4,2.9862,0.744,-0.2107,3.0847
11,16.6,3.2375,0.734,-0.3078,3.3339
11,16.8,3.0373,0.5004,-0.3519,3.0983
11,17.0,2.8618,0.373,-0.329,2.9047
11,17.2,2.972,0.0296,0.0855,2.9734
11,17.4,3.0989,-0.2242,0.0502,3.1074
11,17.6,3.2337,-0.2328,0.0397,3.2423
11,17.8,3.2884,-0.1704,0.221,3.3002
11,18.0,3.2012,-0.3709,-0.287,3.2354
11,18.2,2.9584,-0.3579,-0.3319,2.9984
11,18.4,3.0194,-0.2197,-0.0619,3.028
11,18.6,3.2126,-0.022,-0.1687,3.2171
11,18.8,3.1686,-0.1584,-0.1368,3.1755
11,19.0,3.6411,-0.3541,-0.1722,3.6624
11,19.2,3.6668,-0.1059,0.0867,3.6693
11,19.4,3.5916,-0.2445,-0.2425,3.608
11,19.6,3.3895,-0.3298,-0.1893,3.4108
11,19.8,3.4364,-0.4881,-0.1791,3.4755
11,20.0,3.2645,-0.4259,-0.2087,3.2987
11,20.2,2.9824,-0.3565,-0.1767,3.0089
11,20.4,2.9281,-0.3912,-0.2861,2.9679
11,20.6,3.0555,-0.5885,-0.0003,3.1116
11,20.8,3.2948,-0.3123,0.0754,3.3104
11,21.0,3.1422,-0.2575,0.3153,3.1685
11,21.2,3.2119,-0.3566,0.375,3.2533
11,21.4,3.3607,0.1788,0.0693,3.3662
11,21.6,3.0924,-0.1494,-0.072,3.0969
11,21.8,3.079,0.248,-0.0036,3.089
11,22.0,2.8905,0.2503,0.1663,2.9061
11,22.2,3.2018,0.315,0.3289,3.2341
11,22.4,3.1362,0.0928,0.2867,3.1507
11,22.6,3.0113,0.1587,0.6204,3.0787
11,22.8,2.9585,-0.1868,0.6139,3.0273
11,23.0,2.754,-0.1072,0.5632,2.813
11,23.2,2.8627,-0.304,0.2267,2.8877
11,23.4,2.8646,-0.1252,0.363,2.8902
11,23.6,3.0863,-0.0956,0.4919,3.1267
11,23.8,2.7747,0.0716,0.1517,2.7797
12,0.0,3.0879,0.1933,0.0264,3.094
12,0.2,2.9498,0.0921,-0.0107,2.9513
12,0.4,2.9074,0.3826,-0.2182,2.9406
12,0.6,2.9139,0.8634,0.3343,3.0575
12,0.8,2.8105,0.9732,0.3373,2.9933
12,1.0,2.6331,0.7268,0.2532,2.7433
12,1.2,2.4917,0.5625,0.0067,2.5544
12,1.4,2.7648,0.5784,-0.1462,2.8284
12,1.6,2.8329,0.7871,-0.3655,2.9629
12,1.8,2.817,0.4198,-0.4492,2.8833
12,2.0,2.7659,0.1941,-0.147,2.7766
12,2.2,2.5804,0.1223,0.0148,2.5834
12,2.4,2.526,-0.1949,0.1341,2.5371
12,2.6,2.5615,-0.2875,0.0034,2.5776
12,2.8,2.6452,-0.3137,0.1947,2.6709
12,3.0,2.7304,-0.3291,0.0655,2.7509
12,3.2,2.3757,-0.1895,-0.1292,2.3868
12,3.4,2.4806,0.1466,-0.1649,2.4904
12,3.6,2.5013,0.347,-0.3798,2.5537
12,3.8,2.7693,0.3729,-0.3674,2.8183
12,4.0,2.9576,0.5778,-0.3862,3.0381
12,4.2,3.0879,0.2868,-0.3764,3.124
12,4.4,3.0222,0.2329,-0.2369,3.0404
12,4.6,2.9469,0.2351,-0.3499,2.9769
12,4.8,2.8641,0.3727,-0.3335,2.9075
12,5.0,2.7368,0.4593,-0.3316,2.7948
12,5.2,2.7454,0.1769,-0.3309,2.7709
12,5.4,2.539,0.1552,-0.2897,2.5602
12,5.6,2.4997,0.1917,-0.1458,2.5113
12,5.8,2.4787,0.0267,-0.0234,2.4789
12,6.0,3.0743,-0.2808,-0.0766,3.0881
12,6.2,2.5683,-0.347,0.3279,2.6123
12,6.4,2.6759,-0.8247,0.4472,2.8356
12,6.6,2.4813,-0.6287,0.7432,2.6654
12,6.8,2.6832,-0.7905,0.6411,2.8697
12,7.0,2.6864,-0.8972,0.5679,2.8886
12,7.2,2.7001,-0.9061,0.4382,2.8816
12,7.4,2.6609,-0.9508,0.7118,2.9139
12,7.6,2.6608,-0.9244,0.4457,2.8518
12,7.8,2.7121,-0.9823,0.3311,2.9035
12,8.0,3.0231,-0.6454,0.1298,3.0939
12,8.2,2.9932,-0.8948,-0.1671,3.1285
12,8.4,3.229,-0.7529,0.023,3.3157
12,8.6,3.2718,-0.5167,-0.0046,3.3123
12,8.8,2.6811,-0.8532,0.0549,2.8141
12,9.0,2.5301,-0.5123,0.344,2.6043
12,9.2,2.7768,-0.8139,0.2186,2.9018
12,9.4,2.628,-0.6301,0.0272,2.7027
12,9.6,2.6536,-0.5699,0.1758,2.7198
12,9.8,2.69,-0.5879,-0.1418,2.7572
12,10.0,2.7553,-0.4512,-0.2383,2.8022
12,10.2,2.6161,-0.4777,-0.1711,2.6648
12,10.4,2.7562,-0.4048,-0.2063,2.7934
12,10.6,2.5679,-0.6794,-0.5242,2.7075
12,10.8,2.4403,-0.3724,-0.2642,2.4827
12,11.0,2.9906,-0.3752,-0.3566,3.035
12,11.2,2.3532,-0.4359,-0.4615,2.4374
12,11.4,2.685,-0.597,-0.5924,2.8137
12,11.6,2.9189,-0.2374,-0.5361,2.9772
12,11.8,2.9241,-0.4933,-0.3236,2.9831
12,12.0,2.9551,-0.219,-0.3606,2.985
12,12.2,3.0688,0.0226,-0.4552,3.1025
12,12.4,2.728,0.0693,-0.2461,2.7399
12,12.6,2.7621,-0.1998,-0.2425,2.7799
12,12.8,2.9983,0.0078,-0.4376,3.0301
12,13.0,2.8665,-0.2952,-0.6021,2.9439
12,13.2,3.0068,-0.0696,-0.8876,3.1359
12,13.4,3.1418,0.0334,-0.9094,3.271
12,13.6,3.3139,0.2647,-0.6508,3.3875
12,13.8,3.3958,0.5011,-0.5995,3.4846
12,14.0,2.7562,0.7756,-0.7127,2.9506
12,14.2,3.0628,0.6884,-0.7743,3.2333
12,14.4,2.8258,0.7936,-0.4007,2.9623
12,14.6,2.9377,0.7404,-0.4925,3.0693
12,14.8,3.2074,0.2563,-0.6344,3.2795
12,15.0,3.0757,0.1881,-0.6722,3.1539
12,15.2,3.1171,0.481,-0.8734,3.2728
12,15.4,2.756,0.514,-0.8798,2.9383
12,15.6,2.3861,0.8393,-1.02,2.7273
12,15.8,2.6578,1.0035,-1.0491,3.0285
12,16.0,2.6841,0.7043,-0.8583,2.9047
12,16.2,2.7523,0.4116,-0.809,2.8981
12,16.4,3.1247,0.2145,-0.4267,3.161
12,16.6,3.2162,-0.0201,-0.4483,3.2474
12,16.8,3.2483,0.1182,-0.4275,3.2784
12,17.0,3.0311,0.1866,-0.6149,3.0985
12,17.2,3.0817,0.2244,-0.9066,3.2201
12,17.4,3.2543,0.1957,-0.708,3.3362
12,17.6,3.1617,0.1393,-0.8213,3.2696
12,17.8,3.1987,0.1911,-0.7878,3.2998
12,18.0,3.2974,-0.0723,-0.6975,3.3711
12,18.2,2.958,0.1113,-0.798,3.0658
12,18.4,2.9855,0.4347,-0.5643,3.0693
12,18.6,2.4846,0.6187,-0.9066,2.7163
12,18.8,2.3245,0.7184,-0.9629,2.6166
12,19.0,2.3435,0.6768,-1.2365,2.7348
12,19.2,2.2611,0.5986,-1.1878,2.6233
12,19.4,2.2049,0.2507,-0.7958,2.3575
12,19.6,2.3469,0.7983,-0.7428,2.5878
12,19.8,2.1998,0.4976,-0.4357,2.297
12,20.0,2.1883,0.4842,-0.0504,2.2418
12,20.2,2.5094,0.4883,-0.1779,2.5626
12,20.4,2.6961,0.4866,-0.3686,2.7643
12,20.6,2.8447,0.4699,-0.3986,2.9106
12,20.8,2.6124,0.3188,-0.287,2.6474
12,21.0,2.1853,0.247,-0.3031,2.22
12,21.2,2.0089,-0.065,0.1214,2.0136
12,21.4,2.2283,-0.0372,0.0487,2.2292
12,21.6,2.1094,-0.1569,0.0504,2.1158
12,21.8,2.6538,0.0058,0.4396,2.69
12,22.0,2.6849,-0.1131,0.6609,2.7674
12,22.2,2.7949,-0.1326,0.4689,2.837
12,22.4,2.7005,-0.286,0.0214,2.7157
12,22.6,3.1262,0.1429,0.14,3.1326
12,22.8,2.7882,-0.1802,-0.344,2.8151
12,23.0,2.6766,-0.1845,-0.4877,2.7269
12,23.2,2.7604,0.0323,-0.3316,2.7804
12,23.4,2.9339,0.2334,-0.2302,2.9521
12,23.6,2.9645,0.78,0.0425,3.0657
12,23.8,3.0762,0.6452,-0.3018,3.1575
13,0.0,3.1692,-0.1026,-0.1735,3.1756
13,0.2,3.3028,0.119,0.0976,3.3064
13,0.4,3.4654,0.5239,0.2435,3.5133
13,0.6,3.1201,0.187,0.2441,3.1353
13,0.8,3.0578,0.4331,-0.1667,3.0928
13,1.0,2.9223,0.2275,0.0023,2.9311
13,1.2,3.0,0.2371,-0.0523,3.0098
13,1.4,2.7815,0.2796,0.1278,2.7984
13,1.6,3.1046,0.1053,0.2417,3.1158
13,1.8,3.3451,0.3065,0.5775,3.4084
13,2.0,3.1225,0.6403,0.2317,3.1959
13,2.2,2.7315,0.5191,0.4374,2.8146
13,2.4,2.4317,0.3891,0.1093,2.4651
13,2.6,2.5202,0.3105,-0.1558,2.544
13,2.8,2.6085,0.2581,-0.1358,2.6247
13,3.0,2.7245,0.0046,-0.2117,2.7327
13,3.2,2.8078,-0.1149,-0.0775,2.8113
13,3.4,2.5532,-0.1402,-0.223,2.5668
13,3.6,2.7993,0.1344,-0.2916,2.8176
13,3.8,2.5951,0.1984,-0.5415,2.6585
13,4.0,2.8228,-0.0618,-0.6226,2.8913
13,4.2,2.4886,-0.1952,-0.6349,2.5757
13,4.4,2.377,-0.354,-0.514,2.4576
13,4.6,2.1826,-0.3497,-0.3449,2.2372
13,4.8,2.4423,-0.2547,-0.2978,2.4736
13,5.0,2.4437,-0.1443,-0.3361,2.4709
13,5.2,2.3195,-0.1947,-0.0303,2.3279
13,5.4,1.8581,-0.5107,0.087,1.9289
13,5.6,1.8503,0.0002,-0.0483,1.851
13,5.8,1.6794,0.2155,-0.1758,1.7023
13,6.0,1.9589,0.1109,-0.2683,1.9803
13,6.2,2.0386,0.0426,-0.5041,2.1005
13,6.4,2.0138,-0.2153,-0.176,2.0329
13,6.6,2.3215,-0.2992,0.0133,2.3407
13,6.8,2.5608,-0.2502,0.1586,2.5779
13,7.0,2.2425,-0.0774,0.3942,2.2782
13,7.2,2.6925,-0.0773,0.5852,2.7565
13,7.4,3.0049,-0.1321,0.4113,3.0358
13,7.6,3.0428,0.0058,0.1113,3.0448
13,7.8,3.2512,0.0973,-0.1754,3.2574
13,8.0,3.2352,0.1718,-0.429,3.268
13,8.2,3.1758,0.2072,-0.5341,3.2271
13,8.4,3.4385,0.1018,-0.8757,3.5497
13,8.6,3.6171,0.2773,-0.8089,3.7168
13,8.8,3.513,0.1966,-0.3337,3.5343
13,9.0,3.662,0.4833,-0.089,3.6948
13,9.2,3.2725,0.5018,-0.2222,3.3182
13,9.4,3.4057,0.2153,0.065,3.4131
13,9.6,3.2269,-0.0667,0.2702,3.2389
13,9.8,3.5602,-0.095,-0.3504,3.5787
13,10.0,3.643,-0.5143,-0.0674,3.6798
13,10.2,3.8206,-0.6261,-0.1163,3.8733
13,10.4,3.4421,-0.6273,0.0974,3.5002
13,10.6,3.5462,-0.22,0.3743,3.5726
13,10.8,3.869,-0.2007,0.1479,3.877
13,11.0,4.0803,0.1282,-0.229,4.0888
13,11.2,3.9537,0.0679,-0.0287,3.9544
13,11.4,4.0834,-0.013,0.0049,4.0834
13,11.6,4.1228,0.053,0.0171,4.1232
13,11.8,3.9511,0.4311,0.1107,3.9761
13,12.0,3.9388,0.6204,0.3263,4.0007
13,12.2,4.0051,0.4225,0.6241,4.0754
13,12.4,3.7747,0.4404,0.657,3.8567
13,12.6,3.7866,0.3321,0.4517,3.8278
13,12.8,3.7232,0.0442,0.0222,3.7235
13,13.0,4.1117,0.0162,-0.1629,4.115
13,13.2,4.2402,-0.5593,-0.1606,4.2799
13,13.4,4.0413,-0.8623,0.236,4.139
13,13.6,3.9628,-0.7415,0.21,4.0371
13,13.8,3.7633,-0.6849,0.3044,3.8372
13,14.0,3.4515,-0.6926,0.2912,3.5323
13,14.2,3.3738,-0.5008,0.5232,3.4506
13,14.4,3.6967,-0.1705,0.1871,3.7054
13,14.6,3.7163,-0.2326,0.0092,3.7236
13,14.8,4.0843,0.0884,0.0227,4.0853
13,15.0,4.0218,0.1897,-0.3172,4.0387
13,15.2,3.8211,-0.1317,-0.3189,3.8367
13,15.4,3.5024,-0.0902,-0.3958,3.5258
13,15.6,3.5801,-0.0803,-0.4313,3.6068
13,15.8,3.5868,0.0842,-0.5919,3.6362
13,16.0,3.4114,-0.2483,-0.3908,3.4426
13,16.2,3.2173,-0.4708,-0.191,3.2572
13,16.4,3.2481,-0.3241,-0.682,3.3347
13,16.6,3.0203,-0.1931,-0.723,3.1116
13,16.8,2.9597,-0.4598,-0.8024,3.1008
13,17.0,3.1126,-0.5099,-0.8831,3.2754
13,17.2,3.3855,-0.574,-0.7699,3.5191
13,17.4,3.2825,0.1835,-0.3448,3.3057
13,17.6,3.2486,0.3828,-0.3019,3.285
13,17.8,3.1241,0.5399,-0.3117,3.1857
13,18.0,3.5688,0.5735,-0.0773,3.6154
13,18.2,3.3425,0.2661,0.0545,3.3535
13,18.4,3.2868,-0.0965,0.1176,3.2903
13,18.6,2.9335,-0.4442,-0.1604,2.9713
13,18.8,3.0226,-0.4872,-0.2168,3.0693
13,19.0,3.367,-0.4052,-0.4577,3.422
13,19.2,3.0338,-0.4361,-0.3211,3.0817
13,19.4,3.0297,-0.2815,-0.4045,3.0695
13,19.6,2.7882,-0.1778,-0.1262,2.7967
13,19.8,2.943,-0.0459,-0.1911,2.9496
13,20.0,3.2955,-0.077,-0.4646,3.329
13,20.2,3.1589,0.17,-0.3624,3.1841
13,20.4,3.469,-0.232,-0.3299,3.4923
13,20.6,3.4137,0.0205,-0.352,3.4319
13,20.8,3.6319,0.5623,-0.0602,3.6757
13,21.0,3.5778,0.3812,0.1254,3.6003
13,21.2,3.6854,0.2981,-0.0507,3.6978
13,21.4,3.1854,0.2178,-0.0263,3.193
13,21.6,3.0115,0.0805,0.228,3.0212
13,21.8,2.9342,0.4033,0.2965,2.9766
13,22.0,2.8731,0.2697,0.0475,2.8861
13,22.2,2.7015,0.1594,-0.041,2.7065
13,22.4,2.7401,0.3581,-0.0994,2.7652
13,22.6,2.5448,0.209,-0.4012,2.5847
13,22.8,2.8255,-0.142,-0.4904,2.8713
13,23.0,3.2476,-0.279,-0.0705,3.2603
13,23.2,3.1662,-0.3354,-0.0866,3.1851
13,23.4,2.919,-0.3961,-0.2656,2.9577
13,23.6,2.9568,-0.2072,-0.5455,3.0138
13,23.8,2.6351,-0.0153,-0.261,2.648
14,0.0,3.1143,-0.0909,-0.0189,3.1157
14,0.2,3.0572,0.1679,-0.3267,3.0792
14,0.4,3.1077,0.4724,-0.1898,3.1491
14,0.6,3.4436,0.3543,-0.3634,3.4808
14,0.8,3.3485,0.6979,-0.3063,3.4342
14,1.0,3.5785,0.4677,-0.2662,3.6188
14,1.2,3.5324,0.6259,0.1654,3.5913
14,1.4,3.3034,0.462,0.1996,3.3415
14,1.6,3.4908,0.2901,-0.0842,3.5039
14,1.8,3.0322,0.2044,0.4123,3.0669
14,2.0,3.1242,0.5898,0.3302,3.1965
14,2.2,2.639,0.4403,0.2543,2.6875
14,2.4,2.4462,0.2256,0.2397,2.4682
14,2.6,2.5966,0.3809,0.1249,2.6274
14,2.8,2.3286,0.3044,0.0359,2.3487
14,3.0,2.33,0.2098,0.0349,2.3396
14,3.2,2.502,0.4136,0.2824,2.5516
14,3.4,2.8593,0.6992,0.057,2.9441
14,3.6,2.7907,0.125,0.264,2.8059
14,3.8,2.8173,0.3006,0.0481,2.8337
14,4.0,3.0808,0.0951,0.0358,3.0824
14,4.2,2.8527,0.1726,0.2713,2.8708
14,4.4,2.8236,0.3245,0.3271,2.8609
14,4.6,2.8388,0.0997,0.1068,2.8426
14,4.8,3.0576,-0.2392,0.3559,3.0875
14,5.0,2.9504,-0.3732,0.3862,2.9989
14,5.2,2.6472,-1.0322,0.3562,2.8636
14,5.4,2.7157,-0.9377,-0.3609,2.8956
14,5.6,2.8883,-0.7493,0.0429,2.9842
14,5.8,2.94,-0.7662,0.0066,3.0382
14,6.0,2.8368,-0.8523,-0.054,2.9626
14,6.2,2.6627,-1.0908,0.1211,2.88
14,6.4,2.4727,-0.936,-0.2398,2.6548
14,6.6,2.3629,-0.8747,-0.5253,2.5738
14,6.8,2.2003,-0.4866,-0.8002,2.3913
14,7.0,2.6722,-0.0816,-0.5041,2.7206
14,7.2,2.7426,0.2127,-0.4321,2.7846
14,7.4,2.8218,0.195,-0.3034,2.8447
14,7.6,2.9905,0.2048,-0.3898,3.0227
14,7.8,2.5772,-0.2318,-0.4479,2.6261
14,8.0,2.5761,0.0434,-0.718,2.6746
14,8.2,2.7396,-0.0805,-0.4913,2.7844
14,8.4,3.4824,-0.3612,-0.4883,3.5349
14,8.6,3.591,-0.3757,-0.7113,3.68
14,8.8,3.2039,-0.0763,-0.7108,3.2826
14,9.0,3.7578,-0.0926,-1.091,3.9141
14,9.2,3.8499,-0.2324,-0.829,3.945
14,9.4,4.1635,0.0925,-0.7462,4.2309
14,9.6,4.1245,0.0731,-0.4696,4.1518
14,9.8,3.9542,0.0331,-0.2527,3.9624
14,10.0,3.7326,-0.1493,0.0587,3.7361
14,10.2,3.4602,-0.179,0.2944,3.4773
14,10.4,3.3213,-0.2106,0.623,3.3858
14,10.6,3.1443,-0.4262,0.7455,3.2595
14,10.8,3.2715,-0.3915,0.6938,3.3671
14,11.0,3.1446,-0.2956,0.5522,3.2063
14,11.2,2.6795,-0.5094,0.5262,2.7778
14,11.4,2.6796,-0.4084,0.6264,2.782
14,11.6,2.7436,-0.4186,0.3802,2.8013
14,11.8,2.8319,-0.3437,-0.0748,2.8537
14,12.0,2.7934,-0.3406,-0.1665,2.819
14,12.2,2.2931,-0.587,0.0816,2.3685
14,12.4,2.4496,-0.5989,-0.3456,2.5453
14,12.6,2.5213,-0.2418,-0.4363,2.5701
14,12.8,2.8136,-0.1688,-0.5769,2.8771
14,13.0,2.4444,-0.3903,-0.3121,2.495
14,13.2,2.6406,-0.2805,-0.3907,2.684
14,13.4,3.0259,-0.3267,-0.1619,3.0478
14,13.6,2.9259,-0.3015,-0.1007,2.9431
14,13.8,3.0494,-0.7638,0.1733,3.1484
14,14.0,3.0235,-1.2175,0.1476,3.2628
14,14.2,3.0123,-1.1108,-0.104,3.2122
14,14.4,2.9519,-0.7749,-0.201,3.0585
14,14.6,2.9753,-1.1209,0.1258,3.1819
14,14.8,2.7384,-1.0765,0.2384,2.9521
14,15.0,3.0844,-1.1948,-0.0942,3.3091
14,15.2,3.224,-0.9892,0.2007,3.3783
14,15.4,3.3614,-0.7621,0.4859,3.4808
14,15.6,3.0621,-0.8319,0.447,3.2044
14,15.8,3.3225,-0.8069,0.1614,3.4229
14,16.0,3.4278,-0.8503,0.2834,3.5431
14,16.2,3.2297,-0.7749,0.2513,3.3309
14,16.4,3.2433,-0.4621,0.8412,3.3823
14,16.6,2.8756,-0.216,1.149,3.1042
14,16.8,3.0429,-0.0438,0.698,3.1222
14,17.0,2.9492,0.2106,0.7802,3.058
14,17.2,2.9839,0.1515,0.389,3.013
14,17.4,2.8109,0.2862,0.3486,2.8468
14,17.6,2.8388,0.2777,0.3689,2.8761
14,17.8,2.8312,0.2049,0.3679,2.8623
14,18.0,2.948,0.6374,0.179,3.0214
14,18.2,2.787,0.694,0.1934,2.8786
14,18.4,3.0387,0.5371,0.2491,3.0958
14,18.6,2.916,-0.0506,0.1518,2.9204
14,18.8,2.635,0.0302,0.2731,2.6493
14,19.0,2.9489,-0.3993,0.0292,2.976
14,19.2,2.7633,-0.7149,0.2549,2.8656
14,19.4,2.5786,-0.791,0.4096,2.7281
14,19.6,2.9876,-0.4563,0.1798,3.0276
14,19.8,3.2503,-0.2736,0.1049,3.2635
14,20.0,3.43,0.0425,0.0364,3.4304
14,20.2,3.298,0.0841,0.1721,3.3036
14,20.4,3.2538,0.1835,0.2144,3.2661
14,20.6,3.7058,-0.031,0.1984,3.7112
14,20.8,3.6914,-0.0066,-0.0876,3.6924
14,21.0,3.7007,0.2785,-0.3303,3.7259
14,21.2,3.6491,0.3507,-0.5017,3.7001
14,21.4,3.6634,0.2714,-0.4396,3.6996
14,21.6,3.7311,0.2026,-0.3182,3.7501
14,21.8,3.7332,0.2552,-0.232,3.7491
14,22.0,3.7956,0.0665,0.3411,3.8115
14,22.2,3.8363,-0.1397,0.0415,3.8391
14,22.4,4.3104,-0.0969,0.2985,4.3218
14,22.6,4.2213,-0.2442,0.4277,4.2499
14,22.8,4.1549,0.0741,0.5914,4.1974
14,23.0,3.7758,0.0392,0.778,3.8554
14,23.2,3.892,0.3533,0.4845,3.9379
14,23.4,3.6053,0.5566,0.3705,3.6668
14,23.6,3.1628,0.3335,0.8501,3.292
14,23.8,3.1741,0.4721,0.9583,3.349
15,0.0,3.319,-0.1859,-0.0797,3.3252
15,0.2,3.1095,-0.1637,-0.178,3.1189
15,0.4,2.9637,-0.2916,0.198,2.9846
15,0.6,3.2117,-0.7037,0.0773,3.2888
15,0.8,3.3825,-0.4826,0.0921,3.418
15,1.0,3.0581,-0.2261,0.0699,3.0672
15,1.2,2.9696,-0.2751,0.273,2.9948
15,1.4,2.7555,-0.0219,0.3145,2.7735
15,1.6,2.8671,0.126,0.2493,2.8807
15,1.8,3.3182,0.5391,0.3951,3.3848
15,2.0,3.1646,0.7805,0.4212,3.2865
15,2.2,3.1737,1.0746,0.3309,3.367
15,2.4,3.2844,0.8235,0.3059,3.3999
15,2.6,3.5659,0.9967,0.3375,3.7179
15,2.8,3.3268,0.8352,0.2904,3.4423
15,3.0,3.0629,0.6405,0.2848,3.142
15,3.2,2.5602,0.8081,0.265,2.6977
15,3.4,2.7354,0.5493,0.3297,2.8095
15,3.6,2.9325,0.9207,0.3418,3.0926
15,3.8,2.7469,0.774,0.7362,2.9473
15,4.0,2.6388,0.917,0.5028,2.8385
15,4.2,2.3167,0.9357,0.581,2.5651
15,4.4,2.5903,0.7936,0.4247,2.7422
15,4.6,2.597,0.7033,0.0348,2.6908
15,4.8,2.5409,0.9328,-0.1167,2.7092
15,5.0,2.4001,0.79,-0.1016,2.5288
15,5.2,2.3519,0.5363,-0.2582,2.426
15,5.4,2.6061,0.3722,-0.1758,2.6384
15,5.6,2.6914,0.5726,-0.4723,2.7919
15,5.8,2.5998,0.4075,-0.6719,2.716
15,6.0,2.9032,0.6661,-0.6929,3.0581
15,6.2,2.4771,0.6537,-0.9032,2.7164
15,6.4,2.5708,0.4541,-0.6485,2.69
15,6.6,2.6975,0.7728,-0.2443,2.8167
15,6.8,2.7336,0.6043,-0.3121,2.8169
15,7.0,2.8323,0.462,-0.0386,2.87
15,7.2,2.6835,0.5508,0.1204,2.7421
15,7.4,2.419,0.6341,0.0945,2.5025
15,7.6,2.6008,0.6577,0.5458,2.7376
15,7.8,2.8136,0.3478,0.3196,2.853
15,8.0,3.1599,0.3084,0.3603,3.1953
15,8.2,3.2021,0.2311,0.2305,3.2187
15,8.4,3.0943,0.2888,0.3139,3.1236
15,8.6,3.0897,0.283,0.4919,3.1414
15,8.8,3.0875,0.0768,0.5443,3.136
15,9.0,2.9697,0.2375,0.3574,3.0006
15,9.2,2.6704,0.1732,0.3273,2.696
15,9.4,2.7528,0.2729,0.2779,2.7802
15,9.6,2.8016,0.0757,0.2989,2.8186
15,9.8,2.6678,-0.0784,0.4278,2.703
15,10.0,2.5906,0.1628,0.4323,2.6315
15,10.2,2.5347,-0.0026,0.2536,2.5474
15,10.4,2.5774,0.0597,0.3537,2.6023
15,10.6,2.6227,-0.0835,0.1418,2.6279
15,10.8,3.0077,-0.0201,0.2001,3.0144
15,11.0,2.702,-0.367,0.4074,2.7571
15,11.2,2.699,-0.449,0.6083,2.8029
15,11.4,2.8048,0.021,0.4796,2.8456
15,11.6,2.7574,0.3629,0.65,2.8561
15,11.8,2.5117,0.1312,0.194,2.5226
15,12.0,2.5787,-0.0625,0.1646,2.5847
15,12.2,2.8714,0.0359,-0.0006,2.8716
15,12.4,3.04,-0.1966,0.1705,3.0511
15,12.6,3.1765,-0.3127,0.2889,3.2049
15,12.8,2.9062,-0.0049,0.3463,2.9268
15,13.0,3.4351,0.2101,0.1678,3.4456
15,13.2,3.4188,0.1241,0.171,3.4253
15,13.4,3.2719,0.2001,0.1196,3.2802
15,13.6,2.9494,0.4384,-0.1518,2.9856
15,13.8,2.9284,0.3389,0.4821,2.9871
15,14.0,2.6438,0.2209,0.2056,2.661
15,14.2,2.7464,0.1632,0.2482,2.7624
15,14.4,2.4577,0.0516,0.3336,2.4808
15,14.6,2.5741,-0.1738,0.278,2.5949
15,14.8,2.5294,-0.2082,0.094,2.5397
15,15.0,2.4961,-0.2453,0.1086,2.5105
15,15.2,2.3918,-0.5441,0.2557,2.4662
15,15.4,2.5928,-0.0849,0.152,2.5986
15,15.6,2.3061,0.0007,0.3091,2.3267
15,15.8,2.1056,-0.2628,0.4956,2.179
15,16.0,2.7651,-0.2909,0.0288,2.7805
15,16.2,2.7472,-0.3297,-0.3411,2.7878
15,16.4,2.9271,-0.141,-0.4559,2.9657
15,16.6,3.1881,-0.0322,-0.6154,3.2471
15,16.8,3.4091,-0.2313,-0.6946,3.4868
15,17.0,2.9746,-0.4752,-0.6462,3.0809
15,17.2,3.0445,-0.5312,-0.5919,3.1467
15,17.4,3.0918,-0.5113,-0.6304,3.1966
15,17.6,3.0764,-0.7469,-0.899,3.2909
15,17.8,3.1554,-0.3954,-0.5335,3.2245
15,18.0,3.2257,-0.4779,-0.5383,3.3051
15,18.2,3.2754,-0.6909,-0.3862,3.3697
15,18.4,3.4563,-0.3184,-0.4343,3.498
15,18.6,2.9177,-0.6605,-0.5566,3.0429
15,18.8,3.1167,-0.5058,-0.5545,3.2058
15,19.0,2.7959,-0.4682,-0.4403,2.8688
15,19.2,2.6316,-0.5758,-0.4081,2.7246
15,19.4,2.7461,-0.3646,-0.3518,2.7925
15,19.6,2.7885,-0.8226,-0.2979,2.9225
15,19.8,2.676,-0.4509,-0.1989,2.721
15,20.0,2.5654,-0.4409,-0.3052,2.6208
15,20.2,2.8544,-0.5925,0.0487,2.9156
15,20.4,2.7302,-0.4209,0.0473,2.7628
15,20.6,2.7839,-0.0435,-0.1219,2.7869
15,20.8,2.6676,-0.0584,-0.0711,2.6691
15,21.0,2.7454,-0.4604,-0.2271,2.793
15,21.2,3.0047,-0.7527,-0.308,3.1128
15,21.4,3.4654,-0.5929,-0.4476,3.5442
15,21.6,3.6711,-0.4446,-0.5828,3.7436
15,21.8,3.3518,-0.5331,-0.7895,3.4846
15,22.0,3.3175,-0.2537,-1.1369,3.516
15,22.2,3.4062,-0.3358,-0.6371,3.4815
15,22.4,3.4544,-0.147,-1.0816,3.6227
15,22.6,3.5969,-0.1092,-0.5835,3.6455
15,22.8,3.1913,-0.5427,-0.3169,3.2526
15,23.0,2.8025,-0.3589,-0.5448,2.8775
15,23.2,3.0088,-0.6574,-0.6282,3.1432
15,23.4,3.1331,-0.9924,-0.3763,3.308
15,23.6,3.0116,-1.0133,-0.4999,3.2166
15,23.8,3.2498,-0.7287,-0.5302,3.3724
16,0.0,3.1077,0.1406,-0.0203,3.1109
16,0.2,3.1885,0.4202,-0.145,3.2193
16,0.4,3.0944,0.5358,-0.0279,3.1406
16,0.6,2.9402,0.466,0.1029,2.9787
16,0.8,2.5703,0.533,0.0251,2.6251
16,1.0,2.6873,1.2546,0.0655,2.9665
16,1.2,2.727,1.5471,0.2845,3.1482
16,1.4,3.3113,1.6838,-0.1717,3.7188
16,1.6,3.1124,1.54,-0.0939,3.4739
16,1.8,2.9063,1.3714,0.3354,3.2311
16,2.0,2.8672,1.2484,0.3986,3.1525
16,2.2,2.7683,0.9214,0.4354,2.95
16,2.4,2.5843,0.8206,0.5746,2.7717
16,2.6,2.2827,0.8976,0.3408,2.4764
16,2.8,2.0817,1.0103,0.1046,2.3163
16,3.0,2.3149,1.1475,-0.3384,2.6057
16,3.2,2.6102,0.9374,-0.1707,2.7787
16,3.4,2.6292,0.6208,-0.2861,2.7166
16,3.6,2.3154,0.5866,0.1412,2.3928
16,3.8,2.6286,0.5291,0.013,2.6814
16,4.0,2.9186,0.3681,-0.2403,2.9515
16,4.2,2.7629,0.3427,-0.57,2.8419
16,4.4,3.0949,0.2558,-0.8614,3.2227
16,4.6,2.8788,0.2581,-0.946,3.0412
16,4.8,2.8898,0.119,-0.7381,2.9849
16,5.0,3.2235,-0.2007,-0.6531,3.2951
16,5.2,3.57,-0.3749,-0.5898,3.6378
16,5.4,3.698,-0.6278,-0.6401,3.8051
16,5.6,3.3874,-0.1802,-0.5305,3.4335
16,5.8,3.492,-0.0821,-0.2553,3.5023
16,6.0,3.7863,-0.1987,-0.4788,3.8216
16,6.2,3.5803,-0.5575,-0.5362,3.6629
16,6.4,3.3839,-0.5549,-0.456,3.4592
16,6.6,3.3418,-0.0957,-0.1634,3.3472
16,6.8,3.0941,-0.1751,-0.2133,3.1064
16,7.0,2.9688,-0.0137,-0.1498,2.9727
16,7.2,3.1224,-0.0866,-0.0236,3.1237
16,7.4,3.3684,-0.0431,-0.3672,3.3887
16,7.6,3.3772,-0.07,-0.2897,3.3903
16,7.8,3.2657,-0.2894,-0.5308,3.3212
16,8.0,3.3189,-0.483,-0.3286,3.37
16,8.2,3.0673,-0.5056,-0.3414,3.1273
16,8.4,3.149,-0.3435,-0.2292,3.1759
16,8.6,3.3093,-0.442,-0.2947,3.3516
16,8.8,2.6305,-0.4681,-0.5618,2.7303
16,9.0,2.9297,-0.0828,-0.3051,2.9467
16,9.2,3.2883,-0.1034,-0.2307,3.298
16,9.4,3.1899,0.3584,-0.2027,3.2164
16,9.6,3.4156,0.3943,-0.3966,3.4611
16,9.8,3.34,0.4783,-0.5542,3.4193
16,10.0,3.3475,-0.1578,-0.2159,3.3581
16,10.2,3.6683,-0.0169,-0.678,3.7304
16,10.4,3.621,0.051,-1.0072,3.7588
16,10.6,3.8293,0.0144,-0.6215,3.8795
16,10.8,3.6497,0.1818,-0.7063,3.7218
16,11.0,3.2723,-0.0613,-0.8313,3.3768
16,11.2,3.3547,0.0746,-0.5751,3.4045
16,11.4,3.4874,0.1789,-0.2318,3.4996
16,11.6,3.4239,-0.1196,0.0299,3.4261
16,11.8,3.0565,0.0604,-0.1933,3.0632
16,12.0,3.1187,-0.1115,-0.5163,3.1631
16,12.2,3.2238,-0.2837,-0.967,3.3776
16,12.4,3.3846,-0.2355,-0.9634,3.5269
16,12.6,3.2916,-0.2192,-1.1246,3.4853
16,12.8,3.1967,-0.1359,-0.8035,3.2989
16,13.0,3.0384,-0.2948,-0.6872,3.1291
16,13.2,3.1474,0.0013,-0.963,3.2914
16,13.4,3.424,0.2036,-0.9769,3.5664
16,13.6,3.2188,0.2807,-0.867,3.3453
16,13.8,3.2147,0.1888,-0.7293,3.3017
16,14.0,3.0635,0.1916,-0.3758,3.0924
16,14.2,3.2594,0.2084,-0.5928,3.3194
16,14.4,3.1539,0.5716,-0.7452,3.2908
16,14.6,2.7655,0.5637,-0.7037,2.9087
16,14.8,2.9605,0.3552,-0.8845,3.1102
16,15.0,3.0409,0.3741,-0.8652,3.1837
16,15.2,2.7024,0.0449,-0.773,2.8112
16,15.4,2.8659,0.0384,-0.9247,3.0116
16,15.6,2.6247,-0.0022,-0.8607,2.7623
16,15.8,2.6102,-0.1981,-1.1874,2.8744
16,16.0,2.6191,-0.1942,-1.2517,2.9093
16,16.2,2.8754,-0.0884,-1.2715,3.1453
16,16.4,2.991,-0.0593,-1.3858,3.297
16,16.6,2.8331,0.17,-1.3528,3.1441
16,16.8,2.6493,0.1461,-1.1048,2.8742
16,17.0,2.7262,0.2112,-0.9808,2.9049
16,17.2,2.5481,0.5074,-0.916,2.7549
16,17.4,2.6966,0.6873,-0.6287,2.853
16,17.6,2.9245,0.6629,-0.9471,3.1447
16,17.8,2.6933,0.4712,-1.2566,3.0091
16,18.0,2.5455,0.4429,-1.1358,2.8224
16,18.2,2.4098,0.0247,-1.0965,2.6477
16,18.4,2.5197,-0.0193,-1.1249,2.7595
16,18.6,2.6724,0.2262,-0.8175,2.8038
16,18.8,2.6196,0.4068,-1.0242,2.842
16,19.0,2.7285,0.4267,-1.0296,2.9474
16,19.2,2.8815,0.3021,-0.8755,3.0267
16,19.4,3.2571,0.5431,-0.5021,3.34
16,19.6,3.0461,0.9521,-0.443,3.2221
16,19.8,3.2866,0.6371,-0.1393,3.3506
16,20.0,2.942,0.4166,0.1871,2.9773
16,20.2,2.6745,0.3607,0.0584,2.6994
16,20.4,2.5169,0.2617,-0.0822,2.5318
16,20.6,2.5002,-0.1725,0.0584,2.5068
16,20.8,2.5291,-0.215,0.0601,2.539
16,21.0,2.7827,0.0774,0.2157,2.7922
16,21.2,2.7803,0.2439,0.035,2.7912
16,21.4,2.7837,0.2004,-0.1779,2.7966
16,21.6,2.8657,0.2524,-0.4374,2.9098
16,21.8,2.5294,0.5078,-0.513,2.6304
16,22.0,3.0018,0.2704,-0.5744,3.0682
16,22.2,2.7366,-0.0381,-0.4249,2.7696
16,22.4,2.5808,0.2492,-0.3717,2.6193
16,22.6,2.7892,0.6089,-0.6477,2.9275
16,22.8,2.7572,0.6962,-0.2969,2.8592
16,23.0,2.9883,0.7339,-0.1147,3.0792
16,23.2,3.2369,0.526,-0.0072,3.2794
16,23.4,3.3992,0.2713,-0.1355,3.4127
16,23.6,3.4375,0.2747,0.1417,3.4513
16,23.8,3.4302,0.3448,0.2602,3.4573
17,0.0,2.8411,0.0882,0.0117,2.8425
17,0.2,3.054,0.3333,-0.0337,3.0723
17,0.4,2.9835,0.5521,0.1916,3.0402
17,0.6,2.7301,0.7418,0.5911,2.8901
17,0.8,2.7962,0.5991,0.5764,2.9172
17,1.0,2.6288,0.7044,0.6103,2.7892
17,1.2,2.4145,0.6094,0.6063,2.5629
17,1.4,2.5256,0.5407,0.6058,2.6529
17,1.6,2.998,0.6596,0.6445,3.1366
17,1.8,3.1323,0.5873,0.6434,3.2511
17,2.0,3.31,0.6211,0.3999,3.3914
17,2.2,3.2952,0.6043,0.4884,3.3855
17,2.4,3.1911,0.7277,0.1302,3.2756
17,2.6,2.7564,0.7832,-0.2942,2.8806
17,2.8,2.7495,0.9196,-0.5633,2.9534
17,3.0,2.7485,0.7139,-0.6454,2.9121
17,3.2,2.9288,0.4862,-0.3364,2.9878
17,3.4,3.1671,0.3649,-0.6292,3.2495
17,3.6,3.2518,0.6045,-0.7292,3.387
17,3.8,3.014,0.238,-0.4264,3.0533
17,4.0,2.879,-0.0064,-0.3131,2.896
17,4.2,3.2082,-0.1561,-0.409,3.238
17,4.4,3.1357,-0.3792,-0.4459,3.1898
17,4.6,3.1015,-0.6849,-0.7462,3.2627
17,4.8,2.9011,-0.5988,-0.7643,3.0593
17,5.0,2.6804,-0.5252,-0.5124,2.779
17,5.2,2.5083,-0.369,-0.6151,2.6088
17,5.4,3.0433,-0.3183,-0.5399,3.1072
17,5.6,3.2074,-0.4589,-0.2459,3.2494
17,5.8,3.1266,-0.5416,-0.2262,3.1812
17,6.0,3.062,-0.0259,-0.2802,3.0749
17,6.2,3.4894,-0.6152,0.0398,3.5435
17,6.4,3.2831,-0.4827,0.0934,3.3197
17,6.6,3.6193,-0.0675,0.1637,3.6237
17,6.8,3.8062,-0.2479,0.1939,3.8192
17,7.0,3.3717,-0.293,0.5238,3.4248
17,7.2,3.094,0.0149,0.1701,3.0987
17,7.4,3.0909,-0.0535,-0.1166,3.0935
17,7.6,2.9697,0.3372,-0.2308,2.9976
17,7.8,3.0259,0.5781,-0.2036,3.0874
17,8.0,3.1292,0.2946,-0.1972,3.1493
17,8.2,2.8057,0.4618,-0.4731,2.8825
17,8.4,3.0794,0.7575,-0.3361,3.189
17,8.6,3.0345,0.4659,-0.4085,3.0972
17,8.8,2.6061,0.6736,-0.2594,2.7042
17,9.0,2.7639,0.6898,-0.4908,2.8906
17,9.2,2.6299,1.2021,-0.6588,2.9657
17,9.4,2.4618,1.4197,-0.4593,2.8787
17,9.6,2.9647,1.5483,-0.2822,3.3566
17,9.8,3.0118,1.8177,-0.4548,3.5471
17,10.0,2.8516,1.5971,-0.6433,3.3311
17,10.2,2.9999,1.6447,-0.4057,3.4451
17,10.4,2.5568,1.4626,-0.127,2.9483
17,10.6,2.5497,0.6683,-0.1277,2.6389
17,10.8,2.6244,0.4328,-0.0394,2.6602
17,11.0,2.9178,0.7896,0.1903,3.0287
17,11.2,3.1703,0.7158,0.5395,3.2946
17,11.4,3.0562,0.2924,0.6257,3.1332
17,11.6,3.1167,0.4032,0.8999,3.269
17,11.8,3.1095,0.4332,0.6461,3.2053
17,12.0,2.7045,0.183,0.4247,2.7437
17,12.2,2.5188,-0.0001,0.5878,2.5865
17,12.4,2.518,-0.2716,0.878,2.6804
17,12.6,2.6369,-0.2014,1.1346,2.8777
17,12.8,2.9893,-0.2239,0.8814,3.1246
17,13.0,2.9433,-0.1221,0.8581,3.0683
17,13.2,2.8464,-0.4379,0.7482,2.9754
17,13.4,3.0328,-0.4886,0.6662,3.1433
17,13.6,3.1219,-0.3569,0.5259,3.186
17,13.8,3.3098,-0.4547,0.4989,3.3779
17,14.0,3.2714,-0.4304,0.5408,3.3436
17,14.2,3.3291,-0.2115,0.7518,3.4195
17,14.4,3.2884,-0.2337,0.6946,3.3691
17,14.6,2.7351,-0.1367,0.7184,2.8312
17,14.8,2.8193,-0.4142,0.5871,2.9094
17,15.0,3.0392,-0.2209,0.2849,3.0605
17,15.2,3.2428,0.0412,0.1429,3.2462
17,15.4,3.1408,0.2425,-0.0939,3.1515
17,15.6,2.9242,-0.1524,-0.2723,2.9408
17,15.8,2.8326,0.2815,-0.0668,2.8473
17,16.0,2.8321,-0.1352,-0.3264,2.854
17,16.2,2.8762,-0.1743,-0.3677,2.9048
17,16.4,2.6487,0.0557,-0.2179,2.6583
17,16.6,3.2077,0.2684,-0.1828,3.2241
17,16.8,3.3207,0.1929,-0.3404,3.3437
17,17.0,3.0884,0.5318,-0.4059,3.16
17,17.2,3.2188,0.241,-0.2962,3.2413
17,17.4,3.2741,0.3744,-0.4563,3.3269
17,17.6,3.5108,0.5034,-0.2803,3.5578
17,17.8,3.2734,0.4726,-0.2528,3.317
17,18.0,3.0799,0.1669,-0.646,3.1513
17,18.2,2.9431,0.0684,-0.3699,2.967
17,18.4,3.2177,0.0785,-0.4458,3.2494
17,18.6,3.1123,-0.338,-0.6735,3.2022
17,18.8,3.4028,-0.2427,-0.5953,3.463
17,19.0,3.3041,-0.3746,-0.6219,3.383
17,19.2,3.3526,-0.1793,-0.9076,3.4779
17,19.4,3.2562,-0.1067,-0.3895,3.2812
17,19.6,3.2816,-0.0165,0.0199,3.2817
17,19.8,3.4661,-0.3756,-0.0526,3.4868
17,20.0,3.6917,-0.3085,0.0476,3.7049
17,20.2,3.3345,-0.3285,0.0214,3.3508
17,20.4,3.3901,-0.242,0.4569,3.4293
17,20.6,3.3141,-0.4776,0.577,3.3977
17,20.8,3.3996,-0.3056,0.7013,3.4846
17,21.0,3.607,-0.0394,0.7263,3.6796
17,21.2,3.4008,-0.1312,0.655,3.4658
17,21.4,3.7041,-0.3605,0.2998,3.7336
17,21.6,3.8287,-0.3236,0.3278,3.8563
17,21.8,3.8213,-0.5608,0.2195,3.8685
17,22.0,4.1706,-0.7372,0.1859,4.2394
17,22.2,3.9533,-0.377,0.3592,3.9875
17,22.4,3.9999,-0.4916,0.3642,4.0464
17,22.6,3.7094,-0.1717,0.4047,3.7353
17,22.8,3.694,-0.3112,0.4294,3.7318
17,23.0,3.617,-0.8256,0.1995,3.7154
17,23.2,3.4812,-0.9585,0.3724,3.6299
17,23.4,3.317,-1.1954,0.4562,3.5552
17,23.6,3.3564,-0.8517,0.7552,3.5442
17,23.8,3.2062,-0.8834,0.6722,3.3929
18,0.0,3.1685,0.0272,0.0775,3.1696
18,0.2,2.8199,0.2822,-0.2069,2.8415
18,0.4,2.9758,0.1978,-0.1701,2.9872
18,0.6,3.078,-0.0605,-0.0888,3.0798
18,0.8,3.2411,0.1127,-0.2763,3.2549
18,1.0,2.9448,0.3251,0.1585,2.9669
18,1.2,2.8706,0.8427,0.0291,2.9919
18,1.4,2.6154,0.6489,0.0908,2.6962
18,1.6,2.3263,0.709,0.5045,2.4837
18,1.8,2.4842,0.6999,0.0292,2.5811
18,2.0,2.8051,0.6616,-0.0152,2.8821
18,2.2,2.4571,0.2586,-0.0682,2.4716
18,2.4,2.4239,-0.0933,0.0747,2.4268
18,2.6,2.5797,-0.2149,-0.2086,2.5971
18,2.8,2.4816,-0.0495,-0.2441,2.4941
18,3.0,2.8649,0.2636,-0.3377,2.8968
18,3.2,2.4853,-0.0318,-0.1654,2.491
18,3.4,2.6053,-0.0047,0.0512,2.6058
18,3.6,2.8123,0.3936,-0.4496,2.875
18,3.8,2.3878,0.5596,-0.5095,2.5049
18,4.0,2.1578,0.7095,-0.5323,2.333
18,4.2,2.6537,0.3037,0.0227,2.6712
18,4.4,2.6056,0.6244,0.3676,2.7045
18,4.6,3.0267,0.891,0.3867,3.1788
18,4.8,2.8484,0.4947,0.269,2.9036
18,5.0,2.94,0.2882,0.2633,2.9658
18,5.2,2.8154,0.2649,0.0855,2.8291
18,5.4,3.2146,0.3293,-0.1419,3.2346
18,5.6,3.4372,0.4938,-0.1099,3.4742
18,5.8,3.2742,0.2031,-0.0563,3.281
18,6.0,3.3153,0.3343,0.0832,3.3331
18,6.2,3.2335,0.7021,0.1286,3.3113
18,6.4,3.5254,1.0761,0.3325,3.7009
18,6.6,3.6148,0.9665,0.2229,3.7484
18,6.8,3.9191,0.8659,0.5063,4.0454
18,7.0,3.5212,0.8829,0.2136,3.6365
18,7.2,3.5582,0.6424,0.4431,3.6428
18,7.4,3.4774,0.7644,0.2413,3.5685
18,7.6,3.479,0.769,0.2542,3.572
18,7.8,3.5056,0.5913,0.4408,3.5823
18,8.0,3.6832,0.7008,0.3629,3.7668
18,8.2,3.466,0.6097,-0.0774,3.5201
18,8.4,3.5798,0.7997,-0.0598,3.6685
18,8.6,3.4987,0.5871,0.0629,3.5482
18,8.8,3.7585,0.4714,0.1752,3.792
18,9.0,3.6836,0.1458,0.0962,3.6877
18,9.2,3.6558,0.4114,0.4218,3.703
18,9.4,3.8855,0.2941,0.3966,3.9167
18,9.6,3.6645,0.6283,-0.1303,3.7203
18,9.8,3.7101,0.791,0.3153,3.8065
18,10.0,3.4438,0.8093,-0.0384,3.5378
18,10.2,2.978,0.7794,0.0194,3.0783
18,10.4,2.9839,0.7485,-0.3979,3.1019
18,10.6,3.044,0.7252,-0.2545,3.1395
18,10.8,3.1268,0.7224,-0.1262,3.2117
18,11.0,3.0897,0.531,0.0962,3.1365
18,11.2,2.7869,0.7616,-0.1509,2.893
18,11.4,2.8835,0.4586,-0.1442,2.9233
18,11.6,3.5186,0.6506,-0.1193,3.5802
18,11.8,3.4578,0.8278,-0.4555,3.5845
18,12.0,3.5165,0.6725,-0.2436,3.5885
18,12.2,3.7534,0.8297,-0.2089,3.8497
18,12.4,3.8083,0.9046,-0.3816,3.9329
18,12.6,3.8102,0.4941,-0.5913,3.8873
18,12.8,4.1696,0.2514,-0.8874,4.2703
18,13.0,4.4536,0.3019,-0.8935,4.5524
18,13.2,4.0851,0.3734,-0.4552,4.1273
18,13.4,4.5295,0.1006,-0.4015,4.5484
18,13.6,4.4237,0.206,-0.0745,4.4291
18,13.8,4.6549,0.2554,-0.0758,4.6625
18,14.0,4.4499,0.5378,0.0268,4.4824
18,14.2,3.754,0.2954,0.1163,3.7674
18,14.4,3.2203,0.3169,0.3963,3.26
18,14.6,3.2541,0.0504,0.248,3.264
18,14.8,3.2723,0.4766,0.2489,3.3161
18,15.0,3.2585,0.2304,0.2565,3.2767
18,15.2,3.3979,0.5716,0.5836,3.4947
18,15.4,3.3823,0.3786,0.6136,3.4583
18,15.6,3.2,0.4488,0.5916,3.285
18,15.8,3.2091,0.5841,0.5792,3.3129
18,16.0,3.3292,0.9258,0.4792,3.4886
18,16.2,3.2278,0.938,0.5417,3.4047
18,16.4,3.6433,0.9363,0.7191,3.8298
18,16.6,3.4767,0.9207,0.7091,3.6657
18,16.8,3.2874,0.7801,0.6438,3.4394
18,17.0,3.3329,0.4135,0.5981,3.4112
18,17.2,3.5649,0.3868,0.9101,3.6995
18,17.4,3.6751,0.1429,0.8739,3.7803
18,17.6,3.8913,0.4297,0.6914,3.9755
18,17.8,3.7352,0.3459,0.5775,3.7954
18,18.0,3.6316,0.4052,0.3557,3.6715
18,18.2,3.3902,0.3755,0.3271,3.4266
18,18.4,3.2498,-0.0376,0.4827,3.2857
18,18.6,2.8371,-0.0547,0.4796,2.8778
18,18.8,2.7536,0.2883,0.5311,2.8191
18,19.0,2.8796,0.0879,0.4799,2.9206
18,19.2,2.6113,-0.0005,0.5618,2.671
18,19.4,2.6262,-0.0415,0.5209,2.6777
18,19.6,2.6684,-0.2111,0.289,2.6923
18,19.8,2.3825,0.0918,0.431,2.4229
18,20.0,2.5094,-0.107,0.4631,2.5541
18,20.2,2.4282,-0.2251,-0.1358,2.4424
18,20.4,2.6499,-0.4657,-0.0529,2.691
18,20.6,2.6456,-0.7183,-0.3609,2.765
18,20.8,2.6635,-0.6881,-0.3915,2.7787
18,21.0,2.577,-0.3536,-0.4976,2.6483
18,21.2,2.3908,-0.5316,-0.551,2.5104
18,21.4,2.3383,-0.6166,-0.6986,2.5172
18,21.6,2.3208,-0.5372,-0.4672,2.4275
18,21.8,2.1441,-0.2919,-0.3443,2.1911
18,22.0,2.3301,-0.3375,-0.0379,2.3547
18,22.2,2.2784,-0.012,-0.0415,2.2788
18,22.4,2.5196,0.2767,0.0633,2.5355
18,22.6,2.3142,0.48,-0.1929,2.3713
18,22.8,2.4072,0.4098,-0.3297,2.464
18,23.0,2.2203,0.0775,-0.2888,2.2403
18,23.2,2.5921,0.0639,0.0335,2.5931
18,23.4,2.4385,0.0907,-0.0319,2.4404
18,23.6,2.6756,0.3299,0.0943,2.6975
18,23.8,2.4743,0.0733,-0.2733,2.4904
19,0.0,2.9293,-0.0466,0.0838,2.9308
19,0.2,2.3791,0.0533,0.0849,2.3812
19,0.4,2.6673,-0.1039,-0.148,2.6735
19,0.6,2.9941,0.0053,-0.3798,3.0181
19,0.8,2.903,-0.1115,-0.4088,2.9337
19,1.0,2.7822,-0.117,-0.2151,2.793
19,1.2,2.7328,0.2379,0.3219,2.7619
19,1.4,2.7497,0.3287,0.5605,2.8255
19,1.6,2.9632,0.2753,0.2725,2.9885
19,1.8,3.3356,0.4267,0.1544,3.3663
19,2.0,3.2442,0.2944,0.0942,3.2589
19,2.2,3.5286,0.2236,0.1867,3.5406
19,2.4,3.3892,0.3641,0.1973,3.4144
19,2.6,3.4453,0.4601,-0.1288,3.4783
19,2.8,3.2218,-0.0127,-0.0281,3.222
19,3.0,3.1211,-0.0346,0.1083,3.1231
19,3.2,2.5742,0.4511,0.3717,2.6398
19,3.4,2.3894,1.0445,0.3625,2.6327
19,3.6,2.8497,1.1967,0.5455,3.1385
19,3.8,2.7208,0.8743,0.619,2.9241
19,4.0,3.0269,0.5273,0.3757,3.0953
19,4.2,2.9352,0.682,0.3335,3.0318
19,4.4,3.1359,0.7465,-0.1049,3.2252
19,4.6,3.1718,0.6934,-0.2786,3.2586
19,4.8,3.0097,0.4921,-0.2932,3.0637
19,5.0,3.4151,0.3954,-0.2374,3.4461
19,5.2,3.6981,0.2623,-0.2804,3.718
19,5.4,3.3695,0.357,0.0585,3.3889
19,5.6,3.4153,0.3326,0.5377,3.4733
19,5.8,3.4629,0.3852,0.5771,3.5317
19,6.0,3.1724,0.3285,0.6231,3.2497
19,6.2,3.1829,0.589,0.3264,3.2534
19,6.4,3.4174,0.4913,0.3646,3.4717
19,6.6,3.4694,0.4605,0.2614,3.5096
19,6.8,3.0683,0.2624,0.3583,3.1002
19,7.0,3.023,0.303,0.4494,3.0712
19,7.2,3.2922,0.5205,0.1927,3.3387
19,7.4,3.3956,0.4806,0.2334,3.4374
19,7.6,3.199,0.6227,0.265,3.2698
19,7.8,3.2987,0.2087,-0.0794,3.3062
19,8.0,3.0391,0.1784,-0.1546,3.0483
19,8.2,2.8812,0.5052,0.1476,2.9289
19,8.4,2.7045,0.234,0.1898,2.7213
19,8.6,2.5548,0.5507,-0.0467,2.6139
19,8.8,2.4053,0.527,0.1004,2.4644
19,9.0,2.5206,0.9331,0.1393,2.6914
19,9.2,2.5235,0.4469,0.0193,2.5628
19,9.4,2.859,0.3103,0.0249,2.8759
19,9.6,2.6469,0.3425,-0.1683,2.6743
19,9.8,2.5745,0.4589,-0.2707,2.629
19,10.0,2.178,0.4555,-0.3646,2.2548
19,10.2,2.4557,0.2503,-0.3422,2.4921
19,10.4,2.9702,-0.325,-0.1304,2.9908
19,10.6,2.9144,-0.6233,0.1494,2.9841
19,10.8,2.9669,-0.9719,0.0728,3.1229
19,11.0,3.0968,-0.9462,0.2397,3.247
19,11.2,2.9458,-1.0094,0.2717,3.1258
19,11.4,2.8642,-0.7541,0.498,3.0034
19,11.6,2.9521,-0.9619,0.0923,3.1063
19,11.8,3.1061,-0.7944,0.5258,3.2489
19,12.0,3.133,-0.9057,0.3682,3.282
19,12.2,3.0873,-0.6932,0.3151,3.1798
19,12.4,3.2314,-0.4354,0.5466,3.3061
19,12.6,3.0166,-0.1287,0.3952,3.0451
19,12.8,2.7959,-0.2752,0.3638,2.8329
19,13.0,2.9514,-0.0345,0.5247,2.9979
19,13.2,2.7846,0.084,0.3768,2.8112
19,13.4,2.7617,0.2116,0.1801,2.7756
19,13.6,2.7531,0.0154,-0.1308,2.7563
19,13.8,2.4518,0.1017,-0.0133,2.454
19,14.0,2.3999,-0.0772,0.2676,2.416
19,14.2,2.8865,0.3416,0.2328,2.916
19,14.4,3.0831,0.0894,0.067,3.0851
19,14.6,3.3538,-0.1731,-0.0996,3.3597
19,14.8,3.4402,0.3587,-0.0531,3.4593
19,15.0,3.583,0.2947,-0.4845,3.6276
19,15.2,3.6128,0.1999,-0.4324,3.6441
19,15.4,3.3929,0.0147,-0.6142,3.4481
19,15.6,3.3446,-0.1204,-1.0433,3.5056
19,15.8,3.116,-0.1495,-0.7042,3.1981
19,16.0,3.0355,-0.1181,-0.808,3.1434
19,16.2,3.2519,0.1243,-0.6916,3.3269
19,16.4,3.5993,0.3037,-0.7856,3.6965
19,16.6,3.2034,0.4664,-0.2791,3.2492
19,16.8,3.5799,0.2991,0.0172,3.5924
19,17.0,3.4644,0.5065,0.3714,3.5209
19,17.2,3.5283,0.833,0.7491,3.7019
19,17.4,3.3648,0.6993,0.7176,3.5108
19,17.6,3.295,0.6343,0.7692,3.4425
19,17.8,3.2209,0.7681,0.8538,3.4196
19,18.0,3.3798,0.882,0.6336,3.55
19,18.2,3.3182,0.8511,0.8001,3.5178
19,18.4,3.4322,0.1953,0.4364,3.4653
19,18.6,3.4341,-0.4291,0.2191,3.4678
19,18.8,3.5835,0.0067,0.3012,3.5962
19,19.0,3.744,0.1684,0.4296,3.7723
19,19.2,3.9792,-0.369,0.5932,4.0401
19,19.4,4.1899,-0.1924,0.5991,4.2369
19,19.6,3.9128,-0.1067,0.3137,3.9268
19,19.8,3.7005,-0.3907,0.1107,3.7227
19,20.0,3.5987,-0.4974,-0.2195,3.6396
19,20.2,3.637,-0.1959,-0.2112,3.6484
19,20.4,3.501,-0.2571,-0.0444,3.5107
19,20.6,3.3302,-0.1923,0.2094,3.3423
19,20.8,3.243,-0.3435,-0.1449,3.2644
19,21.0,2.7569,-0.2626,-0.2975,2.7853
19,21.2,2.9089,-0.0899,-0.2092,2.9178
19,21.4,3.0243,-0.1055,-0.3053,3.0415
19,21.6,3.2858,0.0204,-0.4723,3.3197
19,21.8,3.4401,-0.2487,-0.4452,3.4776
19,22.0,3.7342,-0.1772,-0.378,3.7575
19,22.2,3.5754,0.414,-0.4866,3.6321
19,22.4,3.3936,0.562,-0.4209,3.4655
19,22.6,3.4229,0.1877,-0.2935,3.4406
19,22.8,3.4125,-0.1422,-0.0858,3.4166
19,23.0,3.4062,0.194,-0.1678,3.4158
19,23.2,3.1106,0.0538,-0.0437,3.1114
19,23.4,2.8903,-0.0589,0.1717,2.896
19,23.6,2.5661,-0.115,0.1603,2.5736
19,23.8,2.5141,-0.0536,0.1511,2.5192
20,0.0,2.9586,-0.0429,0.2699,2.9712
20,0.2,2.6347,0.1634,0.0123,2.6398
20,0.4,2.7348,0.2392,-0.374,2.7706
20,0.6,3.2342,0.2284,-0.7283,3.3231
20,0.8,2.9558,0.107,-0.8604,3.0804
20,1.0,3.0693,0.1791,-0.7126,3.156
20,1.2,2.9148,0.2158,-0.5144,2.9677
20,1.4,2.8486,0.0594,-0.7484,2.9459
20,1.6,3.0108,0.0369,-0.5938,3.069
20,1.8,3.25,0.1257,-0.3322,3.2694
20,2.0,3.2811,-0.1191,-0.6239,3.3421
20,2.2,3.3074,-0.3455,-0.6423,3.3868
20,2.4,3.615,-0.2814,-0.3563,3.6434
20,2.6,4.0106,-0.4492,-0.4702,4.063
20,2.8,4.0776,-0.2484,-0.1841,4.0893
20,3.0,3.9376,-0.6067,-0.3242,3.9972
20,3.2,3.8216,-0.4313,-0.3039,3.8579
20,3.4,4.1678,-0.1886,-0.0114,4.172
20,3.6,4.1268,-0.2987,0.4244,4.1593
20,3.8,3.7448,-0.5337,0.3486,3.7987
20,4.0,3.5985,-0.1479,0.3611,3.6196
20,4.2,3.6589,-0.4389,0.3672,3.7034
20,4.4,3.5091,-0.6391,0.1613,3.5705
20,4.6,3.0812,-0.5291,-0.0399,3.1265
20,4.8,2.6307,-0.7097,0.0672,2.7256
20,5.0,2.717,-0.5626,0.3215,2.7932
20,5.2,2.848,-0.0541,0.2216,2.8571
20,5.4,3.1674,0.4845,0.2659,3.2153
20,5.6,3.4132,0.5477,0.1287,3.4593
20,5.8,3.3245,0.4131,0.2846,3.3621
20,6.0,3.2976,0.3651,0.142,3.3208
20,6.2,3.3063,0.5284,0.336,3.3651
20,6.4,3.4274,0.6625,0.4017,3.5139
20,6.6,3.3437,0.5375,0.2374,3.3949
20,6.8,3.6933,0.3486,0.1859,3.7144
20,7.0,3.757,0.6306,0.0737,3.8103
20,7.2,3.7815,0.5029,-0.2405,3.8224
20,7.4,3.6177,0.7168,-0.4984,3.7215
20,7.6,3.5343,0.3179,-0.2753,3.5592
20,7.8,3.5806,0.7689,-0.3877,3.6827
20,8.0,3.5324,0.797,-0.0373,3.6214
20,8.2,3.263,0.7148,-0.2941,3.3533
20,8.4,3.0801,0.7944,-0.2094,3.1877
20,8.6,3.3071,0.8716,-0.1141,3.4219
20,8.8,3.2154,0.9068,-0.2585,3.3508
20,9.0,3.0624,0.9786,0.0688,3.2157
20,9.2,2.6253,0.994,0.085,2.8085
20,9.4,2.8233,1.2173,0.15,3.0782
20,9.6,2.4793,0.9119,0.2311,2.6518
20,9.8,2.6896,0.9924,0.2361,2.8766
20,10.0,2.8332,0.8089,0.5645,3.0
20,10.2,3.2149,0.4677,0.6448,3.3121
20,10.4,3.5264,0.6526,0.762,3.6663
20,10.6,3.3725,0.32,1.0207,3.5381
20,10.8,3.3411,0.3901,1.0457,3.5226
20,11.0,3.3837,0.1884,1.0343,3.5432
20,11.2,3.461,0.2597,0.9747,3.605
20,11.4,3.3085,0.5114,0.3937,3.3709
20,11.6,3.4085,0.4235,0.2994,3.4478
20,11.8,3.2278,0.2964,0.3748,3.263
20,12.0,3.3201,0.229,0.5625,3.3752
20,12.2,3.4514,0.4701,0.47,3.5149
20,12.4,3.3645,0.085,0.2583,3.3754
20,12.6,3.8947,0.259,0.1442,3.9059
20,12.8,3.6954,0.1685,-0.3443,3.7153
20,13.0,3.637,-0.0792,0.0067,3.6379
20,13.2,3.8443,0.0366,-0.3834,3.8635
20,13.4,3.6013,0.2887,-0.2101,3.619
20,13.6,3.5506,-0.2472,-0.3135,3.573
20,13.8,3.2113,-0.3453,-0.2749,3.2415
20,14.0,3.4148,-0.5433,0.0931,3.459
20,14.2,3.2059,-0.3315,0.0257,3.2231
20,14.4,3.5375,-0.5743,-0.2718,3.5941
20,14.6,3.5629,-0.7978,-0.1716,3.6552
20,14.8,3.6764,-0.4028,-0.5547,3.7398
20,15.0,3.7766,-0.0131,-0.2099,3.7824
20,15.2,3.752,0.1305,0.2551,3.7629
20,15.4,3.475,0.1489,0.6868,3.5454
20,15.6,3.3914,0.025,0.7467,3.4728
20,15.8,3.1718,-0.0066,0.8549,3.285
20,16.0,3.4994,0.1929,0.9316,3.6264
20,16.2,3.3321,0.1666,1.2065,3.5477
20,16.4,2.9702,0.3969,0.9732,3.1507
20,16.6,2.9248,0.9942,0.8827,3.2127
20,16.8,3.2623,0.6289,0.8852,3.4382
20,17.0,3.126,0.8235,0.9345,3.365
20,17.2,3.2008,0.7608,1.0898,3.4658
20,17.4,3.4329,0.3369,0.7208,3.5239
20,17.6,3.3804,-0.1455,0.7269,3.4607
20,17.8,3.2541,0.1223,1.2095,3.4737
20,18.0,3.242,0.3998,1.0276,3.4244
20,18.2,3.4285,0.3108,0.684,3.5099
20,18.4,3.3774,0.1839,0.653,3.4449
20,18.6,3.6747,0.1455,0.2785,3.6881
20,18.8,3.6146,0.3526,0.155,3.6351
20,19.0,3.6791,0.2657,0.3403,3.7043
20,19.2,3.7978,-0.1319,0.2829,3.8106
20,19.4,3.7444,-0.2737,0.8825,3.8567
20,19.6,3.8033,-0.3169,0.6216,3.8668
20,19.8,3.4445,-0.261,0.4061,3.4781
20,20.0,3.6234,-0.2132,0.3046,3.6424
20,20.2,3.3999,-0.0815,0.326,3.4165
20,20.4,2.9431,-0.1758,0.2028,2.9553
20,20.6,2.929,-0.0163,0.1408,2.9324
20,20.8,3.0771,-0.1959,-0.1251,3.0859
20,21.0,2.8217,-0.3746,-0.1327,2.8495
20,21.2,2.8299,-0.3836,0.2173,2.864
20,21.4,2.8959,-0.5102,0.2914,2.9549
20,21.6,2.6301,-0.1739,0.2045,2.6437
20,21.8,2.4577,-0.1016,0.3244,2.4811
20,22.0,2.6224,0.0323,0.259,2.6354
20,22.2,2.4947,-0.2095,-0.0623,2.5043
20,22.4,2.575,-0.019,0.2418,2.5864
20,22.6,2.4812,0.0593,0.4966,2.5311
20,22.8,2.4618,-0.0346,0.1248,2.4652
20,23.0,2.1914,-0.182,0.1357,2.2031
20,23.2,2.1745,-0.2985,-0.2509,2.2091
20,23.4,2.2683,-0.1122,-0.4216,2.3099
20,23.6,2.5684,-0.2112,-0.1767,2.5831
20,23.8,2.4178,-0.372,-0.1511,2.4509
21,0.0,3.2465,0.069,-0.2234,3.255
21,0.2,3.0517,0.3528,-0.147,3.0755
21,0.4,3.3271,0.485,-0.3721,3.3828
21,0.6,3.6778,0.3566,-0.7493,3.7703
21,0.8,3.8418,0.055,-0.651,3.8969
21,1.0,4.1616,0.0382,-0.5262,4.1949
21,1.2,4.1607,-0.056,-0.3423,4.1751
21,1.4,3.9817,0.1406,0.0151,3.9842
21,1.6,4.1041,0.1861,-0.1413,4.1107
21,1.8,4.063,0.2228,0.3096,4.0809
21,2.0,4.1284,0.1668,0.3711,4.1484
21,2.2,3.6243,-0.2238,0.2771,3.6417
21,2.4,3.6682,-0.0878,0.2406,3.6772
21,2.6,3.404,-0.1579,-0.0362,3.4078
21,2.8,3.4513,0.1135,-0.198,3.4589
21,3.0,3.6805,-0.3695,-0.2088,3.7049
21,3.2,3.4929,-0.585,-0.2499,3.5504
21,3.4,3.1793,-0.8057,0.0624,3.2804
21,3.6,3.2071,-0.5335,0.2387,3.26
21,3.8,3.0896,0.0292,0.2121,3.097
21,4.0,2.9892,0.3469,0.2908,3.0233
21,4.2,2.7561,0.3099,0.0885,2.7749
21,4.4,2.9151,0.4051,0.2194,2.9513
21,4.6,2.7246,0.3837,-0.4614,2.7899
21,4.8,2.3825,0.1721,-0.3997,2.4219
21,5.0,2.4236,-0.0841,-0.2584,2.4388
21,5.2,2.8995,0.3715,-0.224,2.9317
21,5.4,2.9457,-0.053,-0.2131,2.9539
21,5.6,2.8003,-0.2122,-0.2546,2.8199
21,5.8,2.8532,-0.1301,-0.4822,2.8966
21,6.0,2.7149,-0.151,-0.3189,2.7378
21,6.2,2.5548,-0.2597,-0.2327,2.5785
21,6.4,2.7293,0.0175,-0.3055,2.7464
21,6.6,2.7847,-0.2018,-0.2804,2.806
21,6.8,2.9371,-0.2505,-0.2129,2.9555
21,7.0,3.1073,-0.2189,-0.4566,3.1483
21,7.2,3.2421,-0.0351,-0.6722,3.3113
21,7.4,3.6017,-0.2034,-0.8359,3.703
21,7.6,3.3487,-0.4418,-0.6102,3.4324
21,7.8,3.435,-0.7482,-0.357,3.5336
21,8.0,3.5077,-0.7953,-0.4248,3.6217
21,8.2,3.6671,-0.5927,-0.332,3.7295
21,8.4,3.1946,-0.7338,-0.7809,3.3695
21,8.6,3.2754,-0.8109,-0.8545,3.4808
21,8.8,3.2496,-0.8624,-0.8606,3.4705
21,9.0,3.1211,-0.8463,-0.9207,3.3623
21,9.2,3.7761,-0.6982,-0.6666,3.8976
21,9.4,3.8484,-0.3849,-0.2112,3.8734
21,9.6,3.1897,-0.3263,-0.2466,3.2158
21,9.8,2.9867,-0.1793,-0.2874,3.0058
21,10.0,2.8128,-0.474,-0.5185,2.8992
21,10.2,2.9581,-0.6103,-0.32,3.0373
21,10.4,3.2059,-0.6252,-0.2376,3.275
21,10.6,3.4014,-0.7903,-0.3345,3.508
21,10.8,3.3176,-0.5157,0.103,3.359
21,11.0,3.159,-0.8557,-0.0535,3.2733
21,11.2,3.0364,-0.7522,0.2666,3.1396
21,11.4,3.3314,-0.6873,0.5889,3.4522
21,11.6,3.4033,-0.8568,0.8337,3.6071
21,11.8,3.5947,-0.836,0.6862,3.7539
21,12.0,3.5066,-0.3316,0.8616,3.6261
21,12.2,3.3492,-0.1902,0.9532,3.4874
21,12.4,3.307,0.0791,0.5372,3.3513
21,12.6,3.6536,0.1755,0.664,3.7176
21,12.8,3.7924,0.2368,0.2227,3.8063
21,13.0,3.9772,0.3227,0.0151,3.9903
21,13.2,4.4792,0.2454,0.2824,4.4948
21,13.4,4.3734,-0.2224,0.1567,4.3818
21,13.6,4.8341,-0.1268,-0.4678,4.8583
21,13.8,4.6148,-0.2769,-0.3403,4.6356
21,14.0,4.147,0.007,-0.1064,4.1483
21,14.2,3.6138,0.187,-0.0233,3.6187
21,14.4,3.432,0.1494,0.2109,3.4418
21,14.6,3.2237,-0.0496,0.0196,3.2241
21,14.8,3.1052,-0.0556,-0.0226,3.1058
21,15.0,3.0497,0.0124,-0.0878,3.051
21,15.2,3.0463,0.0197,0.0972,3.0479
21,15.4,3.0898,0.5096,0.1308,3.1343
21,15.6,3.2725,0.5965,-0.1516,3.3299
21,15.8,3.5407,0.4104,-0.5711,3.6098
21,16.0,3.5667,0.339,-0.7212,3.6547
21,16.2,3.5493,-0.1986,-0.6757,3.6185
21,16.4,3.7697,-0.2112,-0.8544,3.8711
21,16.6,3.9309,-0.1427,-1.0575,4.0731
21,16.8,3.9006,-0.2031,-0.6459,3.9589
21,17.0,3.7318,-0.2614,-0.5901,3.7872
21,17.2,3.5587,0.0189,-0.4419,3.5861
21,17.4,3.3691,0.0809,-0.2327,3.3781
21,17.6,3.2581,0.2147,-0.3212,3.2809
21,17.8,3.3854,0.211,-0.45,3.4217
21,18.0,3.0408,0.0283,-0.3187,3.0576
21,18.2,2.6802,0.0554,-0.1378,2.6843
21,18.4,2.6331,-0.1764,-0.0599,2.6397
21,18.6,2.8073,-0.5789,-0.2367,2.8762
21,18.8,2.9705,-0.7147,-0.0427,3.0556
21,19.0,2.9137,-0.5616,0.3094,2.9834
21,19.2,2.968,-0.6604,0.6153,3.1022
21,19.4,3.3954,-0.6252,0.838,3.5528
21,19.6,3.2305,-0.6429,0.6952,3.3664
21,19.8,2.8607,-0.6213,0.5325,2.9754
21,20.0,2.9348,-0.5423,0.9175,3.1224
21,20.2,2.6897,-0.509,0.7175,2.8299
21,20.4,2.8168,-0.5583,0.7008,2.9558
21,20.6,3.2089,-0.5942,0.5803,3.3146
21,20.8,3.1704,-0.4155,0.0901,3.1988
21,21.0,3.4464,-0.2484,0.094,3.4566
21,21.2,3.5893,-0.3229,-0.1058,3.6053
21,21.4,4.0921,-0.1434,0.0242,4.0947
21,21.6,3.9001,-0.0913,-0.2966,3.9124
21,21.8,3.8408,-0.1622,-0.1677,3.8479
21,22.0,4.1052,-0.3558,-0.1137,4.1222
21,22.2,3.7844,-0.4257,0.1688,3.812
21,22.4,3.8162,-0.1488,-0.3191,3.8324
21,22.6,3.7408,-0.2152,-0.2731,3.7569
21,22.8,3.6552,-0.0009,-0.2365,3.6629
21,23.0,3.4324,0.0783,-0.361,3.4522
21,23.2,3.0995,0.0957,0.0258,3.1011
21,23.4,2.9504,0.4931,0.1747,2.9964
21,23.6,2.802,0.6615,0.2475,2.8897
21,23.8,2.6869,0.8601,0.2164,2.8295
22,0.0,2.8204,-0.0499,-0.059,2.8214
22,0.2,2.5254,-0.3545,0.1043,2.5523
22,0.4,2.3647,-0.85,0.2029,2.521
22,0.6,2.3162,-0.7243,0.3195,2.4477
22,0.8,2.1166,-0.6207,0.2537,2.2203
22,1.0,2.0326,-0.7645,0.2695,2.1883
22,1.2,2.1224,-0.9637,0.1797,2.3378
22,1.4,2.3996,-0.8823,-0.1052,2.5588
22,1.6,2.6435,-0.7122,-0.428,2.771
22,1.8,2.4707,-0.5915,-0.6549,2.6236
22,2.0,2.5392,-0.5127,-0.2895,2.6066
22,2.2,2.6067,-0.4494,-0.4552,2.684
22,2.4,2.4901,-0.5076,-0.449,2.5807
22,2.6,2.5056,-0.5323,-0.5886,2.6282
22,2.8,2.3144,-0.1284,-0.5112,2.3736
22,3.0,2.1325,-0.1109,-0.7897,2.2768
22,3.2,2.2352,-0.0382,-1.1374,2.5082
22,3.4,1.9688,-0.0953,-0.6029,2.0612
22,3.6,2.1953,-0.1271,-0.2701,2.2155
22,3.8,2.1059,-0.4695,-0.3103,2.1798
22,4.0,2.483,-1.0099,-0.0223,2.6806
22,4.2,2.7654,-1.2472,0.0463,3.034
22,4.4,2.6606,-1.2417,0.029,2.9363
22,4.6,2.725,-1.3017,0.414,3.0482
22,4.8,2.7881,-1.0823,0.3845,3.0154
22,5.0,2.6712,-0.8542,0.5554,2.859
22,5.2,2.7333,-0.8293,0.253,2.8675
22,5.4,3.0523,-0.7353,0.0811,3.1407
22,5.6,2.9432,-0.7989,0.2923,3.0637
22,5.8,2.7419,-0.979,0.4034,2.9393
22,6.0,3.0947,-0.879,0.3849,3.24
22,6.2,2.951,-1.2231,0.5286,3.2378
22,6.4,3.0099,-1.1485,0.2691,3.2328
22,6.6,2.7303,-0.9967,-0.1754,2.9119
22,6.8,2.8049,-0.6079,-0.0327,2.8702
22,7.0,2.9801,-0.8874,-0.3643,3.1307
22,7.2,2.9811,-0.3833,-0.1249,3.0082
22,7.4,2.6396,-0.2122,0.1974,2.6555
22,7.6,2.6436,-0.4531,0.0393,2.6825
22,7.8,2.6965,-0.8812,0.0175,2.8369
22,8.0,2.6608,-0.6758,-0.303,2.762
22,8.2,2.4879,-0.8265,-0.1262,2.6246
22,8.4,2.5149,-1.0522,0.0878,2.7276
22,8.6,2.4481,-0.8245,-0.4068,2.615
22,8.8,2.5839,-0.6012,-0.5821,2.716
22,9.0,2.9309,-0.4579,-0.4904,3.0067
22,9.2,2.8258,-0.6539,-0.4534,2.9357
22,9.4,3.026,-0.4714,-0.6782,3.1367
22,9.6,2.8962,0.0381,-0.7528,2.9927
22,9.8,2.6136,0.0039,-0.5754,2.6762
22,10.0,2.4918,-0.1384,-0.7208,2.5976
22,10.2,3.102,-0.1119,-0.7534,3.1941
22,10.4,3.1448,-0.3253,-0.5032,3.2014
22,10.6,3.0436,-0.0099,-0.3474,3.0634
22,10.8,3.2507,0.1621,-0.6293,3.3151
22,11.0,3.176,0.0905,-0.5767,3.2292
22,11.2,3.4016,0.0196,-0.3062,3.4154
22,11.4,3.17,0.0454,-0.0117,3.1703
22,11.6,3.1911,-0.1495,0.0813,3.1957
22,11.8,2.9166,0.187,0.3565,2.9443
22,12.0,2.9881,0.0922,0.4622,3.025
22,12.2,3.0478,0.3316,0.3254,3.0831
22,12.4,2.7833,0.1144,-0.1492,2.7896
22,12.6,3.1168,0.0703,0.176,3.1226
22,12.8,3.3425,0.2016,0.0308,3.3487
22,13.0,3.412,0.2375,-0.1435,3.4233
22,13.2,3.3013,0.3621,-0.0801,3.3221
22,13.4,3.3369,0.2433,-0.0774,3.3467
22,13.6,3.3614,0.3756,0.0695,3.3831
22,13.8,3.5737,0.0485,0.1008,3.5754
22,14.0,3.3064,-0.14,-0.0158,3.3094
22,14.2,3.5884,-0.165,0.1261,3.5944
22,14.4,3.5088,0.1179,0.3191,3.5253
22,14.6,3.6175,-0.0356,0.2087,3.6237
22,14.8,3.4824,0.0602,0.3364,3.4991
22,15.0,3.8162,-0.0713,0.5767,3.8602
22,15.2,3.6731,-0.0029,0.5773,3.7182
22,15.4,3.3484,0.0562,0.6336,3.4083
22,15.6,3.3387,0.1401,0.3708,3.3622
22,15.8,3.0159,0.2984,0.41,3.0582
22,16.0,3.187,0.5138,0.3345,3.2455
22,16.2,3.2123,0.5223,0.0326,3.2546
22,16.4,2.9971,1.0707,0.2348,3.1912
22,16.6,3.2254,1.0562,0.0445,3.3943
22,16.8,3.4891,0.744,0.2647,3.5774
22,17.0,3.1969,0.4714,0.2457,3.2408
22,17.2,2.9326,0.2487,0.045,2.9434
22,17.4,2.8355,0.4463,-0.4481,2.9051
22,17.6,2.7524,-0.1219,0.0068,2.7551
22,17.8,2.8971,0.1902,0.4155,2.9329
22,18.0,3.1003,0.346,0.7166,3.2008
22,18.2,3.1411,-0.0195,0.7341,3.2258
22,18.4,2.8433,0.2491,0.6461,2.9264
22,18.6,2.6161,-0.2416,0.3929,2.6564
22,18.8,2.4327,-0.2089,0.4951,2.4913
22,19.0,2.405,0.2187,0.6338,2.4967
22,19.2,2.7439,0.1769,0.5426,2.8026
22,19.4,2.4077,0.0693,0.7947,2.5364
22,19.6,2.5469,-0.0496,0.7138,2.6455
22,19.8,2.7213,0.342,0.6263,2.8133
22,20.0,3.0615,0.0172,0.4132,3.0893
22,20.2,3.072,-0.2221,0.5842,3.1349
22,20.4,3.3123,-0.2407,0.3742,3.342
22,20.6,2.9937,-0.1351,0.2062,3.0039
22,20.8,2.7666,-0.034,0.1659,2.7718
22,21.0,2.7021,0.4052,0.2964,2.7483
22,21.2,3.0612,0.602,0.7406,3.2065
22,21.4,3.1216,0.5644,0.6924,3.2469
22,21.6,3.3012,0.4495,0.6535,3.3952
22,21.8,2.9161,0.9101,0.6814,3.1299
22,22.0,2.7893,1.0091,0.6476,3.0361
22,22.2,2.4544,0.7482,0.4941,2.613
22,22.4,2.4408,0.2934,0.0285,2.4585
22,22.6,2.5323,0.4232,-0.3809,2.5955
22,22.8,2.5481,0.4312,-0.3643,2.6099
22,23.0,2.4582,0.2918,-0.2767,2.4909
22,23.2,2.3686,-0.0116,0.0308,2.3688
22,23.4,2.2508,-0.2458,-0.3016,2.2842
22,23.6,2.4351,-0.0088,-0.547,2.4958
22,23.8,2.4207,-0.1308,-0.2855,2.441
23,0.0,2.9506,-0.1114,0.0038,2.9527
23,0.2,3.2363,-0.4002,0.0822,3.2619
23,0.4,3.2584,-0.498,0.1112,3.2981
23,0.6,3.094,-0.3476,0.0225,3.1136
23,0.8,2.9448,-0.1584,-0.0332,2.9493
23,1.0,2.6603,-0.3814,-0.1542,2.692
23,1.2,2.4814,-0.1787,-0.006,2.4879
23,1.4,2.5136,-0.1941,0.1298,2.5245
23,1.6,2.4257,-0.2743,-0.0017,2.4412
23,1.8,2.3152,-0.2225,-0.1527,2.3309
23,2.0,2.3144,-0.4043,-0.4988,2.4018
23,2.2,2.4345,-0.4814,-0.5005,2.5316
23,2.4,2.3735,-0.35,-0.1734,2.4054
23,2.6,2.5097,-0.1502,-0.0987,2.5161
23,2.8,3.0211,-0.123,-0.3115,3.0396
23,3.0,3.0994,-0.0969,-0.1869,3.1066
23,3.2,3.0023,-0.078,-0.2024,3.0101
23,3.4,2.7033,0.0761,-0.2419,2.7152
23,3.6,2.6161,0.0945,-0.1375,2.6215
23,3.8,2.4138,0.0663,-0.24,2.4266
23,4.0,2.4677,0.0583,-0.4482,2.5087
23,4.2,2.5741,0.3899,-0.1245,2.6064
23,4.4,2.7618,0.5202,0.0015,2.8104
23,4.6,3.0537,0.6085,-0.0746,3.1147
23,4.8,3.3423,0.5468,-0.1977,3.3925
23,5.0,3.4611,0.2657,-0.3214,3.4862
23,5.2,3.4174,0.152,-0.5721,3.4683
23,5.4,3.5869,0.0258,-0.3788,3.6069
23,5.6,3.7236,0.0222,-0.3546,3.7405
23,5.8,3.9496,0.1192,-0.5803,3.9937
23,6.0,3.7061,0.1493,-0.8662,3.8089
23,6.2,3.8347,0.0793,-1.0616,3.9797
23,6.4,3.9108,0.3854,-0.7962,4.0096
23,6.6,3.666,0.384,-0.7929,3.7704
23,6.8,3.6398,0.59,-0.7571,3.7642
23,7.0,3.8842,0.4228,-0.5027,3.9394
23,7.2,3.614,0.1986,-0.1274,3.6217
23,7.4,3.405,0.1564,-0.2961,3.4214
23,7.6,3.8159,0.2236,-0.2503,3.8307
23,7.8,3.7086,0.1286,-0.4522,3.7382
23,8.0,3.592,0.0926,-0.6885,3.6586
23,8.2,3.4137,0.1259,-0.5262,3.4564
23,8.4,3.4195,0.0285,-0.7022,3.491
23,8.6,3.284,0.3391,-0.4336,3.3299
23,8.8,3.0811,0.345,-0.2048,3.1071
23,9.0,3.5642,0.4625,0.0534,3.5945
23,9.2,3.4505,0.5203,0.189,3.4947
23,9.4,3.4294,0.4513,-0.1584,3.4626
23,9.6,3.2867,0.2445,-0.1726,3.3003
23,9.8,3.5858,0.4392,-0.3902,3.6336
23,10.0,3.4876,0.4942,-0.3838,3.5433
23,10.2,3.2604,0.4492,-0.2743,3.3026
23,10.4,3.3819,0.4325,-0.4669,3.4413
23,10.6,3.1342,0.1583,-0.4657,3.1725
23,10.8,3.2915,-0.2215,0.0681,3.2996
23,11.0,3.3547,-0.1307,0.267,3.3678
23,11.2,3.3292,0.1487,-0.0732,3.3334
23,11.4,3.2793,-0.1726,0.0582,3.2844
23,11.6,3.235,-0.2848,0.0664,3.2482
23,11.8,3.4505,-0.6163,0.568,3.5508
23,12.0,3.9085,-0.1503,0.6482,3.9647
23,12.2,3.7553,-0.425,0.9497,3.8967
23,12.4,3.8134,-0.5623,0.979,3.977
23,12.6,3.6031,-0.8573,0.66,3.762
23,12.8,3.6183,-0.9293,0.5317,3.7734
23,13.0,3.5256,-0.796,0.6509,3.6725
23,13.2,3.502,-0.585,0.8646,3.6543
23,13.4,3.8259,-0.5514,0.8141,3.9503
23,13.6,3.7553,-0.6447,0.7862,3.8905
23,13.8,4.0729,-0.7831,0.8036,4.2246
23,14.0,4.2743,-0.8707,0.7489,4.4259
23,14.2,4.2103,-0.9967,0.5755,4.3647
23,14.4,3.8896,-0.7422,0.6936,4.0201
23,14.6,4.0228,-0.5922,0.5282,4.1003
23,14.8,4.0865,-0.6037,0.6948,4.1889
23,15.0,4.0795,-0.4538,0.447,4.1289
23,15.2,4.0675,-0.2456,0.8879,4.1705
23,15.4,3.4458,-0.1935,0.5815,3.4999
23,15.6,3.3697,-0.1866,0.5814,3.4245
23,15.8,3.5984,-0.0313,0.4194,3.6229
23,16.0,3.4974,-0.0543,0.253,3.507
23,16.2,3.5863,-0.0211,0.6473,3.6443
23,16.4,3.7702,0.0734,0.5216,3.8068
23,16.6,3.7805,-0.4986,0.5098,3.8472
23,16.8,3.594,-0.2823,0.3283,3.62
23,17.0,3.3349,0.0685,-0.0912,3.3368
23,17.2,3.5072,-0.0404,-0.1869,3.5124
23,17.4,3.4203,-0.0352,-0.2591,3.4303
23,17.6,3.6354,0.0718,-0.0869,3.6371
23,17.8,3.3975,-0.1197,0.1622,3.4035
23,18.0,3.2794,-0.2667,-0.0816,3.2912
23,18.2,3.3441,0.1319,-0.4407,3.3756
23,18.4,3.3353,-0.0519,-0.4217,3.3623
23,18.6,3.5992,0.0428,-0.1922,3.6045
23,18.8,3.4435,0.0821,-0.2516,3.4536
23,19.0,3.3375,0.1727,-0.2349,3.3502
23,19.2,3.1279,-0.0882,-0.4925,3.1676
23,19.4,3.0213,0.0279,-0.3773,3.0449
23,19.6,3.1529,-0.0036,-0.1982,3.1591
23,19.8,3.1261,-0.1822,0.0748,3.1323
23,20.0,3.12,-0.3811,-0.127,3.1457
23,20.2,3.3585,-0.5215,-0.2758,3.4099
23,20.4,3.6218,-0.2979,-0.1934,3.6392
23,20.6,3.5304,-0.2733,-0.0889,3.5421
23,20.8,3.3865,-0.24,-0.0745,3.3958
23,21.0,2.9754,-0.1609,0.0252,2.9798
23,21.2,3.2715,-0.2034,-0.0196,3.2778
23,21.4,2.7321,0.1825,-0.1131,2.7405
23,21.6,2.6336,0.4901,-0.1245,2.6817
23,21.8,2.9856,0.5739,-0.0921,3.0417
23,22.0,3.005,0.3356,0.1091,3.0257
23,22.2,2.5398,0.2404,-0.3829,2.5797
23,22.4,2.902,-0.0392,0.0601,2.9029
23,22.6,3.0822,0.0932,0.1803,3.0888
23,22.8,3.4275,0.3847,0.2949,3.4616
23,23.0,3.2341,-0.0438,0.4388,3.264
23,23.2,3.2582,-0.4749,0.4179,3.319
23,23.4,3.2085,0.0113,0.6138,3.2667
23,23.6,3.1967,-0.0655,1.2458,3.4315
23,23.8,3.2563,-0.471,1.1537,3.4866
24,0.0,3.1049,0.2149,0.1486,3.1159
24,0.2,3.0777,0.1466,-0.2599,3.0921
24,0.4,3.3194,-0.0423,-0.0632,3.3203
24,0.6,2.9901,-0.1063,-0.057,2.9925
24,0.8,2.8208,-0.1148,-0.0036,2.8232
24,1.0,3.1181,0.0656,0.1603,3.1229
24,1.2,2.9319,-0.1723,0.0693,2.9378
24,1.4,3.0395,-0.2717,0.0498,3.0521
24,1.6,3.1801,-0.4078,-0.0026,3.2061
24,1.8,3.5291,-0.26,-0.2932,3.5508
24,2.0,3.4181,-0.2879,-0.379,3.451
24,2.2,3.1739,-0.4812,-0.429,3.2387
24,2.4,3.3706,-0.0718,-0.2184,3.3785
24,2.6,3.0094,-0.407,0.2446,3.0466
24,2.8,2.8453,-0.2609,0.0552,2.8578
24,3.0,2.6778,0.1328,0.3911,2.7094
24,3.2,2.4465,0.2581,-0.0291,2.4602
24,3.4,2.5037,0.0464,0.247,2.5163
24,3.6,2.6735,-0.1645,0.3439,2.7006
24,3.8,2.839,-0.0335,0.0731,2.8401
24,4.0,2.728,0.2574,0.3085,2.7574
24,4.2,2.4764,0.1864,0.3119,2.5029
24,4.4,2.5099,0.2909,-0.0756,2.5279
24,4.6,2.716,0.4253,0.1033,2.751
24,4.8,2.6173,0.8473,-0.5041,2.7968
24,5.0,2.5067,0.7103,-0.0322,2.6055
24,5.2,2.1938,0.6601,0.1003,2.2932
24,5.4,1.9728,0.5923,0.4141,2.101
24,5.6,2.0443,0.4789,0.3569,2.1298
24,5.8,2.1047,0.4803,0.1629,2.1649
24,6.0,2.3915,0.4135,0.2888,2.4441
24,6.2,2.2746,0.5755,0.4215,2.3839
24,6.4,2.5475,0.3918,0.1992,2.5851
24,6.6,2.7802,0.5993,0.4427,2.8783
24,6.8,2.6182,0.3626,0.2813,2.6581
24,7.0,2.478,0.6216,0.4458,2.5933
24,7.2,2.2699,0.2987,0.3182,2.3115
24,7.4,2.4973,0.041,-0.0088,2.4976
24,7.6,2.4942,-0.1027,0.1669,2.5019
24,7.8,2.8813,-0.2874,0.2095,2.9032
24,8.0,2.8631,-0.396,0.2985,2.9057
24,8.2,3.0548,-0.7297,0.3509,3.1603
24,8.4,3.0313,-0.4563,0.5556,3.1153
24,8.6,3.0518,-0.7453,0.4667,3.176
24,8.8,3.3725,-1.0446,0.9547,3.6574
24,9.0,3.4619,-0.8279,1.1289,3.7342
24,9.2,3.7321,-1.0563,1.1519,4.0462
24,9.4,3.723,-0.8489,0.4976,3.8509
24,9.6,3.7,-1.024,0.488,3.87
24,9.8,3.6516,-1.1778,0.5382,3.8744
24,10.0,3.8191,-1.2416,0.3395,4.0302
24,10.2,3.7999,-0.827,0.4675,3.9169
24,10.4,3.349,-0.684,0.2754,3.4292
24,10.6,3.2683,-0.9239,0.2327,3.4043
24,10.8,3.3955,-0.9657,0.212,3.5365
24,11.0,3.4309,-1.0208,0.3519,3.5968
24,11.2,3.7334,-1.1035,0.2926,3.904
24,11.4,3.3121,-0.9964,0.3585,3.4772
24,11.6,3.5885,-1.1333,0.0814,3.764
24,11.8,3.441,-1.0692,-0.0098,3.6033
24,12.0,3.5762,-1.0,0.141,3.7161
24,12.2,3.7856,-0.8761,0.2547,3.8939
24,12.4,3.8735,-0.452,0.2965,3.911
24,12.6,4.1078,-0.5273,0.0564,4.1419
24,12.8,3.5934,-0.4292,-0.2643,3.6286
24,13.0,3.1388,-0.4649,-0.2648,3.184
24,13.2,3.4308,-0.1394,-0.1692,3.4378
24,13.4,3.3942,0.0886,-0.0692,3.3961
24,13.6,3.3957,0.2299,-0.1698,3.4077
24,13.8,3.5075,0.1551,-0.121,3.513
24,14.0,3.4722,0.3265,0.1896,3.4927
24,14.2,3.6442,-0.0879,-0.0521,3.6456
24,14.4,3.5434,0.141,-0.2777,3.557
24,14.6,3.6985,0.2292,-0.6396,3.7604
24,14.8,3.454,0.3678,-0.7469,3.553
24,15.0,3.6631,0.4085,-0.7807,3.7676
24,15.2,3.4932,0.2274,-0.6847,3.567
24,15.4,3.2326,-0.1384,-1.2484,3.4681
24,15.6,3.6142,0.1333,-1.0712,3.772
24,15.8,3.9117,-0.251,-1.1181,4.0761
24,16.0,3.883,-0.5053,-1.4688,4.1821
24,16.2,3.9393,-0.2128,-1.4969,4.2194
24,16.4,4.4174,-0.1229,-1.4665,4.6561
24,16.6,4.5792,0.0764,-1.0026,4.6883
24,16.8,4.7164,-0.0341,-1.0143,4.8243
24,17.0,4.6503,0.1326,-0.6215,4.6935
24,17.2,4.7138,-0.0694,-0.8439,4.7893
24,17.4,3.964,-0.0599,-0.7195,4.0292
24,17.6,4.2473,-0.4999,-0.4621,4.3015
24,17.8,3.96,-0.8474,0.015,4.0497
24,18.0,4.0213,-0.7148,0.2779,4.0938
24,18.2,4.107,-0.4815,-0.1037,4.1364
24,18.4,4.1537,-0.4126,0.3085,4.1856
24,18.6,4.1114,0.0019,0.4168,4.1324
24,18.8,3.9379,0.1151,0.3959,3.9594
24,19.0,4.2498,-0.2967,0.3699,4.2762
24,19.2,4.1569,-0.113,0.1564,4.1614
24,19.4,4.3904,0.0278,0.3367,4.4034
24,19.6,4.4924,-0.0917,0.1485,4.4958
24,19.8,4.3434,0.0539,0.042,4.3439
24,20.0,4.2452,0.1564,-0.3286,4.2608
24,20.2,4.5692,-0.0211,-0.1384,4.5714
24,20.4,4.7951,0.1581,-0.0642,4.7982
24,20.6,4.576,0.2968,0.3528,4.5992
24,20.8,4.0681,0.2034,0.3606,4.0891
24,21.0,4.327,0.3346,0.6165,4.3834
24,21.2,4.0033,0.5848,0.5678,4.0854
24,21.4,4.1841,0.5968,0.3081,4.2377
24,21.6,4.2091,0.802,0.0321,4.285
24,21.8,4.4866,0.7432,0.0579,4.5481
24,22.0,4.6743,0.6414,0.1095,4.7193
24,22.2,4.7391,0.838,0.2998,4.8219
24,22.4,4.6967,0.7023,0.4119,4.7668
24,22.6,4.3493,1.2121,0.5275,4.5457
24,22.8,4.343,1.2786,0.5152,4.5565
24,23.0,4.2389,1.1998,0.2904,4.415
24,23.2,4.0837,1.405,0.298,4.3289
24,23.4,4.3148,1.1245,0.4319,4.4798
24,23.6,4.2373,1.2005,0.4244,4.4245
24,23.8,4.2736,1.0292,0.8318,4.4738
25,0.0,3.0685,0.1168,-0.0831,3.0718
25,0.2,3.1684,0.3416,-0.0679,3.1875
25,0.4,3.1827,0.5218,-0.0735,3.226
25,0.6,3.1408,0.8305,-0.184,3.254
25,0.8,3.1176,0.8027,-0.4362,3.2487
25,1.0,3.3801,0.5504,-0.103,3.4262
25,1.2,3.4097,0.6449,-0.0981,3.4715
25,1.4,3.159,0.5072,-0.2089,3.2063
25,1.6,3.2444,0.3793,0.0043,3.2665
25,1.8,3.6171,0.0675,0.187,3.6226
25,2.0,3.9378,-0.2059,-0.0461,3.9435
25,2.2,3.7215,-0.645,0.0258,3.7771
25,2.4,3.8672,-0.7493,0.5292,3.9745
25,2.6,4.236,-1.1329,0.39,4.4021
25,2.8,4.2268,-0.7609,0.7017,4.3517
25,3.0,4.037,-0.976,0.5765,4.1931
25,3.2,4.0143,-0.7688,0.4715,4.1144
25,3.4,3.4696,-0.7885,0.3692,3.5772
25,3.6,3.508,-0.6255,0.5165,3.6006
25,3.8,3.5641,-0.7687,0.7128,3.7151
25,4.0,3.8412,-0.66,0.8624,3.9918
25,4.2,4.2243,-0.5927,0.6487,4.3148
25,4.4,3.9485,-0.4933,0.6583,4.0332
25,4.6,4.1766,-0.7771,0.5766,4.2872
25,4.8,3.807,-0.2063,0.4483,3.8389
25,5.0,3.7514,-0.4225,0.5252,3.8114
25,5.2,3.5011,-0.6609,0.6191,3.6163
25,5.4,3.2463,-0.8622,0.6667,3.4243
25,5.6,3.3851,-0.9893,0.9758,3.6592
25,5.8,3.7,-0.7959,0.6918,3.8474
25,6.0,3.8655,-0.914,0.6175,4.0198
25,6.2,3.9503,-0.5988,0.7323,4.0619
25,6.4,3.8241,-0.6315,0.513,3.9097
25,6.6,3.9713,-0.5641,0.2369,4.0182
25,6.8,4.0519,-0.5892,0.0206,4.0946
25,7.0,4.1116,-0.794,0.0488,4.1879
25,7.2,3.9502,-0.7077,0.1457,4.0158
25,7.4,4.3106,-0.3808,-0.0122,4.3274
25,7.6,4.4722,-0.2046,-0.1802,4.4805
25,7.8,4.4553,-0.34,-0.3481,4.4818
25,8.0,4.2057,-0.0244,-0.0013,4.2058
25,8.2,4.3082,-0.1134,-0.0893,4.3107
25,8.4,4.2653,-0.3422,-0.101,4.2802
25,8.6,4.4375,-0.6405,-0.2489,4.4904
25,8.8,4.3912,-0.4053,-0.1043,4.411
25,9.0,4.3226,-0.1881,-0.0021,4.3267
25,9.2,3.77,-0.0219,0.2835,3.7807
25,9.4,3.4064,0.0243,0.4614,3.4376
25,9.6,3.0877,-0.0932,0.4354,3.1196
25,9.8,3.2924,-0.3099,0.2103,3.3136
25,10.0,3.198,-0.1123,0.458,3.2326
25,10.2,3.0422,0.0877,0.4264,3.0732
25,10.4,3.591,-0.1564,0.4487,3.6223
25,10.6,3.1891,-0.1501,0.5704,3.2431
25,10.8,2.8494,-0.5408,0.6309,2.9681
25,11.0,3.3157,-0.1277,0.4002,3.3422
25,11.2,3.5074,-0.0108,0.1516,3.5107
25,11.4,3.3051,-0.0902,0.3261,3.3224
25,11.6,3.2551,-0.2077,0.0889,3.2629
25,11.8,3.5453,-0.2577,-0.0141,3.5547
25,12.0,3.781,-0.4079,-0.2448,3.8108
25,12.2,3.6021,-0.5667,-0.5703,3.6908
25,12.4,3.8366,-0.5035,-0.2947,3.8807
25,12.6,3.7354,-0.4956,-0.1153,3.7699
25,12.8,3.4257,-0.5575,0.0204,3.4708
25,13.0,3.4248,-0.2753,-0.0933,3.4371
25,13.2,3.1238,0.2485,-0.0289,3.1338
25,13.4,2.892,0.4765,0.076,2.932
25,13.6,2.2789,0.4237,0.1894,2.3257
25,13.8,2.1618,0.3682,0.1838,2.2006
25,14.0,2.3165,0.4016,0.1191,2.3541
25,14.2,2.1752,0.3699,-0.145,2.2112
25,14.4,2.2777,0.4443,0.2298,2.332
25,14.6,2.428,0.5889,-0.1232,2.5015
25,14.8,2.6645,0.4006,0.0909,2.696
25,15.0,2.657,0.58,0.2803,2.734
25,15.2,2.4291,0.9934,0.5927,2.6905
25,15.4,2.6593,0.8275,0.5213,2.8335
25,15.6,2.7915,0.7814,0.3839,2.9242
25,15.8,2.5175,0.4992,0.4405,2.6041
25,16.0,2.4504,0.481,0.4152,2.5314
25,16.2,2.3967,0.2173,0.5198,2.462
25,16.4,2.4514,0.099,0.3172,2.4738
25,16.6,2.2308,-0.0097,0.0319,2.2311
25,16.8,2.0648,0.1339,-0.3989,2.1073
25,17.0,2.0683,-0.0148,-0.255,2.084
25,17.2,2.4447,0.5826,0.1159,2.5158
25,17.4,2.8353,0.945,0.0143,2.9887
25,17.6,2.6888,0.3487,0.2701,2.7248
25,17.8,2.7505,0.3851,0.2225,2.7862
25,18.0,2.9143,0.3654,0.4922,2.9781
25,18.2,2.9675,0.1801,0.6324,3.0395
25,18.4,3.0811,0.2436,0.1379,3.0938
25,18.6,2.6965,-0.1765,0.4699,2.7428
25,18.8,2.7474,-0.1735,0.2897,2.7681
25,19.0,2.8468,-0.3085,-0.0646,2.8642
25,19.2,2.879,-0.3961,-0.2666,2.9184
25,19.4,3.085,-0.4598,-0.4066,3.1455
25,19.6,3.6344,-0.4826,-0.2901,3.6777
25,19.8,3.4581,-0.8045,-0.4949,3.5847
25,20.0,3.4768,-0.8122,-0.3321,3.5858
25,20.2,3.1612,-0.6582,-0.5603,3.2772
25,20.4,2.9791,-0.2076,-0.0969,2.9879
25,20.6,3.053,-0.0414,-0.2531,3.0637
25,20.8,3.1,-0.2169,-0.4627,3.1418
25,21.0,3.2557,-0.0947,-0.9451,3.3914
25,21.2,3.0836,0.143,-0.9924,3.2425
25,21.4,2.845,-0.2285,-0.9845,3.0192
25,21.6,2.6665,-0.0717,-1.0025,2.8496
25,21.8,2.7839,0.2365,-0.6709,2.8733
25,22.0,2.7989,0.1913,-0.5925,2.8673
25,22.2,2.6973,0.2534,-0.3781,2.7354
25,22.4,2.4495,0.5713,-0.2062,2.5237
25,22.6,2.0204,0.5928,-0.329,2.1311
25,22.8,2.1035,0.579,-0.2364,2.1945
25,23.0,2.2064,0.4769,-0.1837,2.2649
25,23.2,1.9171,0.0577,0.2523,1.9345
25,23.4,1.9398,-0.1069,0.1957,1.9525
25,23.6,1.8426,-0.334,0.1659,1.88
25,23.8,2.2564,-0.3098,0.3117,2.2988
26,0.0,3.2967,0.0963,0.0092,3.2981
26,0.2,3.408,0.1997,-0.1489,3.4171
26,0.4,3.1844,0.242,-0.3258,3.2102
26,0.6,3.1913,0.5892,-0.0498,3.2456
26,0.8,3.1762,0.565,0.0281,3.2262
26,1.0,3.145,1.0159,0.0411,3.3052
26,1.2,3.1222,0.75,-0.3557,3.2306
26,1.4,3.1074,0.555,-0.2948,3.1703
26,1.6,3.3348,0.4628,-0.39,3.3892
26,1.8,3.3614,0.5119,-0.3269,3.4158
26,2.0,3.4641,0.3604,-0.1418,3.4857
26,2.2,3.3573,0.1676,-0.1409,3.3644
26,2.4,3.1524,0.3282,-0.1655,3.1738
26,2.6,3.1812,0.5686,-0.0953,3.233
26,2.8,3.3495,0.2236,-0.2979,3.3702
26,3.0,3.4314,0.1082,-0.2947,3.4457
26,3.2,3.4331,-0.0884,-0.3905,3.4563
26,3.4,3.6819,0.3051,-0.0704,3.6952
26,3.6,3.5394,0.1612,0.3997,3.5655
26,3.8,3.1572,0.4231,0.2652,3.1965
26,4.0,2.6234,0.0311,0.2961,2.6402
26,4.2,2.5336,0.0653,0.1095,2.5368
26,4.4,2.5944,0.2868,-0.0683,2.6111
26,4.6,2.1122,0.1637,-0.6199,2.2074
26,4.8,1.7782,0.3996,-0.6209,1.9254
26,5.0,1.5149,0.6456,-0.5861,1.7479
26,5.2,1.6137,0.7544,-0.2449,1.7981
26,5.4,1.65,0.7637,-0.312,1.8448
26,5.6,2.0125,0.9071,-0.376,2.2392
26,5.8,2.2019,0.6695,-0.4741,2.3497
26,6.0,2.3098,0.7255,-0.6047,2.4955
26,6.2,2.5154,0.7143,-0.5141,2.6649
26,6.4,2.5452,0.341,-0.2742,2.5826
26,6.6,2.1039,0.3069,-0.3583,2.1562
26,6.8,2.4129,0.2394,-0.2279,2.4354
26,7.0,2.3806,0.2004,-0.0809,2.3904
26,7.2,2.2304,-0.0143,-0.0694,2.2315
26,7.4,1.8873,0.4761,-0.0642,1.9475
26,7.6,1.9492,0.2963,0.0176,1.9717
26,7.8,2.0795,0.1968,-0.1419,2.0936
26,8.0,2.0544,0.4598,0.0703,2.1064
26,8.2,2.2034,0.5291,0.3393,2.2913
26,8.4,2.4687,0.6144,-0.049,2.5444
26,8.6,2.3315,0.5359,-0.251,2.4054
26,8.8,2.5091,0.3697,0.0551,2.5368
26,9.0,2.4555,0.593,0.0326,2.5263
26,9.2,2.3517,0.8252,-0.2153,2.5015
26,9.4,2.5521,0.406,-0.0831,2.5855
26,9.6,2.2088,0.2921,0.2046,2.2374
26,9.8,1.918,0.1727,0.4711,1.9825
26,10.0,1.8752,-0.0895,0.6068,1.9729
26,10.2,1.6716,-0.0194,0.3135,1.7008
26,10.4,1.4587,-0.1951,0.147,1.479
26,10.6,1.7102,0.1729,-0.2145,1.7323
26,10.8,2.1308,-0.0085,-0.3448,2.1585
26,11.0,2.1779,-0.2107,-0.6654,2.287
26,11.2,2.5446,-0.3599,-0.5526,2.6287
26,11.4,2.6966,-0.5598,-0.1306,2.7572
26,11.6,2.847,-0.7425,0.2634,2.954
26,11.8,2.9634,-0.7484,0.2871,3.0699
26,12.0,2.7242,-0.779,0.4522,2.8692
26,12.2,2.6566,-0.9998,0.1717,2.8437
26,12.4,2.8103,-1.0151,0.0835,2.9892
26,12.6,2.8873,-0.9565,-0.3117,3.0575
26,12.8,2.4726,-0.922,-0.1514,2.6432
26,13.0,2.5232,-0.9855,-0.3126,2.7268
26,13.2,2.6241,-1.1249,-0.1554,2.8593
26,13.4,2.7895,-0.906,-0.0548,2.9334
26,13.6,2.4669,-0.7321,-0.233,2.5838
26,13.8,2.4445,-0.3525,-0.7135,2.5708
26,14.0,2.6166,-0.1558,-0.6767,2.7071
26,14.2,2.2147,-0.421,-0.3827,2.2866
26,14.4,2.0998,-0.2717,-0.4777,2.1706
26,14.6,2.189,-0.3357,-0.7906,2.3515
26,14.8,2.52,-0.2429,-0.477,2.5762
26,15.0,2.4205,-0.1561,-0.7714,2.5452
26,15.2,2.8166,-0.1984,-0.9166,2.9687
26,15.4,2.9217,-0.1759,-0.9484,3.0768
26,15.6,3.2735,-0.0695,-0.9328,3.4045
26,15.8,3.036,-0.4582,-0.5071,3.112
26,16.0,3.1272,-0.043,-0.7799,3.2232
26,16.2,2.9843,-0.4382,-0.3554,3.0372
26,16.4,3.1933,-0.211,-0.6978,3.2755
26,16.6,3.4055,-0.4169,-0.9442,3.5585
26,16.8,3.2037,-0.6374,-0.4778,3.3012
26,17.0,3.3719,-0.4632,-0.3114,3.4177
26,17.2,3.735,-0.5776,-0.4718,3.8087
26,17.4,3.6357,-0.4865,-0.6551,3.7261
26,17.6,3.2302,-0.5552,-0.7955,3.3728
26,17.8,3.054,-0.7245,-0.3992,3.1641
26,18.0,3.2691,-0.6597,-0.624,3.3929
26,18.2,3.4232,-0.8083,0.0145,3.5174
26,18.4,3.6294,-0.5362,0.0708,3.6694
26,18.6,3.3772,-0.1904,-0.1771,3.3872
26,18.8,2.8878,-0.046,-0.2189,2.8964
26,19.0,2.9115,-0.1443,-0.411,2.9439
26,19.2,2.7553,-0.3897,-0.4461,2.8183
26,19.4,3.1028,-0.4961,-0.0864,3.1434
26,19.6,3.2805,-0.9992,0.1351,3.432
26,19.8,3.1466,-0.3711,0.1138,3.1704
26,20.0,3.2723,-0.6147,0.0107,3.3296
26,20.2,3.2105,-0.7813,0.0158,3.3042
26,20.4,2.9296,-0.7363,0.4431,3.053
26,20.6,2.6611,-1.0867,0.4621,2.9113
26,20.8,2.5812,-0.9884,0.5344,2.8151
26,21.0,2.5278,-1.0001,1.004,2.8979
26,21.2,2.495,-0.9807,0.6038,2.748
26,21.4,2.4616,-0.9548,0.6672,2.7233
26,21.6,2.5184,-0.9294,0.4658,2.7245
26,21.8,2.5432,-1.0495,0.9593,2.9136
26,22.0,2.734,-0.8138,0.8963,2.99
26,22.2,2.8811,-0.7541,1.0419,3.1551
26,22.4,2.9009,-0.3062,0.9765,3.0761
26,22.6,2.691,-0.1148,0.918,2.8455
26,22.8,2.9111,-0.3942,0.5693,2.9923
26,23.0,2.9753,-0.23,0.6269,3.0493
26,23.2,2.6723,-0.1634,0.9297,2.8341
26,23.4,2.4823,-0.2638,0.6225,2.5727
26,23.6,3.0103,-0.5499,0.6153,3.1214
26,23.8,3.0855,-0.7803,0.3093,3.1976
27,0.0,3.1444,-0.0651,-0.1861,3.1506
27,0.2,3.1968,0.0182,-0.3,3.2109
27,0.4,3.05,0.0351,0.0243,3.0503
27,0.6,2.7265,0.2778,0.1584,2.7451
27,0.8,2.7615,0.1445,0.3037,2.7819
27,1.0,2.8397,-0.3929,-0.0271,2.8669
27,1.2,2.7487,-0.5893,-0.2619,2.8233
27,1.4,2.7051,-0.5704,-0.101,2.7664
27,1.6,2.9353,-0.7321,0.0094,3.0252
27,1.8,3.0308,-0.7024,0.124,3.1136
27,2.0,2.7152,-0.7988,0.1802,2.836
27,2.2,2.72,-0.8973,0.1749,2.8695
27,2.4,2.755,-0.9431,0.0421,2.9122
27,2.6,2.8336,-1.321,-0.2949,3.1403
27,2.8,2.5176,-0.9412,-0.4457,2.7244
27,3.0,2.8844,-0.8809,-0.0394,3.0162
27,3.2,3.0035,-0.5242,-0.4011,3.0751
27,3.4,2.7669,-0.4443,-0.425,2.8343
27,3.6,2.8843,-0.2298,-0.6571,2.9671
27,3.8,2.8452,-0.0839,-0.6336,2.9161
27,4.0,2.778,0.0616,-0.8248,2.8985
27,4.2,2.5617,-0.0356,-0.8426,2.697
27,4.4,2.6431,0.2083,-0.7792,2.7634
27,4.6,3.0668,0.2407,-1.1811,3.2951
27,4.8,3.5065,0.3099,-0.7242,3.5939
27,5.0,3.7634,0.421,-0.5119,3.8213
27,5.2,3.887,0.7806,-0.5754,4.0062
27,5.4,3.7601,0.7877,-0.3898,3.8614
27,5.6,3.6666,0.6266,-0.1476,3.7227
27,5.8,3.6885,0.4299,0.0403,3.7137
27,6.0,3.5435,0.4548,-0.1208,3.5746
27,6.2,3.6401,0.7763,0.0338,3.7221
27,6.4,3.7889,0.7688,-0.0072,3.8661
27,6.6,3.7009,0.9395,0.1786,3.8225
27,6.8,3.584,0.9921,0.3184,3.7324
27,7.0,3.6667,0.4317,0.7741,3.7723
27,7.2,3.7706,0.0053,0.8889,3.8739
27,7.4,4.0063,-0.0385,0.8032,4.0862
27,7.6,3.7119,0.0883,1.0453,3.8573
27,7.8,3.8508,0.2459,0.9504,3.9739
27,8.0,3.6506,0.2723,1.0937,3.8206
27,8.2,3.5621,0.1835,0.517,3.6041
27,8.4,3.5162,0.2418,0.6349,3.5813
27,8.6,3.4873,0.2783,0.3951,3.5206
27,8.8,3.3415,0.5176,0.3957,3.4045
27,9.0,3.1324,-0.0807,0.4989,3.1729
27,9.2,3.2838,-0.1277,0.8265,3.3886
27,9.4,3.4048,-0.0985,0.4569,3.4367
27,9.6,3.1233,0.0002,0.5644,3.1739
27,9.8,2.8933,-0.1188,0.4955,2.9379
27,10.0,3.1675,0.0862,0.5306,3.2128
27,10.2,3.0298,-0.1783,0.2535,3.0456
27,10.4,3.6865,-0.1951,0.5905,3.7386
27,10.6,3.5573,-0.1801,0.4729,3.5932
27,10.8,3.5445,-0.2424,0.787,3.6389
27,11.0,3.4331,0.0101,0.6912,3.502
27,11.2,3.8039,-0.063,1.0328,3.9421
27,11.4,3.7288,-0.308,1.0715,3.8919
27,11.6,3.3335,-0.7913,0.5571,3.4711
27,11.8,3.7815,-0.5136,0.7924,3.8976
27,12.0,3.4343,-0.5249,1.1449,3.6579
27,12.2,3.66,-0.6777,1.1673,3.901
27,12.4,3.6357,-0.5843,1.0996,3.843
27,12.6,3.5611,-0.6731,1.0409,3.7707
27,12.8,3.3655,-0.3515,0.9506,3.5148
27,13.0,2.9739,-0.4745,0.9265,3.1508
27,13.2,2.7186,-0.5748,0.8333,2.901
27,13.4,2.7307,-0.3338,0.3894,2.7784
27,13.6,3.062,-0.412,0.0014,3.0896
27,13.8,3.2881,-0.8257,-0.3924,3.4128
27,14.0,3.4964,-0.714,-0.2136,3.5749
27,14.2,3.5433,-0.2398,0.1062,3.553
27,14.4,3.1883,-0.118,0.101,3.1921
27,14.6,3.3408,0.144,0.1707,3.3482
27,14.8,3.5407,-0.4531,0.3051,3.5826
27,15.0,3.6747,-0.5603,0.3596,3.7345
27,15.2,3.9154,-0.7432,0.5733,4.0263
27,15.4,3.5878,-0.6111,0.4876,3.672
27,15.6,3.7312,-0.5523,0.7253,3.841
27,15.8,3.708,-0.4411,0.8334,3.826
27,16.0,3.3251,-0.4485,0.566,3.4027
27,16.2,3.1389,-0.4121,0.7698,3.2581
27,16.4,3.141,-0.8138,0.5149,3.2853
27,16.6,2.954,-0.9537,0.3901,3.1285
27,16.8,3.1893,-1.0407,0.1827,3.3598
27,17.0,3.3995,-1.2088,0.4002,3.6301
27,17.2,3.3722,-0.8383,0.2801,3.4861
27,17.4,3.4048,-0.8405,0.2535,3.5162
27,17.6,3.2413,-0.9575,0.36,3.3989
27,17.8,3.2526,-0.6323,0.3011,3.3272
27,18.0,3.4333,-0.238,0.4118,3.4661
27,18.2,3.8559,-0.3891,0.4973,3.9072
27,18.4,3.8446,-0.2744,0.8343,3.9436
27,18.6,3.6678,-0.139,1.3999,3.9283
27,18.8,3.647,0.0346,1.5799,3.9747
27,19.0,3.8185,0.4644,1.1197,4.0063
27,19.2,3.567,0.058,0.8178,3.66
27,19.4,3.4792,-0.2264,0.5771,3.534
27,19.6,3.9033,-0.4191,0.7464,3.9961
27,19.8,3.6404,-0.486,0.5955,3.7207
27,20.0,3.4711,-0.1574,0.3275,3.49
27,20.2,3.4423,-0.5575,0.636,3.5447
27,20.4,3.4963,-0.4426,0.9217,3.6427
27,20.6,3.2333,-0.3647,1.1461,3.4498
27,20.8,3.1557,-0.4379,0.9542,3.3257
27,21.0,2.9979,-0.5973,0.5608,3.1079
27,21.2,3.0292,-0.4312,0.4152,3.0878
27,21.4,3.1297,-0.3996,0.1046,3.1568
27,21.6,2.8255,-0.683,0.1981,2.9136
27,21.8,2.5995,-0.822,0.1119,2.7286
27,22.0,2.634,-0.553,0.1254,2.6944
27,22.2,2.8444,-0.5674,-0.0522,2.9009
27,22.4,3.1274,-0.5591,-0.2101,3.184
27,22.6,3.2433,-0.6607,-0.2456,3.319
27,22.8,3.2451,-0.4558,-0.5591,3.3243
27,23.0,2.9349,-0.2631,-0.632,3.0137
27,23.2,3.3275,-0.4376,-0.3988,3.3798
27,23.4,3.4349,-0.331,-0.1254,3.4531
27,23.6,3.5902,-0.3428,-0.0123,3.6065
27,23.8,3.5168,-0.0067,0.1703,3.5209
28,0.0,2.988,0.0711,0.0736,2.9898
28,0.2,3.2265,0.1986,-0.0661,3.2333
28,0.4,3.4385,0.3162,-0.0586,3.4536
28,0.6,3.44,0.3967,0.1337,3.4654
28,0.8,3.3156,0.4316,0.0223,3.3436
28,1.0,3.3659,0.5713,0.0872,3.4151
28,1.2,3.7293,0.7077,0.2311,3.8029
28,1.4,3.7658,0.5668,0.6779,3.8681
28,1.6,3.2666,0.175,0.2824,3.2835
28,1.8,3.271,-0.0218,0.3254,3.2872
28,2.0,3.159,0.1689,0.1696,3.1681
28,2.2,3.3611,0.2418,0.4762,3.4033
28,2.4,3.1123,0.1787,0.8186,3.2232
28,2.6,3.2201,-0.1753,0.8206,3.3276
28,2.8,3.1916,-0.4215,0.4564,3.2515
28,3.0,2.9733,-0.6064,0.0827,3.0356
28,3.2,2.8002,-0.6138,0.42,2.8973
28,3.4,2.8683,-0.2539,-0.01,2.8796
28,3.6,2.9306,-0.5023,-0.2299,2.9822
28,3.8,2.9589,-0.7014,-0.0956,3.0424
28,4.0,2.8849,-0.789,0.3843,3.0154
28,4.2,2.7412,-0.8047,0.5371,2.9069
28,4.4,2.6931,-0.8968,0.3685,2.8623
28,4.6,2.8939,-1.2017,0.3413,3.152
28,4.8,2.8902,-1.0757,-0.0406,3.0842
28,5.0,2.76,-1.2643,0.0708,3.0366
28,5.2,3.0067,-1.1685,0.0225,3.2259
28,5.4,2.9697,-1.1527,-0.1269,3.1881
28,5.6,3.16,-1.0236,-0.1381,3.3245
28,5.8,3.3997,-0.8893,-0.0882,3.5153
28,6.0,3.0397,-0.7267,-0.171,3.13
28,6.2,2.9136,-0.9213,-0.381,3.0794
28,6.4,3.1975,-0.9504,-0.6019,3.3896
28,6.6,3.2761,-1.0728,-0.4991,3.4832
28,6.8,3.4383,-1.3303,-0.3315,3.7015
28,7.0,3.1073,-1.2025,-0.3197,3.3472
28,7.2,2.9363,-1.0604,-0.1027,3.1236
28,7.4,2.7904,-0.8807,0.0188,2.9261
28,7.6,2.8426,-0.9357,-0.1877,2.9986
28,7.8,2.7313,-1.1417,-0.3928,2.9862
28,8.0,2.7599,-1.0705,-0.4349,2.992
28,8.2,3.1192,-1.2536,-0.4744,3.395
28,8.4,3.1489,-1.2521,-0.224,3.3961
28,8.6,3.1339,-0.8081,-0.2893,3.2493
28,8.8,3.1655,-0.8278,-0.205,3.2783
28,9.0,3.5667,-0.9473,0.0552,3.6908
28,9.2,3.5714,-0.9772,0.3271,3.7171
28,9.4,3.5595,-1.0158,0.0833,3.7025
28,9.6,3.3636,-0.9102,0.0965,3.4859
28,9.8,3.3563,-0.8775,-0.0225,3.4691
28,10.0,3.2958,-0.9281,0.0816,3.4249
28,10.2,3.1966,-0.7399,0.3692,3.3018
28,10.4,3.4672,-0.597,0.4331,3.5448
28,10.6,3.1809,-0.3535,0.3098,3.2154
28,10.8,2.9568,-0.3176,0.0185,2.9739
28,11.0,2.588,-0.3056,-0.0647,2.6068
28,11.2,2.3507,-0.1305,-0.0921,2.3561
28,11.4,2.5236,0.0668,0.2271,2.5347
28,11.6,3.0333,0.2699,0.2237,3.0535
28,11.8,3.3443,0.245,0.0009,3.3533
28,12.0,3.3592,0.2396,0.154,3.3712
28,12.2,3.3197,0.4584,0.3383,3.3683
28,12.4,3.0355,0.4963,0.0106,3.0758
28,12.6,3.1566,0.7001,-0.0787,3.2343
28,12.8,3.2057,0.9768,-0.3774,3.3725
28,13.0,2.9573,0.729,-0.314,3.062
28,13.2,3.2249,0.3133,-0.3876,3.2632
28,13.4,3.0293,0.096,-0.3846,3.0551
28,13.6,2.6489,0.0569,-0.5545,2.707
28,13.8,2.9263,0.3211,-0.2469,2.9542
28,14.0,2.7455,0.3924,-0.1236,2.7762
28,14.2,2.3238,0.6163,0.1443,2.4085
28,14.4,2.3948,0.6232,0.2079,2.4833
28,14.6,2.7237,0.8185,0.0747,2.845
28,14.8,2.7869,0.5206,0.1529,2.8392
28,15.0,2.8563,0.5024,0.2308,2.9093
28,15.2,2.795,0.35,-0.0468,2.8173
28,15.4,3.2566,0.447,0.1106,3.2889
28,15.6,2.979,0.192,-0.0095,2.9852
28,15.8,2.9229,0.1892,-0.0032,2.929
28,16.0,2.8455,0.5927,0.0597,2.9072
28,16.2,2.7459,0.9866,-0.1787,2.9233
28,16.4,3.0974,0.7003,-0.6312,3.2377
28,16.6,3.4372,0.7655,-0.4697,3.5526
28,16.8,3.3844,0.8121,-0.3979,3.5031
28,17.0,3.4687,1.1266,-0.0103,3.6471
28,17.2,3.6078,0.9117,-0.2212,3.7277
28,17.4,3.3597,1.0892,-0.5892,3.5807
28,17.6,3.4647,0.9852,-0.6719,3.6642
28,17.8,3.375,0.8928,-0.6494,3.551
28,18.0,3.0077,0.8536,-0.7608,3.2177
28,18.2,3.0077,0.4639,-0.4999,3.0841
28,18.4,2.9309,0.7941,-0.1223,3.039
28,18.6,3.1094,0.5251,-0.1195,3.1557
28,18.8,3.147,0.4406,-0.1668,3.1821
28,19.0,3.0207,0.3201,-0.2679,3.0494
28,19.2,2.9545,0.2075,-0.1866,2.9676
28,19.4,2.7281,-0.0661,-0.051,2.7294
28,19.6,2.7469,-0.1423,0.2175,2.7592
28,19.8,2.9548,-0.0743,0.1722,2.9607
28,20.0,2.8492,-0.0839,-0.0611,2.8511
28,20.2,2.9745,0.1187,-0.0472,2.9772
28,20.4,3.1357,-0.138,-0.4879,3.1764
28,20.6,2.9976,0.0357,-0.4058,3.0252
28,20.8,3.4056,0.0667,-0.2894,3.4185
28,21.0,3.3782,0.1534,-0.046,3.3819
28,21.2,3.3288,0.1153,-0.2393,3.3394
28,21.4,3.2302,0.1225,-0.018,3.2326
28,21.6,2.8033,0.1174,0.1954,2.8125
28,21.8,2.8911,0.2192,0.5864,2.9581
28,22.0,2.8977,0.4465,0.5433,2.9818
28,22.2,2.794,0.4557,0.1756,2.8363
28,22.4,2.7698,0.3553,-0.0797,2.7937
28,22.6,2.6139,0.7254,-0.1147,2.7151
28,22.8,2.7733,0.4457,-0.067,2.8097
28,23.0,2.5629,0.201,-0.1471,2.575
28,23.2,2.7592,0.1204,0.3152,2.7798
28,23.4,2.8534,0.1024,0.7428,2.9502
28,23.6,2.8227,0.2797,0.4984,2.8799
28,23.8,2.5786,0.4843,0.2201,2.6329
29,0.0,2.9802,0.0224,0.161,2.9846
29,0.2,2.8488,-0.1224,0.1898,2.8578
29,0.4,2.6982,-0.3932,-0.0879,2.7281
29,0.6,2.5052,-0.8384,-0.1744,2.6475
29,0.8,2.5064,-0.8323,-0.3134,2.6595
29,1.0,2.8348,-0.6843,0.0423,2.9166
29,1.2,3.0057,-0.4895,0.5436,3.0935
29,1.4,3.3671,-0.2864,0.6608,3.4432
29,1.6,3.6776,-0.3033,0.0909,3.6912
29,1.8,3.9917,-0.0569,-0.0029,3.9921
29,2.0,3.6859,-0.0664,-0.1615,3.6901
29,2.2,3.7149,-0.0139,-0.1466,3.7178
29,2.4,3.6561,-0.1391,-0.4992,3.6927
29,2.6,3.4675,-0.4295,-0.5247,3.5332
29,2.8,3.2879,-0.3461,-0.6431,3.368
29,3.0,3.1492,-0.3973,-0.4946,3.2125
29,3.2,3.1409,-0.3073,-0.6155,3.2154
29,3.4,2.8707,0.0099,-0.8273,2.9876
29,3.6,2.9808,0.1077,-0.5641,3.0356
29,3.8,2.5787,0.2282,-0.6779,2.6761
29,4.0,3.2278,0.317,-0.7604,3.3313
29,4.2,3.1355,0.3737,-0.716,3.2378
29,4.4,3.0167,0.6213,-0.5896,3.136
29,4.6,3.1232,0.5793,-0.1928,3.1823
29,4.8,2.9504,0.2933,-0.0701,2.9657
29,5.0,3.0077,0.5814,-0.117,3.0657
29,5.2,2.9652,0.5853,0.0418,3.0227
29,5.4,2.8744,0.7869,0.2019,2.987
29,5.6,3.0936,0.8509,0.1542,3.2122
29,5.8,3.203,0.8576,0.3522,3.3344
29,6.0,2.9441,0.6712,-0.2508,3.03
29,6.2,3.1927,0.8437,-0.3411,3.3199
29,6.4,3.2944,0.5712,-0.1386,3.3464
29,6.6,3.5681,0.3481,-0.0044,3.5851
29,6.8,3.3391,0.1521,-0.0053,3.3426
29,7.0,3.7366,0.0744,-0.0936,3.7385
29,7.2,3.695,0.0289,0.3592,3.7125
29,7.4,3.9578,-0.1194,0.6723,4.0163
29,7.6,3.8376,0.0351,0.9141,3.9451
29,7.8,3.871,0.5557,0.8954,4.0118
29,8.0,4.2889,0.8718,0.9309,4.4745
29,8.2,3.9819,1.0221,0.9292,4.2146
29,8.4,4.0884,0.915,0.7272,4.2522
29,8.6,3.6136,0.9132,0.5794,3.772
29,8.8,3.6749,0.8784,0.8535,3.8736
29,9.0,3.407,0.9376,0.788,3.6205
29,9.2,3.4262,0.9188,0.6317,3.6031
29,9.4,3.5609,0.7917,0.8525,3.7461
29,9.6,3.2902,0.6576,0.4348,3.3834
29,9.8,3.1102,0.6541,0.4805,3.2144
29,10.0,2.5501,0.52,0.4832,2.6471
29,10.2,2.4966,0.4176,0.102,2.5334
29,10.4,2.7143,0.5295,-0.3017,2.7819
29,10.6,2.5493,0.3209,-0.1905,2.5764
29,10.8,2.5784,0.0569,0.0195,2.5791
29,11.0,2.5627,-0.1242,0.0111,2.5658
29,11.2,2.3424,-0.2841,0.0351,2.3598
29,11.4,2.713,-0.2234,0.2007,2.7295
29,11.6,2.7571,-0.2824,0.3318,2.7913
29,11.8,2.9899,-0.2901,0.3192,3.0209
29,12.0,3.009,-0.4329,0.0268,3.0401
29,12.2,3.3432,-0.7743,-0.2094,3.4381
29,12.4,3.1826,-0.9279,-0.1028,3.3167
29,12.6,2.8286,-0.8961,0.0064,2.9671
29,12.8,2.7042,-1.1634,-0.1369,2.9471
29,13.0,2.5962,-0.9275,-0.1856,2.7631
29,13.2,2.4989,-0.5087,-0.3349,2.5721
29,13.4,2.4479,-0.2976,-0.0854,2.4674
29,13.6,2.4116,-0.1044,0.0058,2.4138
29,13.8,3.0505,-0.2959,0.1059,3.0666
29,14.0,3.0103,-0.267,0.0291,3.0222
29,14.2,2.9251,-0.3618,-0.0357,2.9476
29,14.4,2.7876,-0.1263,-0.021,2.7906
29,14.6,2.1921,-0.0734,0.1028,2.1957
29,14.8,2.3173,-0.1678,0.041,2.3237
29,15.0,2.6711,-0.4882,0.2796,2.7297
29,15.2,2.8186,-0.2658,0.4139,2.8612
29,15.4,3.2232,0.1525,0.157,3.2306
29,15.6,3.3213,0.274,0.2539,3.3423
29,15.8,3.2885,-0.0229,0.4586,3.3204
29,16.0,3.27,-0.2883,0.498,3.3203
29,16.2,3.1444,-0.1228,0.5007,3.1864
29,16.4,2.9046,-0.3438,1.1709,3.1506
29,16.6,3.0979,-0.411,0.9017,3.2525
29,16.8,3.0464,-0.4959,0.8149,3.1923
29,17.0,3.1329,-0.2543,0.7999,3.2434
29,17.2,2.9591,-0.2646,0.6231,3.0356
29,17.4,2.6672,-0.3679,0.5858,2.7554
29,17.6,2.7869,-0.5637,0.8009,2.954
29,17.8,3.1136,-0.1765,0.9714,3.2663
29,18.0,3.0637,-0.7584,1.3051,3.4154
29,18.2,2.7664,-0.7861,1.1316,3.0906
29,18.4,3.2895,-0.6433,0.7612,3.4371
29,18.6,3.3748,-0.4591,0.5655,3.4525
29,18.8,3.5223,-0.318,0.5073,3.5728
29,19.0,3.3538,-0.4995,0.3811,3.4121
29,19.2,3.3324,0.0735,0.4053,3.3578
29,19.4,3.6162,0.5905,0.3865,3.6845
29,19.6,3.5682,0.4044,0.6297,3.6458
29,19.8,3.5035,0.3318,0.7506,3.5983
29,20.0,3.2829,0.3866,0.5306,3.3479
29,20.2,3.3364,0.0684,0.3525,3.3557
29,20.4,3.4017,0.2652,0.2003,3.4179
29,20.6,3.2456,0.6634,-0.0263,3.3128
29,20.8,3.4686,0.6048,-0.1313,3.5234
29,21.0,3.0506,0.614,-0.599,3.1689
29,21.2,3.2831,0.134,-0.957,3.4224
29,21.4,3.633,0.1575,-1.2262,3.8376
29,21.6,3.6745,-0.0536,-1.1238,3.8428
29,21.8,3.4279,0.1971,-1.2271,3.6463
29,22.0,3.5748,-0.124,-1.3447,3.8213
29,22.2,3.3963,0.0127,-1.7302,3.8116
29,22.4,3.5828,0.2613,-1.5072,3.8957
29,22.6,3.7743,0.3364,-1.6333,4.1263
29,22.8,3.959,0.3642,-1.629,4.2965
29,23.0,3.8552,0.7027,-1.1235,4.0766
29,23.2,3.8461,0.6943,-1.4012,4.1518
29,23.4,3.7743,0.5425,-1.2353,4.0082
29,23.6,3.9557,0.7668,-0.8125,4.1104
29,23.8,3.6777,0.6775,-0.9026,3.847
30,0.0,2.8708,0.1077,-0.055,2.8733
30,0.2,2.9854,0.6531,-0.1072,3.0579
30,0.4,3.0024,0.6407,0.2275,3.0784
30,0.6,2.9423,0.5497,0.2664,3.0051
30,0.8,2.7796,0.6123,0.0723,2.8472
30,1.0,2.7089,0.3404,0.2631,2.7429
30,1.2,2.8666,0.4796,0.5624,2.9604
30,1.4,2.7721,0.3755,0.4633,2.8355
30,1.6,2.6819,0.2285,0.484,2.7347
30,1.8,2.611,0.5545,0.6132,2.7388
30,2.0,2.4177,0.0546,0.6021,2.4921
30,2.2,2.4734,-0.2597,0.2963,2.5046
30,2.4,2.3998,0.0311,0.2427,2.4122
30,2.6,2.5057,0.3835,0.2703,2.5493
30,2.8,2.8054,0.6235,0.0152,2.8739
30,3.0,2.8519,0.6089,0.2539,2.9272
30,3.2,2.7581,0.6801,0.1416,2.8442
30,3.4,2.7983,0.3463,0.1789,2.8253
30,3.6,3.3085,0.0648,0.3484,3.3274
30,3.8,3.0568,0.1369,0.5133,3.1026
30,4.0,2.9665,-0.0658,0.4544,3.0018
30,4.2,2.9876,-0.1142,0.3746,3.0132
30,4.4,2.9737,-0.1212,0.015,2.9762
30,4.6,2.9881,-0.2699,0.0306,3.0004
30,4.8,2.8661,-0.6421,-0.186,2.943
30,5.0,2.6986,-0.9151,0.0502,2.85
30,5.2,2.8758,-0.9571,0.0225,3.0309
30,5.4,3.1199,-0.8566,-0.0479,3.2357
30,5.6,2.933,-0.8932,0.1098,3.0679
30,5.8,3.1438,-0.5801,0.246,3.2063
30,6.0,3.1424,-0.6715,0.3108,3.2284
30,6.2,3.1231,-0.0722,0.3982,3.1493
30,6.4,2.9902,0.4414,0.4897,3.062
30,6.6,2.8028,0.4773,0.4642,2.8808
30,6.8,2.8607,0.5237,0.3487,2.9291
30,7.0,2.5169,0.4725,-0.0582,2.5615
30,7.2,2.5039,0.4966,0.1833,2.5593
30,7.4,2.7799,0.9179,0.0135,2.9276
30,7.6,2.892,0.5308,0.382,2.965
30,7.8,2.917,0.9328,0.3321,3.0805
30,8.0,2.374,1.0575,0.2321,2.6092
30,8.2,2.2776,0.9884,0.1111,2.4853
30,8.4,2.1132,1.0232,-0.052,2.3485
30,8.6,2.1787,1.0718,-0.2309,2.439
30,8.8,2.4084,0.5857,-0.202,2.4868
30,9.0,2.4268,0.6379,0.1506,2.5138
30,9.2,2.502,0.9087,-0.0834,2.6632
30,9.4,2.2848,0.611,-0.1917,2.3728
30,9.6,2.3717,0.6078,-0.2541,2.4615
30,9.8,2.391,0.5329,-0.1982,2.4577
30,10.0,2.647,0.9617,0.1574,2.8206
30,10.2,2.6614,0.5684,0.3986,2.7505
30,10.4,2.869,0.3332,0.4473,2.9227
30,10.6,2.9702,0.0411,0.6255,3.0356
30,10.8,2.9726,-0.0859,0.4198,3.0033
30,11.0,3.2016,0.0668,0.3692,3.2235
30,11.2,3.2149,-0.0184,0.6929,3.2888
30,11.4,3.2253,-0.0736,0.8122,3.3268
30,11.6,3.44,-0.3318,1.2669,3.6809
30,11.8,3.397,-0.5751,1.3242,3.691
30,12.0,2.9171,-0.5944,0.6835,3.0545
30,12.2,2.9376,-0.7032,0.6351,3.0866
30,12.4,3.2451,-0.0559,0.6909,3.3183
30,12.6,3.3817,-0.0107,0.7098,3.4554
30,12.8,2.8586,0.1648,0.4718,2.9019
30,13.0,2.7737,0.2943,0.1448,2.793
30,13.2,2.9537,0.3724,0.2015,2.9839
30,13.4,3.0339,0.4107,0.2646,3.073
30,13.6,2.917,0.4281,-0.1098,2.9503
30,13.8,2.679,0.2797,0.0324,2.6938
30,14.0,2.4226,0.6741,-0.042,2.515
30,14.2,2.6549,0.5707,0.1673,2.7207
30,14.4,2.5836,0.8176,0.2331,2.7199
30,14.6,2.74,0.4922,0.4419,2.8187
30,14.8,2.562,0.3379,0.2382,2.5951
30,15.0,2.6193,0.4771,0.073,2.6634
30,15.2,2.6103,0.2948,-0.022,2.627
30,15.4,2.6291,0.0805,0.0999,2.6322
30,15.6,2.9961,0.1557,-0.0577,3.0007
30,15.8,3.1878,0.5049,0.2024,3.2339
30,16.0,3.4665,0.7023,0.2247,3.544
30,16.2,3.3667,0.3326,0.3352,3.3997
30,16.4,3.0802,0.0304,0.2935,3.0943
30,16.6,3.4216,-0.0469,0.4649,3.4534
30,16.8,3.3727,0.0954,0.5415,3.4172
30,17.0,3.2458,0.2187,0.3471,3.2717
30,17.2,3.2935,0.4214,0.1093,3.3221
30,17.4,3.2544,0.5918,0.3366,3.3249
30,17.6,3.5067,0.3338,0.5976,3.5729
30,17.8,3.192,-0.235,0.4501,3.2321
30,18.0,3.3344,-0.2473,0.7169,3.4195
30,18.2,2.9756,-0.1561,0.4555,3.0143
30,18.4,3.2573,-0.121,0.1956,3.2654
30,18.6,3.3174,-0.1319,0.3757,3.3413
30,18.8,3.2876,-0.1384,0.308,3.3049
30,19.0,3.4707,-0.119,0.1864,3.4778
30,19.2,3.5205,-0.0737,0.279,3.5323
30,19.4,3.5182,-0.0768,0.1758,3.5234
30,19.6,3.5382,-0.1984,0.177,3.5481
30,19.8,3.6046,-0.4295,0.0012,3.6301
30,20.0,3.5831,-0.1992,-0.2043,3.5945
30,20.2,3.6738,-0.572,0.0569,3.7185
30,20.4,3.5824,-0.8177,-0.0792,3.6754
30,20.6,3.3233,-0.6092,-0.1252,3.3809
30,20.8,2.8377,-0.1886,-0.253,2.8552
30,21.0,3.2556,-0.5441,-0.1889,3.3062
30,21.2,3.2535,-0.2928,-0.1422,3.2698
30,21.4,3.2453,-0.5473,-0.4195,3.3178
30,21.6,2.9007,-0.4076,-0.25,2.9399
30,21.8,2.931,-0.2577,0.3408,2.962
30,22.0,3.0575,-0.3222,0.27,3.0863
30,22.2,3.1082,-0.2226,0.3082,3.1314
30,22.4,3.069,0.032,0.4454,3.1013
30,22.6,3.0596,0.2835,0.5028,3.1135
30,22.8,3.333,-0.3408,0.1199,3.3526
30,23.0,3.4694,-0.4906,0.1383,3.5066
30,23.2,3.6474,-0.7221,0.6627,3.7768
30,23.4,3.4216,-0.8026,1.0493,3.6678
30,23.6,3.4887,-0.8937,0.9888,3.7347
30,23.8,3.2529,-1.1008,0.9017,3.5505
31,0.0,2.8483,-0.1444,0.1205,2.8545
31,0.2,2.3933,-0.1725,0.1365,2.4034
31,0.4,2.4681,-0.1844,0.4033,2.5076
31,0.6,2.4385,-0.3036,0.1922,2.4648
31,0.8,2.9747,-0.093,-0.0118,2.9762
31,1.0,2.9762,-0.0691,0.1484,2.9807
31,1.2,2.6437,-0.3753,0.3134,2.6885
31,1.4,2.8303,-0.3535,0.4384,2.8858
31,1.6,2.9839,-0.8168,0.8811,3.2167
31,1.8,2.9558,-0.7899,1.0182,3.2245
31,2.0,2.6433,-0.909,1.0325,2.9798
31,2.2,3.178,-1.0745,0.7998,3.4488
31,2.4,3.4094,-0.7987,0.5536,3.5452
31,2.6,3.3928,-0.3392,0.7138,3.4836
31,2.8,3.2238,-0.2364,0.68,3.3032
31,3.0,3.3176,-0.5948,0.3523,3.3889
31,3.2,3.442,-0.7106,0.4619,3.5449
31,3.4,3.2319,-0.6886,0.4037,3.329
31,3.6,3.0625,-0.6277,0.3821,3.1494
31,3.8,2.7875,-0.6783,0.2782,2.8823
31,4.0,2.6268,-0.6509,-0.1407,2.7099
31,4.2,2.5574,-0.3191,-0.0612,2.578
31,4.4,2.6687,-0.6414,-0.3583,2.768
31,4.6,2.8964,-0.645,-0.1492,2.9711
31,4.8,2.8608,-0.287,-0.2214,2.8837
31,5.0,3.1256,-0.6194,-0.0401,3.1866
31,5.2,3.1138,-0.8942,0.2691,3.2508
31,5.4,2.9279,-1.0856,0.3836,3.1461
31,5.6,2.879,-0.5655,0.0916,2.9355
31,5.8,3.3122,-0.4613,-0.0586,3.3447
31,6.0,3.1846,-0.1915,-0.0331,3.1905
31,6.2,3.0735,-0.3348,-0.2051,3.0985
31,6.4,3.1554,-0.5016,0.1042,3.1967
31,6.6,3.1029,-0.5615,-0.0648,3.1539
31,6.8,2.8917,-0.8136,0.0816,3.0051
31,7.0,3.0195,-0.8674,0.2176,3.1492
31,7.2,3.1396,-0.6681,0.1352,3.2128
31,7.4,3.3204,-0.4238,-0.1106,3.3491
31,7.6,3.1686,-0.4598,-0.1448,3.2051
31,7.8,3.0161,-0.247,-0.2792,3.0391
31,8.0,3.2525,-0.6489,-0.0686,3.3173
31,8.2,3.5163,-0.3757,0.0221,3.5364
31,8.4,3.6263,0.0277,-0.0105,3.6264
31,8.6,3.7049,-0.189,0.0836,3.7107
31,8.8,3.8323,-0.1731,0.0334,3.8363
31,9.0,3.9618,-0.3399,0.1603,3.9796
31,9.2,3.8348,-0.6642,0.4285,3.9154
31,9.4,3.272,-0.6402,0.438,3.3627
31,9.6,3.4227,-0.3946,0.2341,3.4533
31,9.8,3.6646,-0.1472,0.5888,3.7145
31,10.0,3.8478,-0.2323,0.2469,3.8627
31,10.2,4.0105,-0.018,-0.1568,4.0136
31,10.4,3.8858,0.1533,-0.171,3.8926
31,10.6,3.5104,0.3566,0.1909,3.5336
31,10.8,3.4023,0.1583,0.0748,3.4068
31,11.0,3.516,0.3772,0.1573,3.5397
31,11.2,3.6304,0.2964,-0.3901,3.6634
31,11.4,3.396,0.5215,-0.5051,3.4727
31,11.6,3.3793,0.6657,-0.0096,3.4442
31,11.8,3.6289,0.6202,-0.1197,3.6834
31,12.0,3.406,0.6477,0.1135,3.4689
31,12.2,3.1399,0.5141,0.2495,3.1915
31,12.4,3.3485,0.5792,0.5622,3.4445
31,12.6,3.1452,0.2311,0.2947,3.1675
31,12.8,3.394,0.0449,0.2751,3.4054
31,13.0,3.098,-0.0953,0.1786,3.1046
31,13.2,3.1996,-0.3549,0.1318,3.222
31,13.4,2.8716,-0.6016,0.4131,2.9629
31,13.6,2.8592,-0.5827,0.6399,2.9873
31,13.8,2.6974,-0.9112,0.5793,2.9055
31,14.0,2.5884,-1.0498,0.6765,2.8739
31,14.2,2.934,-0.9955,0.4534,3.1313
31,14.4,2.9156,-0.9849,0.2952,3.0916
31,14.6,2.8469,-0.8682,0.3782,3.0003
31,14.8,2.5005,-0.585,0.2546,2.5806
31,15.0,2.5233,-0.2312,0.2633,2.5475
31,15.2,2.6675,-0.3419,0.5368,2.7424
31,15.4,2.8839,-0.1521,0.5724,2.9441
31,15.6,3.3032,-0.3076,0.5994,3.3713
31,15.8,3.5393,-0.1666,0.6658,3.6053
31,16.0,3.2639,-0.1094,0.9353,3.3971
31,16.2,3.7108,-0.4845,0.4989,3.7754
31,16.4,3.3162,-0.0338,0.9711,3.4557
31,16.6,3.6934,0.0429,0.7613,3.7713
31,16.8,3.7864,-0.1278,0.5254,3.8248
31,17.0,3.7907,0.5544,0.7019,3.8948
31,17.2,3.672,0.2533,0.6028,3.7298
31,17.4,3.6107,0.2124,0.3984,3.6389
31,17.6,3.943,0.1575,0.6587,4.0008
31,17.8,3.5354,-0.3131,0.9157,3.6655
31,18.0,3.4385,0.1911,0.9409,3.57
31,18.2,3.3317,0.427,0.8537,3.4657
31,18.4,3.3345,0.5507,0.9882,3.5212
31,18.6,3.3613,0.908,1.0315,3.6314
31,18.8,3.3956,0.9559,0.8478,3.6281
31,19.0,3.4459,0.6978,0.3667,3.5349
31,19.2,3.5465,0.5967,0.1042,3.5979
31,19.4,3.8336,0.5437,-0.0733,3.8726
31,19.6,4.1529,0.5828,0.1934,4.1981
31,19.8,4.1803,0.7459,0.1996,4.251
31,20.0,3.7864,0.6811,0.1367,3.8496
31,20.2,3.7085,0.8003,-0.0348,3.794
31,20.4,4.1816,0.9635,-0.4372,4.3134
31,20.6,3.8512,0.9407,-0.6508,4.0175
31,20.8,3.691,0.7326,-0.6577,3.8201
31,21.0,3.4339,0.8384,-0.5523,3.5776
31,21.2,3.0457,1.0468,-0.5419,3.2659
31,21.4,3.0347,1.0713,-0.4106,3.2443
31,21.6,3.4209,0.9689,-0.5031,3.5909
31,21.8,3.3313,0.8671,-0.4286,3.4689
31,22.0,3.5162,0.8892,-0.5343,3.6661
31,22.2,3.3139,0.8487,-0.5625,3.4668
31,22.4,3.2487,0.9387,-0.4312,3.4089
31,22.6,3.2442,1.1362,-0.2731,3.4483
31,22.8,3.2099,1.1325,-0.5142,3.4424
31,23.0,3.223,1.4645,-0.7761,3.6242
31,23.2,3.4174,1.41,-0.9592,3.8192
31,23.4,2.9532,1.4725,-1.1959,3.5099
31,23.6,2.9999,1.1807,-1.2286,3.4501
31,23.8,2.7393,0.5748,-0.8269,2.9185
32,0.0,3.0585,-0.2185,-0.1211,3.0687
32,0.2,2.9894,-0.0826,-0.1203,2.993
32,0.4,3.3366,-0.0262,0.0475,3.337
32,0.6,3.3201,0.1312,0.452,3.3533
32,0.8,3.1755,0.0149,0.4629,3.2091
32,1.0,3.4399,-0.0796,0.4235,3.4668
32,1.2,3.2846,0.174,0.3753,3.3106
32,1.4,3.4972,0.7736,0.6269,3.6362
32,1.6,3.3421,0.8401,0.4645,3.4772
32,1.8,3.4364,0.5561,-0.0353,3.4813
32,2.0,3.2837,0.1842,0.0805,3.2898
32,2.2,3.6026,0.0965,0.0605,3.6044
32,2.4,3.4286,-0.109,-0.4263,3.4567
32,2.6,3.356,-0.1228,-0.6397,3.4186
32,2.8,3.344,-0.0184,-0.3857,3.3662
32,3.0,3.2336,-0.1442,-0.3525,3.256
32,3.2,3.0627,0.0788,-0.546,3.112
32,3.4,3.1883,0.2355,-0.664,3.2652
32,3.6,2.962,-0.1118,-0.5135,3.0083
32,3.8,3.4059,0.1589,-0.4256,3.436
32,4.0,3.1831,0.2091,-0.7482,3.2765
32,4.2,3.18,0.1029,-0.7762,3.275
32,4.4,3.4444,0.3646,-0.6564,3.5253
32,4.6,3.2259,0.5116,-0.6617,3.3325
32,4.8,3.289,0.5925,-0.5494,3.3868
32,5.0,2.9841,0.3677,-0.2719,3.0189
32,5.2,2.7546,0.1191,-0.1466,2.761
32,5.4,2.559,-0.2428,-0.2005,2.5783
32,5.6,2.5928,-0.642,-0.2179,2.68
32,5.8,2.5793,-0.4547,-0.2659,2.6325
32,6.0,2.6668,-0.7023,-0.3526,2.7802
32,6.2,2.7432,-0.816,-0.1331,2.8651
32,6.4,2.7214,-0.9404,-0.0448,2.8797
32,6.6,2.9109,-0.8105,-0.2373,3.031
32,6.8,3.0446,-0.6883,-0.062,3.1221
32,7.0,3.2398,-1.0849,-0.4068,3.4408
32,7.2,3.2713,-1.067,-0.0813,3.4419
32,7.4,2.7908,-0.9614,-0.3303,2.9702
32,7.6,2.6861,-1.0495,-0.2941,2.8988
32,7.8,3.3072,-1.2691,-0.0471,3.5426
32,8.0,3.2953,-1.193,-0.1287,3.507
32,8.2,3.4698,-1.2936,-0.2894,3.7144
32,8.4,3.3225,-1.2383,-0.1834,3.5505
32,8.6,2.8617,-1.2954,0.0634,3.1419
32,8.8,2.7296,-1.0287,0.0785,2.9181
32,9.0,3.0897,-0.7547,0.2306,3.1889
32,9.2,3.0067,-0.5561,0.6647,3.1291
32,9.4,3.1008,-0.3945,0.2011,3.1323
32,9.6,2.9128,-0.3075,0.27,2.9414
32,9.8,2.7394,-0.0324,0.2617,2.752
32,10.0,2.9339,0.059,0.0242,2.9346
32,10.2,3.0983,-0.0703,0.2531,3.1094
32,10.4,2.8563,0.0066,0.2845,2.8704
32,10.6,2.8216,-0.5476,0.1486,2.878
32,10.8,2.6987,-0.2809,0.0306,2.7135
32,11.0,2.8376,-0.1756,0.1664,2.8479
32,11.2,2.8565,-0.0211,-0.1293,2.8595
32,11.4,3.0657,-0.0072,0.243,3.0753
32,11.6,3.196,-0.0181,0.4044,3.2215
32,11.8,3.4661,0.1369,0.5774,3.5165
32,12.0,3.4033,-0.1372,0.3971,3.4291
32,12.2,3.5137,0.096,0.2336,3.5227
32,12.4,3.7121,-0.0212,0.2577,3.7211
32,12.6,3.8686,-0.117,0.398,3.8908
32,12.8,3.8234,-0.1096,0.4069,3.8466
32,13.0,3.9216,-0.0552,0.3474,3.9374
32,13.2,4.1935,0.2162,0.4078,4.2188
32,13.4,3.9228,-0.2564,0.1045,3.9325
32,13.6,3.8352,-0.354,0.3924,3.8714
32,13.8,3.855,-0.2516,0.4665,3.8913
32,14.0,3.8803,0.119,0.6988,3.9445
32,14.2,3.9334,-0.0375,0.4904,3.964
32,14.4,3.884,-0.0243,0.4002,3.9046
32,14.6,3.8911,-0.4174,0.1914,3.9181
32,14.8,3.5933,-0.2296,-0.0535,3.601
32,15.0,4.0472,-0.3099,0.1462,4.0617
32,15.2,4.1382,-0.3338,0.4876,4.1801
32,15.4,3.8709,-0.2616,0.6534,3.9344
32,15.6,3.8446,-0.3346,0.8801,3.9582
32,15.8,3.7755,-0.7952,0.3608,3.8751
32,16.0,3.5481,-0.424,0.4298,3.599
32,16.2,3.3209,-0.6926,0.362,3.4116
32,16.4,2.9489,-0.3727,0.6323,3.0389
32,16.6,3.3407,-0.4712,0.8354,3.4756
32,16.8,3.12,-0.7516,0.8791,3.3274
32,17.0,3.29,-0.6313,0.9264,3.4757
32,17.2,3.2102,-0.5194,0.7002,3.3265
32,17.4,3.3304,-0.5341,0.5449,3.4167
32,17.6,3.3044,-0.6266,0.8356,3.4655
32,17.8,3.7121,-0.6789,0.7562,3.8487
32,18.0,3.2926,-0.5316,0.5705,3.3836
32,18.2,3.4306,-0.4293,0.481,3.4906
32,18.4,3.5364,-0.2582,0.4493,3.5742
32,18.6,3.3164,0.0426,0.7854,3.4084
32,18.8,2.7981,-0.1985,0.7661,2.9079
32,19.0,2.7817,-0.076,0.735,2.8782
32,19.2,2.7904,-0.2417,0.5049,2.846
32,19.4,2.8003,-0.1371,0.7145,2.8933
32,19.6,2.4874,-0.3284,0.4792,2.5543
32,19.8,2.6083,-0.3582,0.7746,2.7444
32,20.0,2.9446,-0.1134,0.758,3.0427
32,20.2,2.8662,-0.2573,0.4641,2.9149
32,20.4,2.7289,-0.4752,0.3933,2.7978
32,20.6,2.9249,-0.6902,0.0736,3.0061
32,20.8,2.8031,-0.7788,0.0786,2.9104
32,21.0,2.3761,-0.7856,0.2018,2.5108
32,21.2,2.5522,-0.7576,-0.0361,2.6625
32,21.4,2.7583,-0.7086,-0.0457,2.8482
32,21.6,2.4798,-0.5574,-0.1366,2.5453
32,21.8,2.5803,-0.6274,-0.3574,2.6794
32,22.0,2.7605,-0.4044,-0.4429,2.8249
32,22.2,2.7425,-0.367,-0.5983,2.8309
32,22.4,2.7397,-0.4263,-0.5504,2.8268
32,22.6,3.0165,-0.2856,-0.4543,3.0639
32,22.8,2.8091,0.0397,0.0686,2.8102
32,23.0,2.2466,-0.1623,0.0324,2.2527
32,23.2,2.6155,-0.4633,-0.2148,2.6649
32,23.4,2.4359,-0.3448,-0.0976,2.4622
32,23.6,2.4804,-0.4417,-0.381,2.5481
32,23.8,2.6029,-0.2136,-0.4229,2.6457
33,0.0,2.9951,-0.2811,0.0571,3.0088
33,0.2,3.2866,-0.314,0.0384,3.3018
33,0.4,3.408,-0.8224,-0.2565,3.5152
33,0.6,3.3821,-0.7182,-0.8262,3.5548
33,0.8,3.1803,-0.8499,-0.6369,3.3529
33,1.0,3.0545,-0.8946,-0.456,3.2153
33,1.2,2.7324,-0.9272,-0.6538,2.9585
33,1.4,2.9078,-1.0938,-1.1228,3.3034
33,1.6,2.8354,-0.7056,-1.0313,3.0985
33,1.8,3.0322,-0.3601,-1.3201,3.3266
33,2.0,2.8243,-0.2075,-1.2628,3.1007
33,2.2,2.8562,-0.4212,-1.2178,3.1334
33,2.4,2.8569,-0.1204,-1.0957,3.0622
33,2.6,2.7873,-0.402,-1.2815,3.094
33,2.8,3.1815,0.0308,-1.5635,3.5451
33,3.0,2.9817,0.1404,-1.0931,3.1789
33,3.2,3.0038,0.3184,-0.7193,3.1051
33,3.4,3.001,0.3572,-0.7995,3.1261
33,3.6,3.2347,0.5319,-0.6249,3.3372
33,3.8,3.3887,0.4548,-0.7238,3.4948
33,4.0,3.1507,0.4966,-0.6283,3.2508
33,4.2,3.3366,0.5636,-0.7454,3.465
33,4.4,3.396,0.9826,-0.4912,3.5692
33,4.6,3.2253,0.992,-0.2744,3.3855
33,4.8,3.5285,1.0926,0.104,3.6953
33,5.0,3.7372,0.9128,-0.0031,3.8471
33,5.2,3.8174,1.1696,-0.2011,3.9976
33,5.4,3.6655,1.2732,-0.1734,3.8842
33,5.6,3.8287,1.4565,-0.1187,4.0981
33,5.8,3.5237,1.1813,0.0196,3.7164
33,6.0,3.2398,1.1497,-0.2934,3.4502
33,6.2,3.2752,1.3759,-0.1669,3.5564
33,6.4,3.313,1.2357,-0.0962,3.5373
33,6.6,3.2041,1.0438,-0.2451,3.3787
33,6.8,3.4125,1.0971,-0.1426,3.5873
33,7.0,3.3312,0.9412,-0.1361,3.4643
33,7.2,3.3972,0.5444,-0.2964,3.4533
33,7.4,3.4995,0.4629,-0.4025,3.5528
33,7.6,3.8304,0.0718,-0.5378,3.8687
33,7.8,3.5854,0.1216,-0.8009,3.6758
33,8.0,3.8664,0.0951,-0.6796,3.9268
33,8.2,3.7308,0.1934,-0.6094,3.7852
33,8.4,3.5276,0.1703,-0.6855,3.5976
33,8.6,3.5819,0.2789,-0.3865,3.6135
33,8.8,3.7593,-0.0674,-0.3283,3.7742
33,9.0,3.6276,0.5695,-0.065,3.6726
33,9.2,3.9508,0.4657,-0.1458,3.9808
33,9.4,4.1279,0.0055,0.0165,4.1279
33,9.6,4.0443,-0.3609,0.1507,4.0631
33,9.8,3.9229,-0.4293,0.5287,3.9816
33,10.0,3.5254,-0.3822,0.4833,3.5788
33,10.2,3.1791,-0.9541,0.4696,3.3523
33,10.4,3.3,-0.5838,0.7321,3.4303
33,10.6,3.0327,-0.5372,0.6767,3.1534
33,10.8,3.0768,-0.8993,0.7799,3.2991
33,11.0,2.9025,-0.934,0.6553,3.1187
33,11.2,3.0953,-0.5396,0.7486,3.23
33,11.4,3.386,-0.7131,0.5941,3.5109
33,11.6,3.8768,-0.669,0.7747,4.0096
33,11.8,3.5994,-0.7417,0.611,3.7255
33,12.0,3.7083,-0.6327,0.5811,3.8065
33,12.2,3.448,-0.6852,0.4268,3.5412
33,12.4,3.4185,-0.6265,0.3305,3.4911
33,12.6,3.1564,-0.2603,0.5208,3.2097
33,12.8,3.3731,-0.3486,0.279,3.4025
33,13.0,3.3204,-0.1948,0.0101,3.3261
33,13.2,3.2107,0.0986,-0.0153,3.2122
33,13.4,3.3719,-0.1959,0.1264,3.3799
33,13.6,3.0629,-0.3066,-0.0549,3.0787
33,13.8,2.8928,-0.2503,-0.1328,2.9066
33,14.0,2.8873,-0.319,-0.0339,2.905
33,14.2,3.0701,0.0174,-0.2978,3.0845
33,14.4,2.8167,0.002,-0.2799,2.8306
33,14.6,2.7336,0.1677,-0.4572,2.7767
33,14.8,2.5111,0.1192,-0.3255,2.5349
33,15.0,2.3725,0.1435,-0.2021,2.3855
33,15.2,2.543,0.2733,0.1353,2.5612
33,15.4,2.4603,0.0225,0.2774,2.476
33,15.6,2.4356,-0.0494,0.173,2.4423
33,15.8,2.4591,0.1252,0.1796,2.4688
33,16.0,2.6083,0.1869,-0.1315,2.6183
33,16.2,2.9003,-0.0567,0.0812,2.902
33,16.4,3.3426,-0.2852,0.0536,3.3552
33,16.6,3.2116,-0.2279,-0.0276,3.2198
33,16.8,3.2257,-0.1838,-0.4595,3.2635
33,17.0,3.0849,-0.0622,-0.044,3.0859
33,17.2,3.4287,-0.0363,0.0458,3.4292
33,17.4,3.2892,-0.2176,-0.2953,3.3096
33,17.6,2.9753,-0.5807,-0.2697,3.0434
33,17.8,3.2586,-0.3377,-0.3781,3.2978
33,18.0,3.4654,-0.3599,-0.5461,3.5266
33,18.2,3.6846,-0.1294,-0.3752,3.7059
33,18.4,3.8521,0.2368,-0.3927,3.8793
33,18.6,4.0009,0.2743,-0.1764,4.0142
33,18.8,4.1103,0.544,-0.36,4.1617
33,19.0,4.0707,0.5866,-0.0129,4.1128
33,19.2,3.5205,0.4568,-0.3164,3.564
33,19.4,3.5323,0.5511,-0.1591,3.5786
33,19.6,3.5439,0.4841,-0.0791,3.5777
33,19.8,3.1634,0.1693,-0.4529,3.2001
33,20.0,3.1218,-0.0013,-0.2978,3.136
33,20.2,3.168,-0.2808,-0.5648,3.2302
33,20.4,2.7702,-0.1327,-0.4727,2.8134
33,20.6,2.6097,-0.2503,-0.6727,2.7067
33,20.8,2.7258,-0.0463,-0.6626,2.8056
33,21.0,3.0167,0.1862,-0.7372,3.1111
33,21.2,3.0468,-0.154,-0.7596,3.1438
33,21.4,3.0807,-0.3757,-0.6632,3.1736
33,21.6,3.1391,-0.52,-0.5986,3.2377
33,21.8,3.1016,-0.471,-0.6269,3.1992
33,22.0,3.1555,0.0367,-0.5015,3.1954
33,22.2,3.1406,-0.1723,-0.3666,3.1667
33,22.4,3.0284,0.1133,-0.9478,3.1752
33,22.6,3.2086,0.0718,-1.4635,3.5273
33,22.8,3.1193,-0.0018,-1.4957,3.4593
33,23.0,3.1538,0.256,-0.9848,3.3139
33,23.2,2.928,0.6193,-0.6685,3.0666
33,23.4,2.9508,0.539,-0.7183,3.0845
33,23.6,3.3403,0.5978,-0.5691,3.4407
33,23.8,3.1465,0.5783,-0.3608,3.2195
34,0.0,2.9195,-0.1309,0.0319,2.9226
34,0.2,2.9954,0.1201,0.2279,3.0065
34,0.4,3.0423,0.2067,0.4213,3.0782
34,0.6,2.8443,0.3768,0.5762,2.9265
34,0.8,2.7704,-0.0397,0.6425,2.8442
34,1.0,3.2254,0.1202,0.7715,3.3186
34,1.2,3.3826,0.3868,1.0013,3.5488
34,1.4,3.6851,0.1833,1.0625,3.8396
34,1.6,3.4375,-0.2735,1.1808,3.6449
34,1.8,3.2356,-0.5662,0.7847,3.3772
34,2.0,3.4537,-0.7407,0.8576,3.6348
34,2.2,3.1518,-0.8748,0.6205,3.3293
34,2.4,3.1268,-0.4949,0.3619,3.1864
34,2.6,3.7117,-0.8359,0.3943,3.825
34,2.8,3.4646,-0.9089,0.5264,3.6203
34,3.0,3.2022,-0.9799,0.5154,3.3882
34,3.2,3.1631,-0.9012,0.7158,3.366
34,3.4,3.3253,-0.6193,0.7403,3.4626
34,3.6,3.3702,-0.5514,0.5741,3.4629
34,3.8,3.8473,-0.5398,0.2032,3.8903
34,4.0,3.8145,-0.5604,0.3404,3.8704
34,4.2,3.6245,-0.2823,0.1141,3.6373
34,4.4,3.3241,-0.4545,-0.0242,3.3551
34,4.6,3.2505,-0.2611,-0.12,3.2632
34,4.8,3.2403,-0.1328,0.0392,3.2432
34,5.0,3.2692,0.1557,0.1005,3.2745
34,5.2,3.0048,0.4273,0.0864,3.0363
34,5.4,2.7831,0.2192,-0.165,2.7966
34,5.6,2.482,0.1055,-0.1015,2.4864
34,5.8,2.1156,-0.0533,-0.4132,2.1562
34,6.0,2.3735,-0.4972,-0.2933,2.4427
34,6.2,2.4855,-0.3578,-0.0763,2.5122
34,6.4,2.271,-0.3466,-0.1264,2.3008
34,6.6,2.7131,-0.4522,-0.3401,2.7715
34,6.8,2.792,-0.5616,-0.6044,2.9113
34,7.0,2.6399,-1.0962,-0.5357,2.9082
34,7.2,2.5755,-0.8842,-0.1732,2.7285
34,7.4,2.5261,-0.7704,-0.2032,2.6488
34,7.6,2.5368,-0.6255,-0.2078,2.621
34,7.8,2.9369,-0.4463,-0.1706,2.9755
34,8.0,3.0688,-0.4604,-0.5948,3.1597
34,8.2,2.6627,-0.243,-0.5043,2.7209
34,8.4,2.9013,0.0986,-0.578,2.96
34,8.6,2.8074,-0.0796,-0.3061,2.8251
34,8.8,2.9442,-0.1012,-0.818,3.0574
34,9.0,3.1196,-0.1475,-0.4171,3.1509
34,9.2,3.0446,-0.3028,-0.3381,3.0783
34,9.4,3.2835,-0.212,-0.3201,3.3059
34,9.6,3.3414,-0.5586,-0.5406,3.4306
34,9.8,3.4722,-0.4117,-0.4357,3.5236
34,10.0,3.4949,-0.6842,-0.4045,3.5842
34,10.2,3.3839,-0.5123,-0.3627,3.4416
34,10.4,3.2825,-0.578,-0.4482,3.363
34,10.6,3.3011,-0.5051,-0.6346,3.3992
34,10.8,3.1342,-0.3156,-0.3157,3.1659
34,11.0,2.9362,-0.4567,-0.3776,2.9954
34,11.2,2.9812,-0.2145,-0.1232,2.9915
34,11.4,2.9264,-0.2283,-0.5653,2.9893
34,11.6,2.8568,-0.2285,-0.6389,2.9362
34,11.8,2.7365,-0.3675,-0.4575,2.7987
34,12.0,3.1546,-0.1298,-0.0883,3.1585
34,12.2,3.2714,-0.0307,-0.0731,3.2724
34,12.4,3.4121,0.0927,-0.0139,3.4133
34,12.6,3.7254,0.0804,0.0747,3.727
34,12.8,3.3688,-0.0634,-0.2275,3.377
34,13.0,3.4817,0.1757,-0.1133,3.488
34,13.2,3.3506,0.1149,-0.2171,3.3596
34,13.4,2.6037,-0.2114,0.2525,2.6245
34,13.6,2.5465,-0.0842,0.5729,2.6115
34,13.8,2.5025,-0.2158,0.6744,2.6007
34,14.0,2.3169,0.0374,0.5795,2.3885
34,14.2,2.643,-0.2441,0.2669,2.6676
34,14.4,2.5397,-0.0919,0.2935,2.5582
34,14.6,2.5261,-0.1812,0.4256,2.5681
34,14.8,2.6771,-0.25,0.6394,2.7637
34,15.0,2.6791,-0.0968,1.0543,2.8807
34,15.2,2.6741,-0.3984,1.1344,2.932
34,15.4,3.0383,-0.4174,1.0773,3.2505
34,15.6,3.1477,-0.9997,1.1114,3.4846
34,15.8,2.8908,-0.7441,1.3226,3.2649
34,16.0,2.7343,-0.7425,1.1709,3.0657
34,16.2,2.8271,-0.5878,1.0568,3.0749
34,16.4,2.8301,-0.4085,1.0892,3.0599
34,16.6,2.9887,-0.5938,0.8128,3.1537
34,16.8,3.125,-0.4666,0.6741,3.2307
34,17.0,3.3416,-0.1797,0.4411,3.3754
34,17.2,3.4019,-0.0753,0.5385,3.4451
34,17.4,3.4043,0.0281,0.3612,3.4235
34,17.6,3.2552,-0.3036,0.8246,3.3717
34,17.8,3.2433,0.0315,0.4593,3.2758
34,18.0,3.1173,0.0489,0.0068,3.1177
34,18.2,3.2009,0.0809,0.1008,3.2035
34,18.4,3.1957,0.0425,0.2461,3.2055
34,18.6,3.1217,0.2087,0.1521,3.1323
34,18.8,2.7326,0.0029,-0.1839,2.7388
34,19.0,2.4921,-0.1046,-0.4078,2.5275
34,19.2,2.6407,-0.0392,-0.3116,2.6594
34,19.4,2.6787,-0.2903,-0.4443,2.7308
34,19.6,2.9924,-0.5351,-0.2895,3.0536
34,19.8,3.0366,-0.4304,-0.382,3.0907
34,20.0,2.9944,-0.915,-0.5984,3.1878
34,20.2,2.8323,-0.4851,-0.5266,2.9214
34,20.4,2.7987,-0.6069,-0.3342,2.8832
34,20.6,3.0236,-0.4579,-0.161,3.0623
34,20.8,3.3076,-0.8446,-0.419,3.4393
34,21.0,3.3372,-0.8498,-0.6887,3.5118
34,21.2,3.2393,-1.0121,-0.7541,3.4765
34,21.4,3.2348,-1.0801,-0.8693,3.5194
34,21.6,3.284,-1.2646,-0.6257,3.5743
34,21.8,3.2608,-1.0631,-0.2314,3.4375
34,22.0,3.0409,-0.7812,0.2678,3.151
34,22.2,3.4506,-0.7531,0.1941,3.5371
34,22.4,3.3785,-0.976,0.1824,3.5214
34,22.6,3.3165,-0.7637,0.0616,3.4038
34,22.8,3.4504,-0.8467,0.1666,3.5566
34,23.0,3.3309,-0.8988,0.0254,3.4501
34,23.2,3.3125,-0.8863,0.1042,3.4306
34,23.4,3.2916,-0.9695,0.3477,3.449
34,23.6,3.4909,-1.1002,-0.0167,3.6602
34,23.8,3.1823,-0.6706,0.0442,3.2525
35,0.0,3.3064,0.3784,-0.1483,3.3313
35,0.2,3.2614,0.4705,-0.1284,3.2977
35,0.4,3.103,0.5526,-0.2915,3.1653
35,0.6,3.0054,0.8308,0.0815,3.1192
35,0.8,3.2284,0.835,0.211,3.3413
35,1.0,3.3981,0.7019,0.0667,3.4705
35,1.2,3.5967,0.8224,0.3979,3.711
35,1.4,3.5352,0.9506,-0.1306,3.6631
35,1.6,3.5691,1.0216,-0.5374,3.7511
35,1.8,3.7252,0.9921,-0.3618,3.872
35,2.0,3.5271,0.7319,-0.3741,3.6216
35,2.2,3.3577,0.7014,-0.2897,3.4424
35,2.4,3.2502,0.8364,-0.6369,3.416
35,2.6,3.497,0.7705,-0.5962,3.6302
35,2.8,3.5647,0.4174,-0.3887,3.61
35,3.0,3.6854,0.1788,-0.2803,3.7004
35,3.2,4.0788,-0.2355,-0.4704,4.1126
35,3.4,4.0332,0.2027,-0.401,4.0581
35,3.6,3.9899,0.2466,-0.7034,4.0589
35,3.8,3.9663,0.1111,-0.9459,4.079
35,4.0,3.6631,0.1768,-1.0066,3.803
35,4.2,3.9752,-0.1317,-1.0704,4.1189
35,4.4,4.1362,-0.441,-0.8892,4.2536
35,4.6,4.3507,-0.5561,-0.4512,4.4093
35,4.8,4.4333,-0.4544,-0.365,4.4714
35,5.0,4.2318,-0.2266,-0.2778,4.247
35,5.2,3.9355,-0.128,-0.4447,3.9626
35,5.4,3.7878,0.1845,-0.3806,3.8113
35,5.6,3.4504,-0.6135,-0.1582,3.5081
35,5.8,3.3511,-0.497,-0.2509,3.397
35,6.0,3.333,-0.7974,-0.1751,3.4315
35,6.2,3.4512,-1.0536,-0.2689,3.6185
35,6.4,3.7776,-1.1509,-0.1023,3.9503
35,6.6,4.0226,-1.2765,-0.1171,4.2219
35,6.8,4.0616,-1.2039,0.4394,4.259
35,7.0,4.1603,-1.1106,0.8791,4.3948
35,7.2,3.9626,-1.2468,0.7614,4.2233
35,7.4,4.1902,-0.9337,1.0424,4.4177
35,7.6,4.1111,-0.7921,0.8955,4.2814
35,7.8,4.0458,-0.7668,0.2986,4.1286
35,8.0,4.096,-0.2523,0.2359,4.1105
35,8.2,4.2382,-0.2334,0.7438,4.3093
35,8.4,4.2912,-0.3297,0.535,4.337
35,8.6,4.3731,-0.318,0.8382,4.4641
35,8.8,4.5241,-0.4061,0.8317,4.6178
35,9.0,4.6087,-0.6216,0.8757,4.7321
35,9.2,4.5404,-0.4867,0.4071,4.5845
35,9.4,4.3996,-0.3864,0.3796,4.4328
35,9.6,4.1466,0.0236,0.1981,4.1514
35,9.8,4.2513,0.2011,0.1942,4.2605
35,10.0,3.67,0.2991,0.2567,3.6911
35,10.2,4.0772,0.3242,-0.1219,4.0919
35,10.4,3.6506,0.1091,-0.4768,3.6833
35,10.6,3.9574,0.0834,-0.5172,3.992
35,10.8,4.0155,0.3703,-0.4948,4.0628
35,11.0,4.1797,0.5814,-0.3013,4.2307
35,11.2,3.6684,0.2477,-0.3469,3.6931
35,11.4,3.5994,0.2792,-0.0881,3.6113
35,11.6,3.5942,0.1891,-0.1042,3.6007
35,11.8,3.5904,0.0023,0.1175,3.5923
35,12.0,4.1433,-0.0251,0.2914,4.1536
35,12.2,4.0125,0.4117,0.1145,4.0352
35,12.4,3.8423,0.5793,0.0114,3.8857
35,12.6,3.9738,0.6171,-0.1963,4.0262
35,12.8,3.7789,0.5003,-0.3597,3.8288
35,13.0,3.8734,0.186,-0.0848,3.8787
35,13.2,3.7234,-0.1138,0.0821,3.726
35,13.4,3.8268,-0.3117,-0.046,3.8398
35,13.6,3.6772,-0.2648,0.0975,3.688
35,13.8,3.6386,-0.3158,0.2943,3.6641
35,14.0,3.4547,0.0302,0.3308,3.4707
35,14.2,3.5811,0.2201,0.2323,3.5953
35,14.4,3.2356,0.0966,-0.3739,3.2585
35,14.6,3.1393,0.1548,-0.7454,3.2302
35,14.8,3.188,-0.0477,-0.991,3.3388
35,15.0,3.0081,0.1068,-0.7194,3.0948
35,15.2,3.3767,0.1572,-0.8613,3.4884
35,15.4,3.2648,0.2819,-0.3671,3.2975
35,15.6,3.6026,0.2002,-0.7797,3.6914
35,15.8,3.4317,0.2034,-0.7428,3.5171
35,16.0,3.2715,0.4109,-0.4697,3.3305
35,16.2,3.3089,0.619,-0.4593,3.3975
35,16.4,3.0571,0.6792,-0.4827,3.1686
35,16.6,3.0376,0.4568,-0.7121,3.1532
35,16.8,3.152,0.4631,-0.4095,3.2121
35,17.0,3.0732,0.3432,-0.4867,3.1304
35,17.2,3.0712,0.2936,-0.4395,3.1163
35,17.4,3.4173,0.0812,-0.6816,3.4855
35,17.6,3.3693,-0.0301,-0.8734,3.4808
35,17.8,3.1988,-0.249,-0.8571,3.321
35,18.0,3.1469,-0.4213,-0.7341,3.2587
35,18.2,3.3446,-0.5357,-0.6343,3.4461
35,18.4,3.1822,-0.3754,-0.6208,3.2639
35,18.6,3.2585,-0.0955,-0.2178,3.2672
35,18.8,3.3638,-0.133,-0.3293,3.3825
35,19.0,3.2239,-0.296,-0.2203,3.245
35,19.2,3.1639,0.1122,-0.2381,3.1748
35,19.4,3.3686,0.2238,-0.0831,3.3771
35,19.6,2.9387,0.0954,-0.0668,2.941
35,19.8,2.9749,-0.1459,-0.0301,2.9786
35,20.0,3.0657,-0.1247,-0.1849,3.0738
35,20.2,3.2384,-0.3564,-0.0927,3.2592
35,20.4,3.4339,-0.0992,0.3195,3.4502
35,20.6,3.0968,-0.3665,-0.1388,3.1215
35,20.8,3.3632,-0.2017,0.0682,3.3699
35,21.0,3.3402,-0.0716,0.3398,3.3582
35,21.2,3.5808,-0.0937,0.0207,3.5821
35,21.4,3.4309,-0.2676,-0.0671,3.442
35,21.6,3.4644,0.1159,0.3747,3.4865
35,21.8,3.3303,0.1275,0.4459,3.3624
35,22.0,3.7172,0.4239,0.4084,3.7636
35,22.2,3.8833,0.5654,0.2998,3.9357
35,22.4,3.4983,0.325,0.0262,3.5134
35,22.6,3.5022,0.2899,-0.094,3.5155
35,22.8,3.4219,-0.0345,0.0318,3.4222
35,23.0,3.2181,0.5752,0.0169,3.2691
35,23.2,3.1709,0.3862,-0.3664,3.2152
35,23.4,3.1654,0.5188,-0.1339,3.2104
35,23.6,3.4578,0.0997,-0.0124,3.4593
35,23.8,3.6255,-0.0375,-0.4038,3.6481
36,0.0,2.9364,0.0572,0.0471,2.9374
36,0.2,3.0327,-0.0037,0.0766,3.0337
36,0.4,3.0706,-0.4266,0.2384,3.1093
36,0.6,3.0797,-0.7426,0.2165,3.1754
36,0.8,2.6221,-0.6146,0.2855,2.7083
36,1.0,2.2492,-0.4847,0.597,2.377
36,1.2,2.2673,-0.0372,0.4582,2.3134
36,1.4,2.3666,-0.6816,0.3874,2.4931
36,1.6,1.9915,-0.649,0.9057,2.282
36,1.8,1.9796,-0.7055,0.9095,2.2899
36,2.0,1.8733,-0.7245,0.8756,2.191
36,2.2,2.3131,-0.7814,0.6738,2.5328
36,2.4,2.968,-0.5027,0.9908,3.1691
36,2.6,3.1813,-0.4414,0.6746,3.2818
36,2.8,3.1832,-0.3264,0.6406,3.2633
36,3.0,3.1449,-0.1892,0.3641,3.1716
36,3.2,3.1692,-0.0009,0.2165,3.1765
36,3.4,3.1717,0.3042,0.0594,3.1868
36,3.6,2.8219,0.3894,-0.0584,2.8493
36,3.8,2.777,0.4884,-0.1169,2.822
36,4.0,2.7859,0.4077,-0.0907,2.817
36,4.2,2.8882,0.3149,-0.1013,2.9071
36,4.4,3.1456,0.0474,-0.2109,3.153
36,4.6,2.9976,0.417,-0.0959,3.028
36,4.8,3.0253,0.4687,0.0794,3.0625
36,5.0,3.2215,0.4074,0.1741,3.2519
36,5.2,3.2821,0.623,0.1485,3.344
36,5.4,3.1632,0.6973,0.0494,3.2395
36,5.6,3.228,0.2857,0.2653,3.2515
36,5.8,3.1963,0.4416,0.3889,3.25
36,6.0,2.9485,0.6301,-0.2486,3.0253
36,6.2,2.6401,0.5243,-0.266,2.7048
36,6.4,2.8273,0.431,-0.2259,2.8689
36,6.6,2.7406,-0.0103,-0.1144,2.743
36,6.8,2.7813,-0.5381,0.0786,2.8339
36,7.0,2.926,-0.6801,0.1435,3.0074
36,7.2,2.8534,-0.6192,0.461,2.956
36,7.4,3.0141,-0.4581,0.7841,3.148
36,7.6,3.2964,-0.3702,0.6473,3.3797
36,7.8,3.6828,-0.53,0.6442,3.7761
36,8.0,3.6254,-0.3722,0.774,3.7258
36,8.2,3.6253,-0.7048,0.5215,3.7298
36,8.4,3.7289,-0.6863,0.4418,3.8172
36,8.6,3.6121,-0.61,0.5758,3.7082
36,8.8,3.3792,-0.2204,0.4474,3.4158
36,9.0,3.2138,-0.2504,0.1884,3.229
36,9.2,3.3373,-0.1219,0.3269,3.3555
36,9.4,3.5981,0.0288,0.2896,3.6098
36,9.6,3.6549,0.241,-0.1305,3.6652
36,9.8,3.4834,0.0895,0.0308,3.4846
36,10.0,3.3656,0.1367,0.16,3.3722
36,10.2,3.4107,0.0132,0.1601,3.4145
36,10.4,3.4568,-0.2134,0.4222,3.489
36,10.6,3.5496,-0.6608,0.8695,3.7138
36,10.8,3.5394,-0.5142,0.991,3.7113
36,11.0,3.3143,-0.5987,0.8664,3.4775
36,11.2,3.518,-0.8816,0.7701,3.7076
36,11.4,3.5207,-0.7484,0.5395,3.6396
36,11.6,3.5313,-0.7306,0.5587,3.6492
36,11.8,3.5286,-0.5799,0.4442,3.6034
36,12.0,3.0472,-0.6676,0.1367,3.1224
36,12.2,3.2168,-0.7827,0.1403,3.3136
36,12.4,3.5475,-0.7115,-0.1421,3.621
36,12.6,3.5469,-0.9082,-0.1832,3.6659
36,12.8,3.392,-0.8985,-0.6093,3.5615
36,13.0,3.2394,-0.6805,-0.7534,3.3948
36,13.2,3.5368,-0.6582,-0.4627,3.6271
36,13.4,3.3075,-0.5011,-0.117,3.3473
36,13.6,3.4462,-0.3831,-0.2052,3.4735
36,13.8,2.9729,-0.3888,-0.2195,3.0063
36,14.0,3.2889,-0.2224,-0.1587,3.3002
36,14.2,3.5538,-0.2782,0.042,3.5649
36,14.4,3.4389,-0.2721,-0.1209,3.4518
36,14.6,3.2942,-0.4143,0.0337,3.3203
36,14.8,3.3442,-0.3713,0.2278,3.3725
36,15.0,3.5445,-0.2386,-0.341,3.5688
36,15.2,3.6252,-0.5225,-0.2909,3.6742
36,15.4,3.694,-0.5711,-0.201,3.7432
36,15.6,3.7058,-0.6381,-0.2632,3.7695
36,15.8,3.5452,-0.3167,-0.3219,3.5738
36,16.0,3.204,-0.3075,-0.433,3.2477
36,16.2,3.4361,-0.4429,-0.0891,3.4657
36,16.4,3.4459,-0.5543,0.1834,3.495
36,16.6,3.5002,-0.2322,0.1243,3.5101
36,16.8,3.6119,-0.4676,0.4059,3.6646
36,17.0,3.8318,-0.4483,0.1964,3.8629
36,17.2,3.9991,-0.4847,0.0476,4.0286
36,17.4,3.7271,-0.2566,0.1024,3.7374
36,17.6,3.6289,-0.051,0.3833,3.6494
36,17.8,3.6868,0.0638,0.4727,3.7175
36,18.0,3.8101,0.4043,0.5867,3.8761
36,18.2,3.8391,0.3882,0.6973,3.9212
36,18.4,4.3326,0.4471,0.437,4.3775
36,18.6,4.1426,0.2385,0.2392,4.1564
36,18.8,4.2241,0.1057,0.7868,4.298
36,19.0,3.6757,-0.1829,0.7489,3.7557
36,19.2,3.1427,-0.206,0.8243,3.2555
36,19.4,2.8835,0.2086,0.6325,2.9594
36,19.6,3.0403,0.0826,0.4185,3.0701
36,19.8,3.0945,0.2387,-0.0319,3.1039
36,20.0,3.3307,0.4422,-0.1917,3.3653
36,20.2,3.6181,0.704,-0.6409,3.7413
36,20.4,3.5855,0.5671,-0.421,3.6544
36,20.6,3.4034,0.6944,-0.2331,3.4814
36,20.8,3.6517,0.3625,0.0638,3.6702
36,21.0,3.5661,0.3863,0.0226,3.587
36,21.2,3.6843,0.1814,-0.0123,3.6888
36,21.4,3.5433,0.5239,-0.1516,3.585
36,21.6,3.5503,0.6104,-0.4159,3.6263
36,21.8,3.6291,0.5515,-0.0908,3.6719
36,22.0,3.606,0.666,0.1727,3.671
36,22.2,3.9527,0.6911,0.0083,4.0127
36,22.4,3.503,0.9671,-0.0019,3.634
36,22.6,3.1578,0.8137,-0.1385,3.2638
36,22.8,3.0599,0.7312,0.0646,3.1467
36,23.0,3.1873,0.6942,-0.0452,3.2624
36,23.2,3.3109,0.6141,-0.1429,3.3704
36,23.4,3.0667,0.5953,-0.0137,3.1239
36,23.6,3.319,0.3799,0.1889,3.346
36,23.8,3.4712,0.3489,0.5661,3.5343
37,0.0,3.0554,-0.0812,-0.0975,3.058
37,0.2,3.1385,0.0133,-0.5187,3.1811
37,0.4,3.2351,0.2437,-0.202,3.2506
37,0.6,3.1988,0.3817,-0.4103,3.2476
37,0.8,3.5871,0.252,-0.3451,3.6124
37,1.0,3.5047,0.2122,-0.2064,3.5172
37,1.2,3.4965,0.3954,-0.586,3.5672
37,1.4,3.1904,0.6017,-0.514,3.2871
37,1.6,3.0532,0.4413,-0.1717,3.0897
37,1.8,2.9834,0.1515,-0.0769,2.9883
37,2.0,3.2301,0.175,-0.0611,3.2354
37,2.2,2.7506,0.0403,-0.0908,2.7524
37,2.4,2.99,0.0749,-0.6871,3.0689
37,2.6,3.1641,-0.3164,-0.8033,3.2798
37,2.8,3.318,-0.1527,-1.035,3.479
37,3.0,3.3167,-0.3768,-0.6392,3.3987
37,3.2,3.2078,-0.3001,-0.3732,3.2434
37,3.4,2.989,-0.3991,-0.3507,3.0359
37,3.6,3.0595,-0.2909,-0.2895,3.0869
37,3.8,2.5482,0.0564,-0.3224,2.5691
37,4.0,2.2595,0.3585,-0.2188,2.2982
37,4.2,2.1082,0.6369,0.0315,2.2025
37,4.4,2.4422,0.3055,0.4025,2.494
37,4.6,2.7552,-0.1149,0.4103,2.788
37,4.8,2.8571,0.0548,0.0307,2.8578
37,5.0,3.3839,0.0784,-0.0169,3.3848
37,5.2,3.3814,0.2264,-0.0093,3.389
37,5.4,2.9842,0.3535,-0.199,3.0116
37,5.6,3.088,0.5759,0.1218,3.1436
37,5.8,2.4419,0.9383,0.4485,2.6541
37,6.0,2.7915,0.8773,0.6724,3.0023
37,6.2,2.7519,0.6357,0.5662,2.8805
37,6.4,3.2712,0.8117,0.7234,3.4471
37,6.6,3.2482,1.1124,0.7996,3.5253
37,6.8,3.3279,1.1527,1.049,3.6747
37,7.0,3.3614,1.1363,0.8525,3.6492
37,7.2,3.037,1.0109,0.8358,3.3081
37,7.4,2.7682,0.8017,0.3751,2.9062
37,7.6,3.1504,1.1774,-0.1039,3.3648
37,7.8,2.758,0.8476,-0.0983,2.887
37,8.0,2.8102,0.7787,-0.048,2.9165
37,8.2,3.0785,1.1246,-0.2418,3.2864
37,8.4,2.7622,0.7836,-0.2973,2.8865
37,8.6,2.4806,0.4555,-0.1082,2.5244
37,8.8,2.4537,0.4027,-0.1425,2.4906
37,9.0,2.3395,0.4783,-0.1494,2.3926
37,9.2,2.1825,0.4392,0.059,2.227
37,9.4,2.1996,0.6038,0.4693,2.3287
37,9.6,2.3305,0.6801,0.3425,2.4517
37,9.8,2.4937,0.6426,0.2614,2.5884
37,10.0,2.7307,0.511,0.3746,2.8032
37,10.2,2.5278,0.723,0.3658,2.6544
37,10.4,2.3243,0.5709,0.2871,2.4106
37,10.6,2.2047,0.0689,0.12,2.209
37,10.8,2.2052,0.0503,0.5264,2.2678
37,11.0,2.1305,-0.2736,0.3835,2.182
37,11.2,1.898,-0.072,-0.125,1.9035
37,11.4,1.9097,-0.1539,0.0888,1.9179
37,11.6,2.0135,-0.4455,-0.0124,2.0622
37,11.8,2.4899,0.1325,0.1988,2.5013
37,12.0,2.4003,0.1151,0.3429,2.4274
37,12.2,2.7665,0.468,0.538,2.857
37,12.4,2.875,0.8373,0.4024,3.0213
37,12.6,2.8261,0.9975,0.3067,3.0126
37,12.8,2.999,0.6044,-0.2427,3.0689
37,13.0,3.048,0.0175,-0.5371,3.095
37,13.2,2.9886,-0.0033,-0.542,3.0373
37,13.4,2.7061,-0.0462,-0.8349,2.8324
37,13.6,2.8885,0.0981,-0.6228,2.9565
37,13.8,2.8581,-0.3126,-0.7768,2.9783
37,14.0,2.8739,-0.4738,-0.3748,2.9367
37,14.2,2.7576,-0.3921,-0.5948,2.8481
37,14.4,2.6265,-0.3504,-0.2431,2.6609
37,14.6,2.3301,-0.42,-0.232,2.379
37,14.8,2.2711,-0.373,-0.311,2.3225
37,15.0,2.1615,-0.102,-0.0084,2.1639
37,15.2,2.7458,0.1422,-0.1866,2.7558
37,15.4,2.5839,0.4564,-0.2518,2.636
37,15.6,2.396,0.3819,-0.5703,2.4924
37,15.8,2.4604,-0.1245,-0.6153,2.5392
37,16.0,2.6924,-0.2964,-0.5652,2.767
37,16.2,2.9867,-0.3119,-0.4353,3.0343
37,16.4,2.8757,-0.2597,-0.3746,2.9116
37,16.6,2.8743,-0.4058,-0.2812,2.9164
37,16.8,2.4938,-0.3603,0.0722,2.5207
37,17.0,2.5338,-0.6869,0.2781,2.6399
37,17.2,2.3882,-0.6979,0.3087,2.5072
37,17.4,2.521,-0.5868,0.2871,2.6043
37,17.6,2.4288,-0.5403,0.5234,2.5426
37,17.8,2.9174,-0.4266,0.5908,3.007
37,18.0,2.5137,-0.5367,0.3432,2.5932
37,18.2,2.4173,-0.8451,0.4268,2.5961
37,18.4,2.3742,-1.0173,0.2923,2.5994
37,18.6,2.4644,-1.0592,0.1509,2.6867
37,18.8,2.4836,-0.9544,0.1753,2.6664
37,19.0,2.4112,-0.5876,-0.0942,2.4835
37,19.2,2.7031,-0.5323,0.0003,2.7551
37,19.4,2.7296,-0.2565,0.2733,2.7553
37,19.6,2.9808,-0.2098,0.4142,3.0168
37,19.8,3.1108,-0.0479,0.573,3.1635
37,20.0,3.2709,-0.2763,0.6229,3.3411
37,20.2,3.4613,-0.1649,0.8847,3.5764
37,20.4,3.7454,0.1083,0.7699,3.8252
37,20.6,3.6068,0.0982,0.8981,3.7182
37,20.8,3.8071,0.366,0.6168,3.874
37,21.0,3.4341,0.0913,0.7418,3.5145
37,21.2,3.2374,0.2147,1.013,3.3989
37,21.4,3.1698,-0.2371,1.2322,3.4091
37,21.6,3.0135,-0.4801,1.1969,3.2778
37,21.8,3.2691,-0.4017,0.5591,3.3408
37,22.0,3.2071,-0.1345,0.5108,3.2503
37,22.2,2.6693,0.1352,0.6528,2.7513
37,22.4,2.6283,0.0698,0.8439,2.7613
37,22.6,2.4971,-0.0408,0.9457,2.6704
37,22.8,2.6008,-0.2282,0.9641,2.7831
37,23.0,2.3622,-0.0104,1.1719,2.637
37,23.2,2.6187,-0.2669,1.3415,2.9544
37,23.4,2.7986,-0.1326,1.5227,3.1888
37,23.6,2.7877,-0.1618,1.4987,3.1692
37,23.8,2.9356,-0.4367,1.2564,3.2228
38,0.0,2.995,-0.0273,-0.131,2.998
38,0.2,3.02,0.2001,-0.1637,3.0311
38,0.4,2.8449,0.0437,-0.3224,2.8635
38,0.6,2.4315,-0.0116,-0.2137,2.4409
38,0.8,2.6464,-0.5367,-0.4636,2.7398
38,1.0,2.5291,-0.66,-0.5882,2.6792
38,1.2,2.282,-0.526,-0.632,2.4256
38,1.4,2.2031,-0.4894,-0.3673,2.2865
38,1.6,2.1252,-0.4766,-0.632,2.2679
38,1.8,1.7123,-0.5827,-0.1743,1.8171
38,2.0,1.827,-0.2089,-0.2857,1.861
38,2.2,1.8276,-0.4712,-0.2339,1.9018
38,2.4,1.6111,-0.6834,-0.5486,1.8341
38,2.6,1.8865,-0.6438,-0.5574,2.0698
38,2.8,2.0734,-0.7017,-0.7137,2.3023
38,3.0,2.169,-0.9432,-0.5062,2.4188
38,3.2,1.909,-0.8395,-0.3614,2.1166
38,3.4,1.8109,-0.8803,-0.4907,2.0724
38,3.6,1.7446,-0.5214,-0.6369,1.929
38,3.8,2.1944,-0.672,-0.5591,2.3621
38,4.0,2.3077,-0.8847,-0.5072,2.523
38,4.2,2.3275,-0.7837,-0.0358,2.4562
38,4.4,2.2129,-1.049,0.1581,2.4541
38,4.6,2.298,-1.208,-0.0959,2.598
38,4.8,2.4585,-1.0213,-0.055,2.6628
38,5.0,2.7958,-0.8908,-0.1113,2.9364
38,5.2,2.8459,-0.9617,-0.1352,3.0071
38,5.4,2.6767,-0.9376,0.1922,2.8427
38,5.6,2.4711,-1.2216,-0.0704,2.7575
38,5.8,2.2821,-1.1803,0.143,2.5732
38,6.0,2.3254,-1.2053,0.2213,2.6286
38,6.2,2.2874,-0.9805,0.2306,2.4994
38,6.4,2.9337,-0.8879,-0.006,3.0651
38,6.6,2.6864,-0.7425,0.3167,2.8051
38,6.8,2.9491,-0.9359,0.3155,3.1101
38,7.0,2.8748,-0.8172,0.0448,2.989
38,7.2,3.0654,-1.0975,0.0317,3.256
38,7.4,2.9226,-1.0385,-0.0345,3.1018
38,7.6,2.9063,-0.6122,-0.1589,2.9743
38,7.8,2.9806,-0.7898,-0.4417,3.115
38,8.0,2.7265,-0.961,-0.3486,2.9118
38,8.2,2.9081,-0.2089,-0.3501,2.9365
38,8.4,2.6944,-0.0967,-0.5828,2.7584
38,8.6,2.8126,-0.4629,-0.11,2.8526
38,8.8,2.772,-0.4057,-0.107,2.8036
38,9.0,2.7893,-0.6161,-0.0791,2.8577
38,9.2,2.6995,-0.1667,0.383,2.7316
38,9.4,2.6424,-0.0423,0.0685,2.6437
38,9.6,2.7397,0.0176,0.0331,2.74
38,9.8,2.7596,-0.1453,-0.0127,2.7634
38,10.0,2.5344,-0.0027,-0.2244,2.5443
38,10.2,2.6049,0.2538,-0.2554,2.6297
38,10.4,2.8123,0.0234,-0.4908,2.8549
38,10.6,2.5098,-0.2674,-0.3829,2.5529
38,10.8,2.4646,-0.3533,-0.4387,2.5281
38,11.0,2.326,-0.4308,-0.4889,2.4155
38,11.2,2.5758,-0.2647,-0.3401,2.6116
38,11.4,2.7807,-0.1725,-0.1631,2.7908
38,11.6,2.9706,0.1358,-0.2677,2.9858
38,11.8,3.3512,0.3459,-0.1434,3.3721
38,12.0,3.0803,0.4074,-0.2084,3.1141
38,12.2,2.9749,0.3087,-0.2963,3.0055
38,12.4,2.9386,0.0053,0.0095,2.9386
38,12.6,2.8457,-0.2675,0.3283,2.8771
38,12.8,2.5255,-0.3905,0.1786,2.5618
38,13.0,2.2046,-0.7569,0.4625,2.3763
38,13.2,2.2473,-0.2445,0.5386,2.3238
38,13.4,2.6021,-0.0981,0.1946,2.6112
38,13.6,2.8627,-0.2979,0.3314,2.8971
38,13.8,2.7262,-0.0082,-0.1361,2.7296
38,14.0,2.8807,0.1467,0.0437,2.8848
38,14.2,2.8037,0.3175,-0.0695,2.8225
38,14.4,3.0297,0.2856,-0.0027,3.0432
38,14.6,3.0321,0.1858,-0.2061,3.0447
38,14.8,3.21,0.3774,-0.2432,3.2413
38,15.0,3.1514,0.4313,-0.4385,3.2108
38,15.2,3.2947,0.402,-0.6301,3.3784
38,15.4,2.8643,0.4005,-0.3099,2.9088
38,15.6,3.0753,0.1452,-0.4806,3.116
38,15.8,3.1947,0.3203,-0.4886,3.2477
38,16.0,3.1583,0.3414,-0.3838,3.1998
38,16.2,3.1349,0.1592,-0.298,3.1531
38,16.4,3.2367,0.4472,-0.3523,3.2864
38,16.6,3.1705,0.4662,-0.1588,3.2085
38,16.8,3.4494,0.5414,-0.1353,3.4942
38,17.0,3.5199,0.2927,0.0698,3.5328
38,17.2,3.8711,0.6514,-0.0828,3.9264
38,17.4,3.6737,0.68,0.3309,3.7507
38,17.6,3.6029,0.5596,-0.0342,3.6463
38,17.8,3.6157,0.625,0.2229,3.6761
38,18.0,3.881,0.7185,0.5081,3.9795
38,18.2,3.7966,0.7889,0.7777,3.9549
38,18.4,3.9273,0.8194,0.8504,4.101
38,18.6,3.7728,0.7118,0.7018,3.9029
38,18.8,3.7919,0.4399,0.1213,3.8193
38,19.0,3.6631,0.2267,0.0522,3.6705
38,19.2,3.7426,-0.2568,0.3977,3.7724
38,19.4,3.8184,-0.4265,0.3591,3.8589
38,19.6,4.0779,-0.7405,0.1247,4.1465
38,19.8,3.8414,-1.0159,-0.0223,3.9735
38,20.0,3.6497,-1.1909,-0.3056,3.8512
38,20.2,3.2539,-1.2062,-0.0878,3.4714
38,20.4,3.139,-1.0467,0.1638,3.313
38,20.6,3.3139,-0.6572,-0.3098,3.3926
38,20.8,3.2939,-0.5414,-0.1059,3.3398
38,21.0,3.2864,-0.2639,-0.287,3.3094
38,21.2,2.8818,-0.4207,-0.4305,2.944
38,21.4,2.8371,-0.1813,-0.0351,2.8431
38,21.6,2.7743,-0.1287,0.0715,2.7782
38,21.8,2.2177,-0.2541,-0.0755,2.2334
38,22.0,2.1286,0.063,0.0896,2.1314
38,22.2,2.4071,-0.0564,0.2223,2.418
38,22.4,2.6522,0.0138,0.6105,2.7216
38,22.6,2.857,0.0348,0.4395,2.8908
38,22.8,3.1091,-0.0405,0.5795,3.1629
38,23.0,3.3121,0.337,0.3784,3.3506
38,23.2,3.4928,0.4277,0.2529,3.528
38,23.4,3.4633,0.3894,-0.3739,3.5051
38,23.6,2.9595,0.2092,-0.4495,3.0007
38,23.8,3.1719,0.3106,-0.3255,3.2036
39,0.0,3.0209,0.0577,-0.2219,3.0296
39,0.2,2.6776,-0.1797,-0.0046,2.6837
39,0.4,2.718,-0.3452,0.0604,2.7405
39,0.6,2.6802,-0.4813,0.1792,2.729
39,0.8,2.7295,-0.4273,0.1751,2.7683
39,1.0,3.0198,-0.2021,0.5822,3.082
39,1.2,3.1222,0.1055,0.7359,3.2095
39,1.4,3.322,-0.3115,0.4031,3.3608
39,1.6,3.5744,-0.6049,0.4025,3.6475
39,1.8,3.7673,-0.8,0.6309,3.9027
39,2.0,3.6852,-0.751,0.7642,3.8378
39,2.2,3.5921,-0.4753,0.5058,3.6586
39,2.4,3.7699,-0.0375,0.1454,3.7729
39,2.6,4.0027,-0.0183,-0.222,4.0089
39,2.8,4.0376,-0.0081,-0.3236,4.0505
39,3.0,3.8541,-0.031,-0.2799,3.8644
39,3.2,3.8017,-0.0716,-0.7229,3.8705
39,3.4,3.5476,-0.2429,-0.6019,3.6065
39,3.6,3.5503,-0.1431,-0.5043,3.5888
39,3.8,3.5896,-0.2725,-0.8657,3.7025
39,4.0,3.4835,-0.1634,-1.2771,3.7138
39,4.2,3.4756,-0.1696,-1.3297,3.7252
39,4.4,3.3572,0.0831,-0.9963,3.5029
39,4.6,3.3035,-0.1788,-1.3011,3.555
39,4.8,3.3682,-0.6087,-1.2083,3.6298
39,5.0,3.4932,-0.4614,-1.3615,3.7775
39,5.2,3.5688,-0.0161,-1.2197,3.7715
39,5.4,3.4198,-0.2067,-0.8291,3.5249
39,5.6,3.4161,-0.2601,-0.2994,3.439
39,5.8,3.2858,-0.3578,-0.398,3.3291
39,6.0,3.2868,-0.1623,-0.2512,3.3004
39,6.2,3.5765,-0.3023,-0.0831,3.5902
39,6.4,3.5904,-0.4395,0.2068,3.6231
39,6.6,3.5116,-0.3011,0.0962,3.5258
39,6.8,2.9186,-0.4447,0.1377,2.9555
39,7.0,2.6524,-0.4051,0.0285,2.6833
39,7.2,2.6,-0.253,-0.0028,2.6123
39,7.4,2.6377,-0.3508,-0.1055,2.663
39,7.6,2.4986,-0.2869,0.1333,2.5186
39,7.8,2.1412,-0.6199,0.3528,2.2569
39,8.0,2.2563,-0.3573,0.0344,2.2847
39,8.2,2.4747,-0.2638,-0.2292,2.4992
39,8.4,2.8161,-0.1202,-0.1499,2.8226
39,8.6,2.9067,0.0296,-0.2053,2.9141
39,8.8,2.7615,0.0005,-0.3976,2.7899
39,9.0,3.0085,-0.2324,-0.4444,3.05
39,9.2,3.0301,-0.3216,-0.4083,3.0744
39,9.4,3.0011,0.0142,-0.2269,3.0097
39,9.6,3.0919,-0.0732,-0.0525,3.0932
39,9.8,2.8875,-0.3315,-0.1363,2.9097
39,10.0,2.9622,-0.2982,0.1471,2.9808
39,10.2,2.6205,-0.6278,0.3839,2.7219
39,10.4,2.6213,-0.9381,0.1856,2.7903
39,10.6,3.2176,-0.889,0.2485,3.3474
39,10.8,3.2471,-0.7032,0.2824,3.3343
39,11.0,3.0289,-0.4928,0.1996,3.0752
39,11.2,3.2303,-0.3311,0.0769,3.2481
39,11.4,3.3696,-0.6645,0.0809,3.4354
39,11.6,3.4584,-0.5274,0.1769,3.5029
39,11.8,3.0477,-0.2184,0.249,3.0656
39,12.0,2.9212,-0.4563,0.1575,2.9608
39,12.2,3.245,-0.2607,0.0802,3.2565
39,12.4,3.1291,-0.3835,0.1848,3.1579
39,12.6,2.94,-0.4775,0.1666,2.9832
39,12.8,2.7862,-0.5685,-0.0204,2.8437
39,13.0,2.9322,-0.8454,-0.0451,3.052
39,13.2,2.8403,-0.615,-0.0157,2.9062
39,13.4,2.7665,-0.9497,-0.1019,2.9267
39,13.6,2.762,-0.7526,0.1488,2.8665
39,13.8,2.7385,-0.9792,0.3232,2.9262
39,14.0,2.6012,-0.9444,0.4593,2.8052
39,14.2,2.5461,-1.1927,-0.056,2.8122
39,14.4,2.4082,-0.9085,0.0368,2.5741
39,14.6,2.8217,-0.9692,0.3503,3.004
39,14.8,2.7363,-0.748,0.3094,2.8535
39,15.0,3.1559,-0.8524,0.1611,3.2729
39,15.2,3.4484,-0.6016,0.3761,3.5206
39,15.4,3.1133,-0.7454,0.422,3.229
39,15.6,3.1039,-0.4418,0.863,3.2518
39,15.8,3.1992,-0.5918,1.0322,3.4133
39,16.0,3.4785,-0.1939,0.7222,3.558
39,16.2,3.3618,-0.1514,0.4357,3.3933
39,16.4,3.0896,-0.1854,0.6441,3.1615
39,16.6,2.8531,-0.2775,0.5102,2.9116
39,16.8,2.8992,-0.2481,0.541,2.9597
39,17.0,2.9189,-0.2584,0.5666,2.9846
39,17.2,2.8189,0.0485,0.1702,2.8244
39,17.4,2.8704,0.3645,-0.0782,2.8945
39,17.6,2.7836,0.2721,-0.3878,2.8237
39,17.8,2.4527,0.1183,-0.575,2.522
39,18.0,2.2988,0.0977,-0.3442,2.3265
39,18.2,2.323,0.0996,0.0021,2.3251
39,18.4,2.5402,0.1988,0.04,2.5483
39,18.6,2.4329,-0.0027,-0.0497,2.4334
39,18.8,2.6967,-0.0012,0.3766,2.7229
39,19.0,2.9137,-0.0136,0.375,2.9378
39,19.2,2.9781,-0.0713,0.5697,3.0329
39,19.4,3.11,0.0134,0.7076,3.1895
39,19.6,3.0658,0.3441,0.7562,3.1764
39,19.8,2.7965,0.5596,0.7058,2.938
39,20.0,2.8755,0.8191,0.2652,3.0016
39,20.2,3.1136,0.732,0.0307,3.1987
39,20.4,3.2213,1.1366,-0.2256,3.4234
39,20.6,2.96,1.1738,-0.6763,3.2553
39,20.8,2.8314,0.6457,-0.6826,2.9832
39,21.0,2.6684,0.3774,-0.7489,2.797
39,21.2,2.6096,0.2097,-0.741,2.7208
39,21.4,2.7102,0.1812,-0.6988,2.8047
39,21.6,2.9994,-0.1,-0.6587,3.0725
39,21.8,3.4545,-0.4956,-0.2762,3.5008
39,22.0,3.1683,-0.5335,-0.0074,3.2129
39,22.2,3.278,-0.7561,0.3737,3.3848
39,22.4,3.0586,-0.9949,0.3054,3.2308
39,22.6,3.1035,-1.1765,0.5592,3.3658
39,22.8,2.752,-1.2629,0.5896,3.0848
39,23.0,2.6152,-1.5027,0.4468,3.0491
39,23.2,2.5595,-1.3316,0.5523,2.9375
39,23.4,2.5625,-0.9307,0.7498,2.8275
39,23.6,2.7658,-0.8647,0.522,2.9445
39,23.8,2.5889,-0.8672,0.0728,2.7313
40,0.0,2.9084,-0.2955,-0.0019,2.9233
40,0.2,3.0463,-0.2903,-0.2213,3.0681
40,0.4,3.1421,-0.3654,-0.1167,3.1654
40,0.6,3.3617,-0.4219,-0.082,3.3891
40,0.8,3.2419,-0.7413,-0.3498,3.3439
40,1.0,3.1621,-0.9368,-0.2154,3.305
40,1.2,3.2784,-0.7609,-0.4492,3.3953
40,1.4,3.3947,-0.7534,-0.2391,3.4855
40,1.6,3.4255,-0.414,-0.2949,3.463
40,1.8,3.224,-0.4238,-0.4947,3.2892
40,2.0,3.052,-0.9455,-0.5066,3.2351
40,2.2,3.026,-0.936,-0.567,3.2178
40,2.4,2.989,-0.7566,-0.3678,3.1052
40,2.6,3.0254,-0.5495,-0.4549,3.1084
40,2.8,2.9778,-0.3902,-0.476,3.0407
40,3.0,3.2464,-0.127,0.0089,3.2489
40,3.2,3.6128,-0.0673,0.0821,3.6144
40,3.4,3.0944,-0.16,0.1197,3.1008
40,3.6,3.2835,0.1442,-0.0334,3.2868
40,3.8,3.5082,0.4109,-0.0127,3.5322
40,4.0,3.7104,0.4176,-0.3597,3.7511
40,4.2,3.5354,0.5896,-0.1388,3.5869
40,4.4,3.7908,0.8082,0.2595,3.8846
40,4.6,3.7044,1.0093,0.2611,3.8483
40,4.8,3.8062,1.2224,0.3899,4.0166
40,5.0,3.4687,1.1799,0.3956,3.6852
40,5.2,3.5395,0.8662,0.2314,3.6513
40,5.4,3.239,0.5752,0.2915,3.3026
40,5.6,3.1235,0.4187,0.5099,3.1924
40,5.8,3.2898,0.2902,0.5479,3.3477
40,6.0,3.0854,0.2247,0.5852,3.1484
40,6.2,3.3635,0.5512,0.5281,3.449
40,6.4,3.3193,0.5763,0.586,3.4195
40,6.6,3.3208,0.8819,0.7438,3.5155
40,6.8,3.3183,0.9141,0.8263,3.5397
40,7.0,3.4645,1.0012,0.611,3.6577
40,7.2,3.3044,1.0624,0.5599,3.5158
40,7.4,3.2403,0.9182,0.4696,3.4004
40,7.6,2.8621,0.7036,-0.1867,2.9532
40,7.8,2.945,0.2475,-0.0373,2.9556
40,8.0,3.2179,-0.0963,0.1032,3.221
40,8.2,3.1402,0.1161,-0.2672,3.1537
40,8.4,2.9115,0.2949,0.0507,2.9269
40,8.6,3.3787,0.4613,-0.0145,3.4101
40,8.8,3.2634,0.1859,-0.2227,3.2762
40,9.0,3.5421,-0.0996,0.1047,3.5451
40,9.2,3.7384,0.0284,-0.0014,3.7385
40,9.4,3.639,-0.153,-0.3904,3.6631
40,9.6,3.7562,0.0914,-0.6664,3.816
40,9.8,3.8934,0.0308,-0.5633,3.9341
40,10.0,3.9261,-0.3532,-0.6348,3.9927
40,10.2,3.5067,-0.5136,-0.8961,3.6556
40,10.4,3.9489,-0.0822,-0.802,4.0304
40,10.6,3.8519,0.0235,-1.1021,4.0066
40,10.8,3.5948,0.3242,-0.7431,3.6851
40,11.0,3.7063,0.36,-0.3892,3.744
40,11.2,3.9068,0.5432,0.0275,3.9445
40,11.4,4.567,0.5417,0.0139,4.599
40,11.6,4.4013,0.6545,0.4186,4.4694
40,11.8,4.2447,0.74,0.2979,4.319
40,12.0,4.3549,0.476,0.3358,4.3937
40,12.2,4.39,0.3155,0.4663,4.426
40,12.4,4.2844,0.3218,0.4864,4.3239
40,12.6,4.1434,0.5563,0.614,4.2254
40,12.8,4.1053,0.4472,0.3687,4.146
40,13.0,4.0794,0.2283,0.0341,4.086
40,13.2,4.0968,0.1648,-0.092,4.1012
40,13.4,3.6998,0.0396,-0.5936,3.7473
40,13.6,3.6129,0.2691,-0.6189,3.6754
40,13.8,3.5977,0.2364,-0.559,3.6485
40,14.0,3.5315,0.4532,-0.1978,3.5659
40,14.2,3.6792,0.6327,-0.2381,3.7408
40,14.4,3.5882,0.6765,-0.2006,3.6569
40,14.6,3.8003,0.5437,0.0572,3.8394
40,14.8,3.5041,0.2446,0.1338,3.5152
40,15.0,3.566,0.4819,0.3595,3.6163
40,15.2,3.137,0.8436,0.1032,3.2501
40,15.4,3.2882,0.9268,-0.1078,3.418
40,15.6,3.4542,0.8787,0.2847,3.5756
40,15.8,3.6199,0.5176,0.0534,3.6572
40,16.0,3.8366,0.0621,0.1893,3.8417
40,16.2,4.1225,0.168,0.3531,4.141
40,16.4,4.2334,0.1457,0.2307,4.2422
40,16.6,4.268,-0.1343,0.1491,4.2727
40,16.8,3.8161,-0.0189,0.1764,3.8202
40,17.0,3.8953,0.109,-0.0389,3.897
40,17.2,3.7398,0.2548,0.2396,3.7561
40,17.4,3.7329,0.4131,0.4455,3.782
40,17.6,3.9243,0.4968,0.7292,4.0223
40,17.8,3.5888,0.5263,0.6716,3.6889
40,18.0,3.6141,0.386,0.743,3.7098
40,18.2,3.6908,-0.0219,0.4652,3.7201
40,18.4,3.6734,-0.1754,0.7781,3.759
40,18.6,3.5595,-0.1739,0.7689,3.6457
40,18.8,3.5347,-0.2461,0.5361,3.5836
40,19.0,3.2879,0.2014,0.6509,3.3577
40,19.2,3.4524,-0.1998,0.4636,3.4891
40,19.4,3.4869,0.3335,0.4374,3.53
40,19.6,3.3642,0.6685,0.3584,3.4487
40,19.8,3.2499,0.5169,0.7065,3.3657
40,20.0,3.3518,0.068,0.5691,3.4005
40,20.2,3.5361,-0.2561,0.8087,3.6365
40,20.4,3.7199,-0.611,0.5724,3.813
40,20.6,3.8374,-0.2883,0.3888,3.8678
40,20.8,3.8547,-0.2248,0.1039,3.8626
40,21.0,4.0816,-0.1159,0.1221,4.0851
40,21.2,4.1511,0.1605,0.3098,4.1658
40,21.4,4.4875,-0.2685,0.088,4.4963
40,21.6,4.4901,0.1013,-0.0148,4.4912
40,21.8,4.5051,0.0949,-0.0853,4.5069
40,22.0,4.3055,-0.0039,-0.326,4.3178
40,22.2,4.1039,0.0895,-0.4345,4.1278
40,22.4,4.1446,-0.1217,-0.5323,4.1804
40,22.6,4.1862,-0.2109,-0.8852,4.284
40,22.8,3.9047,0.0484,-0.6281,3.9552
40,23.0,3.9696,-0.0501,-0.6753,4.027
40,23.2,3.8483,-0.0952,-0.4697,3.878
40,23.4,3.8962,-0.189,-0.6043,3.9473
40,23.6,3.9527,0.0804,-0.7164,4.018
40,23.8,3.3907,-0.0928,-0.698,3.4631
41,0.0,3.0042,-0.067,-0.0073,3.0049
41,0.2,3.3622,0.0107,-0.0812,3.3632
41,0.4,3.2293,0.5282,0.3513,3.291
41,0.6,3.0412,0.6935,0.3475,3.1386
41,0.8,3.3026,0.5796,0.3164,3.368
41,1.0,3.7675,0.6669,0.3246,3.8398
41,1.2,3.7866,0.6859,0.302,3.86
41,1.4,3.6069,0.0967,0.0453,3.6085
41,1.6,3.1515,0.1605,-0.1287,3.1582
41,1.8,3.4858,0.3017,0.0265,3.4989
41,2.0,3.6086,0.0954,0.1624,3.6135
41,2.2,3.5121,-0.0279,0.0716,3.5129
41,2.4,3.3281,0.1497,0.1064,3.3331
41,2.6,2.9953,0.2653,0.1334,3.01
41,2.8,2.8304,0.2554,0.1241,2.8446
41,3.0,2.9754,0.2607,0.1347,2.9898
41,3.2,3.0481,0.1811,0.0512,3.0539
41,3.4,2.992,0.3582,0.2755,3.026
41,3.6,3.3334,0.1713,0.1319,3.3404
41,3.8,3.1567,0.4727,0.1343,3.1947
41,4.0,3.2165,0.369,0.1908,3.2432
41,4.2,2.9924,0.5165,0.349,3.0567
41,4.4,3.3742,-0.0341,0.5933,3.4261
41,4.6,3.5202,-0.2118,0.5532,3.5697
41,4.8,3.4716,0.1637,-0.025,3.4756
41,5.0,3.5244,0.2351,0.0937,3.5335
41,5.2,3.7397,0.6349,0.465,3.8216
41,5.4,3.6521,0.3362,0.5574,3.7097
41,5.6,3.6083,0.2928,0.476,3.6513
41,5.8,3.8,0.0104,0.5632,3.8415
41,6.0,3.8165,-0.1882,0.7229,3.889
41,6.2,4.0752,-0.2627,0.7442,4.1509
41,6.4,3.8909,-0.1093,0.9431,4.005
41,6.6,3.9174,-0.0536,0.8499,4.0089
41,6.8,3.5983,-0.2548,0.6594,3.667
41,7.0,3.6333,-0.0905,0.5121,3.6703
41,7.2,3.5574,0.095,0.4365,3.5854
41,7.4,3.7871,0.0349,0.4594,3.815
41,7.6,3.326,0.0507,0.5668,3.3743
41,7.8,3.5821,-0.2901,0.8458,3.692
41,8.0,3.1611,0.0319,0.707,3.2393
41,8.2,3.1583,0.021,0.8054,3.2595
41,8.4,3.0037,0.0741,0.7302,3.0921
41,8.6,3.342,0.2363,0.6472,3.4123
41,8.8,3.321,-0.0956,0.5167,3.3623
41,9.0,3.5285,0.2149,0.3972,3.5573
41,9.2,3.4875,0.3322,0.4017,3.5262
41,9.4,3.3415,-0.1345,0.2454,3.3532
41,9.6,3.2152,-0.1563,-0.0121,3.219
41,9.8,3.1932,0.0337,-0.0058,3.1934
41,10.0,3.0535,0.3062,-0.3315,3.0867
41,10.2,2.9359,0.5172,-0.6291,3.0468
41,10.4,2.7799,0.5038,-0.5916,2.8865
41,10.6,2.9198,0.5664,-0.2408,2.9839
41,10.8,2.9706,0.3368,-0.2883,3.0035
41,11.0,2.9052,0.4712,-0.1028,2.945
41,11.2,2.7262,0.087,-0.4635,2.7667
41,11.4,3.0349,0.1065,-0.1866,3.0425
41,11.6,2.6748,0.3058,0.1898,2.6989
41,11.8,2.7851,0.5189,-0.0523,2.8335
41,12.0,3.0956,0.2608,0.1,3.1082
41,12.2,2.8327,0.4383,0.0252,2.8666
41,12.4,2.722,-0.0182,0.1928,2.7289
41,12.6,2.4936,-0.2917,-0.0468,2.511
41,12.8,2.5702,-0.4217,-0.3965,2.6346
41,13.0,2.7651,-0.3816,-0.4721,2.831
41,13.2,2.5253,-0.2566,-0.6064,2.6097
41,13.4,2.5449,0.0438,-0.5363,2.6012
41,13.6,2.6398,0.0173,-0.9264,2.7977
41,13.8,2.6736,0.0774,-1.1371,2.9064
41,14.0,2.9585,0.0577,-0.8147,3.0692
41,14.2,3.0843,-0.0714,-0.8122,3.1902
41,14.4,3.1467,-0.0105,-0.5156,3.1886
41,14.6,3.2407,-0.0958,-0.3283,3.2587
41,14.8,3.1159,-0.3549,0.3446,3.1549
41,15.0,3.253,-0.3509,0.4318,3.3003
41,15.2,3.0032,-0.2433,0.4931,3.0531
41,15.4,2.6472,-0.5035,0.1244,2.6975
41,15.6,2.4871,-0.562,0.0541,2.5504
41,15.8,2.193,-0.3975,-0.0386,2.2291
41,16.0,2.067,-0.3695,0.3001,2.1211
41,16.2,1.7823,-0.4042,0.2897,1.8504
41,16.4,1.7732,-0.659,0.5474,1.9693
41,16.6,1.9979,-0.8239,0.4633,2.2102
41,16.8,1.7683,-0.5547,0.373,1.8904
41,17.0,1.7119,-1.0075,0.2687,2.0044
41,17.2,1.9715,-1.0656,0.6052,2.3213
41,17.4,2.0355,-0.8507,0.4711,2.2558
41,17.6,2.34,-0.6475,0.4177,2.4636
41,17.8,2.1302,-0.3576,0.3785,2.193
41,18.0,3.1003,-0.3702,0.334,3.1402
41,18.2,3.1611,-0.6558,0.2212,3.236
41,18.4,3.3992,-0.6191,0.3161,3.4695
41,18.6,3.3606,-0.5625,0.4655,3.439
41,18.8,3.3589,-0.3596,0.6046,3.4317
41,19.0,3.3232,-0.6817,0.5292,3.4334
41,19.2,3.3426,-0.2764,0.5449,3.398
41,19.4,3.3935,-0.5659,0.7794,3.5276
41,19.6,3.224,-0.6753,0.8896,3.412
41,19.8,3.0618,-0.5135,0.5452,3.1521
41,20.0,3.1057,-0.6541,0.5269,3.2173
41,20.2,2.9334,-0.6168,0.2468,3.0077
41,20.4,3.0969,-0.5208,0.3242,3.1571
41,20.6,3.3832,-0.3363,-0.0787,3.4008
41,20.8,3.3682,-0.2293,-0.2743,3.3872
41,21.0,3.473,-0.5516,-0.1239,3.5187
41,21.2,3.2456,-0.3145,-0.082,3.2619
41,21.4,3.6331,-0.1594,-0.1071,3.6382
41,21.6,3.4423,-0.0516,0.0492,3.4431
41,21.8,3.318,-0.1796,-0.0074,3.3229
41,22.0,3.9505,-0.4886,-0.1214,3.9824
41,22.2,4.1296,-0.2722,-0.3203,4.1509
41,22.4,4.3028,0.0359,-0.3197,4.3148
41,22.6,4.1303,0.1571,-0.3469,4.1478
41,22.8,4.0255,0.3219,-0.5325,4.0733
41,23.0,4.2514,0.2961,-0.3591,4.2768
41,23.2,4.3711,0.1156,-0.1015,4.3738
41,23.4,4.3336,0.2463,-0.0836,4.3414
41,23.6,4.1555,-0.0135,-0.035,4.1556
41,23.8,3.9728,0.0209,-0.0373,3.9731
42,0.0,3.0036,0.1076,0.038,3.0058
42,0.2,3.4657,0.3437,-0.1078,3.4844
42,0.4,3.1328,0.3499,-0.1465,3.1557
42,0.6,3.1602,-0.1858,0.0292,3.1658
42,0.8,3.377,-0.229,0.0305,3.3849
42,1.0,3.1218,-0.2919,-0.0663,3.1361
42,1.2,3.4904,0.1141,0.1557,3.4957
42,1.4,3.7454,0.3354,-0.0097,3.7604
42,1.6,3.3452,0.1624,-0.0393,3.3494
42,1.8,2.9602,0.4345,-0.0087,2.992
42,2.0,3.0557,0.4969,-0.0075,3.0959
42,2.2,2.6748,0.6795,-0.3509,2.782
42,2.4,2.3132,0.4741,-0.2582,2.3754
42,2.6,2.4422,0.3347,-0.2418,2.4768
42,2.8,2.4869,0.041,0.3363,2.5099
42,3.0,2.7792,-0.0113,0.2854,2.7939
42,3.2,2.7553,0.208,0.44,2.7979
42,3.4,2.7648,0.1345,0.3688,2.7925
42,3.6,2.8664,0.3219,0.1923,2.8909
42,3.8,2.7087,0.2347,0.2515,2.7305
42,4.0,2.6851,-0.0965,0.1394,2.6904
42,4.2,2.6523,-0.2357,0.0321,2.6629
42,4.4,2.9105,-0.6063,-0.1067,2.9749
42,4.6,2.9254,-0.6031,-0.2657,2.9987
42,4.8,3.1875,-0.5722,-0.2297,3.2466
42,5.0,3.5935,-0.8666,0.078,3.6974
42,5.2,3.6865,-0.4436,0.2495,3.7215
42,5.4,3.782,-0.537,0.167,3.8236
42,5.6,3.7535,-0.5797,0.1457,3.8008
42,5.8,3.7432,-0.3672,-0.1503,3.7642
42,6.0,3.7051,-0.2852,-0.0235,3.7162
42,6.2,3.6052,-0.4297,0.2378,3.6385
42,6.4,3.5788,-0.7634,0.309,3.6723
42,6.6,3.2744,-0.6212,0.2796,3.3445
42,6.8,3.2079,-0.5601,0.3091,3.2711
42,7.0,3.245,-0.3598,0.1157,3.2669
42,7.2,3.6602,-0.1784,0.138,3.6672
42,7.4,3.7333,0.2573,-0.1914,3.747
42,7.6,3.1966,0.1933,-0.5765,3.2539
42,7.8,3.5592,0.1857,-0.5938,3.6132
42,8.0,2.9527,-0.0867,-0.5855,3.0114
42,8.2,3.0632,-0.1773,-0.2882,3.0819
42,8.4,3.0724,-0.237,-0.5292,3.1266
42,8.6,3.1167,0.0258,-0.6117,3.1763
42,8.8,3.1078,0.3388,-0.5673,3.1773
42,9.0,3.0828,0.3982,-0.7919,3.2077
42,9.2,3.0097,0.1581,-0.8066,3.1199
42,9.4,2.8163,-0.0063,-0.7149,2.9057
42,9.6,2.926,0.5734,-0.4993,3.0232
42,9.8,2.5807,0.3824,-0.4333,2.6446
42,10.0,2.5492,0.5087,-0.465,2.6407
42,10.2,2.742,0.1925,-0.169,2.7539
42,10.4,2.4537,0.3884,-0.0343,2.4845
42,10.6,2.5971,0.4505,0.0995,2.6377
42,10.8,2.7078,0.0221,-0.0891,2.7093
42,11.0,2.5308,-0.2898,-0.3176,2.567
42,11.2,2.3317,-0.4871,-0.7308,2.4916
42,11.4,2.7009,-0.3704,-0.7655,2.8316
42,11.6,2.6313,-0.426,-0.3855,2.6933
42,11.8,2.7619,-0.6452,-0.2674,2.8488
42,12.0,2.8707,-0.7215,-0.5531,3.0112
42,12.2,2.7878,-0.9265,-0.8481,3.0577
42,12.4,2.9026,-0.8665,-0.8365,3.1426
42,12.6,2.7232,-0.7584,-0.5587,2.8815
42,12.8,2.9269,-0.4727,-0.196,2.9713
42,13.0,3.133,-0.3,-0.0298,3.1475
42,13.2,3.3653,-0.2837,-0.1215,3.3794
42,13.4,3.5392,-0.1969,0.0665,3.5453
42,13.6,3.6865,-0.6093,0.1081,3.7381
42,13.8,3.6208,-0.6199,-0.2598,3.6827
42,14.0,3.4928,-0.3161,-0.1823,3.5118
42,14.2,3.0963,-0.4192,-0.4678,3.1593
42,14.4,3.1402,-0.6166,-0.7283,3.282
42,14.6,3.1501,-0.7057,-0.7336,3.3105
42,14.8,3.1779,-0.553,-0.6937,3.2994
42,15.0,3.3855,-0.3082,-0.4162,3.4249
42,15.2,3.4749,-0.1677,-0.5509,3.5223
42,15.4,3.7262,-0.3267,-0.2122,3.7465
42,15.6,3.2708,-0.084,-0.61,3.3283
42,15.8,3.183,0.0348,-0.4564,3.2157
42,16.0,2.9728,-0.1626,-0.0767,2.9783
42,16.2,3.204,-0.2099,0.1538,3.2146
42,16.4,2.9932,-0.3715,0.1381,3.0193
42,16.6,3.0167,-0.2149,0.0759,3.0253
42,16.8,3.0257,0.0117,0.151,3.0295
42,17.0,3.3593,0.2779,0.1464,3.374
42,17.2,3.3968,0.4925,-0.0887,3.4334
42,17.4,3.3506,0.2738,-0.1505,3.3651
42,17.6,3.3076,0.4454,-0.0901,3.3387
42,17.8,3.2427,0.4134,0.0188,3.269
42,18.0,3.2714,0.3468,0.3606,3.3095
42,18.2,2.8892,0.11,0.3919,2.9178
42,18.4,2.8807,0.2966,0.7497,2.9914
42,18.6,3.2471,0.3149,1.0027,3.4129
42,18.8,3.1008,0.3475,0.5275,3.1645
42,19.0,2.9727,0.4256,0.3723,3.026
42,19.2,2.9881,0.8496,0.6011,3.1641
42,19.4,2.935,0.653,0.4754,3.0441
42,19.6,2.7421,0.3861,0.3124,2.7867
42,19.8,2.9689,0.4749,0.4815,3.045
42,20.0,2.963,0.5371,0.5225,3.0563
42,20.2,2.6258,0.1692,0.1391,2.6349
42,20.4,2.5014,0.5834,-0.2426,2.58
42,20.6,2.0789,0.3637,-0.075,2.1118
42,20.8,2.323,0.3413,-0.228,2.3589
42,21.0,2.1269,0.4361,-0.2377,2.1842
42,21.2,2.4595,0.3603,-0.0398,2.4861
42,21.4,2.6102,0.296,0.1278,2.63
42,21.6,2.9548,0.1609,-0.3411,2.9787
42,21.8,3.3023,0.4026,-0.2171,3.3338
42,22.0,3.7122,0.1644,0.0381,3.716
42,22.2,3.5214,0.2047,-0.1432,3.5303
42,22.4,3.1245,-0.05,-0.0678,3.1256
42,22.6,3.1129,0.209,-0.1383,3.123
42,22.8,3.1324,0.1854,-0.0816,3.1389
42,23.0,3.1504,0.3691,-0.2967,3.1858
42,23.2,3.3997,0.4099,-0.0714,3.4251
42,23.4,3.3271,0.2004,-0.2754,3.3445
42,23.6,3.1461,0.1522,-0.6331,3.2128
42,23.8,3.5766,0.2555,-0.2841,3.5969
43,0.0,3.2698,0.295,-0.2701,3.2942
43,0.2,3.2513,-0.0048,-0.1983,3.2574
43,0.4,3.3254,0.0246,0.507,3.3639
43,0.6,3.5207,-0.0742,0.681,3.5868
43,0.8,3.8142,-0.1849,0.5223,3.8543
43,1.0,3.9629,0.1914,0.7045,4.0296
43,1.2,3.8271,-0.1303,0.5965,3.8755
43,1.4,3.6894,-0.1203,0.4653,3.7206
43,1.6,3.4459,-0.0291,0.5647,3.492
43,1.8,3.7418,-0.1988,0.993,3.8764
43,2.0,3.6143,-0.0788,0.851,3.7139
43,2.2,3.4884,-0.3591,0.5737,3.5534
43,2.4,3.574,-0.2989,0.4093,3.6098
43,2.6,3.96,-0.5675,0.4867,4.0299
43,2.8,3.9958,0.0205,0.6483,4.0481
43,3.0,3.8036,0.1927,0.3326,3.8229
43,3.2,3.5862,-0.02,-0.0013,3.5862
43,3.4,3.4599,0.2546,-0.099,3.4707
43,3.6,3.5504,-0.0627,-0.3508,3.5682
43,3.8,3.5021,0.2358,-0.4091,3.5338
43,4.0,3.3317,-0.0689,-0.5196,3.3726
43,4.2,3.3016,-0.2042,-0.4891,3.3438
43,4.4,3.5207,0.2428,-0.2043,3.5349
43,4.6,3.8381,0.0667,0.2109,3.8445
43,4.8,3.8292,0.0618,0.1308,3.8319
43,5.0,3.7522,0.2377,0.3788,3.7788
43,5.2,3.7829,0.2528,0.7169,3.8585
43,5.4,3.8618,0.4067,0.369,3.9007
43,5.6,3.544,0.448,0.0416,3.5724
43,5.8,3.737,0.2297,0.3854,3.7638
43,6.0,3.8647,0.1348,0.5641,3.9079
43,6.2,3.4213,0.4031,0.386,3.4665
43,6.4,3.5155,0.7168,0.5454,3.629
43,6.6,3.6057,0.9886,0.2708,3.7486
43,6.8,3.8213,0.7066,0.0971,3.8873
43,7.0,3.5031,0.3882,0.1965,3.53
43,7.2,3.3628,0.3267,0.3502,3.3967
43,7.4,3.4553,0.5088,0.6408,3.5509
43,7.6,3.4408,0.6144,0.727,3.5701
43,7.8,3.4266,0.118,0.5751,3.4765
43,8.0,3.5265,0.374,0.4703,3.5773
43,8.2,3.7696,0.6053,0.4507,3.8444
43,8.4,3.7409,0.7006,0.6174,3.8557
43,8.6,3.3689,0.7445,0.2629,3.4602
43,8.8,3.2862,1.0225,0.1367,3.4443
43,9.0,3.1572,0.5787,0.0659,3.2105
43,9.2,2.9896,0.9745,0.1466,3.1478
43,9.4,3.0754,0.8532,0.1742,3.1963
43,9.6,3.3824,1.0529,0.2146,3.549
43,9.8,2.8451,1.2755,0.0546,3.1184
43,10.0,3.009,1.1478,0.2036,3.2269
43,10.2,2.9311,1.109,0.1583,3.1379
43,10.4,3.1513,0.91,0.1257,3.2824
43,10.6,2.881,0.8521,0.1041,3.0062
43,10.8,3.245,0.8371,0.2157,3.3582
43,11.0,3.666,0.8028,0.3654,3.7707
43,11.2,3.8138,0.9353,0.6521,3.9806
43,11.4,3.5959,0.3654,0.4121,3.6378
43,11.6,3.6668,-0.4269,0.2584,3.7006
43,11.8,3.5097,-0.3535,0.1644,3.5312
43,12.0,3.4677,0.001,0.172,3.4719
43,12.2,3.2789,-0.0779,0.0497,3.2802
43,12.4,3.2089,0.1166,0.2478,3.2205
43,12.6,3.1158,0.1805,0.2593,3.1318
43,12.8,3.3963,0.0107,0.481,3.4302
43,13.0,3.3866,-0.3424,0.235,3.412
43,13.2,3.11,-0.1071,0.4293,3.1413
43,13.4,3.4331,-0.2895,0.4836,3.4791
43,13.6,3.1964,-0.3235,0.4418,3.243
43,13.8,3.27,-0.0449,0.5608,3.3181
43,14.0,3.4014,-0.0803,0.5995,3.4548
43,14.2,3.314,-0.2451,0.362,3.3427
43,14.4,3.4919,0.1101,0.791,3.5821
43,14.6,3.4512,0.1789,0.4199,3.4813
43,14.8,3.5576,0.113,0.7296,3.6334
43,15.0,3.5016,0.0882,0.7033,3.5726
43,15.2,3.4209,-0.1369,0.5328,3.4649
43,15.4,3.269,0.1082,0.6193,3.3289
43,15.6,3.234,0.4334,0.2812,3.275
43,15.8,3.0651,0.1252,0.074,3.0686
43,16.0,2.8824,0.4324,-0.0382,2.9149
43,16.2,3.1574,0.7746,-0.4572,3.283
43,16.4,2.7685,0.8634,-0.3107,2.9166
43,16.6,2.9909,0.4564,-0.247,3.0356
43,16.8,2.956,0.3789,-0.1767,2.9854
43,17.0,3.1126,-0.379,-0.2366,3.1445
43,17.2,3.3006,-0.5405,-0.0927,3.3458
43,17.4,3.6829,-0.555,0.2501,3.7329
43,17.6,3.6612,-0.6888,0.1367,3.7279
43,17.8,3.3129,-0.8686,0.1567,3.4284
43,18.0,3.665,-0.9606,0.1402,3.7914
43,18.2,3.6828,-1.1776,-0.0701,3.8671
43,18.4,3.9414,-1.1311,0.0348,4.1006
43,18.6,4.0266,-1.02,0.3269,4.1667
43,18.8,4.0238,-0.8978,0.2687,4.1315
43,19.0,4.1129,-0.6384,0.3605,4.1777
43,19.2,4.3921,-0.5175,0.2646,4.4304
43,19.4,4.1848,-0.6711,0.2442,4.2452
43,19.6,3.7992,-0.5029,-0.2324,3.8394
43,19.8,3.7622,-0.9276,0.0087,3.8749
43,20.0,3.7384,-1.1143,-0.0476,3.9012
43,20.2,3.798,-0.9165,-0.006,3.9071
43,20.4,3.8088,-0.9954,0.0236,3.9368
43,20.6,3.5808,-0.82,0.4497,3.7009
43,20.8,3.47,-0.7141,0.4251,3.5681
43,21.0,3.5723,-0.5973,0.4071,3.6447
43,21.2,3.6003,-0.7262,0.5311,3.7111
43,21.4,3.4411,-0.5881,0.5037,3.5272
43,21.6,3.4319,-0.0026,0.1975,3.4375
43,21.8,3.505,-0.1023,0.7393,3.5836
43,22.0,3.5071,0.1043,0.8803,3.6174
43,22.2,3.2943,0.0934,1.1285,3.4835
43,22.4,3.5616,0.3127,0.9908,3.71
43,22.6,3.4565,0.381,0.9556,3.6064
43,22.8,3.2615,0.9205,0.9736,3.526
43,23.0,3.0875,0.7994,1.2172,3.4137
43,23.2,3.2033,0.7366,0.7917,3.3809
43,23.4,3.2324,0.4621,0.7682,3.3544
43,23.6,2.9555,-0.0076,0.6863,3.0342
43,23.8,2.9783,-0.2054,0.781,3.0858
44,0.0,3.0896,0.0995,-0.0024,3.0912
44,0.2,3.1198,-0.0082,0.0242,3.12
44,0.4,2.8288,-0.136,-0.0452,2.8325
44,0.6,3.0496,-0.2448,-0.1282,3.0621
44,0.8,2.6565,-0.0478,0.0483,2.6574
44,1.0,2.365,0.2823,0.196,2.3898
44,1.2,2.4636,0.3572,0.0342,2.4896
44,1.4,2.3115,0.2864,-0.0487,2.3297
44,1.6,2.5364,0.5459,-0.1838,2.601
44,1.8,2.8684,0.1283,0.0764,2.8722
44,2.0,3.0963,0.0587,-0.0041,3.0969
44,2.2,3.0003,-0.1096,0.0169,3.0024
44,2.4,2.9422,-0.1172,0.2053,2.9517
44,2.6,2.7434,-0.0366,0.087,2.745
44,2.8,2.5883,0.2076,0.0805,2.5979
44,3.0,2.5345,0.1837,0.1252,2.5442
44,3.2,2.582,0.2,0.1558,2.5944
44,3.4,2.4699,0.1843,0.5319,2.5333
44,3.6,2.5379,0.29,0.1675,2.5599
44,3.8,2.3929,0.3391,-0.0181,2.4169
44,4.0,2.6293,0.305,0.084,2.6483
44,4.2,2.5784,0.3411,0.283,2.6162
44,4.4,2.5526,0.1873,0.4265,2.5947
44,4.6,2.7661,0.2877,0.1694,2.7862
44,4.8,2.836,0.2717,0.313,2.8661
44,5.0,2.9074,0.7479,0.3212,3.0192
44,5.2,3.2595,1.2323,0.3897,3.5064
44,5.4,3.3587,1.4015,0.1571,3.6428
44,5.6,3.324,1.4638,0.1069,3.6336
44,5.8,3.1893,1.4539,0.3556,3.523
44,6.0,3.0241,1.1331,0.1593,3.2334
44,6.2,2.8173,1.1591,0.3855,3.0708
44,6.4,2.7482,1.0201,0.7248,3.0197
44,6.6,2.9453,0.8927,0.5327,3.1234
44,6.8,2.9302,0.4506,0.2577,2.9759
44,7.0,2.9595,0.5829,-0.0598,3.017
44,7.2,3.0629,0.3012,-0.0757,3.0786
44,7.4,3.1093,0.0347,-0.0882,3.1107
44,7.6,2.9646,-0.1692,0.1692,2.9742
44,7.8,2.7202,-0.1098,0.4732,2.7632
44,8.0,3.0018,0.0814,0.1841,3.0086
44,8.2,2.7792,0.0485,0.2815,2.7938
44,8.4,3.0924,0.5317,0.4133,3.1649
44,8.6,3.1129,0.2639,0.2961,3.1381
44,8.8,2.7682,0.2231,0.2767,2.7909
44,9.0,2.6352,0.046,0.4024,2.6661
44,9.2,3.0102,-0.2669,0.3897,3.047
44,9.4,3.2014,-0.4365,0.5506,3.2776
44,9.6,3.5571,-0.4203,0.3672,3.6006
44,9.8,3.4304,-0.1841,0.4606,3.4661
44,10.0,3.535,0.3505,0.4618,3.5822
44,10.2,3.1012,0.3344,0.6955,3.1958
44,10.4,3.0433,0.2285,0.6183,3.1139
44,10.6,2.996,0.247,0.3771,3.0297
44,10.8,2.7558,0.1501,0.274,2.7735
44,11.0,2.7203,0.4602,-0.0019,2.759
44,11.2,2.7324,0.4093,0.0567,2.7635
44,11.4,2.6833,0.46,0.032,2.7226
44,11.6,2.9889,0.5806,-0.3022,3.0597
44,11.8,3.174,0.4318,-0.1124,3.2052
44,12.0,3.2357,0.1211,-0.2452,3.2472
44,12.2,3.2739,0.3182,-0.3324,3.3061
44,12.4,3.156,-0.1881,-0.2191,3.1692
44,12.6,3.0603,0.0207,-0.4247,3.0897
44,12.8,3.2302,-0.2603,-0.4436,3.2709
44,13.0,3.136,-0.5162,-0.8547,3.2911
44,13.2,3.0963,-0.5342,-0.8854,3.2644
44,13.4,2.6947,-0.5207,-1.0661,2.9443
44,13.6,2.643,-0.3533,-0.8631,2.8027
44,13.8,2.3975,0.0903,-1.1007,2.6396
44,14.0,2.245,0.7093,-0.8369,2.4987
44,14.2,2.3473,0.7084,-0.5484,2.5124
44,14.4,2.5586,0.7738,-0.4447,2.7098
44,14.6,2.9226,0.6381,-0.5699,3.0453
44,14.8,2.5611,0.4067,-0.6173,2.6657
44,15.0,2.8194,0.1325,-0.6388,2.8939
44,15.2,2.7436,0.3524,-0.428,2.799
44,15.4,2.7726,0.4048,-0.2561,2.8137
44,15.6,3.0703,0.2243,-0.3317,3.0963
44,15.8,3.3376,0.4421,-0.1106,3.3686
44,16.0,3.2819,0.3184,-0.1726,3.3018
44,16.2,3.3154,0.4228,-0.1632,3.3463
44,16.4,3.872,0.4347,-0.1382,3.8988
44,16.6,3.793,0.1106,-0.1968,3.7997
44,16.8,3.6983,0.0748,0.1998,3.7044
44,17.0,3.635,-0.139,0.4561,3.6661
44,17.2,3.6975,0.1953,0.0611,3.7031
44,17.4,3.7841,0.0879,-0.1814,3.7895
44,17.6,3.3676,0.1508,-0.0654,3.3716
44,17.8,3.4714,-0.1024,-0.331,3.4886
44,18.0,3.2174,-0.3482,-0.2212,3.2437
44,18.2,3.441,-0.4659,-0.3017,3.4854
44,18.4,3.2574,-0.1739,-0.2144,3.2691
44,18.6,3.573,-0.0815,-0.0646,3.5745
44,18.8,3.5049,0.4636,0.1871,3.5403
44,19.0,3.3859,0.0746,0.0543,3.3872
44,19.2,3.6843,-0.1543,0.2691,3.6973
44,19.4,3.5199,-0.1771,0.1322,3.5268
44,19.6,3.6973,-0.2032,0.1024,3.7043
44,19.8,3.5213,0.092,0.1569,3.526
44,20.0,3.1344,0.1314,0.1701,3.1418
44,20.2,3.23,0.1058,-0.2449,3.241
44,20.4,3.3246,0.3891,-0.3515,3.3657
44,20.6,3.6141,0.122,0.1599,3.6197
44,20.8,3.8707,0.0919,-0.2454,3.8796
44,21.0,3.7895,-0.0771,-0.1758,3.7943
44,21.2,3.7253,-0.4563,-0.2074,3.7588
44,21.4,3.871,-0.3856,-0.2102,3.8958
44,21.6,3.789,-0.5674,-0.3668,3.8488
44,21.8,3.8193,-0.6801,-0.314,3.8921
44,22.0,3.5216,-0.1374,-0.1388,3.527
44,22.2,3.2988,0.2317,0.0922,3.3082
44,22.4,3.2621,-0.1671,0.1378,3.2693
44,22.6,3.169,-0.2539,0.1833,3.1845
44,22.8,3.5103,-0.1733,0.3329,3.5303
44,23.0,3.7225,-0.348,0.3563,3.7556
44,23.2,3.5007,-0.0186,0.6212,3.5554
44,23.4,3.4046,-0.118,0.4471,3.4359
44,23.6,3.5598,-0.3513,0.2926,3.589
44,23.8,3.6032,-0.3049,0.2765,3.6266
45,0.0,3.1588,0.0423,0.2327,3.1676
45,0.2,3.1364,0.181,0.011,3.1416
45,0.4,3.3103,-0.0819,-0.0462,3.3116
45,0.6,3.694,-0.0764,-0.3041,3.7072
45,0.8,3.6058,0.0972,-0.0393,3.6073
45,1.0,3.3173,-0.0236,0.0127,3.3174
45,1.2,3.0556,0.1259,0.1933,3.0643
45,1.4,2.8198,0.2144,0.0105,2.828
45,1.6,3.173,0.2257,0.0408,3.1813
45,1.8,3.0315,0.4891,-0.1799,3.076
45,2.0,2.9337,0.2614,-0.2326,2.9545
45,2.2,3.077,0.1249,-0.2972,3.0938
45,2.4,3.3662,0.2882,-0.419,3.4043
45,2.6,3.4903,0.1284,-0.5335,3.5331
45,2.8,3.1581,0.1292,-0.2561,3.1711
45,3.0,3.5679,-0.442,-0.0186,3.5952
45,3.2,3.1807,0.0396,0.0548,3.1814
45,3.4,3.1705,0.1842,-0.387,3.1994
45,3.6,3.3929,0.233,0.0385,3.4012
45,3.8,3.0993,0.2348,0.4211,3.1365
45,4.0,3.249,-0.1299,0.5083,3.2911
45,4.2,3.0906,0.2988,0.5461,3.1527
45,4.4,2.9443,0.2324,0.3482,2.9739
45,4.6,2.6682,0.0718,0.3148,2.6877
45,4.8,2.5768,0.1478,0.1792,2.5872
45,5.0,2.5678,0.0314,0.2571,2.5808
45,5.2,2.4448,0.05,0.2998,2.4636
45,5.4,2.6203,0.0748,0.0189,2.6214
45,5.6,2.4382,0.1266,-0.0333,2.4417
45,5.8,2.3211,0.0072,0.1516,2.326
45,6.0,2.5221,0.0997,0.2234,2.534
45,6.2,2.667,-0.0017,0.3359,2.6881
45,6.4,2.5019,-0.2866,0.1252,2.5214
45,6.6,2.3806,-0.3091,-0.0982,2.4026
45,6.8,2.8448,-0.5315,-0.082,2.8952
45,7.0,2.8855,-0.4492,0.0846,2.9215
45,7.2,2.775,-0.6175,-0.0512,2.8433
45,7.4,2.7153,-0.5764,-0.1823,2.7818
45,7.6,2.8202,-0.765,-0.1338,2.9252
45,7.8,2.7842,-0.7869,-0.0839,2.8945
45,8.0,2.8442,-0.3184,-0.4436,2.8962
45,8.2,3.0956,-0.4842,-0.1122,3.1352
45,8.4,3.3931,-0.7131,-0.2703,3.4777
45,8.6,3.3367,-0.9456,-0.2744,3.479
45,8.8,2.899,-0.6179,-0.2117,2.9717
45,9.0,2.846,-0.5203,0.0037,2.8932
45,9.2,3.1861,-0.3285,0.1072,3.2048
45,9.4,3.516,-0.2913,0.1952,3.5335
45,9.6,3.3623,-0.5123,0.1945,3.4067
45,9.8,3.3668,-0.548,0.2906,3.4235
45,10.0,3.5024,-0.5537,0.0516,3.5462
45,10.2,3.4571,-0.4228,-0.0243,3.4829
45,10.4,3.0521,-0.3658,-0.0888,3.0752
45,10.6,3.0818,-0.379,-0.3945,3.13
45,10.8,3.268,-0.5494,-0.6791,3.3827
45,11.0,2.9293,-0.1472,-0.5364,2.9817
45,11.2,3.2976,0.1135,-0.8812,3.4152
45,11.4,3.5347,0.0821,-0.8579,3.6382
45,11.6,3.3332,-0.04,-0.9553,3.4676
45,11.8,3.216,0.1893,-1.0806,3.398
45,12.0,3.2262,0.1277,-1.2812,3.4737
45,12.2,3.5782,-0.0581,-1.3672,3.831
45,12.4,3.3993,0.4244,-1.4979,3.7388
45,12.6,3.517,0.3355,-1.5943,3.876
45,12.8,3.5772,0.1268,-1.5012,3.8815
45,13.0,3.5714,0.0989,-1.2243,3.7767
45,13.2,3.9854,0.3223,-1.1023,4.1476
45,13.4,3.8501,0.0967,-0.886,3.9519
45,13.6,3.5996,0.0794,-0.6618,3.6608
45,13.8,3.7626,0.0606,-0.4851,3.7942
45,14.0,3.347,0.0411,-0.521,3.3875
45,14.2,3.099,0.4009,-0.4581,3.1582
45,14.4,3.2098,-0.044,-0.2489,3.2197
45,14.6,3.1987,0.0774,0.1935,3.2055
45,14.8,3.1377,0.2011,0.0268,3.1443
45,15.0,2.9508,0.2861,0.044,2.965
45,15.2,3.1712,0.2955,-0.0324,3.1851
45,15.4,2.9797,0.1009,-0.1562,2.9855
45,15.6,2.8596,0.3375,-0.1822,2.8853
45,15.8,2.7231,0.2754,-0.6239,2.8072
45,16.0,2.874,0.6502,-0.7918,3.0511
45,16.2,2.865,0.7352,-0.3384,2.9771
45,16.4,3.0291,0.8185,-0.7116,3.2174
45,16.6,2.7712,1.2119,-0.7778,3.1231
45,16.8,2.6252,1.2647,-0.5489,2.9652
45,17.0,2.4709,0.8243,-0.353,2.6286
45,17.2,2.3021,0.7566,-0.1542,2.4282
45,17.4,2.486,0.5784,-0.2954,2.5695
45,17.6,2.4798,0.956,-0.2245,2.6672
45,17.8,2.6392,1.1696,-0.1177,2.8891
45,18.0,2.4394,1.2381,-0.2472,2.7468
45,18.2,2.1904,0.9101,-0.2964,2.3904
45,18.4,2.232,1.0433,-0.2843,2.4802
45,18.6,2.1537,1.0395,-0.2558,2.4051
45,18.8,2.027,1.0804,-0.1734,2.3035
45,19.0,2.1118,0.9965,-0.0513,2.3357
45,19.2,1.8587,0.9758,-0.04,2.0996
45,19.4,2.0676,0.8051,-0.2965,2.2386
45,19.6,1.8612,0.8202,-0.5496,2.1069
45,19.8,1.93,0.8896,-0.2828,2.1439
45,20.0,2.0645,0.7312,-0.1021,2.1925
45,20.2,2.1541,0.7749,0.0746,2.2904
45,20.4,1.9319,0.8778,-0.1304,2.126
45,20.6,2.2353,0.5628,0.0501,2.3056
45,20.8,2.5556,0.2962,0.1213,2.5756
45,21.0,2.4391,0.3305,0.0672,2.4623
45,21.2,2.3952,0.3182,0.4079,2.4504
45,21.4,2.4119,0.174,0.3316,2.4408
45,21.6,2.5412,0.4192,-0.0168,2.5756
45,21.8,2.7543,0.3036,-0.0367,2.7712
45,22.0,3.1578,0.2766,-0.04,3.1702
45,22.2,2.9742,0.3717,-0.1782,3.0026
45,22.4,3.0754,0.1207,-0.0763,3.0787
45,22.6,2.9715,-0.1148,-0.1278,2.9765
45,22.8,3.1154,-0.2035,-0.0054,3.1221
45,23.0,3.4538,-0.572,0.0236,3.501
45,23.2,3.4026,-0.2445,0.2626,3.4214
45,23.4,3.6288,-0.4402,0.6971,3.7213
45,23.6,3.5307,-0.4707,0.6178,3.6151
45,23.8,3.244,-0.4345,0.3418,3.2908
46,0.0,2.9997,0.0916,-0.1256,3.0037
46,0.2,3.0352,-0.0165,0.0945,3.0367
46,0.4,2.9967,0.1356,0.1266,3.0025
46,0.6,2.888,-0.2765,-0.1315,2.9042
46,0.8,2.5127,-0.4938,-0.2494,2.5729
46,1.0,2.6677,-0.6067,0.1514,2.74
46,1.2,2.8091,-0.6325,-0.0077,2.8794
46,1.4,2.9124,-0.3759,-0.2615,2.9482
46,1.6,2.9995,-0.5601,-0.1985,3.0578
46,1.8,2.9596,-0.505,0.1019,3.0041
46,2.0,2.7783,-0.5114,0.4788,2.8653
46,2.2,2.4507,-0.5077,0.2847,2.5188
46,2.4,2.5158,-0.7227,0.3501,2.6408
46,2.6,2.5708,-0.6373,-0.0216,2.6487
46,2.8,2.2016,-0.2664,0.0662,2.2187
46,3.0,2.6339,-0.3222,0.0503,2.654
46,3.2,2.34,-0.5067,0.0952,2.3962
46,3.4,2.0588,-0.5061,0.1689,2.1268
46,3.6,2.4837,-0.3491,0.1687,2.5138
46,3.8,2.4507,-0.4171,0.1428,2.49
46,4.0,2.3753,-0.0121,0.3171,2.3964
46,4.2,2.402,0.3473,0.1747,2.4332
46,4.4,2.5757,0.4447,-0.0561,2.6144
46,4.6,2.5444,-0.0777,-0.1749,2.5515
46,4.8,2.9963,-0.1533,-0.2356,3.0094
46,5.0,3.1257,0.3379,-0.2783,3.1562
46,5.2,2.7069,0.2782,-0.1295,2.7242
46,5.4,2.5188,0.4908,-0.3826,2.5945
46,5.6,2.2622,0.7845,0.0363,2.3947
46,5.8,2.2775,0.5819,0.0706,2.3518
46,6.0,2.3565,0.7571,-0.1773,2.4815
46,6.2,2.2745,0.9327,0.1764,2.4646
46,6.4,2.3265,0.9735,-0.1393,2.5258
46,6.6,2.1937,0.7564,-0.3985,2.3544
46,6.8,2.6949,0.69,-0.0192,2.7819
46,7.0,2.7487,0.4476,-0.0304,2.7851
46,7.2,2.7849,0.5015,-0.3679,2.8535
46,7.4,3.3247,0.4597,-0.3392,3.3735
46,7.6,3.149,0.4602,-0.19,3.1881
46,7.8,3.3654,0.664,-0.2017,3.4362
46,8.0,3.2702,0.6414,-0.1488,3.3358
46,8.2,3.1868,0.8447,0.1786,3.3017
46,8.4,3.2611,1.3057,0.3415,3.5294
46,8.6,3.372,1.2773,0.7335,3.6796
46,8.8,3.5896,1.0868,0.583,3.7956
46,9.0,3.7955,1.3427,0.9472,4.1359
46,9.2,3.9076,1.6778,0.4255,4.2738
46,9.4,4.0546,1.8328,0.6654,4.4991
46,9.6,3.8094,1.1914,0.4355,4.015
46,9.8,3.8163,0.9363,0.4233,3.9522
46,10.0,3.7897,0.8747,0.7633,3.9636
46,10.2,3.6073,0.7446,0.6539,3.7409
46,10.4,3.584,0.6349,0.6348,3.6947
46,10.6,3.5259,0.127,0.2922,3.5402
46,10.8,3.1506,0.0742,0.2035,3.158
46,11.0,3.3866,0.0902,0.3065,3.4016
46,11.2,3.3448,0.0506,0.3804,3.3667
46,11.4,3.2244,0.0562,0.2053,3.2314
46,11.6,2.922,0.055,0.0528,2.923
46,11.8,2.8994,-0.1285,-0.2746,2.9152
46,12.0,2.8579,0.0157,0.0672,2.8587
46,12.2,2.9496,0.284,0.271,2.9756
46,12.4,3.1383,0.3929,0.2958,3.1766
46,12.6,3.2622,0.4655,0.1631,3.2993
46,12.8,3.3654,-0.0057,0.2006,3.3714
46,13.0,3.3161,0.0781,0.0118,3.317
46,13.2,3.2093,0.2651,-0.0042,3.2202
46,13.4,3.5195,0.3566,-0.0587,3.538
46,13.6,3.5957,0.5251,-0.0624,3.6344
46,13.8,3.6178,0.3722,0.1833,3.6415
46,14.0,3.251,0.4814,0.3882,3.3093
46,14.2,3.1876,0.3494,0.2659,3.2177
46,14.4,3.2333,0.2052,0.5179,3.2809
46,14.6,3.2507,0.3692,0.6007,3.3263
46,14.8,3.6103,0.4771,0.2594,3.651
46,15.0,3.6537,0.3107,0.4104,3.6898
46,15.2,3.6093,0.3766,0.0815,3.6298
46,15.4,3.8098,0.4767,-0.0752,3.8402
46,15.6,3.9007,0.4914,-0.295,3.9426
46,15.8,3.8851,0.3117,-0.338,3.9123
46,16.0,4.2769,0.2345,-0.5448,4.3178
46,16.2,4.1604,-0.1216,-0.3736,4.1789
46,16.4,4.1776,-0.1783,-0.3187,4.1935
46,16.6,4.5197,0.0803,-0.1726,4.5237
46,16.8,4.4468,0.1301,-0.4606,4.4725
46,17.0,4.5814,0.1919,-0.5328,4.6162
46,17.2,4.3045,-0.0538,-0.2012,4.3095
46,17.4,4.3007,0.2568,-0.3648,4.3238
46,17.6,4.5937,-0.0652,-0.0567,4.5945
46,17.8,3.8724,-0.1215,-0.0186,3.8743
46,18.0,3.8407,-0.0479,0.3425,3.8562
46,18.2,3.7773,0.078,0.0737,3.7788
46,18.4,3.9379,0.0095,0.2967,3.9491
46,18.6,3.6121,-0.053,-0.0808,3.6134
46,18.8,3.0809,0.0715,0.2404,3.0911
46,19.0,3.1239,0.175,0.079,3.1298
46,19.2,3.0739,-0.1109,-0.2774,3.0884
46,19.4,3.4946,-0.3869,-0.2385,3.524
46,19.6,3.0502,-0.6686,-0.4746,3.1585
46,19.8,3.1313,-0.5046,-0.1733,3.1764
46,20.0,3.2362,-0.396,-0.3779,3.2821
46,20.2,3.6707,-0.3359,-0.1913,3.691
46,20.4,3.971,-0.0613,-0.5814,4.0138
46,20.6,4.2791,-0.0341,-0.6382,4.3265
46,20.8,4.2714,-0.6189,-1.1429,4.4648
46,21.0,4.2604,-0.6001,-0.9334,4.4026
46,21.2,4.0337,-0.7042,-0.7722,4.1669
46,21.4,3.6909,-0.5651,-0.7434,3.8072
46,21.6,3.7726,-0.7608,-0.8377,3.9386
46,21.8,3.9642,-0.7614,-0.8744,4.1303
46,22.0,4.0182,-0.3328,-0.661,4.0858
46,22.2,4.0031,-0.0879,-0.7916,4.0816
46,22.4,3.6804,-0.3399,-0.37,3.7146
46,22.6,3.7033,-0.3988,-0.5078,3.7591
46,22.8,3.7859,0.0015,-0.1913,3.7907
46,23.0,3.9009,0.1238,-0.0633,3.9033
46,23.2,3.9917,0.0118,0.048,3.992
46,23.4,3.6777,-0.1057,-0.1965,3.6845
46,23.6,3.5592,-0.4408,-0.0332,3.5865
46,23.8,4.0218,-0.4737,0.0085,4.0496
47,0.0,3.1152,0.0524,0.0622,3.1163
47,0.2,2.685,0.211,0.2073,2.7013
47,0.4,2.4656,-0.0558,-0.0522,2.4668
47,0.6,2.4027,0.1573,0.0166,2.4079
47,0.8,2.3202,0.0833,-0.2324,2.3333
47,1.0,2.4521,-0.0275,-0.4886,2.5005
47,1.2,2.7415,0.1046,-0.4318,2.7772
47,1.4,2.6627,0.0087,-0.4852,2.7065
47,1.6,3.1501,-0.2354,-0.1193,3.1611
47,1.8,3.1736,0.4854,0.2961,3.2241
47,2.0,2.8508,0.7666,-0.2416,2.9619
47,2.2,3.3008,0.4914,-0.0744,3.338
47,2.4,3.3314,0.0934,0.0096,3.3327
47,2.6,3.6154,0.0969,-0.178,3.6211
47,2.8,3.4701,0.1188,-0.09,3.4733
47,3.0,3.4499,0.0057,0.426,3.4761
47,3.2,3.2885,-0.3996,0.5976,3.3662
47,3.4,3.2169,-0.1141,0.6487,3.2836
47,3.6,3.4037,-0.2626,0.6837,3.4816
47,3.8,3.4608,-0.36,0.6401,3.5379
47,4.0,3.3622,-0.4699,0.0502,3.3953
47,4.2,3.354,-0.8751,0.179,3.4709
47,4.4,2.8203,-0.8584,0.1156,2.9503
47,4.6,3.0996,-0.8535,0.4713,3.2493
47,4.8,3.1867,-0.6902,0.4592,3.2927
47,5.0,3.1277,-0.5109,-0.1372,3.1721
47,5.2,3.0162,-0.5057,-0.3789,3.0817
47,5.4,2.7059,-0.495,-0.4872,2.7936
47,5.6,2.463,-0.1395,-0.6358,2.5476
47,5.8,2.3748,-0.2858,-0.638,2.4755
47,6.0,2.5871,-0.0809,-0.7106,2.6841
47,6.2,2.8021,-0.2135,-0.7212,2.9013
47,6.4,2.567,0.3976,-0.7507,2.704
47,6.6,2.8122,-0.2046,-0.6568,2.8951
47,6.8,3.0074,-0.1527,-0.7459,3.1023
47,7.0,3.3133,-0.1472,-1.115,3.499
47,7.2,3.1583,-0.1916,-1.1728,3.3745
47,7.4,3.0383,-0.2708,-1.2916,3.3125
47,7.6,3.1155,-0.0287,-1.2041,3.3402
47,7.8,2.766,0.0195,-0.9228,2.9159
47,8.0,2.6166,0.401,-0.7402,2.7487
47,8.2,2.6408,0.3282,-0.8541,2.7948
47,8.4,2.3051,0.1226,-0.7335,2.4221
47,8.6,2.1855,0.2629,-0.611,2.2845
47,8.8,2.0441,0.1722,-0.3489,2.0808
47,9.0,2.159,0.0047,-0.4893,2.2137
47,9.2,1.8202,-0.3919,-0.7722,2.0157
47,9.4,1.9626,-0.1748,-0.7888,2.1224
47,9.6,2.1894,0.0129,-0.8441,2.3465
47,9.8,2.0723,-0.0826,-0.8196,2.2301
47,10.0,2.4163,-0.2545,-0.8532,2.5751
47,10.2,2.2999,-0.4094,-0.6909,2.4361
47,10.4,2.1677,-0.5363,-0.7368,2.3514
47,10.6,2.308,-0.4247,-0.8872,2.5088
47,10.8,2.3495,-0.5181,-0.7143,2.5097
47,11.0,2.3924,-0.4252,-0.6994,2.5285
47,11.2,2.6826,-0.1047,-0.7388,2.7844
47,11.4,2.9537,-0.4016,-0.788,3.0833
47,11.6,2.742,-0.194,-0.8011,2.8632
47,11.8,2.5168,-0.1162,-1.0125,2.7153
47,12.0,2.6128,-0.2142,-0.9123,2.7758
47,12.2,2.5158,-0.6448,-0.7538,2.7043
47,12.4,2.4461,-0.5117,-0.7308,2.6037
47,12.6,2.288,-0.467,-0.6789,2.4319
47,12.8,2.4384,-0.5068,-0.6849,2.5829
47,13.0,2.4545,-0.472,-0.6759,2.5893
47,13.2,2.651,-0.0088,-0.4761,2.6934
47,13.4,2.7265,-0.3468,-0.6826,2.8319
47,13.6,2.7684,-0.5956,-1.1287,3.0484
47,13.8,2.6415,-0.4743,-1.2893,2.9774
47,14.0,2.7471,-0.618,-1.2654,3.087
47,14.2,3.0091,-0.6017,-1.2103,3.2987
47,14.4,2.8238,-0.5194,-1.1934,3.1093
47,14.6,2.9206,-0.5558,-1.0584,3.1558
47,14.8,3.059,-0.4048,-0.9478,3.2279
47,15.0,2.6683,-0.5585,-1.0411,2.9181
47,15.2,3.2159,-0.3302,-0.7073,3.3093
47,15.4,3.1455,-0.2653,-0.0396,3.1569
47,15.6,3.1477,-0.4113,-0.3169,3.1902
47,15.8,2.8334,0.0747,-0.1145,2.8367
47,16.0,2.7742,0.2209,-0.3597,2.8062
47,16.2,2.6572,0.0891,-0.173,2.6643
47,16.4,3.0301,-0.2582,-0.1976,3.0475
47,16.6,3.2289,0.1344,-0.0865,3.2329
47,16.8,3.8837,0.6286,-0.0207,3.9343
47,17.0,3.9442,0.7726,0.1853,4.0235
47,17.2,4.0674,0.7253,0.4306,4.1539
47,17.4,3.5875,0.6607,0.5084,3.6831
47,17.6,3.6214,0.7773,0.1776,3.7081
47,17.8,3.6919,0.8113,0.2079,3.7857
47,18.0,3.7211,0.6651,-0.0414,3.7803
47,18.2,3.4968,0.8053,-0.2078,3.5943
47,18.4,3.4327,0.5132,-0.0856,3.4719
47,18.6,3.1691,0.8638,-0.3028,3.2987
47,18.8,2.9854,0.8597,-0.0932,3.1081
47,19.0,2.5416,0.8567,0.0063,2.6821
47,19.2,2.787,0.9269,0.3712,2.9605
47,19.4,2.9069,0.831,0.2044,3.0303
47,19.6,2.8257,0.7318,0.1437,2.9224
47,19.8,2.6607,0.7954,0.1669,2.782
47,20.0,2.5375,0.9406,-0.0123,2.7062
47,20.2,2.4717,0.8391,-0.0222,2.6103
47,20.4,2.5093,0.9199,0.102,2.6745
47,20.6,2.7237,0.9484,0.2921,2.8989
47,20.8,2.2755,0.6458,0.0418,2.3658
47,21.0,2.4646,0.8939,-0.0787,2.6229
47,21.2,2.3637,0.9995,-0.1729,2.5722
47,21.4,2.199,1.0257,0.2869,2.4433
47,21.6,2.6447,0.838,0.1767,2.7799
47,21.8,2.751,0.8061,0.074,2.8676
47,22.0,2.5526,0.746,0.25,2.6711
47,22.2,2.7044,0.3832,0.3416,2.7527
47,22.4,2.3582,0.2481,-0.2588,2.3853
47,22.6,2.3705,-0.1277,-0.1359,2.3778
47,22.8,2.5571,0.0839,0.1065,2.5607
47,23.0,2.5474,0.082,-0.1301,2.552
47,23.2,2.8257,-0.0154,-0.3879,2.8522
47,23.4,2.3429,-0.0879,-0.2631,2.3593
47,23.6,2.1588,-0.1645,-0.4222,2.2058
47,23.8,2.2943,-0.4562,-0.2193,2.3494
48,0.0,3.1198,-0.2199,-0.2198,3.1352
48,0.2,3.1537,-0.1407,-0.04,3.1571
48,0.4,2.817,-0.2759,-0.2192,2.8389
48,0.6,3.0153,-0.0397,-0.0785,3.0165
48,0.8,3.0416,-0.13,0.5178,3.0881
48,1.0,3.0857,-0.1104,0.6931,3.1645
48,1.2,2.9887,-0.3225,0.7608,3.1009
48,1.4,3.1627,-0.5065,0.9845,3.3509
48,1.6,3.4931,-0.7289,0.5757,3.6144
48,1.8,3.3936,-0.5857,0.5663,3.4901
48,2.0,3.2193,-0.6935,0.4736,3.327
48,2.2,3.0974,-0.6125,0.4472,3.1889
48,2.4,3.1164,-0.5291,0.5726,3.2125
48,2.6,3.1642,-0.4935,0.2223,3.2102
48,2.8,2.9767,-0.615,0.3209,3.0564
48,3.0,3.0985,-0.8229,0.5155,3.247
48,3.2,3.1302,-0.999,0.2938,3.2989
48,3.4,3.2679,-0.9388,0.1223,3.4023
48,3.6,3.1095,-0.7788,0.233,3.214
48,3.8,3.1726,-0.922,0.2146,3.3108
48,4.0,3.2547,-1.0049,-0.1552,3.4098
48,4.2,3.3211,-0.7812,0.1842,3.4168
48,4.4,3.2253,-0.8046,0.3046,3.338
48,4.6,3.0737,-0.6654,0.2516,3.1549
48,4.8,3.1998,-0.5688,0.3673,3.2706
48,5.0,3.0122,-0.3913,0.1784,3.0427
48,5.2,2.707,-0.0841,0.2424,2.7191
48,5.4,2.8953,-0.405,0.5357,2.9722
48,5.6,2.669,-0.6405,0.5566,2.8006
48,5.8,2.9027,-0.5036,0.7791,3.0473
48,6.0,3.2088,-0.7261,0.78,3.3811
48,6.2,3.4258,-0.769,0.4275,3.537
48,6.4,3.453,-0.7462,0.344,3.5494
48,6.6,3.6364,-0.9672,0.0387,3.763
48,6.8,3.4368,-0.7322,0.3942,3.536
48,7.0,3.3308,-0.6869,0.3277,3.4166
48,7.2,3.2484,-1.1637,0.298,3.4634
48,7.4,3.5216,-0.9687,0.2414,3.6604
48,7.6,3.3139,-0.6387,0.0954,3.3763
48,7.8,3.315,-0.5664,0.1402,3.3659
48,8.0,3.3337,-0.3119,0.0895,3.3494
48,8.2,3.3836,0.0553,0.0051,3.384
48,8.4,3.3855,-0.1057,-0.0099,3.3871
48,8.6,3.616,-0.1167,-0.0482,3.6182
48,8.8,3.873,-0.0424,0.0017,3.8733
48,9.0,3.7551,0.1753,-0.1969,3.7643
48,9.2,3.9048,0.4192,-0.3599,3.9437
48,9.4,3.8341,0.0967,-0.3663,3.8528
48,9.6,3.6378,0.4743,-0.4607,3.6974
48,9.8,3.6463,0.7054,-0.6463,3.7697
48,10.0,3.4342,0.4239,-0.5857,3.5095
48,10.2,3.054,0.5299,-0.6447,3.166
48,10.4,3.11,0.2533,-0.5168,3.1628
48,10.6,3.71,0.2052,-0.5929,3.7627
48,10.8,3.5552,-0.0676,-0.5224,3.594
48,11.0,3.6481,-0.062,-0.3999,3.6705
48,11.2,3.6483,0.1459,-0.5925,3.699
48,11.4,3.642,-0.2505,-0.6205,3.703
48,11.6,3.8814,0.111,-0.6609,3.9388
48,11.8,3.5161,0.2777,-0.5932,3.5766
48,12.0,3.4167,-0.0129,-0.6102,3.4708
48,12.2,3.6524,-0.1772,-0.0766,3.6575
48,12.4,3.4592,0.2461,0.1805,3.4726
48,12.6,3.4417,0.6674,-0.1585,3.5094
48,12.8,3.4603,0.4242,-0.122,3.4883
48,13.0,3.117,0.4879,-0.4288,3.184
48,13.2,3.026,0.7285,-0.2326,3.1212
48,13.4,3.1304,0.86,-0.0332,3.2466
48,13.6,2.6829,0.7313,0.2341,2.7907
48,13.8,2.9755,0.6614,0.115,3.0503
48,14.0,3.3707,1.06,-0.0942,3.5347
48,14.2,2.7542,1.0265,0.1125,2.9414
48,14.4,3.3762,0.7526,0.1387,3.4618
48,14.6,3.38,0.4648,0.3364,3.4284
48,14.8,3.6381,0.1461,0.492,3.6741
48,15.0,3.6159,-0.0805,0.4056,3.6395
48,15.2,3.771,-0.0017,0.3332,3.7856
48,15.4,3.7142,0.1941,0.307,3.7319
48,15.6,3.962,-0.0358,0.249,3.97
48,15.8,3.9215,0.0085,0.1971,3.9264
48,16.0,4.0364,-0.1072,0.2716,4.047
48,16.2,3.9723,-0.2121,-0.0136,3.978
48,16.4,3.872,-0.4426,0.1221,3.8991
48,16.6,3.6191,-0.3405,-0.1777,3.6394
48,16.8,3.6057,-0.3363,-0.1667,3.6252
48,17.0,3.7039,-0.7529,-0.3579,3.7966
48,17.2,3.8507,-0.6745,-0.412,3.9309
48,17.4,3.7306,-0.7342,-0.2765,3.8122
48,17.6,3.4257,-0.9556,-0.4323,3.5826
48,17.8,3.3011,-0.937,-0.3879,3.4534
48,18.0,3.3237,-0.8007,-0.6168,3.474
48,18.2,3.1137,-0.7948,-0.5237,3.2559
48,18.4,2.8414,-0.377,-0.6711,2.9439
48,18.6,3.1918,0.0641,-0.5898,3.2465
48,18.8,3.0879,-0.1973,-0.3901,3.1187
48,19.0,3.2014,0.0571,-0.4925,3.2396
48,19.2,3.3272,-0.2351,-0.4409,3.3646
48,19.4,3.0616,0.0402,-0.7376,3.1494
48,19.6,3.3281,0.1053,-0.5872,3.3811
48,19.8,3.1741,0.0582,-0.6383,3.2381
48,20.0,3.2381,-0.0977,-0.82,3.3417
48,20.2,3.067,0.3389,-0.5688,3.1377
48,20.4,3.0503,0.1806,-0.5952,3.1131
48,20.6,2.9382,0.2221,-0.2033,2.9536
48,20.8,2.7453,0.1642,-0.4348,2.7844
48,21.0,3.0575,0.873,-0.3967,3.2044
48,21.2,2.8333,0.8358,-0.4007,2.9811
48,21.4,2.8924,0.3977,-0.2111,2.9272
48,21.6,3.0143,0.5618,-0.2003,3.0728
48,21.8,3.0484,0.6188,-0.2976,3.1248
48,22.0,3.0928,0.7229,-0.1954,3.1821
48,22.2,3.6771,0.6803,-0.2548,3.7481
48,22.4,3.6148,0.4405,-0.4544,3.6698
48,22.6,3.0903,0.4341,-0.3222,3.1372
48,22.8,3.2569,0.447,0.0471,3.2877
48,23.0,3.4152,0.3085,0.157,3.4327
48,23.2,3.1558,0.3518,-0.1542,3.1791
48,23.4,3.0398,0.6804,-0.0937,3.1164
48,23.6,3.2472,0.6582,0.0878,3.3144
48,23.8,3.0888,0.5717,-0.1981,3.1475
49,0.0,3.1881,-0.1025,-0.3325,3.207
49,0.2,3.223,-0.2406,-0.2927,3.2452
49,0.4,3.3162,-0.1301,-0.2211,3.3261
49,0.6,2.6502,-0.3185,-0.4037,2.6996
49,0.8,2.6623,0.0393,-0.4174,2.6951
49,1.0,2.6384,-0.0515,-0.2036,2.6468
49,1.2,2.7256,-0.1196,-0.1895,2.7348
49,1.4,2.7577,-0.2582,-0.4257,2.8023
49,1.6,3.2029,-0.3578,-0.2697,3.2341
49,1.8,3.3784,-0.4907,0.0452,3.4142
49,2.0,3.4928,-0.4138,0.3724,3.5369
49,2.2,3.3503,-0.1861,0.6591,3.4196
49,2.4,3.4814,0.0781,0.5925,3.5323
49,2.6,3.3056,0.0904,0.7044,3.381
49,2.8,2.9291,0.3087,0.044,2.9456
49,3.0,2.9475,0.0289,0.1456,2.9512
49,3.2,3.039,-0.0346,0.3214,3.0562
49,3.4,3.4393,0.0727,0.6521,3.5013
49,3.6,3.3349,0.0439,0.1066,3.3369
49,3.8,3.702,0.1588,-0.0256,3.7055
49,4.0,3.8172,0.2002,-0.2261,3.8291
49,4.2,4.1186,0.2831,-0.3753,4.1454
49,4.4,4.2437,0.2789,-0.3543,4.2676
49,4.6,4.1904,-0.1026,-0.4528,4.216
49,4.8,4.0492,0.1482,0.1275,4.0539
49,5.0,4.1756,-0.4631,0.2061,4.2062
49,5.2,4.0161,-0.7253,0.0011,4.0811
49,5.4,4.1512,-0.4053,0.0677,4.1715
49,5.6,4.4425,-0.3235,-0.0468,4.4545
49,5.8,4.1825,-0.0562,-0.1536,4.1857
49,6.0,3.8574,-0.6519,-0.0513,3.9124
49,6.2,3.9158,-0.7095,-0.0182,3.9796
49,6.4,3.544,-0.4244,-0.4839,3.602
49,6.6,3.2866,-0.1613,-0.7738,3.3803
49,6.8,3.1427,0.3999,-0.9121,3.2967
49,7.0,3.0745,0.1095,-0.8298,3.1864
49,7.2,2.9056,0.3426,-0.8403,3.044
49,7.4,2.8816,0.772,-1.0258,3.1547
49,7.6,2.9014,0.5952,-1.2769,3.2254
49,7.8,2.6709,0.5441,-1.3379,3.0364
49,8.0,2.2046,0.4476,-1.1131,2.5099
49,8.2,2.2987,0.6897,-1.3639,2.7604
49,8.4,2.2612,0.3958,-1.2537,2.6156
49,8.6,2.0278,0.1727,-0.733,2.1631
49,8.8,1.9188,-0.0642,-0.7459,2.0597
49,9.0,2.1842,0.1315,-0.6084,2.2712
49,9.2,1.987,0.196,-0.6025,2.0856
49,9.4,2.1289,0.1949,-0.4146,2.1776
49,9.6,2.1625,0.3478,-0.5547,2.2595
49,9.8,2.2153,0.3791,-0.6185,2.3311
49,10.0,2.5381,0.2001,-0.6034,2.6165
49,10.2,2.7008,-0.0018,-0.6583,2.7799
49,10.4,2.6353,-0.2095,-0.5727,2.7049
49,10.6,2.9147,-0.5205,-0.1937,2.9672
49,10.8,2.8954,-0.5273,-0.0826,2.9442
49,11.0,3.1348,-0.2072,-0.4487,3.1735
49,11.2,3.1803,-0.3908,-0.2218,3.2119
49,11.4,2.8866,-0.013,0.1027,2.8885
49,11.6,3.0429,0.0145,0.0179,3.043
49,11.8,3.2957,-0.0417,-0.1124,3.2979
49,12.0,3.421,0.0299,-0.1277,3.4235
49,12.2,2.9687,0.0554,-0.1327,2.9722
49,12.4,3.2189,0.1447,0.1017,3.2237
49,12.6,3.229,0.1472,-0.4901,3.2693
49,12.8,2.8316,-0.0399,-0.3788,2.8571
49,13.0,3.123,0.1033,-0.2597,3.1355
49,13.2,2.8837,-0.2139,0.1017,2.8934
49,13.4,3.0625,-0.3228,0.093,3.0809
49,13.6,2.9855,0.0309,0.1189,2.988
49,13.8,3.3101,0.0707,-0.031,3.311
49,14.0,3.2088,0.1323,0.1376,3.2145
49,14.2,3.503,0.2254,0.099,3.5116
49,14.4,3.0869,0.0237,0.0097,3.087
49,14.6,3.2864,0.3549,0.2561,3.3154
49,14.8,3.3671,0.1672,0.1079,3.373
49,15.0,3.5987,-0.0031,0.4835,3.631
49,15.2,3.2576,-0.0476,0.5228,3.2997
49,15.4,3.2562,0.0598,0.7234,3.3361
49,15.6,3.2751,-0.0717,0.6806,3.3458
49,15.8,3.392,-0.0847,0.8353,3.4944
49,16.0,3.2902,-0.1866,0.679,3.3647
49,16.2,2.9536,-0.0671,0.685,3.0328
49,16.4,2.9337,0.0977,0.7306,3.0249
49,16.6,3.0375,0.2799,0.8761,3.1737
49,16.8,3.2023,0.2285,0.6831,3.2823
49,17.0,3.1729,0.0176,0.2235,3.1808
49,17.2,3.3249,-0.0261,0.2295,3.3329
49,17.4,3.4109,-0.4736,0.1371,3.4463
49,17.6,3.6625,-0.1602,-0.0263,3.6661
49,17.8,3.8066,-0.229,-0.0701,3.8141
49,18.0,3.7056,0.0391,-0.0266,3.7059
49,18.2,3.7909,0.3498,-0.0817,3.8079
49,18.4,4.0574,0.7183,-0.2614,4.1288
49,18.6,4.0156,0.873,0.0449,4.1096
49,18.8,4.0047,1.2512,0.0074,4.1956
49,19.0,3.9003,1.3331,-0.0396,4.122
49,19.2,4.1506,1.4266,-0.3812,4.4055
49,19.4,4.0237,1.5543,-0.6047,4.3556
49,19.6,4.0115,1.6947,-0.5086,4.3843
49,19.8,3.8259,1.6341,-0.3968,4.1791
49,20.0,3.6957,1.3564,-0.278,3.9465
49,20.2,3.5159,0.9277,-0.1209,3.6383
49,20.4,3.3599,0.9684,-0.3045,3.5099
49,20.6,3.1285,0.7813,-0.0116,3.2246
49,20.8,3.0222,0.7917,-0.0279,3.1243
49,21.0,3.6386,0.7242,-0.031,3.7101
49,21.2,3.648,0.7109,-0.1127,3.7183
49,21.4,3.6269,0.732,-0.0434,3.7003
49,21.6,3.4039,0.9697,-0.1424,3.5422
49,21.8,3.852,0.7271,-0.3759,3.938
49,22.0,3.9811,0.6591,-0.2616,4.0438
49,22.2,4.1535,0.6386,-0.1576,4.2052
49,22.4,3.755,0.2948,-0.0123,3.7666
49,22.6,3.497,0.2069,-0.1836,3.508
49,22.8,3.9562,0.0446,-0.251,3.9644
49,23.0,4.1236,-0.161,-0.2852,4.1366
49,23.2,4.2439,0.011,-0.1745,4.2475
49,23.4,3.7089,-0.002,-0.3675,3.7271
49,23.6,3.7281,-0.1018,-0.0831,3.7305
49,23.8,3.6143,-0.3354,0.1795,3.6342
50,0.0,3.0368,0.0945,0.2772,3.0509
50,0.2,2.7998,0.0942,0.7695,2.9052
50,0.4,3.2099,-0.1809,0.6618,3.2824
50,0.6,3.0375,-0.3827,0.9113,3.1943
50,0.8,2.6685,-0.6071,1.1472,2.9674
50,1.0,2.8065,-0.4958,0.9052,2.9903
50,1.2,2.7389,-0.417,0.8957,2.9116
50,1.4,2.7813,-0.7952,0.6787,2.9713
50,1.6,2.7731,-0.7968,0.4968,2.9277
50,1.8,2.7565,-0.4803,0.1193,2.8005
50,2.0,2.8976,-0.6108,0.1881,2.9672
50,2.2,2.9316,-0.8098,0.0407,3.0417
50,2.4,2.9016,-0.4964,-0.1112,2.9458
50,2.6,2.8376,-0.5135,0.0401,2.884
50,2.8,2.9992,-0.255,-0.1621,3.0144
50,3.0,2.8847,-0.0426,-0.4735,2.9236
50,3.2,3.2571,0.0153,-0.4634,3.29
50,3.4,3.1783,-0.0581,-0.2767,3.1908
50,3.6,2.9935,-0.2242,0.2714,3.0141
50,3.8,2.654,-0.0275,0.2617,2.667
50,4.0,2.8973,0.0481,0.3879,2.9236
50,4.2,2.5858,-0.0151,0.4189,2.6196
50,4.4,2.821,0.0482,0.62,2.8887
50,4.6,2.6781,0.0519,0.7431,2.7798
50,4.8,3.0889,0.1046,0.2167,3.0982
50,5.0,2.9777,0.0685,0.2063,2.9856
50,5.2,2.9281,0.0322,0.7848,3.0316
50,5.4,3.0662,0.351,0.8827,3.21
50,5.6,3.0789,-0.1835,1.1753,3.3007
50,5.8,2.9528,-0.3853,1.4918,3.3306
50,6.0,2.8983,-0.2305,1.3167,3.1917
50,6.2,2.9636,0.0598,1.2343,3.211
50,6.4,2.8458,-0.1489,0.8615,2.977
50,6.6,2.8615,0.0054,0.9425,3.0128
50,6.8,3.0008,-0.1246,1.2385,3.2488
50,7.0,2.8986,-0.2398,1.3593,3.2104
50,7.2,2.8103,-0.3376,1.5546,3.2293
50,7.4,3.207,-0.3628,1.4309,3.5304
50,7.6,3.0529,-0.3488,1.4648,3.404
50,7.8,3.1988,-0.4187,1.2689,3.4666
50,8.0,3.6024,-0.1942,1.3662,3.8577
50,8.2,3.5329,-0.3564,0.7964,3.639
50,8.4,3.5278,-0.3196,0.7291,3.6165
50,8.6,3.4532,0.0406,1.0267,3.6029
50,8.8,3.4945,-0.0625,1.1145,3.6685
50,9.0,3.4369,0.0886,1.26,3.6616
50,9.2,3.4456,0.0416,1.1419,3.6302
50,9.4,3.1664,0.2554,1.2883,3.428
50,9.6,3.3425,-0.1772,1.4576,3.6508
50,9.8,3.3508,0.0013,1.2548,3.5781
50,10.0,3.4546,-0.0794,1.1108,3.6297
50,10.2,3.397,0.1082,1.2775,3.6309
50,10.4,3.6116,0.2723,0.8814,3.7276
50,10.6,3.9581,0.2379,0.6265,4.0144
50,10.8,3.8851,-0.2441,0.6444,3.9457
50,11.0,4.0883,-0.2091,0.6316,4.1421
50,11.2,3.9365,-0.0042,0.644,3.9889
50,11.4,3.8395,0.0723,0.6832,3.9005
50,11.6,3.7107,-0.1661,0.6854,3.7771
50,11.8,3.6853,-0.2737,0.6292,3.7486
50,12.0,3.9067,-0.1656,0.8634,4.0044
50,12.2,3.8651,-0.354,0.7977,3.9624
50,12.4,3.6773,-0.1059,0.4701,3.7088
50,12.6,3.663,-0.1354,0.4278,3.6904
50,12.8,3.5745,-0.2642,0.6628,3.645
50,13.0,3.5376,-0.1493,0.3702,3.5601
50,13.2,3.6487,0.0693,0.621,3.7018
50,13.4,3.8151,0.2767,0.3876,3.8447
50,13.6,3.8132,0.1869,0.4872,3.8487
50,13.8,3.8963,0.0597,0.5304,3.9326
50,14.0,3.8542,0.6039,0.2062,3.9066
50,14.2,3.6989,0.4521,0.5148,3.7618
50,14.4,3.5385,0.3631,0.5892,3.6056
50,14.6,3.0091,0.5435,0.6627,3.1288
50,14.8,2.9993,0.0242,0.6538,3.0698
50,15.0,3.072,-0.2082,0.8577,3.1962
50,15.2,3.2475,0.1173,0.5878,3.3023
50,15.4,3.4037,0.0569,0.705,3.4764
50,15.6,3.0882,0.1574,0.5659,3.1435
50,15.8,3.148,0.1791,0.2778,3.1653
50,16.0,3.1765,-0.2159,0.484,3.2204
50,16.2,3.1667,-0.1616,0.6169,3.2303
50,16.4,3.2543,0.1269,0.4319,3.2853
50,16.6,3.2701,0.008,0.6021,3.325
50,16.8,3.6894,-0.0906,0.3938,3.7115
50,17.0,3.7439,0.1402,0.2666,3.756
50,17.2,3.6912,0.2154,-0.0036,3.6975
50,17.4,3.6358,0.2371,0.1467,3.6465
50,17.6,3.1149,0.2654,-0.1373,3.1292
50,17.8,3.5061,0.2855,-0.1665,3.5217
50,18.0,2.9869,0.8395,0.1655,3.1071
50,18.2,2.8848,0.8295,-0.1178,3.004
50,18.4,2.9023,0.511,-0.0715,2.9478
50,18.6,3.0803,0.393,-0.1227,3.1077
50,18.8,3.0566,0.1949,0.1161,3.065
50,19.0,3.2239,0.2169,-0.0569,3.2317
50,19.2,3.2633,0.1615,0.2329,3.2756
50,19.4,3.0394,0.3931,0.2286,3.0733
50,19.6,2.9617,0.4727,0.0028,2.9991
50,19.8,3.0684,0.4825,-0.3624,3.1272
50,20.0,2.8626,0.9321,-0.2933,3.0248
50,20.2,3.1871,0.9383,-0.1787,3.3271
50,20.4,2.8399,0.7059,-0.2265,2.9351
50,20.6,2.9455,0.9384,-0.4701,3.1269
50,20.8,2.7252,0.7044,-0.5431,2.8667
50,21.0,2.374,0.8312,-0.6075,2.5876
50,21.2,2.151,0.7778,-0.8159,2.4285
50,21.4,2.1158,0.7136,-0.7406,2.3525
50,21.6,2.0799,0.8586,-0.67,2.3478
50,21.8,1.9555,1.2904,-0.3156,2.3641
50,22.0,2.3962,1.2786,-0.4797,2.7581
50,22.2,2.3069,1.4974,-0.6595,2.8283
50,22.4,2.4478,1.0065,-1.0009,2.8296
50,22.6,2.3962,0.9439,-1.1365,2.815
50,22.8,2.3124,0.6789,-0.8247,2.5472
50,23.0,2.5904,0.5342,-1.1508,2.8845
50,23.2,2.2978,0.8508,-1.074,2.6753
50,23.4,2.2014,0.6764,-0.9939,2.5083
50,23.6,2.2398,0.2786,-1.0707,2.4981
50,23.8,2.1773,0.2078,-1.1204,2.4575
51,0.0,2.9652,-0.1352,0.2317,2.9773
51,0.2,2.8481,0.0431,0.3601,2.8711
51,0.4,3.0195,-0.3212,0.5865,3.0927
51,0.6,3.3404,-0.3531,0.4738,3.3923
51,0.8,3.1145,-0.2174,0.4356,3.1523
51,1.0,3.0484,-0.2787,0.4497,3.0939
51,1.2,2.8868,-0.2416,0.2044,2.9041
51,1.4,2.9085,-0.1732,-0.137,2.9168
51,1.6,3.1215,-0.4059,-0.1172,3.15
51,1.8,3.42,-0.276,-0.1326,3.4336
51,2.0,3.5255,0.0528,-0.0237,3.5259
51,2.2,4.096,0.2461,-0.153,4.1063
51,2.4,3.9518,0.3133,-0.0971,3.9654
51,2.6,4.0472,0.1554,-0.0807,4.0509
51,2.8,4.148,0.107,-0.1673,4.1527
51,3.0,4.0186,-0.0586,0.2335,4.0258
51,3.2,3.7946,0.1493,0.2425,3.8053
51,3.4,3.3082,-0.2346,0.4087,3.3416
51,3.6,3.512,-0.2233,0.0603,3.5197
51,3.8,2.8005,-0.6168,-0.3002,2.8833
51,4.0,2.8092,-0.6716,-0.3307,2.9073
51,4.2,2.6487,-0.2224,-0.6069,2.7264
51,4.4,2.5854,-0.3255,-0.3475,2.6288
51,4.6,2.9577,-0.4728,-0.2727,3.0076
51,4.8,2.946,-0.5892,-0.0496,3.0047
51,5.0,2.9506,-0.5187,0.1432,2.9993
51,5.2,2.9065,-0.7597,-0.3868,3.0289
51,5.4,2.7054,-0.5672,-0.4473,2.8002
51,5.6,2.9324,-0.5733,-0.3332,3.0065
51,5.8,2.8653,-0.6157,-0.4998,2.973
51,6.0,2.9102,-0.6214,-0.4458,3.009
51,6.2,2.6758,-0.8133,-0.5676,2.8537
51,6.4,2.7494,-0.7305,-0.5814,2.9036
51,6.6,2.6938,-0.6855,-0.5967,2.843
51,6.8,2.6181,-0.838,-0.348,2.7709
51,7.0,2.2713,-0.3124,-0.2335,2.3046
51,7.2,2.2336,-0.2246,-0.299,2.2646
51,7.4,2.2246,-0.5992,-0.3638,2.3324
51,7.6,2.2108,-0.4722,-0.2707,2.2768
51,7.8,2.263,-0.1579,-0.0681,2.2696
51,8.0,2.4886,-0.2856,0.0805,2.5062
51,8.2,2.7093,-0.3405,0.3316,2.7507
51,8.4,2.9869,-0.6136,0.2625,3.0605
51,8.6,3.1225,-0.9087,0.3245,3.2682
51,8.8,3.2983,-1.029,0.3382,3.4716
51,9.0,2.9346,-1.1631,0.8063,3.258
51,9.2,3.0084,-0.9158,0.8284,3.252
51,9.4,2.6368,-0.8459,0.7791,2.8767
51,9.6,2.7336,-0.3222,0.7428,2.851
51,9.8,2.7596,-0.3897,0.8233,2.906
51,10.0,2.9272,-0.1687,0.8072,3.0412
51,10.2,3.0866,0.001,0.8414,3.1992
51,10.4,3.1971,-0.0859,0.649,3.2635
51,10.6,3.4251,0.0755,0.882,3.5376
51,10.8,3.4403,0.097,0.9259,3.5641
51,11.0,3.4201,0.1531,0.5908,3.4741
51,11.2,3.6876,0.3203,0.5292,3.7391
51,11.4,3.7644,0.7485,0.5398,3.8759
51,11.6,3.719,0.7877,0.4856,3.8324
51,11.8,3.3045,0.745,0.6128,3.4424
51,12.0,3.4235,0.3989,0.6788,3.5129
51,12.2,3.3315,0.1288,0.6929,3.4052
51,12.4,3.6808,0.2679,0.8181,3.7802
51,12.6,3.5871,0.2645,0.9288,3.7149
51,12.8,3.6441,-0.152,0.7879,3.7314
51,13.0,3.3779,-0.2498,0.9257,3.5113
51,13.2,3.3811,-0.436,0.5293,3.45
51,13.4,3.2969,-0.3019,0.4545,3.3418
51,13.6,3.1582,-0.2586,0.76,3.2586
51,13.8,3.4255,-0.3845,0.4731,3.4793
51,14.0,3.4635,-0.1531,0.3622,3.4858
51,14.2,3.1996,0.1368,0.4812,3.2384
51,14.4,3.3124,0.5599,0.1227,3.3616
51,14.6,3.2012,0.6765,0.3409,3.2896
51,14.8,2.9662,0.8761,0.3212,3.1095
51,15.0,2.8823,0.5409,0.3287,2.9509
51,15.2,3.0033,0.3946,0.3893,3.054
51,15.4,3.3229,0.4286,0.2842,3.3624
51,15.6,3.2731,0.3017,0.0493,3.2874
51,15.8,3.3521,0.1761,-0.0207,3.3567
51,16.0,3.3476,0.2003,-0.5264,3.3946
51,16.2,3.0467,0.3447,-0.5684,3.1183
51,16.4,2.7996,0.114,-0.5288,2.8514
51,16.6,3.0351,0.0041,-0.3917,3.0603
51,16.8,2.7831,-0.0676,-0.2866,2.7986
51,17.0,2.9538,-0.3612,-0.6527,3.0465
51,17.2,2.8343,-0.3145,-0.2378,2.8616
51,17.4,3.3386,-0.2253,-0.4569,3.3772
51,17.6,3.397,-0.2693,-0.2485,3.4167
51,17.8,3.2617,0.0406,-0.1388,3.2649
51,18.0,3.0891,0.0253,-0.2813,3.102
51,18.2,3.2788,0.2576,0.0053,3.2889
51,18.4,2.8319,0.2034,0.0397,2.8395
51,18.6,2.9168,0.2027,-0.0202,2.9239
51,18.8,3.0917,0.3146,0.0708,3.1085
51,19.0,3.0245,0.2794,0.0287,3.0375
51,19.2,2.9056,0.2213,-0.0718,2.9149
51,19.4,2.9775,0.2811,-0.1538,2.9947
51,19.6,3.0437,0.3004,-0.2408,3.0679
51,19.8,2.9754,0.2537,-0.3219,3.0035
51,20.0,2.9451,0.2037,-0.296,2.9669
51,20.2,3.0237,0.1073,-0.4117,3.0535
51,20.4,2.8587,0.2237,-0.3035,2.8834
51,20.6,2.804,0.2449,-0.2364,2.8246
51,20.8,3.1115,0.3905,-0.531,3.1805
51,21.0,3.0239,0.3304,-0.2883,3.0556
51,21.2,3.0218,0.5211,-0.3888,3.0909
51,21.4,2.9532,0.2481,-0.4161,2.9927
51,21.6,3.1535,0.0902,-0.0357,3.155
51,21.8,3.1491,-0.0844,0.0431,3.1505
51,22.0,2.8372,0.0297,-0.2113,2.8452
51,22.2,3.0811,0.0729,-0.0764,3.0829
51,22.4,3.2133,-0.1748,-0.2739,3.2297
51,22.6,3.3386,0.1459,-0.4287,3.3692
51,22.8,3.221,0.5061,-0.0931,3.2619
51,23.0,3.2628,0.6409,-0.3368,3.3422
51,23.2,3.1024,0.9131,-0.1556,3.2377
51,23.4,3.3178,1.5135,0.021,3.6468
51,23.6,3.3848,1.4313,-0.4473,3.7021
51,23.8,3.4428,1.4285,-0.295,3.739
52,0.0,3.2319,-0.003,-0.1135,3.2339
52,0.2,3.2502,0.1602,0.2793,3.2661
52,0.4,3.3411,0.018,0.1283,3.3436
52,0.6,3.6326,-0.0018,-0.0334,3.6327
52,0.8,3.3472,-0.0348,-0.0924,3.3486
52,1.0,3.2076,0.0081,-0.0149,3.2076
52,1.2,3.1398,-0.0409,-0.0696,3.1409
52,1.4,3.1445,-0.0234,-0.3561,3.1647
52,1.6,3.0601,0.1046,-0.5181,3.1054
52,1.8,3.1059,-0.0878,-0.3628,3.1283
52,2.0,3.1919,0.0958,-0.3958,3.2177
52,2.2,3.2814,-0.2225,-0.5818,3.34
52,2.4,3.0906,-0.1831,-0.2658,3.1074
52,2.6,2.9367,-0.2015,-0.0736,2.9445
52,2.8,3.198,-0.2143,-0.0916,3.2065
52,3.0,3.0302,-0.1329,-0.1689,3.0378
52,3.2,3.0378,0.0039,-0.2016,3.0445
52,3.4,3.229,0.0454,-0.0607,3.2299
52,3.6,3.3685,0.197,0.1746,3.3788
52,3.8,3.4823,0.2884,0.0169,3.4943
52,4.0,3.9232,-0.0209,0.3754,3.9412
52,4.2,4.1609,0.2358,-0.0173,4.1676
52,4.4,4.0625,0.3534,0.1831,4.082
52,4.6,3.734,-0.1657,0.4569,3.7655
52,4.8,3.7082,-0.1301,0.3504,3.727
52,5.0,3.4738,-0.1199,-0.1309,3.4783
52,5.2,3.0324,0.1399,-0.5686,3.0884
52,5.4,3.201,0.1801,-0.157,3.2099
52,5.6,3.2804,0.3188,-0.0378,3.2961
52,5.8,3.1892,0.2793,-0.0381,3.2017
52,6.0,2.8453,0.264,0.0141,2.8575
52,6.2,2.9488,0.2981,0.0271,2.964
52,6.4,2.7517,0.1282,0.2278,2.7641
52,6.6,2.9341,0.4366,0.4752,3.0042
52,6.8,2.6766,0.5382,0.3086,2.7476
52,7.0,2.6961,0.6571,0.4095,2.8051
52,7.2,2.9563,0.3834,0.2238,2.9894
52,7.4,2.7341,0.1244,0.1079,2.7391
52,7.6,2.4494,0.1927,0.1236,2.4601
52,7.8,2.6474,0.3308,-0.0464,2.6684
52,8.0,2.5006,0.1674,-0.175,2.5123
52,8.2,2.7134,-0.0611,-0.0122,2.7141
52,8.4,3.0286,-0.0046,0.0268,3.0287
52,8.6,3.1193,-0.5191,0.0338,3.1624
52,8.8,3.0705,-0.4138,0.4695,3.1336
52,9.0,3.2017,-0.4384,0.6347,3.2934
52,9.2,3.3282,-0.0217,1.0071,3.4773
52,9.4,3.8045,0.1188,0.7473,3.879
52,9.6,3.6914,0.1929,0.2019,3.702
52,9.8,3.7569,0.319,0.4537,3.7976
52,10.0,3.5681,0.3875,0.8026,3.6777
52,10.2,3.4547,0.3245,0.7072,3.5413
52,10.4,3.3794,0.5159,0.7467,3.4991
52,10.6,3.4023,0.7893,0.9609,3.6225
52,10.8,3.4102,0.793,0.7315,3.5768
52,11.0,3.4051,0.9588,0.7425,3.6146
52,11.2,3.5431,0.4466,0.7817,3.6557
52,11.4,3.8004,0.3064,0.6711,3.8714
52,11.6,3.4919,0.0297,0.4328,3.5187
52,11.8,3.4733,0.2414,0.3191,3.4962
52,12.0,3.384,0.0438,0.3329,3.4006
52,12.2,3.3514,-0.006,0.4943,3.3877
52,12.4,3.4235,-0.041,0.5387,3.4659
52,12.6,3.3419,-0.1999,0.726,3.4257
52,12.8,3.3938,-0.2847,0.4006,3.4292
52,13.0,3.0921,-0.0154,0.3927,3.1169
52,13.2,2.8197,0.2513,0.146,2.8347
52,13.4,2.3145,0.3736,0.265,2.3594
52,13.6,2.435,0.4373,0.3096,2.4932
52,13.8,2.4823,0.4548,0.4431,2.5622
52,14.0,2.4824,0.093,0.6263,2.5619
52,14.2,2.6455,0.1442,0.7315,2.7485
52,14.4,2.5303,0.1435,0.3207,2.5545
52,14.6,2.5054,-0.1961,0.1553,2.5179
52,14.8,2.1039,-0.2847,0.2235,2.1348
52,15.0,1.7915,-0.5884,0.0565,1.8866
52,15.2,1.8386,-0.5988,-0.2981,1.9565
52,15.4,2.334,-0.2197,-0.2233,2.3549
52,15.6,2.5298,-0.1978,-0.5034,2.5869
52,15.8,2.9333,-0.2489,-0.4486,2.9778
52,16.0,2.7855,-0.6007,-0.3213,2.8676
52,16.2,3.0277,-0.0377,-0.3933,3.0534
52,16.4,3.179,0.2863,-0.2882,3.2049
52,16.6,2.9923,0.2033,-0.1467,3.0028
52,16.8,2.958,-0.1331,-0.3459,2.9811
52,17.0,3.2773,-0.0681,-0.1662,3.2822
52,17.2,2.9091,0.2705,-0.5214,2.9678
52,17.4,2.92,0.4968,-0.6261,3.0274
52,17.6,3.164,0.1855,-0.634,3.2322
52,17.8,3.2336,0.1585,-0.7802,3.3302
52,18.0,3.4388,-0.0958,-0.7331,3.5174
52,18.2,3.1859,0.282,-0.7744,3.2907
52,18.4,3.1839,-0.015,-1.0194,3.3431
52,18.6,3.3829,-0.2121,-1.2192,3.6022
52,18.8,3.1653,-0.2261,-1.0648,3.3472
52,19.0,3.2884,-0.2623,-0.8863,3.4158
52,19.2,3.5843,-0.0433,-0.6892,3.6502
52,19.4,3.4692,0.192,-0.3543,3.4926
52,19.6,3.5896,0.3697,-0.442,3.6356
52,19.8,3.5749,0.2218,-0.2248,3.5889
52,20.0,3.4832,0.1442,-0.0152,3.4862
52,20.2,3.3989,0.1213,0.2364,3.4092
52,20.4,3.3475,0.1951,0.2526,3.3627
52,20.6,3.6762,0.5431,-0.2119,3.7221
52,20.8,3.4413,0.6262,-0.214,3.5044
52,21.0,3.5498,0.481,-0.5422,3.623
52,21.2,3.4494,0.666,-0.0788,3.514
52,21.4,3.4122,0.5971,-0.2824,3.4755
52,21.6,3.4153,0.4799,-0.2605,3.4587
52,21.8,3.2221,0.5064,-0.3111,3.2764
52,22.0,3.1976,0.237,-0.2129,3.2134
52,22.2,3.04,0.2896,-0.0632,3.0544
52,22.4,3.084,0.4692,0.068,3.1202
52,22.6,3.069,0.1502,0.1351,3.0757
52,22.8,3.107,0.3424,0.0732,3.1266
52,23.0,3.2043,-0.3211,-0.0,3.2203
52,23.2,3.3386,-0.0339,-0.157,3.3425
52,23.4,3.5939,0.0278,-0.3729,3.6134
52,23.6,3.6022,-0.1882,-0.4356,3.6333
52,23.8,3.4343,-0.1479,-0.1084,3.4392
53,0.0,3.0344,-0.1354,-0.3091,3.0531
53,0.2,3.6476,0.0931,-0.0512,3.6491
53,0.4,3.5288,0.1202,0.1069,3.5325
53,0.6,3.2386,0.1071,-0.0471,3.2408
53,0.8,3.1367,0.2532,-0.1164,3.1491
53,1.0,3.0376,0.0133,0.0324,3.0378
53,1.2,2.9722,0.0104,-0.679,3.0488
53,1.4,2.8996,-0.0662,-0.6871,2.9806
53,1.6,2.5544,-0.1983,-0.8616,2.703
53,1.8,2.7446,-0.5338,-0.8334,2.9176
53,2.0,2.5322,-0.8147,-0.4926,2.7053
53,2.2,3.0252,-0.6595,-0.2151,3.1037
53,2.4,3.0284,-0.5282,-0.0207,3.0742
53,2.6,2.8933,-0.7402,-0.0606,2.9871
53,2.8,2.6923,-0.6007,0.2669,2.7714
53,3.0,2.7316,-0.6234,0.2684,2.8147
53,3.2,2.9825,-0.2537,0.0258,2.9934
53,3.4,2.6513,0.0952,-0.2111,2.6614
53,3.6,2.6021,0.224,-0.253,2.6239
53,3.8,2.6792,-0.0174,-0.2564,2.6915
53,4.0,2.6923,0.1488,-0.1341,2.6997
53,4.2,2.6182,0.1247,-0.2778,2.6359
53,4.4,2.5089,0.1284,-0.2937,2.5293
53,4.6,2.6424,0.0823,-0.3644,2.6687
53,4.8,2.4634,-0.0251,0.0755,2.4647
53,5.0,2.3776,-0.1138,0.0465,2.3808
53,5.2,2.5002,-0.1649,-0.1589,2.5106
53,5.4,2.7321,0.2586,-0.212,2.7525
53,5.6,3.1834,0.1905,-0.2485,3.1988
53,5.8,2.9508,0.0923,0.0773,2.9533
53,6.0,2.8467,-0.0453,-0.1265,2.8498
53,6.2,2.9088,-0.2198,0.0919,2.9185
53,6.4,2.741,-0.1937,-0.1064,2.7499
53,6.6,2.9517,-0.1391,0.0037,2.955
53,6.8,3.3276,-0.1773,-0.2765,3.3438
53,7.0,3.2264,0.0164,-0.3461,3.245
53,7.2,3.1365,-0.377,-0.3467,3.1781
53,7.4,3.0544,-0.7346,-0.3737,3.1636
53,7.6,3.3821,-0.5982,-0.4493,3.4639
53,7.8,3.2525,-0.9388,-0.2583,3.3951
53,8.0,3.6486,-1.0817,-0.6482,3.8604
53,8.2,3.6,-0.7847,-0.7514,3.7604
53,8.4,3.5265,-0.6219,-0.8781,3.687
53,8.6,3.6835,-0.1687,-1.009,3.8229
53,8.8,3.4453,-0.2906,-0.9002,3.5728
53,9.0,3.1935,-0.2585,-0.8321,3.3102
53,9.2,3.113,0.0809,-0.4898,3.1524
53,9.4,3.0524,0.0451,-0.5522,3.1023
53,9.6,3.2498,-0.066,-0.5115,3.2904
53,9.8,3.4607,-0.0521,-0.2718,3.4718
53,10.0,3.3679,-0.3318,-0.1736,3.3887
53,10.2,3.549,-0.0736,0.1593,3.5533
53,10.4,3.4028,-0.002,0.0838,3.4039
53,10.6,3.2905,0.2289,-0.0086,3.2985
53,10.8,3.0818,0.521,-0.1423,3.1288
53,11.0,3.357,0.5449,-0.1555,3.4045
53,11.2,3.2312,0.5382,-0.5637,3.3239
53,11.4,3.6774,0.1661,0.0422,3.6814
53,11.6,3.5049,0.046,-0.0807,3.5061
53,11.8,3.4902,-0.1046,0.3033,3.5049
53,12.0,3.4881,-0.2032,-0.0353,3.4942
53,12.2,3.6276,-0.0116,0.3714,3.6466
53,12.4,3.6467,-0.3276,0.3961,3.6828
53,12.6,3.38,-0.3264,-0.131,3.3983
53,12.8,3.1533,-0.1918,0.025,3.1592
53,13.0,2.7893,-0.2432,0.0105,2.7999
53,13.2,2.7292,-0.0618,0.0091,2.7299
53,13.4,3.0404,0.24,0.0086,3.0499
53,13.6,2.9275,0.1704,-0.0004,2.9325
53,13.8,2.845,0.0124,-0.2168,2.8533
53,14.0,3.1832,0.137,0.0871,3.1873
53,14.2,3.4168,-0.0079,0.1058,3.4184
53,14.4,3.2919,0.0087,-0.3529,3.3108
53,14.6,3.2561,0.0757,-0.3654,3.2774
53,14.8,2.8925,0.1284,-0.6178,2.9605
53,15.0,3.0766,0.3395,-0.879,3.2177
53,15.2,2.981,0.6004,-0.4735,3.0775
53,15.4,2.5387,0.6143,-0.2845,2.6274
53,15.6,2.28,0.2937,-0.3867,2.3312
53,15.8,2.2508,0.3298,-0.2663,2.2904
53,16.0,2.2236,-0.1522,-0.0416,2.2292
53,16.2,2.357,0.0914,0.142,2.3631
53,16.4,2.3924,0.0172,0.0582,2.3931
53,16.6,2.4308,0.1815,-0.3449,2.4618
53,16.8,2.6312,0.3151,-0.0015,2.65
53,17.0,2.809,0.3265,0.145,2.8316
53,17.2,2.4951,0.4402,0.0168,2.5337
53,17.4,2.3721,0.4227,0.0878,2.411
53,17.6,2.6818,0.2188,0.295,2.7069
53,17.8,2.8138,0.1306,0.0691,2.8177
53,18.0,2.5499,0.3829,-0.2245,2.5883
53,18.2,2.9036,0.4055,-0.0405,2.932
53,18.4,2.6937,0.4513,-0.3284,2.7509
53,18.6,2.8526,0.4917,-0.0285,2.8948
53,18.8,3.2768,0.6694,-0.123,3.3468
53,19.0,3.5379,0.9335,-0.2537,3.6677
53,19.2,3.7236,1.0173,-0.0818,3.8609
53,19.4,3.4033,0.7122,0.3657,3.4962
53,19.6,3.6405,0.6044,0.6664,3.75
53,19.8,3.659,0.3694,0.4237,3.7019
53,20.0,3.4142,0.3373,0.5184,3.4698
53,20.2,3.5071,0.3603,0.7884,3.6127
53,20.4,3.2679,0.4485,0.3799,3.3203
53,20.6,3.1224,0.7609,0.6595,3.2807
53,20.8,3.2618,0.677,0.6602,3.3961
53,21.0,3.0836,0.656,0.5298,3.1968
53,21.2,2.9054,0.9207,0.2746,3.0601
53,21.4,3.0957,0.7417,0.0752,3.1842
53,21.6,2.8639,0.5944,0.1475,2.9287
53,21.8,2.9999,0.4191,0.6329,3.0945
53,22.0,2.6263,0.3722,0.199,2.66
53,22.2,2.691,0.1649,0.1522,2.7004
53,22.4,2.8595,0.3037,0.3811,2.9007
53,22.6,2.6619,0.4732,0.3487,2.726
53,22.8,2.7814,0.2573,0.3339,2.8132
53,23.0,2.6417,-0.024,0.38,2.669
53,23.2,2.606,0.0464,0.5105,2.656
53,23.4,2.8469,0.0737,0.6199,2.9145
53,23.6,2.9775,-0.3009,0.4272,3.023
53,23.8,2.5429,-0.2443,0.3037,2.5726
54,0.0,3.2694,-0.0133,-0.0739,3.2703
54,0.2,3.3681,0.1624,-0.0735,3.3728
54,0.4,3.3687,0.1288,-0.0781,3.3721
54,0.6,3.0753,0.457,-0.1244,3.1116
54,0.8,2.8769,0.5805,-0.2532,2.9457
54,1.0,2.8061,0.0815,-0.331,2.8268
54,1.2,2.5916,0.4047,-0.3995,2.6532
54,1.4,2.7254,0.1708,-0.4999,2.7761
54,1.6,2.7979,0.1618,-0.488,2.8448
54,1.8,3.0503,-0.1744,-0.4785,3.0925
54,2.0,3.0835,-0.0178,-0.0807,3.0846
54,2.2,3.466,0.0602,-0.1912,3.4718
54,2.4,3.1505,0.4922,-0.0685,3.1895
54,2.6,3.0327,0.5399,-0.1673,3.0849
54,2.8,3.5861,0.6518,-0.1408,3.6476
54,3.0,3.6982,0.2348,-0.2018,3.7112
54,3.2,4.0109,0.0571,-0.0658,4.0119
54,3.4,4.1536,0.1292,-0.1522,4.1584
54,3.6,3.9128,-0.3282,-0.395,3.9464
54,3.8,3.9636,0.1278,-0.6363,4.0164
54,4.0,3.7421,0.3664,-0.4227,3.7837
54,4.2,3.7464,0.3033,-0.7266,3.8283
54,4.4,3.6729,0.4629,-0.5209,3.7384
54,4.6,3.3156,0.2291,-0.682,3.3928
54,4.8,3.236,0.2088,-0.9647,3.3832
54,5.0,3.1848,0.4337,-0.7046,3.2905
54,5.2,3.3904,0.394,-0.8082,3.5076
54,5.4,3.6077,0.7198,-0.7532,3.7551
54,5.6,3.4798,0.7215,-0.8832,3.6619
54,5.8,3.3405,0.3679,-0.9516,3.4928
54,6.0,3.7258,0.5957,-0.2382,3.7806
54,6.2,4.0748,0.042,-0.5107,4.1069
54,6.4,4.1157,-0.1765,-0.3139,4.1314
54,6.6,3.6903,-0.3101,-0.2848,3.7142
54,6.8,3.6442,-0.1417,-0.1927,3.652
54,7.0,4.035,-0.0601,0.0038,4.0355
54,7.2,3.2178,-0.1763,0.1514,3.2262
54,7.4,3.31,-0.5572,0.0752,3.3574
54,7.6,3.0918,-0.6231,0.4175,3.1815
54,7.8,2.8942,-0.3653,0.1378,2.9205
54,8.0,2.9876,-0.6239,-0.4764,3.089
54,8.2,3.2744,-0.3706,0.0305,3.2955
54,8.4,3.2337,-0.5741,-0.2269,3.2921
54,8.6,3.1723,-0.1949,-0.3689,3.1996
54,8.8,3.4423,-0.2908,-0.7441,3.5338
54,9.0,3.6876,-0.044,-0.8785,3.7911
54,9.2,3.7652,-0.3398,-0.4801,3.8108
54,9.4,3.7604,-0.6143,-0.3486,3.8261
54,9.6,3.4209,-0.5003,-0.4306,3.484
54,9.8,3.2756,-0.963,-0.1547,3.4177
54,10.0,3.318,-1.067,-0.0809,3.4863
54,10.2,3.5631,-1.1641,0.2692,3.7581
54,10.4,3.5842,-0.5073,0.3254,3.6345
54,10.6,3.6616,-0.2576,0.4112,3.6936
54,10.8,3.8373,-0.2177,0.5294,3.8798
54,11.0,3.9142,0.2206,0.3843,3.9392
54,11.2,3.4882,0.012,0.2039,3.4941
54,11.4,3.1279,-0.0028,0.0976,3.1294
54,11.6,3.3482,-0.1389,0.0801,3.352
54,11.8,3.4226,-0.0271,0.3659,3.4422
54,12.0,3.1641,0.006,0.3292,3.1811
54,12.2,3.0931,-0.0447,0.2207,3.1013
54,12.4,2.9176,0.0021,0.4247,2.9484
54,12.6,2.9921,0.0122,0.4175,3.0211
54,12.8,2.9799,-0.1731,0.5532,3.0358
54,13.0,3.1045,-0.2181,0.7067,3.1914
54,13.2,2.9619,0.1469,0.5964,3.0249
54,13.4,2.7675,0.326,0.7176,2.8776
54,13.6,2.9769,0.2331,0.7582,3.0808
54,13.8,2.9175,0.4734,0.9285,3.0981
54,14.0,3.1601,0.3604,0.8439,3.2906
54,14.2,3.0331,0.1132,0.6454,3.1031
54,14.4,3.1249,0.2236,1.0153,3.2933
54,14.6,3.4087,0.6926,0.8965,3.5921
54,14.8,2.9647,0.5081,0.5474,3.0573
54,15.0,2.8804,0.7878,0.9418,3.1312
54,15.2,3.2818,1.0103,1.0655,3.5953
54,15.4,2.9781,0.6281,1.0179,3.2094
54,15.6,3.0225,0.7253,1.3125,3.3741
54,15.8,3.108,0.4077,1.2224,3.3646
54,16.0,2.9721,0.255,1.2692,3.2418
54,16.2,3.304,0.1078,0.9027,3.4268
54,16.4,3.0709,0.2138,0.9496,3.2215
54,16.6,3.0086,-0.052,0.7055,3.0907
54,16.8,2.8121,-0.1966,0.6497,2.8928
54,17.0,3.2026,-0.3639,0.524,3.2655
54,17.2,2.939,-0.6704,-0.2255,3.0229
54,17.4,2.8625,-0.676,-0.4942,2.9825
54,17.6,2.5487,-0.8957,-0.2774,2.7157
54,17.8,2.5744,-1.3278,-0.4378,2.9295
54,18.0,2.2051,-0.7681,-0.3265,2.3578
54,18.2,2.1739,-0.4862,-0.2477,2.2414
54,18.4,2.1948,-0.2308,-0.1959,2.2156
54,18.6,2.3714,-0.1508,-0.1804,2.383
54,18.8,2.3411,-0.0349,-0.115,2.3442
54,19.0,2.327,-0.1072,-0.1126,2.3322
54,19.2,2.0638,-0.2693,0.1952,2.0904
54,19.4,1.9548,-0.0758,0.1713,1.9637
54,19.6,2.1128,-0.4364,0.3458,2.1849
54,19.8,2.3088,-0.4451,0.2468,2.3642
54,20.0,2.5752,-0.2279,0.3076,2.6035
54,20.2,2.6351,-0.3137,0.4942,2.6994
54,20.4,2.4902,-0.1684,0.4406,2.5345
54,20.6,2.5536,-0.125,0.4412,2.5945
54,20.8,2.5968,-0.1199,0.5516,2.6574
54,21.0,2.1504,-0.0335,0.1917,2.1591
54,21.2,1.7892,-0.2239,0.194,1.8136
54,21.4,2.305,-0.1134,0.3744,2.3379
54,21.6,2.5123,0.0605,0.3254,2.534
54,21.8,2.3953,-0.1456,0.4777,2.4468
54,22.0,2.4718,-0.3373,0.1887,2.5019
54,22.2,2.6072,-0.4349,0.1681,2.6486
54,22.4,2.8883,-0.6031,0.2361,2.96
54,22.6,3.0475,-0.3744,0.2101,3.0776
54,22.8,2.7051,-0.44,-0.2908,2.7561
54,23.0,2.9613,-0.5785,-0.054,3.0177
54,23.2,3.6351,-0.7244,-0.0124,3.7066
54,23.4,3.4755,-0.9432,-0.0314,3.6014
54,23.6,3.3563,-0.9434,-0.2381,3.4945
54,23.8,3.0108,-0.8069,-0.3325,3.1348
55,0.0,3.1208,0.1532,0.3229,3.1412
55,0.2,3.05,-0.0227,0.5312,3.096
55,0.4,3.144,-0.0881,0.736,3.2302
55,0.6,3.152,-0.0142,0.7305,3.2356
55,0.8,3.5195,0.0965,0.8308,3.6175
55,1.0,3.6217,0.5893,0.7698,3.7492
55,1.2,3.4615,1.0188,0.7183,3.6791
55,1.4,3.2442,0.7819,0.8599,3.4461
55,1.6,3.2768,0.8188,1.1264,3.5604
55,1.8,2.995,0.6605,0.943,3.2087
55,2.0,3.1222,0.4852,0.7095,3.2383
55,2.2,3.0807,0.8564,0.4952,3.2357
55,2.4,2.9023,0.834,0.1057,3.0216
55,2.6,2.9675,0.4067,0.3282,3.0132
55,2.8,2.6548,0.3746,0.6632,2.7619
55,3.0,2.337,0.5227,0.3461,2.4196
55,3.2,2.2581,0.8657,-0.1578,2.4235
55,3.4,2.6675,0.6625,-0.0424,2.7489
55,3.6,2.9045,0.4791,-0.0676,2.9445
55,3.8,3.1171,0.2879,0.0539,3.1309
55,4.0,3.4265,0.3639,0.0568,3.4463
55,4.2,3.5896,-0.124,-0.03,3.5918
55,4.4,3.8003,-0.1164,0.2436,3.8099
55,4.6,3.7364,-0.1699,0.2085,3.746
55,4.8,3.8537,-0.2945,0.5195,3.8997
55,5.0,4.0021,-0.4187,0.5623,4.0631
55,5.2,3.7095,-0.4274,0.6402,3.7885
55,5.4,3.3479,-0.5022,0.3606,3.4045
55,5.6,3.4419,-0.1347,0.5426,3.487
55,5.8,3.3292,-0.2282,0.3197,3.3523
55,6.0,3.2996,-0.4381,0.4464,3.3583
55,6.2,3.3503,-0.3499,0.6424,3.4292
55,6.4,3.2751,-0.2302,0.5319,3.326
55,6.6,3.2035,-0.3517,0.428,3.251
55,6.8,3.3295,0.1181,0.1553,3.3353
55,7.0,3.3458,-0.2506,-0.1342,3.3578
55,7.2,3.1824,-0.1668,-0.0898,3.188
55,7.4,2.9069,-0.185,-0.0773,2.9138
55,7.6,3.2971,-0.3726,0.3368,3.3351
55,7.8,2.8056,-0.3127,-0.0242,2.8231
55,8.0,2.8695,-0.3204,0.393,2.914
55,8.2,2.8862,-0.21,0.3636,2.9166
55,8.4,2.764,-0.0766,0.2702,2.7782
55,8.6,3.1139,-0.3925,0.0043,3.1386
55,8.8,3.0965,-0.0607,-0.0557,3.0976
55,9.0,3.239,0.0551,-0.1,3.241
55,9.2,2.9677,-0.1208,0.1206,2.9726
55,9.4,2.8996,0.0555,0.1246,2.9028
55,9.6,2.9058,-0.1943,-0.0838,2.9135
55,9.8,3.2119,0.0542,0.1872,3.2178
55,10.0,2.9726,0.473,-0.2194,3.018
55,10.2,2.8805,0.604,-0.6081,3.0053
55,10.4,2.7,0.7082,-0.4268,2.8238
55,10.6,2.4207,1.2037,-0.3327,2.7239
55,10.8,2.5664,1.2608,0.1016,2.8612
55,11.0,2.7056,1.2381,-0.0182,2.9755
55,11.2,2.8634,1.5918,0.2567,3.2861
55,11.4,2.8088,1.4007,0.4329,3.1684
55,11.6,2.9384,1.8365,-0.0261,3.4652
55,11.8,2.8425,1.9842,-0.0331,3.4667
55,12.0,2.8837,1.711,-0.0588,3.3536
55,12.2,3.1292,1.4837,-0.1828,3.468
55,12.4,3.0376,0.842,-0.2197,3.1598
55,12.6,2.9984,0.7349,-0.3706,3.1093
55,12.8,3.4996,1.0776,-0.5566,3.7038
55,13.0,3.2709,0.9888,-0.0478,3.4174
55,13.2,3.2429,1.4104,-0.0967,3.5376
55,13.4,3.0128,1.1269,0.0197,3.2167
55,13.6,3.2882,1.1839,-0.063,3.4954
55,13.8,3.0952,0.9179,-0.0635,3.229
55,14.0,3.1837,0.7046,-0.0932,3.2621
55,14.2,3.238,0.3936,-0.0153,3.2619
55,14.4,3.0815,0.2028,-0.0867,3.0894
55,14.6,3.2746,0.172,0.0112,3.2792
55,14.8,3.2662,0.0851,0.4704,3.301
55,15.0,3.4994,-0.2744,0.2759,3.521
55,15.2,3.5576,-0.1978,0.4565,3.5922
55,15.4,3.4271,-0.1081,0.4869,3.4632
55,15.6,3.2813,-0.0942,0.6598,3.3483
55,15.8,3.1542,-0.8665,0.4735,3.3052
55,16.0,2.8821,-0.5289,0.5646,2.9841
55,16.2,2.7559,-0.7995,0.5896,2.9295
55,16.4,2.3378,-0.819,0.503,2.5277
55,16.6,2.2432,-0.9914,0.5621,2.5161
55,16.8,2.3529,-1.17,0.5327,2.6812
55,17.0,2.6381,-1.3515,0.2371,2.9736
55,17.2,2.3245,-1.3612,0.3761,2.7198
55,17.4,2.3961,-1.0754,0.5753,2.6886
55,17.6,2.248,-0.9274,0.7317,2.5395
55,17.8,2.5403,-0.4901,0.4422,2.6247
55,18.0,2.6117,-0.6543,0.1007,2.6943
55,18.2,2.7636,-0.6711,-0.0327,2.8441
55,18.4,2.6532,-0.9193,0.0049,2.8079
55,18.6,2.7187,-0.4649,-0.0365,2.7584
55,18.8,2.3027,-0.6589,-0.1406,2.3992
55,19.0,2.236,-0.8393,-0.6071,2.4643
55,19.2,2.3996,-0.6844,-0.4471,2.535
55,19.4,2.5749,-0.6395,-0.3345,2.6741
55,19.6,2.4469,-0.5908,-0.4312,2.5539
55,19.8,2.708,-0.2296,-0.4153,2.7493
55,20.0,2.9063,-0.0645,-0.7745,3.0085
55,20.2,2.95,0.206,-0.6442,3.0266
55,20.4,3.202,0.5636,-0.4765,3.286
55,20.6,3.3109,0.4869,-0.9049,3.4667
55,20.8,3.435,0.2071,-0.6682,3.5055
55,21.0,3.2193,-0.0877,-0.7143,3.2988
55,21.2,2.7927,-0.1499,-0.7835,2.9044
55,21.4,3.1667,-0.089,-0.7417,3.2536
55,21.6,3.395,-0.5488,-0.5331,3.4802
55,21.8,3.2722,-0.3835,-0.8972,3.4146
55,22.0,3.2446,-0.486,-0.895,3.4007
55,22.2,2.9009,-0.4335,-1.2389,3.1841
55,22.4,2.6948,-0.4557,-1.5588,3.1463
55,22.6,2.97,-0.2622,-1.1525,3.1966
55,22.8,3.2776,-0.0677,-1.1549,3.4757
55,23.0,3.586,-0.2051,-0.8006,3.68
55,23.2,3.7733,-0.007,-0.8095,3.8592
55,23.4,3.7004,0.145,-0.5511,3.7441
55,23.6,3.7519,0.6551,-0.896,3.9126
55,23.8,3.6481,0.1963,-0.4702,3.6835
56,0.0,2.908,0.0231,0.0076,2.9081
56,0.2,2.7853,0.0739,0.2356,2.7962
56,0.4,2.7805,-0.2776,0.4786,2.835
56,0.6,3.1921,-0.222,0.473,3.2346
56,0.8,3.1227,-0.1439,0.5802,3.1794
56,1.0,2.8028,-0.1838,0.418,2.8397
56,1.2,2.6709,-0.3119,0.4806,2.7316
56,1.4,2.2552,-0.4283,0.0064,2.2955
56,1.6,2.0114,-0.1669,0.0803,2.0199
56,1.8,1.8658,-0.3666,0.3662,1.9364
56,2.0,2.2493,-0.0691,0.46,2.2969
56,2.2,2.6132,-0.1673,0.4317,2.6539
56,2.4,2.7801,-0.1137,0.3142,2.8001
56,2.6,2.5671,0.2148,0.4299,2.6117
56,2.8,2.4124,0.3527,0.4339,2.4764
56,3.0,1.926,0.3163,0.6063,2.0438
56,3.2,1.8466,0.2076,0.5441,1.9362
56,3.4,1.4144,0.3033,0.3789,1.4953
56,3.6,1.3183,0.4184,0.3201,1.4196
56,3.8,1.0304,0.6056,0.3046,1.2334
56,4.0,1.3055,0.4743,0.4471,1.4592
56,4.2,1.1422,0.1615,0.3095,1.1944
56,4.4,1.085,0.3332,0.3998,1.2034
56,4.6,1.1593,0.593,0.4021,1.3629
56,4.8,1.0524,0.2842,0.4175,1.1674
56,5.0,1.4076,0.5747,0.382,1.5676
56,5.2,1.8541,0.1959,0.2113,1.8764
56,5.4,2.1252,0.2055,0.5229,2.1982
56,5.6,2.0836,0.3082,0.3252,2.1312
56,5.8,1.7391,0.3511,0.7107,1.9113
56,6.0,2.1592,0.5846,0.5428,2.3018
56,6.2,2.3169,0.6354,0.2857,2.4193
56,6.4,2.4374,0.7024,0.2061,2.545
56,6.6,2.5415,0.9739,0.5457,2.7759
56,6.8,2.5126,0.914,0.6626,2.7546
56,7.0,3.0562,0.5859,0.513,3.1538
56,7.2,3.2553,0.5434,0.8393,3.4054
56,7.4,3.3225,0.0168,0.1713,3.3269
56,7.6,3.6182,0.1655,-0.1959,3.6273
56,7.8,3.2345,0.0413,-0.5784,3.2861
56,8.0,3.1811,-0.0511,-0.41,3.2078
56,8.2,3.2356,-0.0211,0.1202,3.2379
56,8.4,3.5258,0.2263,0.142,3.5359
56,8.6,3.506,0.0938,0.1771,3.5117
56,8.8,3.8211,0.263,0.3095,3.8426
56,9.0,3.8141,0.2984,0.396,3.8462
56,9.2,4.1286,0.0253,0.7016,4.1879
56,9.4,3.9816,-0.2874,0.7236,4.057
56,9.6,4.1305,-0.5538,0.5203,4.1998
56,9.8,3.7061,-0.7493,0.3419,3.7965
56,10.0,3.1949,-0.9565,0.5735,3.384
56,10.2,3.1085,-0.7359,0.8652,3.3095
56,10.4,2.8851,-1.0386,0.6158,3.1275
56,10.6,2.8341,-0.8117,0.678,3.025
56,10.8,3.1024,-0.6237,0.4903,3.2022
56,11.0,2.9115,-0.4445,0.8042,3.053
56,11.2,3.3453,-0.3213,0.7502,3.4434
56,11.4,3.3303,-0.5083,0.6399,3.4291
56,11.6,3.4268,-0.4983,0.7178,3.5365
56,11.8,4.0256,-0.4096,0.4353,4.0698
56,12.0,3.8908,-0.1914,0.2047,3.9008
56,12.2,4.2037,0.037,0.0808,4.2046
56,12.4,4.2674,0.0088,-0.0247,4.2674
56,12.6,4.3097,-0.269,0.2023,4.3229
56,12.8,4.0184,-0.2453,0.3381,4.0401
56,13.0,4.0076,-0.4553,0.0419,4.0336
56,13.2,3.8006,-0.4921,0.4101,3.8542
56,13.4,3.8207,-0.8505,0.1123,3.9158
56,13.6,3.4108,-0.864,-0.1016,3.52
56,13.8,3.1159,-0.8585,0.1066,3.2338
56,14.0,2.9941,-0.5816,0.2761,3.0626
56,14.2,3.0967,-0.1626,0.5218,3.1445
56,14.4,2.9666,0.1883,0.201,2.9794
56,14.6,3.4297,0.3859,0.0345,3.4516
56,14.8,3.1307,0.1944,-0.0303,3.1369
56,15.0,2.9129,0.0264,-0.1719,2.9181
56,15.2,3.3513,-0.1757,0.0216,3.3559
56,15.4,3.1917,-0.079,0.0508,3.1931
56,15.6,3.0335,0.2706,-0.3783,3.0689
56,15.8,3.0754,0.1665,-0.3741,3.1026
56,16.0,3.3431,0.3837,-0.3496,3.3832
56,16.2,3.2437,0.122,-0.4067,3.2714
56,16.4,3.322,-0.0668,-0.197,3.3285
56,16.6,3.2719,0.0316,-0.1429,3.2752
56,16.8,3.271,0.0208,-0.02,3.2711
56,17.0,3.3692,0.3542,-0.1143,3.3897
56,17.2,3.1917,0.4798,-0.0183,3.2277
56,17.4,3.0243,0.4576,-0.2154,3.0663
56,17.6,2.7243,0.4982,-0.1317,2.7726
56,17.8,2.7794,0.3628,0.2022,2.8103
56,18.0,2.6418,0.2315,-0.3287,2.6723
56,18.2,2.7556,0.4377,-0.2102,2.7981
56,18.4,2.1688,0.3825,0.0105,2.2023
56,18.6,2.551,0.362,-0.0448,2.577
56,18.8,2.7226,0.4699,-0.5186,2.8111
56,19.0,2.8492,0.4248,-0.6589,2.9551
56,19.2,2.4501,0.3098,-0.368,2.4969
56,19.4,2.4022,0.509,-0.1578,2.4606
56,19.6,2.4471,0.5706,0.007,2.5128
56,19.8,2.5594,0.6241,-0.0353,2.6346
56,20.0,2.3345,0.5089,0.1139,2.3921
56,20.2,2.3562,0.8287,0.5008,2.5474
56,20.4,2.2205,0.8885,0.5364,2.451
56,20.6,2.5135,0.8083,0.8014,2.7592
56,20.8,2.7953,0.7247,0.9115,3.0282
56,21.0,2.8718,0.5102,0.5634,2.9707
56,21.2,2.9165,0.7272,0.6176,3.0686
56,21.4,3.281,0.2596,0.6679,3.3583
56,21.6,3.1629,0.2387,0.5913,3.2266
56,21.8,3.4502,0.383,0.8019,3.5628
56,22.0,3.7054,0.5246,0.8527,3.8383
56,22.2,3.5648,0.593,0.7532,3.6914
56,22.4,3.6324,0.5326,1.0095,3.8075
56,22.6,3.7995,0.3582,0.7358,3.8866
56,22.8,3.7146,0.5371,0.5621,3.7951
56,23.0,3.7944,0.5958,0.4105,3.8628
56,23.2,3.8978,0.6517,0.1936,3.9566
56,23.4,3.8564,0.4132,0.1768,3.8825
56,23.6,3.9031,0.5735,0.209,3.9505
56,23.8,3.8908,0.4714,0.4181,3.9415
57,0.0,2.9618,-0.1093,-0.1413,2.9672
57,0.2,3.1606,-0.2284,0.0133,3.1689
57,0.4,3.0044,-0.175,0.3354,3.0281
57,0.6,3.1546,0.0345,0.2176,3.1622
57,0.8,3.3787,0.0533,0.1754,3.3837
57,1.0,3.3642,0.2588,0.4251,3.4008
57,1.2,3.0673,-0.0019,0.644,3.1341
57,1.4,3.2011,-0.3107,0.5147,3.257
57,1.6,3.2431,-0.2578,0.4676,3.2868
57,1.8,3.2747,-0.3934,0.634,3.3586
57,2.0,3.3114,-0.3165,0.5759,3.376
57,2.2,3.2675,-0.4428,0.3183,3.3127
57,2.4,3.2249,-0.2906,0.1659,3.2422
57,2.6,2.9507,0.0309,0.3,2.966
57,2.8,2.8906,0.2037,0.3623,2.9203
57,3.0,2.7693,0.5372,0.6649,2.8982
57,3.2,2.971,0.4757,0.6143,3.0709
57,3.4,2.6437,0.501,0.5041,2.7376
57,3.6,3.0036,0.4486,0.5016,3.078
57,3.8,3.0298,0.1382,0.5543,3.0831
57,4.0,3.1568,0.0269,0.822,3.2622
57,4.2,3.3943,-0.0393,0.6323,3.4529
57,4.4,3.3794,-0.1641,0.5721,3.4314
57,4.6,3.1184,0.0266,0.514,3.1606
57,4.8,3.4394,-0.0839,0.3207,3.4553
57,5.0,3.5354,-0.2924,0.1877,3.5525
57,5.2,3.519,-0.1842,0.4585,3.5535
57,5.4,3.3329,-0.1977,0.5042,3.3766
57,5.6,3.4728,-0.2648,0.3556,3.501
57,5.8,3.233,0.1125,0.3664,3.2557
57,6.0,3.4398,-0.0965,0.5529,3.4853
57,6.2,3.6996,-0.1576,0.2425,3.7109
57,6.4,3.2618,-0.5905,0.1217,3.3171
57,6.6,3.6903,-0.4152,0.1826,3.7181
57,6.8,3.6485,-0.3612,0.165,3.6701
57,7.0,3.2847,-0.4992,0.1809,3.3274
57,7.2,3.4943,-0.1213,-0.0095,3.4964
57,7.4,3.2906,-0.2184,0.0701,3.2985
57,7.6,3.0127,0.0765,0.2126,3.0211
57,7.8,3.0154,-0.0664,0.1944,3.0224
57,8.0,2.9817,0.2144,0.1841,2.995
57,8.2,3.0271,-0.0811,0.6202,3.091
57,8.4,2.9957,0.0354,0.6257,3.0606
57,8.6,2.8225,0.5377,0.9161,3.0158
57,8.8,2.4662,0.0536,0.6485,2.5506
57,9.0,2.6249,-0.1548,0.5454,2.6855
57,9.2,2.5908,-0.4157,0.7771,2.7366
57,9.4,2.6435,-0.5117,0.7423,2.793
57,9.6,2.8118,-0.6085,0.704,2.9618
57,9.8,2.7911,-0.5315,0.5555,2.895
57,10.0,2.601,-0.0456,0.632,2.6771
57,10.2,2.7253,0.2891,0.3929,2.7686
57,10.4,2.7607,0.1624,0.1332,2.7687
57,10.6,2.5279,0.3111,0.3415,2.5698
57,10.8,2.804,0.4237,0.1924,2.8423
57,11.0,3.0269,0.29,0.2518,3.0512
57,11.2,2.8844,0.1267,0.4634,2.9242
57,11.4,2.999,0.1954,0.683,3.0819
57,11.6,3.1476,0.1211,0.4933,3.1883
57,11.8,3.1909,0.0574,0.669,3.2607
57,12.0,3.1586,0.0711,0.6899,3.2339
57,12.2,3.2357,0.1139,0.9815,3.3832
57,12.4,3.509,0.3127,0.8906,3.6337
57,12.6,3.5536,0.2066,0.7637,3.6406
57,12.8,3.4197,0.3055,0.9174,3.5538
57,13.0,2.8898,0.0609,0.8658,3.0174
57,13.2,2.8165,-0.0493,0.7251,2.9088
57,13.4,3.096,0.0008,1.1224,3.2932
57,13.6,2.9522,-0.2841,1.1424,3.1783
57,13.8,3.5849,-0.2478,1.3468,3.8375
57,14.0,3.4864,-0.1741,1.5856,3.834
57,14.2,3.5584,-0.0449,1.3027,3.7896
57,14.4,3.5058,0.4813,1.3679,3.7938
57,14.6,3.765,1.0771,1.2903,4.1232
57,14.8,3.3188,0.8892,1.2239,3.6473
57,15.0,3.2711,1.0526,1.4798,3.7414
57,15.2,3.2331,0.774,1.2965,3.5683
57,15.4,3.0311,0.7061,1.197,3.3345
57,15.6,3.1361,0.9204,0.9641,3.4076
57,15.8,3.0006,1.0517,0.8056,3.2801
57,16.0,3.1665,1.11,0.6553,3.4188
57,16.2,3.0167,1.3169,0.5209,3.3326
57,16.4,2.9088,1.0973,0.6309,3.1723
57,16.6,2.8896,1.1304,0.9257,3.238
57,16.8,3.1212,0.7164,1.0269,3.363
57,17.0,2.866,0.9329,0.9225,3.1521
57,17.2,3.1016,0.7433,0.8814,3.309
57,17.4,3.2696,0.6826,0.6274,3.3985
57,17.6,3.3894,0.5055,0.7821,3.515
57,17.8,3.1892,0.4919,0.6709,3.2959
57,18.0,3.1622,0.4544,0.1737,3.1994
57,18.2,3.5841,0.6266,0.2506,3.647
57,18.4,3.5198,0.5274,0.4415,3.5864
57,18.6,3.2351,0.3395,0.6517,3.3175
57,18.8,3.1385,0.3934,0.6051,3.2205
57,19.0,3.7446,0.7039,0.2286,3.817
57,19.2,4.0221,0.6416,0.0372,4.0731
57,19.4,4.345,0.8862,0.5158,4.4644
57,19.6,4.5146,0.7045,0.4003,4.5867
57,19.8,4.4989,0.725,0.3506,4.5704
57,20.0,4.4307,0.5441,0.6052,4.5048
57,20.2,4.5201,0.4977,0.6693,4.5964
57,20.4,3.9439,0.3278,0.5084,3.99
57,20.6,3.5034,0.5182,0.5983,3.5917
57,20.8,3.9412,0.5512,0.2764,3.9891
57,21.0,3.77,0.2424,0.04,3.778
57,21.2,3.785,0.089,0.0095,3.7861
57,21.4,3.5618,0.1198,-0.0361,3.564
57,21.6,3.5567,-0.0913,0.2287,3.5652
57,21.8,3.4202,0.0452,0.0622,3.4211
57,22.0,3.5556,0.231,0.0062,3.5631
57,22.2,3.6346,0.3225,0.0738,3.6496
57,22.4,4.0036,0.4926,-0.2956,4.0446
57,22.6,4.0566,0.4299,-0.2027,4.0843
57,22.8,4.0959,0.5575,-0.3507,4.1485
57,23.0,4.3322,0.2933,-0.0322,4.3422
57,23.2,4.0792,-0.2604,-0.4373,4.1108
57,23.4,4.1278,0.0458,-0.5108,4.1595
57,23.6,4.0765,0.1906,-0.5967,4.1244
57,23.8,4.0258,0.1246,-0.7117,4.0902
58,0.0,3.0976,-0.0577,-0.1358,3.1012
58,0.2,3.1266,0.1876,0.0408,3.1325
58,0.4,2.678,0.4021,0.3849,2.7352
58,0.6,2.5962,0.3016,0.3895,2.6425
58,0.8,2.7751,0.354,0.0963,2.7992
58,1.0,2.9217,0.3676,0.375,2.9685
58,1.2,3.2384,0.2495,0.339,3.2656
58,1.4,3.018,0.3999,0.13,3.0472
58,1.6,3.0329,0.7768,0.3203,3.1472
58,1.8,3.0409,0.8517,0.3729,3.1799
58,2.0,2.7292,0.5937,0.6524,2.8682
58,2.2,2.5979,0.3303,0.7268,2.7178
58,2.4,2.8042,0.216,0.8616,2.9415
58,2.6,2.4356,-0.0049,0.9473,2.6134
58,2.8,2.2521,-0.1714,0.8492,2.413
58,3.0,2.2261,-0.2993,0.681,2.3471
58,3.2,2.0729,-0.3301,0.3887,2.1347
58,3.4,2.0761,-0.3642,0.2967,2.1286
58,3.6,2.599,-0.0436,-0.0775,2.6005
58,3.8,2.2612,0.3289,0.3141,2.3065
58,4.0,2.1353,0.3573,0.2013,2.1744
58,4.2,2.0019,-0.0543,0.1721,2.0101
58,4.4,2.2711,-0.2062,0.3668,2.3098
58,4.6,2.2943,-0.3675,0.2686,2.339
58,4.8,2.5572,-0.0727,0.2625,2.5717
58,5.0,2.755,0.6318,0.2191,2.835
58,5.2,2.6207,0.4997,0.0137,2.668
58,5.4,2.8103,0.3506,-0.0078,2.8321
58,5.6,2.9293,0.1369,-0.1207,2.935
58,5.8,3.1415,-0.2251,-0.0988,3.1511
58,6.0,2.8406,-0.4775,-0.2193,2.8888
58,6.2,2.6705,-0.0608,-0.3104,2.6892
58,6.4,3.0908,-0.2672,-0.3783,3.1253
58,6.6,2.9559,-0.3903,-0.1878,2.9874
58,6.8,3.0545,-0.1858,-0.0546,3.0606
58,7.0,3.25,0.147,-0.1051,3.255
58,7.2,2.9605,-0.0237,-0.2956,2.9753
58,7.4,2.4887,0.2324,0.0176,2.4996
58,7.6,2.2717,0.2335,-0.2034,2.2927
58,7.8,2.436,0.2237,0.0369,2.4465
58,8.0,2.4606,0.3346,0.1503,2.4877
58,8.2,2.4203,0.1038,0.2997,2.441
58,8.4,2.2691,-0.3825,-0.0535,2.3018
58,8.6,2.516,-0.495,-0.1931,2.5715
58,8.8,2.5455,-0.2823,-0.4973,2.609
58,9.0,2.6426,-0.3949,-0.6038,2.7393
58,9.2,2.7792,-0.421,-0.7099,2.8991
58,9.4,3.0923,-0.4891,-0.5163,3.1731
58,9.6,3.0835,-0.6059,-0.2766,3.1547
58,9.8,2.8207,-0.2545,-0.2878,2.8468
58,10.0,2.9823,-0.2688,-0.2466,3.0045
58,10.2,2.8539,-0.1635,-0.6159,2.9242
58,10.4,3.231,-0.1437,-0.7489,3.3198
58,10.6,3.1914,-0.4168,-0.9397,3.3529
58,10.8,3.2233,-0.3825,-0.3375,3.2634
58,11.0,3.3436,-0.3668,0.0614,3.3642
58,11.2,3.0742,-0.1954,-0.181,3.0858
58,11.4,2.9414,-0.3302,-0.0802,2.9609
58,11.6,2.7359,-0.4677,0.1613,2.7802
58,11.8,2.6368,-0.5155,0.3103,2.7046
58,12.0,2.5359,-0.1824,0.0218,2.5425
58,12.2,2.4367,-0.4435,-0.5182,2.5304
58,12.4,2.5983,-0.3785,-0.1332,2.6291
58,12.6,2.3234,-0.3399,-0.182,2.3551
58,12.8,2.0921,-0.045,-0.1848,2.1007
58,13.0,1.8892,-0.072,-0.0832,1.8924
58,13.2,1.8272,-0.0012,-0.1199,1.8311
58,13.4,1.997,0.3113,-0.0022,2.0211
58,13.6,1.8661,0.3651,-0.0404,1.9019
58,13.8,1.8701,0.5161,0.1186,1.9436
58,14.0,2.2889,0.4586,0.0305,2.3346
58,14.2,2.4461,0.293,0.1403,2.4676
58,14.4,2.6884,0.1837,0.2116,2.703
58,14.6,2.5114,-0.0326,0.0899,2.5132
58,14.8,2.5585,0.0779,0.2632,2.5732
58,15.0,2.4879,0.4785,-0.1362,2.5371
58,15.2,2.8074,0.3168,-0.1485,2.8291
58,15.4,2.8605,0.5072,0.0766,2.9062
58,15.6,2.7525,0.5127,0.1963,2.8067
58,15.8,2.7228,0.4836,0.4749,2.8059
58,16.0,2.8183,0.2972,0.6484,2.9072
58,16.2,3.1859,0.2436,0.8926,3.3175
58,16.4,2.9432,0.2583,0.9557,3.1053
58,16.6,2.9998,0.0121,0.8405,3.1153
58,16.8,2.911,-0.288,0.991,3.0886
58,17.0,2.646,-0.5025,0.8125,2.8132
58,17.2,2.9331,-0.4039,0.5157,3.0053
58,17.4,3.2079,-0.533,0.5725,3.3019
58,17.6,3.47,-0.6927,0.5873,3.5868
58,17.8,3.426,-0.7517,0.1471,3.5106
58,18.0,3.7746,-0.2513,-0.3091,3.7956
58,18.2,3.6957,-0.1875,-0.3057,3.7131
58,18.4,3.4022,-0.0094,-0.2676,3.4127
58,18.6,3.4044,-0.0748,-0.1257,3.4075
58,18.8,3.2582,0.0001,-0.4359,3.2872
58,19.0,3.4662,-0.2231,-0.3618,3.4922
58,19.2,3.4954,-0.5066,-0.5902,3.5809
58,19.4,3.4188,-0.3663,-0.5807,3.4871
58,19.6,3.6967,-0.4898,-0.518,3.7648
58,19.8,3.8379,-0.3415,-0.7076,3.9175
58,20.0,3.6225,0.0001,-0.6373,3.6781
58,20.2,3.7835,-0.311,-0.5545,3.8366
58,20.4,3.7574,-0.0064,-0.3871,3.7773
58,20.6,3.243,0.1943,-0.5196,3.2901
58,20.8,3.002,0.2837,-0.6845,3.0921
58,21.0,3.2507,0.2159,-0.9394,3.3906
58,21.2,3.5796,-0.0172,-1.054,3.7316
58,21.4,3.625,-0.2225,-1.2862,3.8528
58,21.6,3.2488,-0.4527,-1.0695,3.4502
58,21.8,3.0979,-0.8168,-1.278,3.4493
58,22.0,3.1585,-0.55,-1.0827,3.3839
58,22.2,3.2816,-0.1719,-0.5283,3.3283
58,22.4,3.2361,-0.2026,-0.2632,3.2531
58,22.6,3.3248,-0.2277,-0.1022,3.3342
58,22.8,3.4449,-0.2861,0.032,3.4569
58,23.0,3.281,-0.1022,-0.2768,3.2943
58,23.2,3.1338,-0.3173,-0.6778,3.2219
58,23.4,3.4412,-0.2646,-0.4923,3.4863
58,23.6,3.432,-0.0992,-0.4698,3.4654
58,23.8,3.6035,0.1371,-0.2348,3.6138
59,0.0,3.03,0.1959,0.2155,3.044
59,0.2,2.9917,-0.037,0.1008,2.9936
59,0.4,3.1335,0.0728,-0.1964,3.1405
59,0.6,2.8895,0.3663,-0.3096,2.929
59,0.8,2.8121,0.5115,-0.5605,2.9127
59,1.0,2.6603,0.708,-0.6,2.8175
59,1.2,2.5228,0.8178,-0.6951,2.7416
59,1.4,2.717,0.8337,-0.6984,2.9266
59,1.6,2.4136,0.6465,-0.9171,2.6617
59,1.8,2.5711,0.9095,-0.3682,2.752
59,2.0,2.4813,0.8576,0.007,2.6253
59,2.2,2.2027,0.5876,-0.2857,2.2976
59,2.4,2.2477,0.3493,-0.1608,2.2804
59,2.6,1.9751,0.0169,0.1974,1.985
59,2.8,2.1776,0.3457,0.2428,2.2182
59,3.0,2.2795,0.142,0.121,2.2871
59,3.2,2.5513,0.2398,0.1058,2.5647
59,3.4,2.4708,0.463,0.2598,2.5272
59,3.6,2.7606,0.6457,0.5279,2.8838
59,3.8,3.0118,0.405,0.4387,3.0704
59,4.0,3.1474,0.2567,0.3975,3.1827
59,4.2,3.2236,0.0629,0.3232,3.2404
59,4.4,3.1485,0.2897,0.4746,3.1972
59,4.6,2.968,0.3777,0.0611,2.9926
59,4.8,2.867,0.5679,-0.0931,2.9242
59,5.0,3.2239,0.4154,-0.2388,3.2593
59,5.2,3.6769,0.7304,-0.3846,3.7684
59,5.4,3.4404,0.5539,-0.207,3.4909
59,5.6,3.3419,0.2438,0.0032,3.3508
59,5.8,2.9611,0.1589,0.1001,2.967
59,6.0,2.7482,0.1083,0.3601,2.7738
59,6.2,2.9149,0.4191,0.2917,2.9593
59,6.4,3.0964,0.3171,-0.0792,3.1136
59,6.6,2.8259,0.4108,0.0014,2.8556
59,6.8,2.9931,-0.0926,-0.0195,2.9946
59,7.0,3.3079,0.2957,-0.0624,3.3216
59,7.2,3.5601,0.5485,0.0871,3.6032
59,7.4,3.6654,0.4969,0.4073,3.7212
59,7.6,3.5468,0.3363,0.8378,3.6599
59,7.8,3.4876,0.4181,0.9637,3.6424
59,8.0,3.3001,0.2051,0.8614,3.4168
59,8.2,3.3103,-0.1254,0.5289,3.3546
59,8.4,3.4942,-0.379,0.1703,3.5189
59,8.6,3.3356,-0.497,0.0002,3.3725
59,8.8,3.0799,-0.6514,0.3151,3.1638
59,9.0,2.973,-0.6655,0.5551,3.0968
59,9.2,2.926,-0.8899,0.6267,3.1218
59,9.4,3.2124,-0.8399,0.4165,3.3464
59,9.6,3.1508,-1.0651,0.4011,3.35
59,9.8,3.2308,-0.7181,0.496,3.3467
59,10.0,3.2813,-0.5448,0.0646,3.3269
59,10.2,3.31,-0.6027,-0.0747,3.3652
59,10.4,3.6482,-0.6819,-0.0289,3.7115
59,10.6,3.2424,-0.6539,0.1328,3.3104
59,10.8,3.3165,-0.6943,-0.0616,3.3889
59,11.0,3.1345,-0.0184,0.1606,3.1386
59,11.2,3.2063,-0.4123,0.0221,3.2328
59,11.4,3.4842,-0.4894,0.0653,3.519
59,11.6,3.5845,-0.2456,-0.0174,3.593
59,11.8,3.525,-0.3721,0.2403,3.5527
59,12.0,3.9618,-0.4753,0.0834,3.991
59,12.2,3.3635,-0.2123,0.1265,3.3726
59,12.4,3.3607,-0.2299,0.1738,3.3731
59,12.6,3.1548,-0.3619,0.4583,3.2084
59,12.8,3.3922,-0.3781,0.5294,3.454
59,13.0,3.3953,-0.3616,0.6807,3.4817
59,13.2,2.8056,-0.6189,0.5826,2.9315
59,13.4,2.9116,-0.5125,0.4945,2.9974
59,13.6,2.8844,-0.6636,0.3791,2.9839
59,13.8,2.9973,-0.6996,0.2375,3.087
59,14.0,3.1032,-0.4217,0.1644,3.136
59,14.2,3.2662,-0.6426,0.356,3.3478
59,14.4,3.2653,-0.2569,0.1255,3.2778
59,14.6,3.1881,-0.0841,-0.2644,3.2002
59,14.8,3.3004,0.1958,-0.2552,3.3161
59,15.0,3.1819,0.5232,-0.1689,3.2291
59,15.2,3.2919,0.6093,-0.2152,3.3548
59,15.4,3.3842,0.2723,-0.167,3.3993
59,15.6,3.2713,0.4401,-0.2639,3.3113
59,15.8,3.3805,0.0169,-0.5604,3.4267
59,16.0,3.1532,0.2235,-0.7569,3.2504
59,16.2,3.1789,0.1631,-0.7074,3.2608
59,16.4,3.1464,0.1368,-0.7193,3.2305
59,16.6,2.9426,0.4126,-0.6085,3.0331
59,16.8,3.1542,0.6275,-0.2383,3.2248
59,17.0,3.2028,0.9072,-0.1269,3.3312
59,17.2,2.8683,0.4725,-0.0565,2.9075
59,17.4,2.7419,-0.0763,0.1663,2.748
59,17.6,2.5738,0.2678,-0.1166,2.5903
59,17.8,2.6412,0.4159,-0.1215,2.6765
59,18.0,2.6575,0.3959,-0.1046,2.6888
59,18.2,2.8499,0.1897,-0.1883,2.8624
59,18.4,3.2386,0.489,-0.0466,3.2756
59,18.6,3.6921,0.5709,-0.3225,3.7498
59,18.8,3.572,0.4406,0.0823,3.6
59,19.0,3.4727,0.66,0.1364,3.5375
59,19.2,3.5046,0.3293,0.22,3.5269
59,19.4,3.1589,0.3375,0.0298,3.177
59,19.6,2.6065,0.1072,-0.2172,2.6177
59,19.8,2.6931,0.6474,-0.1273,2.7727
59,20.0,2.7863,0.3864,-0.3676,2.8369
59,20.2,2.9627,0.3265,0.0571,2.9812
59,20.4,2.6955,0.327,0.2859,2.7302
59,20.6,2.7868,-0.275,0.4305,2.8332
59,20.8,2.6177,-0.2852,0.6728,2.7178
59,21.0,3.001,-0.1103,0.6943,3.0822
59,21.2,3.1455,0.0955,0.5538,3.1953
59,21.4,3.3817,0.2739,0.7824,3.4818
59,21.6,3.6879,0.0716,0.7696,3.768
59,21.8,3.4587,0.0712,0.6646,3.5226
59,22.0,3.7583,0.576,0.2238,3.8088
59,22.2,3.23,0.5769,0.289,3.2938
59,22.4,3.3072,0.5842,0.2018,3.3645
59,22.6,3.1827,0.5304,0.2156,3.2338
59,22.8,3.2291,0.1048,0.1811,3.2359
59,23.0,3.322,0.1236,0.3761,3.3455
59,23.2,3.27,-0.0816,0.6423,3.3335
59,23.4,3.1517,-0.2265,0.5379,3.2053
59,23.6,3.291,0.026,0.4542,3.3223
59,23.8,3.5162,0.0908,0.2512,3.5263
