run_id,method,condition,iterations,gap,status,solve_time_s,fallback,milp_limit_s
1,centralised,ablation,1.0,0.0,optimal,0.0038,0,5.0
2,centralised,ablation,1.0,0.0,optimal,0.0063,0,5.0
3,centralised,ablation,1.0,0.0,optimal,0.0045,0,5.0
4,centralised,ablation,1.0,0.0,optimal,0.0048,0,5.0
5,centralised,ablation,1.0,0.0,optimal,0.0064,0,5.0
6,centralised,ablation,1.0,0.0,optimal,0.0058,0,5.0
7,centralised,ablation,1.0,0.0,optimal,0.0069,0,5.0
8,centralised,ablation,1.0,0.0,optimal,0.006,0,5.0
9,centralised,ablation,1.0,0.0,optimal,0.0068,0,5.0
10,centralised,ablation,1.0,0.0,optimal,0.005,0,5.0
11,centralised,ablation,1.0,0.0,optimal,0.0059,0,5.0
12,centralised,ablation,1.0,0.0,optimal,0.004,0,5.0
13,centralised,ablation,1.0,0.0,optimal,0.0037,0,5.0
14,centralised,ablation,1.0,0.0,optimal,0.0084,0,5.0
15,centralised,ablation,1.0,0.0,optimal,0.0054,0,5.0
16,centralised,ablation,1.0,0.0,optimal,0.0056,0,5.0
17,centralised,ablation,1.0,0.0,optimal,0.0069,0,5.0
18,centralised,ablation,1.0,0.0,optimal,0.0084,0,5.0
19,centralised,ablation,1.0,0.0,optimal,0.0084,0,5.0
20,centralised,ablation,1.0,0.0,optimal,0.0057,0,5.0
21,cofly,ablation,1.1,0.0,optimal,0.0233,0,5.0
22,cofly,ablation,1.1,0.0,optimal,0.0175,0,5.0
23,cofly,ablation,1.1,0.0,optimal,0.021,0,5.0
24,cofly,ablation,1.1,0.0,optimal,0.0253,0,5.0
25,cofly,ablation,1.1,0.0,optimal,0.0333,0,5.0
26,cofly,ablation,1.1,0.0,optimal,0.0278,0,5.0
27,cofly,ablation,1.1,0.0,optimal,0.0233,0,5.0
28,cofly,ablation,1.1,0.0,optimal,0.0377,0,5.0
29,cofly,ablation,1.1,0.0,optimal,0.0241,0,5.0
30,cofly,ablation,1.1,0.0,optimal,0.0356,0,5.0
31,cofly,ablation,1.1,0.0,optimal,0.0237,0,5.0
32,cofly,ablation,1.1,0.0,optimal,0.0281,0,5.0
33,cofly,ablation,1.1,0.0,optimal,0.0315,0,5.0
34,cofly,ablation,1.1,0.0,optimal,0.0271,0,5.0
35,cofly,ablation,1.1,0.0,optimal,0.0359,0,5.0
36,cofly,ablation,1.1,0.0,optimal,0.0189,0,5.0
37,cofly,ablation,1.1,0.0,optimal,0.0252,0,5.0
38,cofly,ablation,1.1,0.0,optimal,0.0149,0,5.0
39,cofly,ablation,1.1,0.0,optimal,0.0243,0,5.0
40,cofly,ablation,1.1,0.0,optimal,0.0219,0,5.0
41,greedy,ablation,1.0,0.0,optimal,0.0013,0,5.0
42,greedy,ablation,1.0,0.0,optimal,0.0023,0,5.0
43,greedy,ablation,1.0,0.0,optimal,0.0022,0,5.0
44,greedy,ablation,1.0,0.0,optimal,0.0012,0,5.0
45,greedy,ablation,1.0,0.0,optimal,0.0018,0,5.0
46,greedy,ablation,1.0,0.0,optimal,0.0024,0,5.0
47,greedy,ablation,1.0,0.0,optimal,0.0016,0,5.0
48,greedy,ablation,1.0,0.0,optimal,0.0019,0,5.0
49,greedy,ablation,1.0,0.0,optimal,0.0021,0,5.0
50,greedy,ablation,1.0,0.0,optimal,0.0017,0,5.0
51,greedy,ablation,1.0,0.0,optimal,0.0027,0,5.0
52,greedy,ablation,1.0,0.0,optimal,0.0014,0,5.0
53,greedy,ablation,1.0,0.0,optimal,0.0023,0,5.0
54,greedy,ablation,1.0,0.0,optimal,0.0017,0,5.0
55,greedy,ablation,1.0,0.0,optimal,0.002,0,5.0
56,greedy,ablation,1.0,0.0,optimal,0.0019,0,5.0
57,greedy,ablation,1.0,0.0,optimal,0.0019,0,5.0
58,greedy,ablation,1.0,0.0,optimal,0.0012,0,5.0
59,greedy,ablation,1.0,0.0,optimal,0.0016,0,5.0
60,greedy,ablation,1.0,0.0,optimal,0.0022,0,5.0
61,hungarian,ablation,1.0,0.0,optimal,0.0031,0,5.0
62,hungarian,ablation,1.0,0.0,optimal,0.0047,0,5.0
63,hungarian,ablation,1.0,0.0,optimal,0.0088,0,5.0
64,hungarian,ablation,1.0,0.0,optimal,0.0031,0,5.0
65,hungarian,ablation,1.0,0.0,optimal,0.0033,0,5.0
66,hungarian,ablation,1.0,0.0,optimal,0.0051,0,5.0
67,hungarian,ablation,1.0,0.0,optimal,0.0036,0,5.0
68,hungarian,ablation,1.0,0.0,optimal,0.0035,0,5.0
69,hungarian,ablation,1.0,0.0,optimal,0.0032,0,5.0
70,hungarian,ablation,1.0,0.0,optimal,0.0035,0,5.0
71,hungarian,ablation,1.0,0.0,optimal,0.0031,0,5.0
72,hungarian,ablation,1.0,0.0,optimal,0.0056,0,5.0
73,hungarian,ablation,1.0,0.0,optimal,0.0033,0,5.0
74,hungarian,ablation,1.0,0.0,optimal,0.0032,0,5.0
75,hungarian,ablation,1.0,0.0,optimal,0.0038,0,5.0
76,hungarian,ablation,1.0,0.0,optimal,0.0029,0,5.0
77,hungarian,ablation,1.0,0.0,optimal,0.0039,0,5.0
78,hungarian,ablation,1.0,0.0,optimal,0.0044,0,5.0
79,hungarian,ablation,1.0,0.0,optimal,0.0043,0,5.0
80,hungarian,ablation,1.0,0.0,optimal,0.0063,0,5.0
81,cofly,certificate,1.1,0.0,optimal,0.0211,0,5.0
82,cofly,certificate,1.1,0.0,optimal,0.0269,0,5.0
83,cofly,certificate,1.1,0.0,optimal,0.044,0,5.0
84,cofly,certificate,1.1,0.0,optimal,0.0221,0,5.0
85,cofly,certificate,1.1,0.0,optimal,0.0167,0,5.0
86,cofly,certificate,1.1,0.0,optimal,0.0417,0,5.0
87,cofly,certificate,1.1,0.0,optimal,0.0607,0,5.0
88,cofly,certificate,1.1,0.0,optimal,0.0222,0,5.0
89,cofly,certificate,1.1,0.0,optimal,0.0148,0,5.0
90,cofly,certificate,1.1,0.0,optimal,0.0586,0,5.0
91,cofly,certificate,1.1,0.0,optimal,0.0346,0,5.0
92,cofly,certificate,1.1,0.0,optimal,0.0161,0,5.0
93,cofly,certificate,1.1,0.0,optimal,0.0225,0,5.0
94,cofly,certificate,1.1,0.0,optimal,0.024,0,5.0
95,cofly,certificate,1.1,0.0,optimal,0.0303,0,5.0
96,cofly,certificate,1.1,0.0,optimal,0.0374,0,5.0
97,cofly,certificate,1.1,0.0,optimal,0.0203,0,5.0
98,cofly,certificate,1.1,0.0,optimal,0.0173,0,5.0
99,cofly,certificate,1.1,0.0,optimal,0.0191,0,5.0
100,cofly,certificate,1.1,0.0,optimal,0.0196,0,5.0
101,cofly,certificate,1.1,0.0,optimal,0.0241,0,5.0
102,cofly,certificate,1.1,0.0,optimal,0.0247,0,5.0
103,cofly,certificate,1.1,0.0,optimal,0.0213,0,5.0
104,cofly,certificate,1.1,0.0,optimal,0.0172,0,5.0
105,cofly,certificate,1.1,0.0,optimal,0.031,0,5.0
106,cofly,certificate,1.1,0.0,optimal,0.0269,0,5.0
107,cofly,certificate,1.1,0.0,optimal,0.0185,0,5.0
108,cofly,certificate,1.1,0.0,optimal,0.0428,0,5.0
109,cofly,certificate,1.1,0.0,optimal,0.0174,0,5.0
110,cofly,certificate,1.1,0.0,optimal,0.0242,0,5.0
111,cofly,certificate,1.1,0.0,optimal,0.0263,0,5.0
112,cofly,certificate,1.1,0.0,optimal,0.0206,0,5.0
113,cofly,certificate,1.1,0.0,optimal,0.022,0,5.0
114,cofly,certificate,1.1,0.0,optimal,0.0417,0,5.0
115,cofly,certificate,1.1,0.0,optimal,0.0237,0,5.0
116,cofly,certificate,1.1,0.0,optimal,0.0175,0,5.0
117,cofly,certificate,1.1,0.0,optimal,0.0134,0,5.0
118,cofly,certificate,1.1,0.0,optimal,0.0207,0,5.0
119,cofly,certificate,1.1,0.0,optimal,0.0238,0,5.0
120,cofly,certificate,1.1,0.0,optimal,0.0178,0,5.0
121,cofly,certificate,1.1,0.0,optimal,0.0251,0,5.0
122,cofly,certificate,1.1,0.0,optimal,0.0496,0,5.0
123,cofly,certificate,1.1,0.0,optimal,0.0188,0,5.0
124,cofly,certificate,1.1,0.0,optimal,0.0223,0,5.0
125,cofly,certificate,1.1,0.0,optimal,0.0235,0,5.0
126,cofly,certificate,1.1,0.0,optimal,0.0401,0,5.0
127,cofly,certificate,1.1,0.0,optimal,0.0199,0,5.0
128,cofly,certificate,1.1,0.0,optimal,0.0256,0,5.0
129,cofly,certificate,1.1,0.0,optimal,0.0156,0,5.0
130,cofly,certificate,1.1,0.0,optimal,0.0218,0,5.0
131,cofly,certificate,1.1,0.0,optimal,0.0206,0,5.0
132,cofly,certificate,1.1,0.0,optimal,0.0243,0,5.0
133,cofly,certificate,1.1,0.0,optimal,0.0401,0,5.0
134,cofly,certificate,1.1,0.0,optimal,0.0154,0,5.0
135,cofly,certificate,1.1,0.0,optimal,0.0305,0,5.0
136,cofly,certificate,1.1,0.0,optimal,0.0217,0,5.0
137,cofly,certificate,1.1,0.0,optimal,0.0363,0,5.0
138,cofly,certificate,1.1,0.0,optimal,0.0188,0,5.0
139,cofly,certificate,1.1,0.0,optimal,0.0233,0,5.0
140,cofly,certificate,1.1,0.0,optimal,0.0185,0,5.0
141,cofly,certificate,1.1,0.0,optimal,0.0147,0,5.0
142,cofly,certificate,1.1,0.0,optimal,0.0207,0,5.0
143,cofly,certificate,1.1,0.0,optimal,0.034,0,5.0
144,cofly,certificate,1.1,0.0,optimal,0.0271,0,5.0
145,cofly,certificate,1.1,0.0,optimal,0.0308,0,5.0
146,cofly,certificate,1.1,0.0,optimal,0.0399,0,5.0
147,cofly,certificate,1.1,0.0,optimal,0.0206,0,5.0
148,cofly,certificate,1.1,0.0,optimal,0.0347,0,5.0
149,cofly,certificate,1.1,0.0,optimal,0.0241,0,5.0
150,cofly,certificate,1.1,0.0,optimal,0.0388,0,5.0
151,cofly,certificate,1.1,0.0,optimal,0.0188,0,5.0
152,cofly,certificate,1.1,0.0,optimal,0.0724,0,5.0
153,cofly,certificate,1.1,0.0,optimal,0.0263,0,5.0
154,cofly,certificate,1.1,0.0,optimal,0.0248,0,5.0
155,cofly,certificate,1.1,0.0,optimal,0.0306,0,5.0
156,cofly,certificate,1.1,0.0,optimal,0.0286,0,5.0
157,cofly,certificate,1.1,0.0,optimal,0.0229,0,5.0
158,cofly,certificate,1.1,0.0,optimal,0.0221,0,5.0
159,cofly,certificate,1.1,0.0,optimal,0.0202,0,5.0
160,cofly,certificate,1.1,0.0,optimal,0.0217,0,5.0
161,cofly,certificate,1.1,0.0,optimal,0.0364,0,5.0
162,cofly,certificate,1.1,0.0,optimal,0.033,0,5.0
163,cofly,certificate,1.1,0.0,optimal,0.0312,0,5.0
164,cofly,certificate,1.1,0.0,optimal,0.0299,0,5.0
165,cofly,certificate,1.1,0.0,optimal,0.043,0,5.0
166,cofly,certificate,1.1,0.0,optimal,0.0443,0,5.0
167,cofly,certificate,1.1,0.0,optimal,0.0239,0,5.0
168,cofly,certificate,1.1,0.0,optimal,0.0181,0,5.0
169,cofly,certificate,1.1,0.0,optimal,0.0677,0,5.0
170,cofly,certificate,1.1,0.0,optimal,0.0223,0,5.0
171,cofly,certificate,1.1,0.0,optimal,0.0201,0,5.0
172,cofly,certificate,1.1,0.0,optimal,0.0249,0,5.0
173,cofly,certificate,1.1,0.0,optimal,0.0239,0,5.0
174,cofly,certificate,1.1,0.0,optimal,0.0387,0,5.0
175,cofly,certificate,1.1,0.0,optimal,0.0149,0,5.0
176,cofly,certificate,1.1,0.0,optimal,0.0293,0,5.0
177,cofly,certificate,1.1,0.0,optimal,0.0166,0,5.0
178,cofly,certificate,1.1,0.0,optimal,0.084,0,5.0
179,cofly,certificate,1.1,0.0,optimal,0.0229,0,5.0
180,cofly,certificate,1.1,0.0,optimal,0.0184,0,5.0
181,cofly,certificate,1.1,0.0,optimal,0.0303,0,5.0
182,cofly,certificate,1.1,0.0,optimal,0.0229,0,5.0
183,cofly,certificate,1.1,0.0,optimal,0.0305,0,5.0
184,cofly,certificate,1.1,0.0,optimal,0.0199,0,5.0
185,cofly,certificate,1.1,0.0,optimal,0.0337,0,5.0
186,cofly,certificate,1.1,0.0,optimal,0.0208,0,5.0
187,cofly,certificate,1.1,0.0,optimal,0.0515,0,5.0
188,cofly,certificate,1.1,0.0,optimal,0.0242,0,5.0
189,cofly,certificate,1.1,0.0,optimal,0.0322,0,5.0
190,cofly,certificate,1.1,0.0,optimal,0.0402,0,5.0
191,cofly,certificate,1.1,0.0,optimal,0.0246,0,5.0
192,cofly,certificate,1.1,0.0,optimal,0.0371,0,5.0
193,cofly,certificate,1.1,0.0,optimal,0.0225,0,5.0
194,cofly,certificate,1.1,0.0,optimal,0.0373,0,5.0
195,cofly,certificate,1.1,0.0,optimal,0.0176,0,5.0
196,cofly,certificate,1.1,0.0,optimal,0.0297,0,5.0
197,cofly,certificate,1.1,0.0,optimal,0.0169,0,5.0
198,cofly,certificate,1.1,0.0,optimal,0.0284,0,5.0
199,cofly,certificate,1.1,0.0,optimal,0.0255,0,5.0
200,cofly,certificate,1.1,0.0,optimal,0.019,0,5.0
201,cofly,gazebo_confirm,1.1,0.0,optimal,0.0219,0,5.0
202,cofly,gazebo_confirm,1.1,0.0,optimal,0.0242,0,5.0
203,cofly,gazebo_confirm,1.1,0.0,optimal,0.0155,0,5.0
204,cofly,gazebo_confirm,1.1,0.0,optimal,0.0223,0,5.0
205,cofly,gazebo_confirm,1.1,0.0,optimal,0.0374,0,5.0
206,cofly,gazebo_confirm,1.1,0.0,optimal,0.0218,0,5.0
207,cofly,gazebo_confirm,1.1,0.0,optimal,0.0235,0,5.0
208,cofly,gazebo_confirm,1.1,0.0,optimal,0.0262,0,5.0
209,cofly,gazebo_confirm,1.1,0.0,optimal,0.0366,0,5.0
210,cofly,gazebo_confirm,1.1,0.0,optimal,0.025,0,5.0
211,cofly,gazebo_confirm,1.1,0.0,optimal,0.0258,0,5.0
212,cofly,gazebo_confirm,1.1,0.0,optimal,0.0263,0,5.0
213,cofly,gazebo_confirm,1.1,0.0,optimal,0.0156,0,5.0
214,cofly,gazebo_confirm,1.1,0.0,optimal,0.0423,0,5.0
215,cofly,gazebo_confirm,1.1,0.0,optimal,0.0161,0,5.0
216,cofly,gazebo_confirm,1.1,0.0,optimal,0.023,0,5.0
217,cofly,gazebo_confirm,1.1,0.0,optimal,0.0179,0,5.0
218,cofly,gazebo_confirm,1.1,0.0,optimal,0.0254,0,5.0
219,cofly,gazebo_confirm,1.1,0.0,optimal,0.022,0,5.0
220,cofly,gazebo_confirm,1.1,0.0,optimal,0.0281,0,5.0
221,greedy,gazebo_confirm,1.0,0.0,optimal,0.0018,0,5.0
222,greedy,gazebo_confirm,1.0,0.0,optimal,0.002,0,5.0
223,greedy,gazebo_confirm,1.0,0.0,optimal,0.0023,0,5.0
224,greedy,gazebo_confirm,1.0,0.0,optimal,0.002,0,5.0
225,greedy,gazebo_confirm,1.0,0.0,optimal,0.0017,0,5.0
226,greedy,gazebo_confirm,1.0,0.0,optimal,0.002,0,5.0
227,greedy,gazebo_confirm,1.0,0.0,optimal,0.0011,0,5.0
228,greedy,gazebo_confirm,1.0,0.0,optimal,0.002,0,5.0
229,greedy,gazebo_confirm,1.0,0.0,optimal,0.0023,0,5.0
230,greedy,gazebo_confirm,1.0,0.0,optimal,0.0029,0,5.0
231,greedy,gazebo_confirm,1.0,0.0,optimal,0.0021,0,5.0
232,greedy,gazebo_confirm,1.0,0.0,optimal,0.0019,0,5.0
233,greedy,gazebo_confirm,1.0,0.0,optimal,0.002,0,5.0
234,greedy,gazebo_confirm,1.0,0.0,optimal,0.0014,0,5.0
235,greedy,gazebo_confirm,1.0,0.0,optimal,0.0032,0,5.0
236,greedy,gazebo_confirm,1.0,0.0,optimal,0.0026,0,5.0
237,greedy,gazebo_confirm,1.0,0.0,optimal,0.0017,0,5.0
238,greedy,gazebo_confirm,1.0,0.0,optimal,0.0022,0,5.0
239,greedy,gazebo_confirm,1.0,0.0,optimal,0.0022,0,5.0
240,greedy,gazebo_confirm,1.0,0.0,optimal,0.002,0,5.0
241,cofly,harq_sweep,1.1,0.0,optimal,0.0399,0,5.0
242,cofly,harq_sweep,1.1,0.0,optimal,0.0207,0,5.0
243,cofly,harq_sweep,1.1,0.0,optimal,0.0454,0,5.0
244,cofly,harq_sweep,1.1,0.0,optimal,0.0334,0,5.0
245,cofly,harq_sweep,1.1,0.0,optimal,0.0265,0,5.0
246,cofly,harq_sweep,1.1,0.0,optimal,0.0196,0,5.0
247,cofly,harq_sweep,1.1,0.0,optimal,0.0232,0,5.0
248,cofly,harq_sweep,1.1,0.0,optimal,0.0279,0,5.0
249,cofly,harq_sweep,1.1,0.0,optimal,0.0522,0,5.0
250,cofly,harq_sweep,1.1,0.0,optimal,0.0434,0,5.0
251,cofly,harq_sweep,1.1,0.0,optimal,0.0176,0,5.0
252,cofly,harq_sweep,1.1,0.0,optimal,0.0314,0,5.0
253,cofly,harq_sweep,1.1,0.0,optimal,0.0353,0,5.0
254,cofly,harq_sweep,1.1,0.0,optimal,0.039,0,5.0
255,cofly,harq_sweep,1.1,0.0,optimal,0.0191,0,5.0
256,cofly,harq_sweep,1.1,0.0,optimal,0.0254,0,5.0
257,cofly,harq_sweep,1.1,0.0,optimal,0.024,0,5.0
258,cofly,harq_sweep,1.1,0.0,optimal,0.0237,0,5.0
259,cofly,harq_sweep,1.1,0.0,optimal,0.0232,0,5.0
260,cofly,harq_sweep,1.1,0.0,optimal,0.0305,0,5.0
261,cofly,harq_sweep,1.1,0.0,optimal,0.0187,0,5.0
262,cofly,harq_sweep,1.1,0.0,optimal,0.0167,0,5.0
263,cofly,harq_sweep,1.1,0.0,optimal,0.022,0,5.0
264,cofly,harq_sweep,1.1,0.0,optimal,0.0384,0,5.0
265,cofly,harq_sweep,1.1,0.0,optimal,0.0325,0,5.0
266,cofly,harq_sweep,1.1,0.0,optimal,0.0324,0,5.0
267,cofly,harq_sweep,1.1,0.0,optimal,0.0307,0,5.0
268,cofly,harq_sweep,1.1,0.0,optimal,0.0448,0,5.0
269,cofly,harq_sweep,1.1,0.0,optimal,0.028,0,5.0
270,cofly,harq_sweep,1.1,0.0,optimal,0.0189,0,5.0
271,cofly,harq_sweep,1.1,0.0,optimal,0.0588,0,5.0
272,cofly,harq_sweep,1.1,0.0,optimal,0.0218,0,5.0
273,cofly,harq_sweep,1.1,0.0,optimal,0.0265,0,5.0
274,cofly,harq_sweep,1.1,0.0,optimal,0.0277,0,5.0
275,cofly,harq_sweep,1.1,0.0,optimal,0.0204,0,5.0
276,cofly,harq_sweep,1.1,0.0,optimal,0.0433,0,5.0
277,cofly,harq_sweep,1.1,0.0,optimal,0.023,0,5.0
278,cofly,harq_sweep,1.1,0.0,optimal,0.022,0,5.0
279,cofly,harq_sweep,1.1,0.0,optimal,0.0181,0,5.0
280,cofly,harq_sweep,1.1,0.0,optimal,0.0225,0,5.0
281,cofly,harq_sweep,1.1,0.0,optimal,0.0543,0,5.0
282,cofly,harq_sweep,1.1,0.0,optimal,0.0494,0,5.0
283,cofly,harq_sweep,1.1,0.0,optimal,0.0245,0,5.0
284,cofly,harq_sweep,1.1,0.0,optimal,0.0418,0,5.0
285,cofly,harq_sweep,1.1,0.0,optimal,0.0405,0,5.0
286,cofly,harq_sweep,1.1,0.0,optimal,0.022,0,5.0
287,cofly,harq_sweep,1.1,0.0,optimal,0.0377,0,5.0
288,cofly,harq_sweep,1.1,0.0,optimal,0.0203,0,5.0
289,cofly,harq_sweep,1.1,0.0,optimal,0.021,0,5.0
290,cofly,harq_sweep,1.1,0.0,optimal,0.0175,0,5.0
291,cofly,harq_sweep,1.1,0.0,optimal,0.0315,0,5.0
292,cofly,harq_sweep,1.1,0.0,optimal,0.0179,0,5.0
293,cofly,harq_sweep,1.1,0.0,optimal,0.0238,0,5.0
294,cofly,harq_sweep,1.1,0.0,optimal,0.0326,0,5.0
295,cofly,harq_sweep,1.1,0.0,optimal,0.0586,0,5.0
296,cofly,harq_sweep,1.1,0.0,optimal,0.0276,0,5.0
297,cofly,harq_sweep,1.1,0.0,optimal,0.0515,0,5.0
298,cofly,harq_sweep,1.1,0.0,optimal,0.0293,0,5.0
299,cofly,harq_sweep,1.1,0.0,optimal,0.0317,0,5.0
300,cofly,harq_sweep,1.1,0.0,optimal,0.0301,0,5.0
301,cofly,harq_sweep,1.1,0.0,optimal,0.0243,0,5.0
302,cofly,harq_sweep,1.1,0.0,optimal,0.0358,0,5.0
303,cofly,harq_sweep,1.1,0.0,optimal,0.0209,0,5.0
304,cofly,harq_sweep,1.1,0.0,optimal,0.0321,0,5.0
305,cofly,harq_sweep,1.1,0.0,optimal,0.0297,0,5.0
306,cofly,harq_sweep,1.1,0.0,optimal,0.0237,0,5.0
307,cofly,harq_sweep,1.1,0.0,optimal,0.045,0,5.0
308,cofly,harq_sweep,1.1,0.0,optimal,0.0184,0,5.0
309,cofly,harq_sweep,1.1,0.0,optimal,0.0175,0,5.0
310,cofly,harq_sweep,1.1,0.0,optimal,0.0405,0,5.0
311,cofly,harq_sweep,1.1,0.0,optimal,0.0151,0,5.0
312,cofly,harq_sweep,1.1,0.0,optimal,0.0259,0,5.0
313,cofly,harq_sweep,1.1,0.0,optimal,0.0269,0,5.0
314,cofly,harq_sweep,1.1,0.0,optimal,0.0696,0,5.0
315,cofly,harq_sweep,1.1,0.0,optimal,0.0353,0,5.0
316,cofly,harq_sweep,1.1,0.0,optimal,0.0241,0,5.0
317,cofly,harq_sweep,1.1,0.0,optimal,0.0256,0,5.0
318,cofly,harq_sweep,1.1,0.0,optimal,0.0188,0,5.0
319,cofly,harq_sweep,1.1,0.0,optimal,0.0192,0,5.0
320,cofly,harq_sweep,1.1,0.0,optimal,0.0243,0,5.0
321,cofly,harq_sweep,1.1,0.0,optimal,0.0177,0,5.0
322,cofly,harq_sweep,1.1,0.0,optimal,0.0196,0,5.0
323,cofly,harq_sweep,1.1,0.0,optimal,0.0388,0,5.0
324,cofly,harq_sweep,1.1,0.0,optimal,0.0194,0,5.0
325,cofly,harq_sweep,1.1,0.0,optimal,0.0345,0,5.0
326,cofly,harq_sweep,1.1,0.0,optimal,0.0238,0,5.0
327,cofly,harq_sweep,1.1,0.0,optimal,0.0272,0,5.0
328,cofly,harq_sweep,1.1,0.0,optimal,0.0249,0,5.0
329,cofly,harq_sweep,1.1,0.0,optimal,0.035,0,5.0
330,cofly,harq_sweep,1.1,0.0,optimal,0.0249,0,5.0
331,cofly,harq_sweep,1.1,0.0,optimal,0.027,0,5.0
332,cofly,harq_sweep,1.1,0.0,optimal,0.0161,0,5.0
333,cofly,harq_sweep,1.1,0.0,optimal,0.0334,0,5.0
334,cofly,harq_sweep,1.1,0.0,optimal,0.0187,0,5.0
335,cofly,harq_sweep,1.1,0.0,optimal,0.0221,0,5.0
336,cofly,harq_sweep,1.1,0.0,optimal,0.0276,0,5.0
337,cofly,harq_sweep,1.1,0.0,optimal,0.0507,0,5.0
338,cofly,harq_sweep,1.1,0.0,optimal,0.021,0,5.0
339,cofly,harq_sweep,1.1,0.0,optimal,0.0291,0,5.0
340,cofly,harq_sweep,1.1,0.0,optimal,0.0187,0,5.0
341,cofly,harq_sweep,1.1,0.0,optimal,0.031,0,5.0
342,cofly,harq_sweep,1.1,0.0,optimal,0.0378,0,5.0
343,cofly,harq_sweep,1.1,0.0,optimal,0.0471,0,5.0
344,cofly,harq_sweep,1.1,0.0,optimal,0.0314,0,5.0
345,cofly,harq_sweep,1.1,0.0,optimal,0.0498,0,5.0
346,cofly,harq_sweep,1.1,0.0,optimal,0.0315,0,5.0
347,cofly,harq_sweep,1.1,0.0,optimal,0.0291,0,5.0
348,cofly,harq_sweep,1.1,0.0,optimal,0.0278,0,5.0
349,cofly,harq_sweep,1.1,0.0,optimal,0.0279,0,5.0
350,cofly,harq_sweep,1.1,0.0,optimal,0.0183,0,5.0
351,cofly,harq_sweep,1.1,0.0,optimal,0.0283,0,5.0
352,cofly,harq_sweep,1.1,0.0,optimal,0.0211,0,5.0
353,cofly,harq_sweep,1.1,0.0,optimal,0.0258,0,5.0
354,cofly,harq_sweep,1.1,0.0,optimal,0.0171,0,5.0
355,cofly,harq_sweep,1.1,0.0,optimal,0.0301,0,5.0
356,cofly,harq_sweep,1.1,0.0,optimal,0.0255,0,5.0
357,cofly,harq_sweep,1.1,0.0,optimal,0.0831,0,5.0
358,cofly,harq_sweep,1.1,0.0,optimal,0.0252,0,5.0
359,cofly,harq_sweep,1.1,0.0,optimal,0.0303,0,5.0
360,cofly,harq_sweep,1.1,0.0,optimal,0.0226,0,5.0
361,cofly,harq_sweep,1.1,0.0,optimal,0.0467,0,5.0
362,cofly,harq_sweep,1.1,0.0,optimal,0.0164,0,5.0
363,cofly,harq_sweep,1.1,0.0,optimal,0.0201,0,5.0
364,cofly,harq_sweep,1.1,0.0,optimal,0.0251,0,5.0
365,cofly,harq_sweep,1.1,0.0,optimal,0.0487,0,5.0
366,cofly,harq_sweep,1.1,0.0,optimal,0.0289,0,5.0
367,cofly,harq_sweep,1.1,0.0,optimal,0.0314,0,5.0
368,cofly,harq_sweep,1.1,0.0,optimal,0.0193,0,5.0
369,cofly,harq_sweep,1.1,0.0,optimal,0.0343,0,5.0
370,cofly,harq_sweep,1.1,0.0,optimal,0.0298,0,5.0
371,cofly,harq_sweep,1.1,0.0,optimal,0.0212,0,5.0
372,cofly,harq_sweep,1.1,0.0,optimal,0.0226,0,5.0
373,cofly,harq_sweep,1.1,0.0,optimal,0.0145,0,5.0
374,cofly,harq_sweep,1.1,0.0,optimal,0.0231,0,5.0
375,cofly,harq_sweep,1.1,0.0,optimal,0.0517,0,5.0
376,cofly,harq_sweep,1.1,0.0,optimal,0.03,0,5.0
377,cofly,harq_sweep,1.1,0.0,optimal,0.0253,0,5.0
378,cofly,harq_sweep,1.1,0.0,optimal,0.0204,0,5.0
379,cofly,harq_sweep,1.1,0.0,optimal,0.023,0,5.0
380,cofly,harq_sweep,1.1,0.0,optimal,0.0238,0,5.0
381,cofly,harq_sweep,1.1,0.0,optimal,0.0239,0,5.0
382,cofly,harq_sweep,1.1,0.0,optimal,0.0173,0,5.0
383,cofly,harq_sweep,1.1,0.0,optimal,0.0221,0,5.0
384,cofly,harq_sweep,1.1,0.0,optimal,0.0484,0,5.0
385,cofly,harq_sweep,1.1,0.0,optimal,0.0337,0,5.0
386,cofly,harq_sweep,1.1,0.0,optimal,0.0522,0,5.0
387,cofly,harq_sweep,1.1,0.0,optimal,0.031,0,5.0
388,cofly,harq_sweep,1.1,0.0,optimal,0.0182,0,5.0
389,cofly,harq_sweep,1.1,0.0,optimal,0.0187,0,5.0
390,cofly,harq_sweep,1.1,0.0,optimal,0.0233,0,5.0
391,cofly,harq_sweep,1.1,0.0,optimal,0.0267,0,5.0
392,cofly,harq_sweep,1.1,0.0,optimal,0.0206,0,5.0
393,cofly,harq_sweep,1.1,0.0,optimal,0.0281,0,5.0
394,cofly,harq_sweep,1.1,0.0,optimal,0.0311,0,5.0
395,cofly,harq_sweep,1.1,0.0,optimal,0.0221,0,5.0
396,cofly,harq_sweep,1.1,0.0,optimal,0.0304,0,5.0
397,cofly,harq_sweep,1.1,0.0,optimal,0.0366,0,5.0
398,cofly,harq_sweep,1.1,0.0,optimal,0.0268,0,5.0
399,cofly,harq_sweep,1.1,0.0,optimal,0.0243,0,5.0
400,cofly,harq_sweep,1.1,0.0,optimal,0.0559,0,5.0
401,cofly,harq_sweep,1.1,0.0,optimal,0.0235,0,5.0
402,cofly,harq_sweep,1.1,0.0,optimal,0.0216,0,5.0
403,cofly,harq_sweep,1.1,0.0,optimal,0.0156,0,5.0
404,cofly,harq_sweep,1.1,0.0,optimal,0.0208,0,5.0
405,cofly,harq_sweep,1.1,0.0,optimal,0.0176,0,5.0
406,cofly,harq_sweep,1.1,0.0,optimal,0.0246,0,5.0
407,cofly,harq_sweep,1.1,0.0,optimal,0.0219,0,5.0
408,cofly,harq_sweep,1.1,0.0,optimal,0.0187,0,5.0
409,cofly,harq_sweep,1.1,0.0,optimal,0.0253,0,5.0
410,cofly,harq_sweep,1.1,0.0,optimal,0.0266,0,5.0
411,cofly,harq_sweep,1.1,0.0,optimal,0.0693,0,5.0
412,cofly,harq_sweep,1.1,0.0,optimal,0.0699,0,5.0
413,cofly,harq_sweep,1.1,0.0,optimal,0.0308,0,5.0
414,cofly,harq_sweep,1.1,0.0,optimal,0.0144,0,5.0
415,cofly,harq_sweep,1.1,0.0,optimal,0.0289,0,5.0
416,cofly,harq_sweep,1.1,0.0,optimal,0.0165,0,5.0
417,cofly,harq_sweep,1.1,0.0,optimal,0.0421,0,5.0
418,cofly,harq_sweep,1.1,0.0,optimal,0.0387,0,5.0
419,cofly,harq_sweep,1.1,0.0,optimal,0.0152,0,5.0
420,cofly,harq_sweep,1.1,0.0,optimal,0.0202,0,5.0
421,cofly,harq_sweep,1.1,0.0,optimal,0.0239,0,5.0
422,cofly,harq_sweep,1.1,0.0,optimal,0.0381,0,5.0
423,cofly,harq_sweep,1.1,0.0,optimal,0.0306,0,5.0
424,cofly,harq_sweep,1.1,0.0,optimal,0.026,0,5.0
425,cofly,harq_sweep,1.1,0.0,optimal,0.0324,0,5.0
426,cofly,harq_sweep,1.1,0.0,optimal,0.0168,0,5.0
427,cofly,harq_sweep,1.1,0.0,optimal,0.0282,0,5.0
428,cofly,harq_sweep,1.1,0.0,optimal,0.0481,0,5.0
429,cofly,harq_sweep,1.1,0.0,optimal,0.0249,0,5.0
430,cofly,harq_sweep,1.1,0.0,optimal,0.0283,0,5.0
431,cofly,harq_sweep,1.1,0.0,optimal,0.0343,0,5.0
432,cofly,harq_sweep,1.1,0.0,optimal,0.0166,0,5.0
433,cofly,harq_sweep,1.1,0.0,optimal,0.0363,0,5.0
434,cofly,harq_sweep,1.1,0.0,optimal,0.0227,0,5.0
435,cofly,harq_sweep,1.1,0.0,optimal,0.0204,0,5.0
436,cofly,harq_sweep,1.1,0.0,optimal,0.0324,0,5.0
437,cofly,harq_sweep,1.1,0.0,optimal,0.0153,0,5.0
438,cofly,harq_sweep,1.1,0.0,optimal,0.0216,0,5.0
439,cofly,harq_sweep,1.1,0.0,optimal,0.0254,0,5.0
440,cofly,harq_sweep,1.1,0.0,optimal,0.0242,0,5.0
441,cofly,harq_sweep,1.1,0.0,optimal,0.0211,0,5.0
442,cofly,harq_sweep,1.1,0.0,optimal,0.0307,0,5.0
443,cofly,harq_sweep,1.1,0.0,optimal,0.0234,0,5.0
444,cofly,harq_sweep,1.1,0.0,optimal,0.0325,0,5.0
445,cofly,harq_sweep,1.1,0.0,optimal,0.0303,0,5.0
446,cofly,harq_sweep,1.1,0.0,optimal,0.0284,0,5.0
447,cofly,harq_sweep,1.1,0.0,optimal,0.0178,0,5.0
448,cofly,harq_sweep,1.1,0.0,optimal,0.0284,0,5.0
449,cofly,harq_sweep,1.1,0.0,optimal,0.0296,0,5.0
450,cofly,harq_sweep,1.1,0.0,optimal,0.0258,0,5.0
451,cofly,harq_sweep,1.1,0.0,optimal,0.0195,0,5.0
452,cofly,harq_sweep,1.1,0.0,optimal,0.0149,0,5.0
453,cofly,harq_sweep,1.1,0.0,optimal,0.018,0,5.0
454,cofly,harq_sweep,1.1,0.0,optimal,0.0398,0,5.0
455,cofly,harq_sweep,1.1,0.0,optimal,0.0228,0,5.0
456,cofly,harq_sweep,1.1,0.0,optimal,0.034,0,5.0
457,cofly,harq_sweep,1.1,0.0,optimal,0.0207,0,5.0
458,cofly,harq_sweep,1.1,0.0,optimal,0.0212,0,5.0
459,cofly,harq_sweep,1.1,0.0,optimal,0.0297,0,5.0
460,cofly,harq_sweep,1.1,0.0,optimal,0.0215,0,5.0
461,cofly,harq_sweep,1.1,0.0,optimal,0.0175,0,5.0
462,cofly,harq_sweep,1.1,0.0,optimal,0.021,0,5.0
463,cofly,harq_sweep,1.1,0.0,optimal,0.0322,0,5.0
464,cofly,harq_sweep,1.1,0.0,optimal,0.0201,0,5.0
465,cofly,harq_sweep,1.1,0.0,optimal,0.0257,0,5.0
466,cofly,harq_sweep,1.1,0.0,optimal,0.0463,0,5.0
467,cofly,harq_sweep,1.1,0.0,optimal,0.0358,0,5.0
468,cofly,harq_sweep,1.1,0.0,optimal,0.0531,0,5.0
469,cofly,harq_sweep,1.1,0.0,optimal,0.0252,0,5.0
470,cofly,harq_sweep,1.1,0.0,optimal,0.0242,0,5.0
471,cofly,harq_sweep,1.1,0.0,optimal,0.0452,0,5.0
472,cofly,harq_sweep,1.1,0.0,optimal,0.0236,0,5.0
473,cofly,harq_sweep,1.1,0.0,optimal,0.0505,0,5.0
474,cofly,harq_sweep,1.1,0.0,optimal,0.0214,0,5.0
475,cofly,harq_sweep,1.1,0.0,optimal,0.0237,0,5.0
476,cofly,harq_sweep,1.1,0.0,optimal,0.0179,0,5.0
477,cofly,harq_sweep,1.1,0.0,optimal,0.0277,0,5.0
478,cofly,harq_sweep,1.1,0.0,optimal,0.0144,0,5.0
479,cofly,harq_sweep,1.1,0.0,optimal,0.0309,0,5.0
480,cofly,harq_sweep,1.1,0.0,optimal,0.017,0,5.0
481,cofly,hil_confirm,1.1,0.0,optimal,0.0185,0,5.0
482,cofly,hil_confirm,1.1,0.0,optimal,0.0216,0,5.0
483,cofly,hil_confirm,1.1,0.0,optimal,0.0196,0,5.0
484,cofly,hil_confirm,1.1,0.0,optimal,0.0224,0,5.0
485,cofly,hil_confirm,1.1,0.0,optimal,0.02,0,5.0
486,cofly,hil_confirm,1.1,0.0,optimal,0.0208,0,5.0
487,cofly,hil_confirm,1.1,0.0,optimal,0.0223,0,5.0
488,cofly,hil_confirm,1.1,0.0,optimal,0.0167,0,5.0
489,cofly,hil_confirm,1.1,0.0,optimal,0.0223,0,5.0
490,cofly,hil_confirm,1.1,0.0,optimal,0.0206,0,5.0
491,cofly,hil_confirm,1.1,0.0,optimal,0.0226,0,5.0
492,cofly,hil_confirm,1.1,0.0,optimal,0.0185,0,5.0
493,cofly,hil_confirm,1.1,0.0,optimal,0.0486,0,5.0
494,cofly,hil_confirm,1.1,0.0,optimal,0.0197,0,5.0
495,cofly,hil_confirm,1.1,0.0,optimal,0.0208,0,5.0
496,cofly,hil_confirm,1.1,0.0,optimal,0.0142,0,5.0
497,cofly,hil_confirm,1.1,0.0,optimal,0.0181,0,5.0
498,cofly,hil_confirm,1.1,0.0,optimal,0.0225,0,5.0
499,cofly,hil_confirm,1.1,0.0,optimal,0.024,0,5.0
500,cofly,hil_confirm,1.1,0.0,optimal,0.0333,0,5.0
501,greedy,hil_confirm,1.0,0.0,optimal,0.0021,0,5.0
502,greedy,hil_confirm,1.0,0.0,optimal,0.0015,0,5.0
503,greedy,hil_confirm,1.0,0.0,optimal,0.0015,0,5.0
504,greedy,hil_confirm,1.0,0.0,optimal,0.0025,0,5.0
505,greedy,hil_confirm,1.0,0.0,optimal,0.0018,0,5.0
506,greedy,hil_confirm,1.0,0.0,optimal,0.0016,0,5.0
507,greedy,hil_confirm,1.0,0.0,optimal,0.0021,0,5.0
508,greedy,hil_confirm,1.0,0.0,optimal,0.002,0,5.0
509,greedy,hil_confirm,1.0,0.0,optimal,0.0012,0,5.0
510,greedy,hil_confirm,1.0,0.0,optimal,0.0015,0,5.0
511,greedy,hil_confirm,1.0,0.0,optimal,0.0021,0,5.0
512,greedy,hil_confirm,1.0,0.0,optimal,0.0022,0,5.0
513,greedy,hil_confirm,1.0,0.0,optimal,0.0017,0,5.0
514,greedy,hil_confirm,1.0,0.0,optimal,0.0018,0,5.0
515,greedy,hil_confirm,1.0,0.0,optimal,0.0017,0,5.0
516,greedy,hil_confirm,1.0,0.0,optimal,0.0015,0,5.0
517,greedy,hil_confirm,1.0,0.0,optimal,0.0018,0,5.0
518,greedy,hil_confirm,1.0,0.0,optimal,0.0015,0,5.0
519,greedy,hil_confirm,1.0,0.0,optimal,0.0013,0,5.0
520,greedy,hil_confirm,1.0,0.0,optimal,0.0016,0,5.0
521,cofly,holdout,1.1,0.0,optimal,0.0196,0,5.0
522,cofly,holdout,1.1,0.0,optimal,0.0203,0,5.0
523,cofly,holdout,1.1,0.0,optimal,0.0383,0,5.0
524,cofly,holdout,1.1,0.0,optimal,0.0308,0,5.0
525,cofly,holdout,1.1,0.0,optimal,0.0206,0,5.0
526,cofly,holdout,1.1,0.0,optimal,0.0346,0,5.0
527,cofly,holdout,1.1,0.0,optimal,0.0286,0,5.0
528,cofly,holdout,1.1,0.0,optimal,0.0203,0,5.0
529,cofly,holdout,1.1,0.0,optimal,0.0434,0,5.0
530,cofly,holdout,1.1,0.0,optimal,0.0255,0,5.0
531,cofly,holdout,1.1,0.0,optimal,0.0161,0,5.0
532,cofly,holdout,1.1,0.0,optimal,0.0296,0,5.0
533,cofly,holdout,1.1,0.0,optimal,0.0208,0,5.0
534,cofly,holdout,1.1,0.0,optimal,0.0401,0,5.0
535,cofly,holdout,1.1,0.0,optimal,0.0227,0,5.0
536,cofly,holdout,1.1,0.0,optimal,0.0324,0,5.0
537,cofly,holdout,1.1,0.0,optimal,0.0237,0,5.0
538,cofly,holdout,1.1,0.0,optimal,0.0222,0,5.0
539,cofly,holdout,1.1,0.0,optimal,0.0228,0,5.0
540,cofly,holdout,1.1,0.0,optimal,0.0452,0,5.0
541,cofly,holdout,1.1,0.0,optimal,0.0274,0,5.0
542,cofly,holdout,1.1,0.0,optimal,0.0214,0,5.0
543,cofly,holdout,1.1,0.0,optimal,0.0256,0,5.0
544,cofly,holdout,1.1,0.0,optimal,0.0238,0,5.0
545,cofly,holdout,1.1,0.0,optimal,0.0168,0,5.0
546,cofly,holdout,1.1,0.0,optimal,0.0281,0,5.0
547,cofly,holdout,1.1,0.0,optimal,0.0198,0,5.0
548,cofly,holdout,1.1,0.0,optimal,0.018,0,5.0
549,cofly,holdout,1.1,0.0,optimal,0.0264,0,5.0
550,cofly,holdout,1.1,0.0,optimal,0.0463,0,5.0
551,cofly,holdout,1.1,0.0,optimal,0.0269,0,5.0
552,cofly,holdout,1.1,0.0,optimal,0.0264,0,5.0
553,cofly,holdout,1.1,0.0,optimal,0.0261,0,5.0
554,cofly,holdout,1.1,0.0,optimal,0.0283,0,5.0
555,cofly,holdout,1.1,0.0,optimal,0.028,0,5.0
556,cofly,holdout,1.1,0.0,optimal,0.0208,0,5.0
557,cofly,holdout,1.1,0.0,optimal,0.0156,0,5.0
558,cofly,holdout,1.1,0.0,optimal,0.0356,0,5.0
559,cofly,holdout,1.1,0.0,optimal,0.039,0,5.0
560,cofly,holdout,1.1,0.0,optimal,0.031,0,5.0
561,cofly,holdout,1.1,0.0,optimal,0.0188,0,5.0
562,cofly,holdout,1.1,0.0,optimal,0.0149,0,5.0
563,cofly,holdout,1.1,0.0,optimal,0.0194,0,5.0
564,cofly,holdout,1.1,0.0,optimal,0.0186,0,5.0
565,cofly,holdout,1.1,0.0,optimal,0.0227,0,5.0
566,cofly,holdout,1.1,0.0,optimal,0.0713,0,5.0
567,cofly,holdout,1.1,0.0,optimal,0.0393,0,5.0
568,cofly,holdout,1.1,0.0,optimal,0.0222,0,5.0
569,cofly,holdout,1.1,0.0,optimal,0.0206,0,5.0
570,cofly,holdout,1.1,0.0,optimal,0.0498,0,5.0
571,cofly,holdout,1.1,0.0,optimal,0.0384,0,5.0
572,cofly,holdout,1.1,0.0,optimal,0.0415,0,5.0
573,cofly,holdout,1.1,0.0,optimal,0.0293,0,5.0
574,cofly,holdout,1.1,0.0,optimal,0.0151,0,5.0
575,cofly,holdout,1.1,0.0,optimal,0.0349,0,5.0
576,cofly,holdout,1.1,0.0,optimal,0.0201,0,5.0
577,cofly,holdout,1.1,0.0,optimal,0.0345,0,5.0
578,cofly,holdout,1.1,0.0,optimal,0.0189,0,5.0
579,cofly,holdout,1.1,0.0,optimal,0.0233,0,5.0
580,cofly,holdout,1.1,0.0,optimal,0.0266,0,5.0
581,cofly,holdout,1.1,0.0,optimal,0.0197,0,5.0
582,cofly,holdout,1.1,0.0,optimal,0.0302,0,5.0
583,cofly,holdout,1.1,0.0,optimal,0.0197,0,5.0
584,cofly,holdout,1.1,0.0,optimal,0.0219,0,5.0
585,cofly,holdout,1.1,0.0,optimal,0.035,0,5.0
586,cofly,holdout,1.1,0.0,optimal,0.0829,0,5.0
587,cofly,holdout,1.1,0.0,optimal,0.0237,0,5.0
588,cofly,holdout,1.1,0.0,optimal,0.018,0,5.0
589,cofly,holdout,1.1,0.0,optimal,0.0183,0,5.0
590,cofly,holdout,1.1,0.0,optimal,0.0597,0,5.0
591,cofly,holdout,1.1,0.0,optimal,0.0339,0,5.0
592,cofly,holdout,1.1,0.0,optimal,0.0228,0,5.0
593,cofly,holdout,1.1,0.0,optimal,0.0388,0,5.0
594,cofly,holdout,1.1,0.0,optimal,0.0184,0,5.0
595,cofly,holdout,1.1,0.0,optimal,0.0274,0,5.0
596,cofly,holdout,1.1,0.0,optimal,0.0352,0,5.0
597,cofly,holdout,1.1,0.0,optimal,0.0327,0,5.0
598,cofly,holdout,1.1,0.0,optimal,0.0342,0,5.0
599,cofly,holdout,1.1,0.0,optimal,0.0179,0,5.0
600,cofly,holdout,1.1,0.0,optimal,0.0377,0,5.0
601,cofly,holdout,1.1,0.0,optimal,0.03,0,5.0
602,cofly,holdout,1.1,0.0,optimal,0.0196,0,5.0
603,cofly,holdout,1.1,0.0,optimal,0.0228,0,5.0
604,cofly,holdout,1.1,0.0,optimal,0.0249,0,5.0
605,cofly,holdout,1.1,0.0,optimal,0.0248,0,5.0
606,cofly,holdout,1.1,0.0,optimal,0.0161,0,5.0
607,cofly,holdout,1.1,0.0,optimal,0.0385,0,5.0
608,cofly,holdout,1.1,0.0,optimal,0.0484,0,5.0
609,cofly,holdout,1.1,0.0,optimal,0.0301,0,5.0
610,cofly,holdout,1.1,0.0,optimal,0.042,0,5.0
611,cofly,holdout,1.1,0.0,optimal,0.0252,0,5.0
612,cofly,holdout,1.1,0.0,optimal,0.0166,0,5.0
613,cofly,holdout,1.1,0.0,optimal,0.0223,0,5.0
614,cofly,holdout,1.1,0.0,optimal,0.022,0,5.0
615,cofly,holdout,1.1,0.0,optimal,0.0206,0,5.0
616,cofly,holdout,1.1,0.0,optimal,0.0214,0,5.0
617,cofly,holdout,1.1,0.0,optimal,0.0282,0,5.0
618,cofly,holdout,1.1,0.0,optimal,0.0251,0,5.0
619,cofly,holdout,1.1,0.0,optimal,0.0176,0,5.0
620,cofly,holdout,1.1,0.0,optimal,0.0411,0,5.0
621,cofly,loss_sweep,1.1,0.0,optimal,0.0258,0,5.0
622,cofly,loss_sweep,1.1,0.0,optimal,0.0231,0,5.0
623,cofly,loss_sweep,1.1,0.0,optimal,0.0271,0,5.0
624,cofly,loss_sweep,1.1,0.0,optimal,0.0257,0,5.0
625,cofly,loss_sweep,1.1,0.0,optimal,0.0218,0,5.0
626,cofly,loss_sweep,1.1,0.0,optimal,0.0194,0,5.0
627,cofly,loss_sweep,1.1,0.0,optimal,0.0394,0,5.0
628,cofly,loss_sweep,1.1,0.0,optimal,0.0171,0,5.0
629,cofly,loss_sweep,1.1,0.0,optimal,0.0403,0,5.0
630,cofly,loss_sweep,1.1,0.0,optimal,0.0609,0,5.0
631,cofly,loss_sweep,1.1,0.0,optimal,0.0269,0,5.0
632,cofly,loss_sweep,1.1,0.0,optimal,0.0236,0,5.0
633,cofly,loss_sweep,1.1,0.0,optimal,0.0284,0,5.0
634,cofly,loss_sweep,1.1,0.0,optimal,0.0293,0,5.0
635,cofly,loss_sweep,1.1,0.0,optimal,0.0244,0,5.0
636,cofly,loss_sweep,1.1,0.0,optimal,0.0233,0,5.0
637,cofly,loss_sweep,1.1,0.0,optimal,0.0215,0,5.0
638,cofly,loss_sweep,1.1,0.0,optimal,0.0269,0,5.0
639,cofly,loss_sweep,1.1,0.0,optimal,0.0352,0,5.0
640,cofly,loss_sweep,1.1,0.0,optimal,0.0177,0,5.0
641,cofly,loss_sweep,1.1,0.0,optimal,0.0292,0,5.0
642,cofly,loss_sweep,1.1,0.0,optimal,0.0316,0,5.0
643,cofly,loss_sweep,1.1,0.0,optimal,0.0306,0,5.0
644,cofly,loss_sweep,1.1,0.0,optimal,0.0213,0,5.0
645,cofly,loss_sweep,1.1,0.0,optimal,0.0374,0,5.0
646,cofly,loss_sweep,1.1,0.0,optimal,0.0259,0,5.0
647,cofly,loss_sweep,1.1,0.0,optimal,0.0184,0,5.0
648,cofly,loss_sweep,1.1,0.0,optimal,0.0411,0,5.0
649,cofly,loss_sweep,1.1,0.0,optimal,0.0435,0,5.0
650,cofly,loss_sweep,1.1,0.0,optimal,0.0183,0,5.0
651,cofly,loss_sweep,1.1,0.0,optimal,0.0381,0,5.0
652,cofly,loss_sweep,1.1,0.0,optimal,0.0603,0,5.0
653,cofly,loss_sweep,1.1,0.0,optimal,0.0194,0,5.0
654,cofly,loss_sweep,1.1,0.0,optimal,0.0232,0,5.0
655,cofly,loss_sweep,1.1,0.0,optimal,0.0304,0,5.0
656,cofly,loss_sweep,1.1,0.0,optimal,0.0422,0,5.0
657,cofly,loss_sweep,1.1,0.0,optimal,0.0213,0,5.0
658,cofly,loss_sweep,1.1,0.0,optimal,0.0258,0,5.0
659,cofly,loss_sweep,1.1,0.0,optimal,0.0177,0,5.0
660,cofly,loss_sweep,1.1,0.0,optimal,0.02,0,5.0
661,cofly,loss_sweep,1.1,0.0,optimal,0.0257,0,5.0
662,cofly,loss_sweep,1.1,0.0,optimal,0.0294,0,5.0
663,cofly,loss_sweep,1.1,0.0,optimal,0.0223,0,5.0
664,cofly,loss_sweep,1.1,0.0,optimal,0.0156,0,5.0
665,cofly,loss_sweep,1.1,0.0,optimal,0.0224,0,5.0
666,cofly,loss_sweep,1.1,0.0,optimal,0.0188,0,5.0
667,cofly,loss_sweep,1.1,0.0,optimal,0.0601,0,5.0
668,cofly,loss_sweep,1.1,0.0,optimal,0.0141,0,5.0
669,cofly,loss_sweep,1.1,0.0,optimal,0.0247,0,5.0
670,cofly,loss_sweep,1.1,0.0,optimal,0.0378,0,5.0
671,cofly,loss_sweep,1.1,0.0,optimal,0.0384,0,5.0
672,cofly,loss_sweep,1.1,0.0,optimal,0.0284,0,5.0
673,cofly,loss_sweep,1.1,0.0,optimal,0.0309,0,5.0
674,cofly,loss_sweep,1.1,0.0,optimal,0.0266,0,5.0
675,cofly,loss_sweep,1.1,0.0,optimal,0.0197,0,5.0
676,cofly,loss_sweep,1.1,0.0,optimal,0.0422,0,5.0
677,cofly,loss_sweep,1.1,0.0,optimal,0.0426,0,5.0
678,cofly,loss_sweep,1.1,0.0,optimal,0.0159,0,5.0
679,cofly,loss_sweep,1.1,0.0,optimal,0.0207,0,5.0
680,cofly,loss_sweep,1.1,0.0,optimal,0.0287,0,5.0
681,cofly,loss_sweep,1.1,0.0,optimal,0.0161,0,5.0
682,cofly,loss_sweep,1.1,0.0,optimal,0.0373,0,5.0
683,cofly,loss_sweep,1.1,0.0,optimal,0.0319,0,5.0
684,cofly,loss_sweep,1.1,0.0,optimal,0.0199,0,5.0
685,cofly,loss_sweep,1.1,0.0,optimal,0.0381,0,5.0
686,cofly,loss_sweep,1.1,0.0,optimal,0.0309,0,5.0
687,cofly,loss_sweep,1.1,0.0,optimal,0.0227,0,5.0
688,cofly,loss_sweep,1.1,0.0,optimal,0.0221,0,5.0
689,cofly,loss_sweep,1.1,0.0,optimal,0.0288,0,5.0
690,cofly,loss_sweep,1.1,0.0,optimal,0.0281,0,5.0
691,cofly,loss_sweep,1.1,0.0,optimal,0.0275,0,5.0
692,cofly,loss_sweep,1.1,0.0,optimal,0.0231,0,5.0
693,cofly,loss_sweep,1.1,0.0,optimal,0.0282,0,5.0
694,cofly,loss_sweep,1.1,0.0,optimal,0.037,0,5.0
695,cofly,loss_sweep,1.1,0.0,optimal,0.0207,0,5.0
696,cofly,loss_sweep,1.1,0.0,optimal,0.02,0,5.0
697,cofly,loss_sweep,1.1,0.0,optimal,0.0223,0,5.0
698,cofly,loss_sweep,1.1,0.0,optimal,0.04,0,5.0
699,cofly,loss_sweep,1.1,0.0,optimal,0.0175,0,5.0
700,cofly,loss_sweep,1.1,0.0,optimal,0.0343,0,5.0
701,cofly,loss_sweep,1.1,0.0,optimal,0.0343,0,5.0
702,cofly,loss_sweep,1.1,0.0,optimal,0.0386,0,5.0
703,cofly,loss_sweep,1.1,0.0,optimal,0.0319,0,5.0
704,cofly,loss_sweep,1.1,0.0,optimal,0.0225,0,5.0
705,cofly,loss_sweep,1.1,0.0,optimal,0.0298,0,5.0
706,cofly,loss_sweep,1.1,0.0,optimal,0.0253,0,5.0
707,cofly,loss_sweep,1.1,0.0,optimal,0.0195,0,5.0
708,cofly,loss_sweep,1.1,0.0,optimal,0.0298,0,5.0
709,cofly,loss_sweep,1.1,0.0,optimal,0.0352,0,5.0
710,cofly,loss_sweep,1.1,0.0,optimal,0.0254,0,5.0
711,cofly,loss_sweep,1.1,0.0,optimal,0.0272,0,5.0
712,cofly,loss_sweep,1.1,0.0,optimal,0.0254,0,5.0
713,cofly,loss_sweep,1.1,0.0,optimal,0.0447,0,5.0
714,cofly,loss_sweep,1.1,0.0,optimal,0.0272,0,5.0
715,cofly,loss_sweep,1.1,0.0,optimal,0.0304,0,5.0
716,cofly,loss_sweep,1.1,0.0,optimal,0.0157,0,5.0
717,cofly,loss_sweep,1.1,0.0,optimal,0.0214,0,5.0
718,cofly,loss_sweep,1.1,0.0,optimal,0.0353,0,5.0
719,cofly,loss_sweep,1.1,0.0,optimal,0.0276,0,5.0
720,cofly,loss_sweep,1.1,0.0,optimal,0.0273,0,5.0
721,cofly,loss_sweep,1.1,0.0,optimal,0.0291,0,5.0
722,cofly,loss_sweep,1.1,0.0,optimal,0.0205,0,5.0
723,cofly,loss_sweep,1.1,0.0,optimal,0.0194,0,5.0
724,cofly,loss_sweep,1.1,0.0,optimal,0.0284,0,5.0
725,cofly,loss_sweep,1.1,0.0,optimal,0.0247,0,5.0
726,cofly,loss_sweep,1.1,0.0,optimal,0.018,0,5.0
727,cofly,loss_sweep,1.1,0.0,optimal,0.0239,0,5.0
728,cofly,loss_sweep,1.1,0.0,optimal,0.0282,0,5.0
729,cofly,loss_sweep,1.1,0.0,optimal,0.0227,0,5.0
730,cofly,loss_sweep,1.1,0.0,optimal,0.0183,0,5.0
731,cofly,loss_sweep,1.1,0.0,optimal,0.0335,0,5.0
732,cofly,loss_sweep,1.1,0.0,optimal,0.0433,0,5.0
733,cofly,loss_sweep,1.1,0.0,optimal,0.027,0,5.0
734,cofly,loss_sweep,1.1,0.0,optimal,0.0216,0,5.0
735,cofly,loss_sweep,1.1,0.0,optimal,0.0204,0,5.0
736,cofly,loss_sweep,1.1,0.0,optimal,0.0276,0,5.0
737,cofly,loss_sweep,1.1,0.0,optimal,0.027,0,5.0
738,cofly,loss_sweep,1.1,0.0,optimal,0.0227,0,5.0
739,cofly,loss_sweep,1.1,0.0,optimal,0.053,0,5.0
740,cofly,loss_sweep,1.1,0.0,optimal,0.0274,0,5.0
741,cofly,loss_sweep,1.1,0.0,optimal,0.037,0,5.0
742,cofly,loss_sweep,1.1,0.0,optimal,0.0762,0,5.0
743,cofly,loss_sweep,1.1,0.0,optimal,0.0466,0,5.0
744,cofly,loss_sweep,1.1,0.0,optimal,0.0177,0,5.0
745,cofly,loss_sweep,1.1,0.0,optimal,0.0342,0,5.0
746,cofly,loss_sweep,1.1,0.0,optimal,0.0321,0,5.0
747,cofly,loss_sweep,1.1,0.0,optimal,0.0667,0,5.0
748,cofly,loss_sweep,1.1,0.0,optimal,0.0358,0,5.0
749,cofly,loss_sweep,1.1,0.0,optimal,0.02,0,5.0
750,cofly,loss_sweep,1.1,0.0,optimal,0.0166,0,5.0
751,cofly,loss_sweep,1.1,0.0,optimal,0.0314,0,5.0
752,cofly,loss_sweep,1.1,0.0,optimal,0.019,0,5.0
753,cofly,loss_sweep,1.1,0.0,optimal,0.0484,0,5.0
754,cofly,loss_sweep,1.1,0.0,optimal,0.0226,0,5.0
755,cofly,loss_sweep,1.1,0.0,optimal,0.0247,0,5.0
756,cofly,loss_sweep,1.1,0.0,optimal,0.0531,0,5.0
757,cofly,loss_sweep,1.1,0.0,optimal,0.0178,0,5.0
758,cofly,loss_sweep,1.1,0.0,optimal,0.0734,0,5.0
759,cofly,loss_sweep,1.1,0.0,optimal,0.0227,0,5.0
760,cofly,loss_sweep,1.1,0.0,optimal,0.0254,0,5.0
761,cofly,loss_sweep,1.1,0.0,optimal,0.0273,0,5.0
762,cofly,loss_sweep,1.1,0.0,optimal,0.02,0,5.0
763,cofly,loss_sweep,1.1,0.0,optimal,0.0156,0,5.0
764,cofly,loss_sweep,1.1,0.0,optimal,0.0379,0,5.0
765,cofly,loss_sweep,1.1,0.0,optimal,0.019,0,5.0
766,cofly,loss_sweep,1.1,0.0,optimal,0.018,0,5.0
767,cofly,loss_sweep,1.1,0.0,optimal,0.0285,0,5.0
768,cofly,loss_sweep,1.1,0.0,optimal,0.0271,0,5.0
769,cofly,loss_sweep,1.1,0.0,optimal,0.015,0,5.0
770,cofly,loss_sweep,1.1,0.0,optimal,0.0199,0,5.0
771,cofly,loss_sweep,1.1,0.0,optimal,0.0295,0,5.0
772,cofly,loss_sweep,1.1,0.0,optimal,0.0173,0,5.0
773,cofly,loss_sweep,1.1,0.0,optimal,0.0363,0,5.0
774,cofly,loss_sweep,1.1,0.0,optimal,0.0176,0,5.0
775,cofly,loss_sweep,1.1,0.0,optimal,0.02,0,5.0
776,cofly,loss_sweep,1.1,0.0,optimal,0.0311,0,5.0
777,cofly,loss_sweep,1.1,0.0,optimal,0.0255,0,5.0
778,cofly,loss_sweep,1.1,0.0,optimal,0.0294,0,5.0
779,cofly,loss_sweep,1.1,0.0,optimal,0.0219,0,5.0
780,cofly,loss_sweep,1.1,0.0,optimal,0.0254,0,5.0
781,cofly,loss_sweep,1.1,0.0,optimal,0.032,0,5.0
782,cofly,loss_sweep,1.1,0.0,optimal,0.0294,0,5.0
783,cofly,loss_sweep,1.1,0.0,optimal,0.0191,0,5.0
784,cofly,loss_sweep,1.1,0.0,optimal,0.0434,0,5.0
785,cofly,loss_sweep,1.1,0.0,optimal,0.032,0,5.0
786,cofly,loss_sweep,1.1,0.0,optimal,0.0256,0,5.0
787,cofly,loss_sweep,1.1,0.0,optimal,0.0272,0,5.0
788,cofly,loss_sweep,1.1,0.0,optimal,0.0446,0,5.0
789,cofly,loss_sweep,1.1,0.0,optimal,0.0214,0,5.0
790,cofly,loss_sweep,1.1,0.0,optimal,0.0222,0,5.0
791,cofly,loss_sweep,1.1,0.0,optimal,0.0631,0,5.0
792,cofly,loss_sweep,1.1,0.0,optimal,0.0312,0,5.0
793,cofly,loss_sweep,1.1,0.0,optimal,0.0229,0,5.0
794,cofly,loss_sweep,1.1,0.0,optimal,0.0363,0,5.0
795,cofly,loss_sweep,1.1,0.0,optimal,0.0157,0,5.0
796,cofly,loss_sweep,1.1,0.0,optimal,0.0477,0,5.0
797,cofly,loss_sweep,1.1,0.0,optimal,0.0388,0,5.0
798,cofly,loss_sweep,1.1,0.0,optimal,0.0255,0,5.0
799,cofly,loss_sweep,1.1,0.0,optimal,0.0262,0,5.0
800,cofly,loss_sweep,1.1,0.0,optimal,0.0277,0,5.0
801,cofly,loss_sweep,1.1,0.0,optimal,0.026,0,5.0
802,cofly,loss_sweep,1.1,0.0,optimal,0.0322,0,5.0
803,cofly,loss_sweep,1.1,0.0,optimal,0.019,0,5.0
804,cofly,loss_sweep,1.1,0.0,optimal,0.028,0,5.0
805,cofly,loss_sweep,1.1,0.0,optimal,0.0452,0,5.0
806,cofly,loss_sweep,1.1,0.0,optimal,0.0271,0,5.0
807,cofly,loss_sweep,1.1,0.0,optimal,0.0278,0,5.0
808,cofly,loss_sweep,1.1,0.0,optimal,0.0281,0,5.0
809,cofly,loss_sweep,1.1,0.0,optimal,0.0281,0,5.0
810,cofly,loss_sweep,1.1,0.0,optimal,0.0265,0,5.0
811,cofly,loss_sweep,1.1,0.0,optimal,0.0246,0,5.0
812,cofly,loss_sweep,1.1,0.0,optimal,0.0147,0,5.0
813,cofly,loss_sweep,1.1,0.0,optimal,0.0208,0,5.0
814,cofly,loss_sweep,1.1,0.0,optimal,0.0247,0,5.0
815,cofly,loss_sweep,1.1,0.0,optimal,0.0218,0,5.0
816,cofly,loss_sweep,1.1,0.0,optimal,0.0277,0,5.0
817,cofly,loss_sweep,1.1,0.0,optimal,0.0179,0,5.0
818,cofly,loss_sweep,1.1,0.0,optimal,0.0224,0,5.0
819,cofly,loss_sweep,1.1,0.0,optimal,0.0176,0,5.0
820,cofly,loss_sweep,1.1,0.0,optimal,0.0485,0,5.0
821,cofly,loss_sweep,1.1,0.0,optimal,0.0416,0,5.0
822,cofly,loss_sweep,1.1,0.0,optimal,0.0257,0,5.0
823,cofly,loss_sweep,1.1,0.0,optimal,0.0246,0,5.0
824,cofly,loss_sweep,1.1,0.0,optimal,0.0214,0,5.0
825,cofly,loss_sweep,1.1,0.0,optimal,0.0227,0,5.0
826,cofly,loss_sweep,1.1,0.0,optimal,0.0277,0,5.0
827,cofly,loss_sweep,1.1,0.0,optimal,0.0198,0,5.0
828,cofly,loss_sweep,1.1,0.0,optimal,0.018,0,5.0
829,cofly,loss_sweep,1.1,0.0,optimal,0.0253,0,5.0
830,cofly,loss_sweep,1.1,0.0,optimal,0.0218,0,5.0
831,cofly,loss_sweep,1.1,0.0,optimal,0.0222,0,5.0
832,cofly,loss_sweep,1.1,0.0,optimal,0.0298,0,5.0
833,cofly,loss_sweep,1.1,0.0,optimal,0.0191,0,5.0
834,cofly,loss_sweep,1.1,0.0,optimal,0.0256,0,5.0
835,cofly,loss_sweep,1.1,0.0,optimal,0.0186,0,5.0
836,cofly,loss_sweep,1.1,0.0,optimal,0.0219,0,5.0
837,cofly,loss_sweep,1.1,0.0,optimal,0.0282,0,5.0
838,cofly,loss_sweep,1.1,0.0,optimal,0.0226,0,5.0
839,cofly,loss_sweep,1.1,0.0,optimal,0.03,0,5.0
840,cofly,loss_sweep,1.1,0.0,optimal,0.0226,0,5.0
841,cofly,loss_sweep,1.1,0.0,optimal,0.0234,0,5.0
842,cofly,loss_sweep,1.1,0.0,optimal,0.0221,0,5.0
843,cofly,loss_sweep,1.1,0.0,optimal,0.0215,0,5.0
844,cofly,loss_sweep,1.1,0.0,optimal,0.0408,0,5.0
845,cofly,loss_sweep,1.1,0.0,optimal,0.0339,0,5.0
846,cofly,loss_sweep,1.1,0.0,optimal,0.0219,0,5.0
847,cofly,loss_sweep,1.1,0.0,optimal,0.0264,0,5.0
848,cofly,loss_sweep,1.1,0.0,optimal,0.023,0,5.0
849,cofly,loss_sweep,1.1,0.0,optimal,0.0256,0,5.0
850,cofly,loss_sweep,1.1,0.0,optimal,0.0204,0,5.0
851,cofly,loss_sweep,1.1,0.0,optimal,0.031,0,5.0
852,cofly,loss_sweep,1.1,0.0,optimal,0.0315,0,5.0
853,cofly,loss_sweep,1.1,0.0,optimal,0.028,0,5.0
854,cofly,loss_sweep,1.1,0.0,optimal,0.0165,0,5.0
855,cofly,loss_sweep,1.1,0.0,optimal,0.0298,0,5.0
856,cofly,loss_sweep,1.1,0.0,optimal,0.039,0,5.0
857,cofly,loss_sweep,1.1,0.0,optimal,0.0214,0,5.0
858,cofly,loss_sweep,1.1,0.0,optimal,0.0215,0,5.0
859,cofly,loss_sweep,1.1,0.0,optimal,0.0256,0,5.0
860,cofly,loss_sweep,1.1,0.0,optimal,0.0301,0,5.0
861,greedy,loss_sweep,1.0,0.0,optimal,0.0018,0,5.0
862,greedy,loss_sweep,1.0,0.0,optimal,0.0017,0,5.0
863,greedy,loss_sweep,1.0,0.0,optimal,0.0021,0,5.0
864,greedy,loss_sweep,1.0,0.0,optimal,0.0018,0,5.0
865,greedy,loss_sweep,1.0,0.0,optimal,0.0025,0,5.0
866,greedy,loss_sweep,1.0,0.0,optimal,0.0029,0,5.0
867,greedy,loss_sweep,1.0,0.0,optimal,0.0015,0,5.0
868,greedy,loss_sweep,1.0,0.0,optimal,0.0021,0,5.0
869,greedy,loss_sweep,1.0,0.0,optimal,0.0023,0,5.0
870,greedy,loss_sweep,1.0,0.0,optimal,0.0019,0,5.0
871,greedy,loss_sweep,1.0,0.0,optimal,0.0017,0,5.0
872,greedy,loss_sweep,1.0,0.0,optimal,0.0017,0,5.0
873,greedy,loss_sweep,1.0,0.0,optimal,0.0025,0,5.0
874,greedy,loss_sweep,1.0,0.0,optimal,0.0018,0,5.0
875,greedy,loss_sweep,1.0,0.0,optimal,0.0021,0,5.0
876,greedy,loss_sweep,1.0,0.0,optimal,0.0014,0,5.0
877,greedy,loss_sweep,1.0,0.0,optimal,0.0013,0,5.0
878,greedy,loss_sweep,1.0,0.0,optimal,0.0025,0,5.0
879,greedy,loss_sweep,1.0,0.0,optimal,0.0016,0,5.0
880,greedy,loss_sweep,1.0,0.0,optimal,0.0022,0,5.0
881,greedy,loss_sweep,1.0,0.0,optimal,0.0018,0,5.0
882,greedy,loss_sweep,1.0,0.0,optimal,0.0033,0,5.0
883,greedy,loss_sweep,1.0,0.0,optimal,0.0029,0,5.0
884,greedy,loss_sweep,1.0,0.0,optimal,0.0017,0,5.0
885,greedy,loss_sweep,1.0,0.0,optimal,0.0014,0,5.0
886,greedy,loss_sweep,1.0,0.0,optimal,0.0018,0,5.0
887,greedy,loss_sweep,1.0,0.0,optimal,0.0027,0,5.0
888,greedy,loss_sweep,1.0,0.0,optimal,0.0016,0,5.0
889,greedy,loss_sweep,1.0,0.0,optimal,0.0014,0,5.0
890,greedy,loss_sweep,1.0,0.0,optimal,0.0015,0,5.0
891,greedy,loss_sweep,1.0,0.0,optimal,0.0012,0,5.0
892,greedy,loss_sweep,1.0,0.0,optimal,0.0012,0,5.0
893,greedy,loss_sweep,1.0,0.0,optimal,0.002,0,5.0
894,greedy,loss_sweep,1.0,0.0,optimal,0.0016,0,5.0
895,greedy,loss_sweep,1.0,0.0,optimal,0.0021,0,5.0
896,greedy,loss_sweep,1.0,0.0,optimal,0.0022,0,5.0
897,greedy,loss_sweep,1.0,0.0,optimal,0.0019,0,5.0
898,greedy,loss_sweep,1.0,0.0,optimal,0.0014,0,5.0
899,greedy,loss_sweep,1.0,0.0,optimal,0.0022,0,5.0
900,greedy,loss_sweep,1.0,0.0,optimal,0.0022,0,5.0
901,greedy,loss_sweep,1.0,0.0,optimal,0.0017,0,5.0
902,greedy,loss_sweep,1.0,0.0,optimal,0.0028,0,5.0
903,greedy,loss_sweep,1.0,0.0,optimal,0.0021,0,5.0
904,greedy,loss_sweep,1.0,0.0,optimal,0.0032,0,5.0
905,greedy,loss_sweep,1.0,0.0,optimal,0.0019,0,5.0
906,greedy,loss_sweep,1.0,0.0,optimal,0.0016,0,5.0
907,greedy,loss_sweep,1.0,0.0,optimal,0.0024,0,5.0
908,greedy,loss_sweep,1.0,0.0,optimal,0.0021,0,5.0
909,greedy,loss_sweep,1.0,0.0,optimal,0.0012,0,5.0
910,greedy,loss_sweep,1.0,0.0,optimal,0.0027,0,5.0
911,greedy,loss_sweep,1.0,0.0,optimal,0.0018,0,5.0
912,greedy,loss_sweep,1.0,0.0,optimal,0.0036,0,5.0
913,greedy,loss_sweep,1.0,0.0,optimal,0.0026,0,5.0
914,greedy,loss_sweep,1.0,0.0,optimal,0.0015,0,5.0
915,greedy,loss_sweep,1.0,0.0,optimal,0.0025,0,5.0
916,greedy,loss_sweep,1.0,0.0,optimal,0.0021,0,5.0
917,greedy,loss_sweep,1.0,0.0,optimal,0.0015,0,5.0
918,greedy,loss_sweep,1.0,0.0,optimal,0.0015,0,5.0
919,greedy,loss_sweep,1.0,0.0,optimal,0.001,0,5.0
920,greedy,loss_sweep,1.0,0.0,optimal,0.0018,0,5.0
921,greedy,loss_sweep,1.0,0.0,optimal,0.0012,0,5.0
922,greedy,loss_sweep,1.0,0.0,optimal,0.0018,0,5.0
923,greedy,loss_sweep,1.0,0.0,optimal,0.0018,0,5.0
924,greedy,loss_sweep,1.0,0.0,optimal,0.0021,0,5.0
925,greedy,loss_sweep,1.0,0.0,optimal,0.0024,0,5.0
926,greedy,loss_sweep,1.0,0.0,optimal,0.0028,0,5.0
927,greedy,loss_sweep,1.0,0.0,optimal,0.0015,0,5.0
928,greedy,loss_sweep,1.0,0.0,optimal,0.0016,0,5.0
929,greedy,loss_sweep,1.0,0.0,optimal,0.0033,0,5.0
930,greedy,loss_sweep,1.0,0.0,optimal,0.0032,0,5.0
931,greedy,loss_sweep,1.0,0.0,optimal,0.0028,0,5.0
932,greedy,loss_sweep,1.0,0.0,optimal,0.003,0,5.0
933,greedy,loss_sweep,1.0,0.0,optimal,0.0016,0,5.0
934,greedy,loss_sweep,1.0,0.0,optimal,0.0013,0,5.0
935,greedy,loss_sweep,1.0,0.0,optimal,0.0017,0,5.0
936,greedy,loss_sweep,1.0,0.0,optimal,0.0013,0,5.0
937,greedy,loss_sweep,1.0,0.0,optimal,0.0021,0,5.0
938,greedy,loss_sweep,1.0,0.0,optimal,0.0018,0,5.0
939,greedy,loss_sweep,1.0,0.0,optimal,0.0014,0,5.0
940,greedy,loss_sweep,1.0,0.0,optimal,0.0027,0,5.0
941,greedy,loss_sweep,1.0,0.0,optimal,0.0038,0,5.0
942,greedy,loss_sweep,1.0,0.0,optimal,0.0017,0,5.0
943,greedy,loss_sweep,1.0,0.0,optimal,0.0021,0,5.0
944,greedy,loss_sweep,1.0,0.0,optimal,0.0018,0,5.0
945,greedy,loss_sweep,1.0,0.0,optimal,0.0017,0,5.0
946,greedy,loss_sweep,1.0,0.0,optimal,0.0019,0,5.0
947,greedy,loss_sweep,1.0,0.0,optimal,0.0026,0,5.0
948,greedy,loss_sweep,1.0,0.0,optimal,0.0018,0,5.0
949,greedy,loss_sweep,1.0,0.0,optimal,0.0018,0,5.0
950,greedy,loss_sweep,1.0,0.0,optimal,0.0014,0,5.0
951,greedy,loss_sweep,1.0,0.0,optimal,0.0028,0,5.0
952,greedy,loss_sweep,1.0,0.0,optimal,0.0025,0,5.0
953,greedy,loss_sweep,1.0,0.0,optimal,0.0027,0,5.0
954,greedy,loss_sweep,1.0,0.0,optimal,0.0013,0,5.0
955,greedy,loss_sweep,1.0,0.0,optimal,0.0016,0,5.0
956,greedy,loss_sweep,1.0,0.0,optimal,0.0015,0,5.0
957,greedy,loss_sweep,1.0,0.0,optimal,0.0012,0,5.0
958,greedy,loss_sweep,1.0,0.0,optimal,0.0019,0,5.0
959,greedy,loss_sweep,1.0,0.0,optimal,0.002,0,5.0
960,greedy,loss_sweep,1.0,0.0,optimal,0.0013,0,5.0
961,greedy,loss_sweep,1.0,0.0,optimal,0.0019,0,5.0
962,greedy,loss_sweep,1.0,0.0,optimal,0.0026,0,5.0
963,greedy,loss_sweep,1.0,0.0,optimal,0.0027,0,5.0
964,greedy,loss_sweep,1.0,0.0,optimal,0.0019,0,5.0
965,greedy,loss_sweep,1.0,0.0,optimal,0.0042,0,5.0
966,greedy,loss_sweep,1.0,0.0,optimal,0.0016,0,5.0
967,greedy,loss_sweep,1.0,0.0,optimal,0.0016,0,5.0
968,greedy,loss_sweep,1.0,0.0,optimal,0.001,0,5.0
969,greedy,loss_sweep,1.0,0.0,optimal,0.0021,0,5.0
970,greedy,loss_sweep,1.0,0.0,optimal,0.0014,0,5.0
971,greedy,loss_sweep,1.0,0.0,optimal,0.002,0,5.0
972,greedy,loss_sweep,1.0,0.0,optimal,0.0017,0,5.0
973,greedy,loss_sweep,1.0,0.0,optimal,0.0021,0,5.0
974,greedy,loss_sweep,1.0,0.0,optimal,0.002,0,5.0
975,greedy,loss_sweep,1.0,0.0,optimal,0.002,0,5.0
976,greedy,loss_sweep,1.0,0.0,optimal,0.0013,0,5.0
977,greedy,loss_sweep,1.0,0.0,optimal,0.0014,0,5.0
978,greedy,loss_sweep,1.0,0.0,optimal,0.0014,0,5.0
979,greedy,loss_sweep,1.0,0.0,optimal,0.0026,0,5.0
980,greedy,loss_sweep,1.0,0.0,optimal,0.002,0,5.0
981,greedy,loss_sweep,1.0,0.0,optimal,0.0021,0,5.0
982,greedy,loss_sweep,1.0,0.0,optimal,0.0029,0,5.0
983,greedy,loss_sweep,1.0,0.0,optimal,0.0019,0,5.0
984,greedy,loss_sweep,1.0,0.0,optimal,0.0016,0,5.0
985,greedy,loss_sweep,1.0,0.0,optimal,0.0027,0,5.0
986,greedy,loss_sweep,1.0,0.0,optimal,0.0034,0,5.0
987,greedy,loss_sweep,1.0,0.0,optimal,0.0016,0,5.0
988,greedy,loss_sweep,1.0,0.0,optimal,0.0028,0,5.0
989,greedy,loss_sweep,1.0,0.0,optimal,0.002,0,5.0
990,greedy,loss_sweep,1.0,0.0,optimal,0.0021,0,5.0
991,greedy,loss_sweep,1.0,0.0,optimal,0.0015,0,5.0
992,greedy,loss_sweep,1.0,0.0,optimal,0.002,0,5.0
993,greedy,loss_sweep,1.0,0.0,optimal,0.0018,0,5.0
994,greedy,loss_sweep,1.0,0.0,optimal,0.0021,0,5.0
995,greedy,loss_sweep,1.0,0.0,optimal,0.002,0,5.0
996,greedy,loss_sweep,1.0,0.0,optimal,0.0023,0,5.0
997,greedy,loss_sweep,1.0,0.0,optimal,0.0014,0,5.0
998,greedy,loss_sweep,1.0,0.0,optimal,0.0022,0,5.0
999,greedy,loss_sweep,1.0,0.0,optimal,0.003,0,5.0
1000,greedy,loss_sweep,1.0,0.0,optimal,0.0011,0,5.0
1001,greedy,loss_sweep,1.0,0.0,optimal,0.0015,0,5.0
1002,greedy,loss_sweep,1.0,0.0,optimal,0.0021,0,5.0
1003,greedy,loss_sweep,1.0,0.0,optimal,0.0013,0,5.0
1004,greedy,loss_sweep,1.0,0.0,optimal,0.0018,0,5.0
1005,greedy,loss_sweep,1.0,0.0,optimal,0.0011,0,5.0
1006,greedy,loss_sweep,1.0,0.0,optimal,0.0018,0,5.0
1007,greedy,loss_sweep,1.0,0.0,optimal,0.0016,0,5.0
1008,greedy,loss_sweep,1.0,0.0,optimal,0.0024,0,5.0
1009,greedy,loss_sweep,1.0,0.0,optimal,0.003,0,5.0
1010,greedy,loss_sweep,1.0,0.0,optimal,0.0023,0,5.0
1011,greedy,loss_sweep,1.0,0.0,optimal,0.004,0,5.0
1012,greedy,loss_sweep,1.0,0.0,optimal,0.0014,0,5.0
1013,greedy,loss_sweep,1.0,0.0,optimal,0.0014,0,5.0
1014,greedy,loss_sweep,1.0,0.0,optimal,0.0022,0,5.0
1015,greedy,loss_sweep,1.0,0.0,optimal,0.0016,0,5.0
1016,greedy,loss_sweep,1.0,0.0,optimal,0.0016,0,5.0
1017,greedy,loss_sweep,1.0,0.0,optimal,0.0027,0,5.0
1018,greedy,loss_sweep,1.0,0.0,optimal,0.0037,0,5.0
1019,greedy,loss_sweep,1.0,0.0,optimal,0.0019,0,5.0
1020,greedy,loss_sweep,1.0,0.0,optimal,0.0016,0,5.0
1021,greedy,loss_sweep,1.0,0.0,optimal,0.0022,0,5.0
1022,greedy,loss_sweep,1.0,0.0,optimal,0.0022,0,5.0
1023,greedy,loss_sweep,1.0,0.0,optimal,0.0024,0,5.0
1024,greedy,loss_sweep,1.0,0.0,optimal,0.0016,0,5.0
1025,greedy,loss_sweep,1.0,0.0,optimal,0.0017,0,5.0
1026,greedy,loss_sweep,1.0,0.0,optimal,0.0015,0,5.0
1027,greedy,loss_sweep,1.0,0.0,optimal,0.002,0,5.0
1028,greedy,loss_sweep,1.0,0.0,optimal,0.0026,0,5.0
1029,greedy,loss_sweep,1.0,0.0,optimal,0.0014,0,5.0
1030,greedy,loss_sweep,1.0,0.0,optimal,0.0021,0,5.0
1031,greedy,loss_sweep,1.0,0.0,optimal,0.0027,0,5.0
1032,greedy,loss_sweep,1.0,0.0,optimal,0.0014,0,5.0
1033,greedy,loss_sweep,1.0,0.0,optimal,0.0036,0,5.0
1034,greedy,loss_sweep,1.0,0.0,optimal,0.0018,0,5.0
1035,greedy,loss_sweep,1.0,0.0,optimal,0.0018,0,5.0
1036,greedy,loss_sweep,1.0,0.0,optimal,0.0028,0,5.0
1037,greedy,loss_sweep,1.0,0.0,optimal,0.0016,0,5.0
1038,greedy,loss_sweep,1.0,0.0,optimal,0.0016,0,5.0
1039,greedy,loss_sweep,1.0,0.0,optimal,0.001,0,5.0
1040,greedy,loss_sweep,1.0,0.0,optimal,0.0027,0,5.0
1041,greedy,loss_sweep,1.0,0.0,optimal,0.0015,0,5.0
1042,greedy,loss_sweep,1.0,0.0,optimal,0.0024,0,5.0
1043,greedy,loss_sweep,1.0,0.0,optimal,0.0014,0,5.0
1044,greedy,loss_sweep,1.0,0.0,optimal,0.0012,0,5.0
1045,greedy,loss_sweep,1.0,0.0,optimal,0.0021,0,5.0
1046,greedy,loss_sweep,1.0,0.0,optimal,0.0016,0,5.0
1047,greedy,loss_sweep,1.0,0.0,optimal,0.001,0,5.0
1048,greedy,loss_sweep,1.0,0.0,optimal,0.0015,0,5.0
1049,greedy,loss_sweep,1.0,0.0,optimal,0.0009,0,5.0
1050,greedy,loss_sweep,1.0,0.0,optimal,0.0016,0,5.0
1051,greedy,loss_sweep,1.0,0.0,optimal,0.0017,0,5.0
1052,greedy,loss_sweep,1.0,0.0,optimal,0.0017,0,5.0
1053,greedy,loss_sweep,1.0,0.0,optimal,0.0022,0,5.0
1054,greedy,loss_sweep,1.0,0.0,optimal,0.002,0,5.0
1055,greedy,loss_sweep,1.0,0.0,optimal,0.0017,0,5.0
1056,greedy,loss_sweep,1.0,0.0,optimal,0.0012,0,5.0
1057,greedy,loss_sweep,1.0,0.0,optimal,0.0015,0,5.0
1058,greedy,loss_sweep,1.0,0.0,optimal,0.0024,0,5.0
1059,greedy,loss_sweep,1.0,0.0,optimal,0.002,0,5.0
1060,greedy,loss_sweep,1.0,0.0,optimal,0.0019,0,5.0
1061,greedy,loss_sweep,1.0,0.0,optimal,0.0036,0,5.0
1062,greedy,loss_sweep,1.0,0.0,optimal,0.0025,0,5.0
1063,greedy,loss_sweep,1.0,0.0,optimal,0.002,0,5.0
1064,greedy,loss_sweep,1.0,0.0,optimal,0.0014,0,5.0
1065,greedy,loss_sweep,1.0,0.0,optimal,0.0011,0,5.0
1066,greedy,loss_sweep,1.0,0.0,optimal,0.0033,0,5.0
1067,greedy,loss_sweep,1.0,0.0,optimal,0.0022,0,5.0
1068,greedy,loss_sweep,1.0,0.0,optimal,0.0024,0,5.0
1069,greedy,loss_sweep,1.0,0.0,optimal,0.0015,0,5.0
1070,greedy,loss_sweep,1.0,0.0,optimal,0.0011,0,5.0
1071,greedy,loss_sweep,1.0,0.0,optimal,0.0024,0,5.0
1072,greedy,loss_sweep,1.0,0.0,optimal,0.0023,0,5.0
1073,greedy,loss_sweep,1.0,0.0,optimal,0.0017,0,5.0
1074,greedy,loss_sweep,1.0,0.0,optimal,0.0016,0,5.0
1075,greedy,loss_sweep,1.0,0.0,optimal,0.0012,0,5.0
1076,greedy,loss_sweep,1.0,0.0,optimal,0.0028,0,5.0
1077,greedy,loss_sweep,1.0,0.0,optimal,0.0019,0,5.0
1078,greedy,loss_sweep,1.0,0.0,optimal,0.0022,0,5.0
1079,greedy,loss_sweep,1.0,0.0,optimal,0.0023,0,5.0
1080,greedy,loss_sweep,1.0,0.0,optimal,0.0022,0,5.0
1081,greedy,loss_sweep,1.0,0.0,optimal,0.0023,0,5.0
1082,greedy,loss_sweep,1.0,0.0,optimal,0.002,0,5.0
1083,greedy,loss_sweep,1.0,0.0,optimal,0.0021,0,5.0
1084,greedy,loss_sweep,1.0,0.0,optimal,0.0019,0,5.0
1085,greedy,loss_sweep,1.0,0.0,optimal,0.0021,0,5.0
1086,greedy,loss_sweep,1.0,0.0,optimal,0.0019,0,5.0
1087,greedy,loss_sweep,1.0,0.0,optimal,0.0028,0,5.0
1088,greedy,loss_sweep,1.0,0.0,optimal,0.002,0,5.0
1089,greedy,loss_sweep,1.0,0.0,optimal,0.0026,0,5.0
1090,greedy,loss_sweep,1.0,0.0,optimal,0.0026,0,5.0
1091,greedy,loss_sweep,1.0,0.0,optimal,0.0027,0,5.0
1092,greedy,loss_sweep,1.0,0.0,optimal,0.0018,0,5.0
1093,greedy,loss_sweep,1.0,0.0,optimal,0.0015,0,5.0
1094,greedy,loss_sweep,1.0,0.0,optimal,0.0015,0,5.0
1095,greedy,loss_sweep,1.0,0.0,optimal,0.0024,0,5.0
1096,greedy,loss_sweep,1.0,0.0,optimal,0.0019,0,5.0
1097,greedy,loss_sweep,1.0,0.0,optimal,0.0018,0,5.0
1098,greedy,loss_sweep,1.0,0.0,optimal,0.0017,0,5.0
1099,greedy,loss_sweep,1.0,0.0,optimal,0.0031,0,5.0
1100,greedy,loss_sweep,1.0,0.0,optimal,0.0024,0,5.0
1101,cbs,main,0.9,0.0,optimal,0.014,0,5.0
1102,cbs,main,0.9,0.0,optimal,0.0074,0,5.0
1103,cbs,main,0.9,0.0,optimal,0.0067,0,5.0
1104,cbs,main,0.9,0.0,optimal,0.0091,0,5.0
1105,cbs,main,0.9,0.0,optimal,0.0067,0,5.0
1106,cbs,main,0.9,0.0,optimal,0.0058,0,5.0
1107,cbs,main,0.9,0.0,optimal,0.0096,0,5.0
1108,cbs,main,0.9,0.0,optimal,0.0077,0,5.0
1109,cbs,main,0.9,0.0,optimal,0.0063,0,5.0
1110,cbs,main,0.9,0.0,optimal,0.011,0,5.0
1111,cbs,main,0.9,0.0,optimal,0.0052,0,5.0
1112,cbs,main,0.9,0.0,optimal,0.014,0,5.0
1113,cbs,main,0.9,0.0,optimal,0.0114,0,5.0
1114,cbs,main,0.9,0.0,optimal,0.0063,0,5.0
1115,cbs,main,0.9,0.0,optimal,0.014,0,5.0
1116,cbs,main,0.9,0.0,optimal,0.0091,0,5.0
1117,cbs,main,0.9,0.0,optimal,0.0064,0,5.0
1118,cbs,main,0.9,0.0,optimal,0.007,0,5.0
1119,cbs,main,0.9,0.0,optimal,0.0093,0,5.0
1120,cbs,main,0.9,0.0,optimal,0.008,0,5.0
1121,centralised,main,1.0,0.0,optimal,0.0031,0,5.0
1122,centralised,main,1.0,0.0,optimal,0.0057,0,5.0
1123,centralised,main,1.0,0.0,optimal,0.0044,0,5.0
1124,centralised,main,1.0,0.0,optimal,0.0059,0,5.0
1125,centralised,main,1.0,0.0,optimal,0.0084,0,5.0
1126,centralised,main,1.0,0.0,optimal,0.0062,0,5.0
1127,centralised,main,1.0,0.0,optimal,0.0066,0,5.0
1128,centralised,main,1.0,0.0,optimal,0.0061,0,5.0
1129,centralised,main,1.0,0.0,optimal,0.0051,0,5.0
1130,centralised,main,1.0,0.0,optimal,0.0039,0,5.0
1131,centralised,main,1.0,0.0,optimal,0.0036,0,5.0
1132,centralised,main,1.0,0.0,optimal,0.0066,0,5.0
1133,centralised,main,1.0,0.0,optimal,0.0056,0,5.0
1134,centralised,main,1.0,0.0,optimal,0.0053,0,5.0
1135,centralised,main,1.0,0.0,optimal,0.0132,0,5.0
1136,centralised,main,1.0,0.0,optimal,0.0067,0,5.0
1137,centralised,main,1.0,0.0,optimal,0.0064,0,5.0
1138,centralised,main,1.0,0.0,optimal,0.004,0,5.0
1139,centralised,main,1.0,0.0,optimal,0.0084,0,5.0
1140,centralised,main,1.0,0.0,optimal,0.0072,0,5.0
1141,cofly,main,1.1,0.0,optimal,0.0264,0,5.0
1142,cofly,main,1.1,0.0,optimal,0.023,0,5.0
1143,cofly,main,1.1,0.0,optimal,0.0256,0,5.0
1144,cofly,main,1.1,0.0,optimal,0.0594,0,5.0
1145,cofly,main,1.1,0.0,optimal,0.0228,0,5.0
1146,cofly,main,1.1,0.0,optimal,0.0279,0,5.0
1147,cofly,main,1.1,0.0,optimal,0.0251,0,5.0
1148,cofly,main,1.1,0.0,optimal,0.0233,0,5.0
1149,cofly,main,1.1,0.0,optimal,0.023,0,5.0
1150,cofly,main,1.1,0.0,optimal,0.016,0,5.0
1151,cofly,main,1.1,0.0,optimal,0.0265,0,5.0
1152,cofly,main,1.1,0.0,optimal,0.0306,0,5.0
1153,cofly,main,1.1,0.0,optimal,0.0237,0,5.0
1154,cofly,main,1.1,0.0,optimal,0.0216,0,5.0
1155,cofly,main,1.1,0.0,optimal,0.0239,0,5.0
1156,cofly,main,1.1,0.0,optimal,0.0177,0,5.0
1157,cofly,main,1.1,0.0,optimal,0.0205,0,5.0
1158,cofly,main,1.1,0.0,optimal,0.0216,0,5.0
1159,cofly,main,1.1,0.0,optimal,0.0189,0,5.0
1160,cofly,main,1.1,0.0,optimal,0.0257,0,5.0
1161,ecbs,main,0.9,0.0,optimal,0.0038,0,5.0
1162,ecbs,main,0.9,0.0,optimal,0.0047,0,5.0
1163,ecbs,main,0.9,0.0,optimal,0.0066,0,5.0
1164,ecbs,main,0.9,0.0,optimal,0.0041,0,5.0
1165,ecbs,main,0.9,0.0,optimal,0.0038,0,5.0
1166,ecbs,main,0.9,0.0,optimal,0.0031,0,5.0
1167,ecbs,main,0.9,0.0,optimal,0.0055,0,5.0
1168,ecbs,main,0.9,0.0,optimal,0.0066,0,5.0
1169,ecbs,main,0.9,0.0,optimal,0.0049,0,5.0
1170,ecbs,main,0.9,0.0,optimal,0.0065,0,5.0
1171,ecbs,main,0.9,0.0,optimal,0.014,0,5.0
1172,ecbs,main,0.9,0.0,optimal,0.0134,0,5.0
1173,ecbs,main,0.9,0.0,optimal,0.0042,0,5.0
1174,ecbs,main,0.9,0.0,optimal,0.0064,0,5.0
1175,ecbs,main,0.9,0.0,optimal,0.0031,0,5.0
1176,ecbs,main,0.9,0.0,optimal,0.0033,0,5.0
1177,ecbs,main,0.9,0.0,optimal,0.0107,0,5.0
1178,ecbs,main,0.9,0.0,optimal,0.0047,0,5.0
1179,ecbs,main,0.9,0.0,optimal,0.0056,0,5.0
1180,ecbs,main,0.9,0.0,optimal,0.0051,0,5.0
1181,greedy,main,1.0,0.0,optimal,0.0024,0,5.0
1182,greedy,main,1.0,0.0,optimal,0.0044,0,5.0
1183,greedy,main,1.0,0.0,optimal,0.0021,0,5.0
1184,greedy,main,1.0,0.0,optimal,0.0024,0,5.0
1185,greedy,main,1.0,0.0,optimal,0.0024,0,5.0
1186,greedy,main,1.0,0.0,optimal,0.003,0,5.0
1187,greedy,main,1.0,0.0,optimal,0.0032,0,5.0
1188,greedy,main,1.0,0.0,optimal,0.0021,0,5.0
1189,greedy,main,1.0,0.0,optimal,0.0031,0,5.0
1190,greedy,main,1.0,0.0,optimal,0.0014,0,5.0
1191,greedy,main,1.0,0.0,optimal,0.0023,0,5.0
1192,greedy,main,1.0,0.0,optimal,0.0018,0,5.0
1193,greedy,main,1.0,0.0,optimal,0.0017,0,5.0
1194,greedy,main,1.0,0.0,optimal,0.0012,0,5.0
1195,greedy,main,1.0,0.0,optimal,0.0021,0,5.0
1196,greedy,main,1.0,0.0,optimal,0.0029,0,5.0
1197,greedy,main,1.0,0.0,optimal,0.0016,0,5.0
1198,greedy,main,1.0,0.0,optimal,0.0015,0,5.0
1199,greedy,main,1.0,0.0,optimal,0.0017,0,5.0
1200,greedy,main,1.0,0.0,optimal,0.0018,0,5.0
1201,hungarian,main,1.0,0.0,optimal,0.0026,0,5.0
1202,hungarian,main,1.0,0.0,optimal,0.0051,0,5.0
1203,hungarian,main,1.0,0.0,optimal,0.0036,0,5.0
1204,hungarian,main,1.0,0.0,optimal,0.0034,0,5.0
1205,hungarian,main,1.0,0.0,optimal,0.0032,0,5.0
1206,hungarian,main,1.0,0.0,optimal,0.0038,0,5.0
1207,hungarian,main,1.0,0.0,optimal,0.0039,0,5.0
1208,hungarian,main,1.0,0.0,optimal,0.0031,0,5.0
1209,hungarian,main,1.0,0.0,optimal,0.0027,0,5.0
1210,hungarian,main,1.0,0.0,optimal,0.0031,0,5.0
1211,hungarian,main,1.0,0.0,optimal,0.0033,0,5.0
1212,hungarian,main,1.0,0.0,optimal,0.0057,0,5.0
1213,hungarian,main,1.0,0.0,optimal,0.0029,0,5.0
1214,hungarian,main,1.0,0.0,optimal,0.0028,0,5.0
1215,hungarian,main,1.0,0.0,optimal,0.0038,0,5.0
1216,hungarian,main,1.0,0.0,optimal,0.0038,0,5.0
1217,hungarian,main,1.0,0.0,optimal,0.0035,0,5.0
1218,hungarian,main,1.0,0.0,optimal,0.0042,0,5.0
1219,hungarian,main,1.0,0.0,optimal,0.0036,0,5.0
1220,hungarian,main,1.0,0.0,optimal,0.003,0,5.0
1221,marl,main,1.0,0.0,optimal,0.0079,0,5.0
1222,marl,main,1.0,0.0,optimal,0.0101,0,5.0
1223,marl,main,1.0,0.0,optimal,0.0098,0,5.0
1224,marl,main,1.0,0.0,optimal,0.0065,0,5.0
1225,marl,main,1.0,0.0,optimal,0.0135,0,5.0
1226,marl,main,1.0,0.0,optimal,0.0107,0,5.0
1227,marl,main,1.0,0.0,optimal,0.0074,0,5.0
1228,marl,main,1.0,0.0,optimal,0.0054,0,5.0
1229,marl,main,1.0,0.0,optimal,0.0067,0,5.0
1230,marl,main,1.0,0.0,optimal,0.0119,0,5.0
1231,marl,main,1.0,0.0,optimal,0.0051,0,5.0
1232,marl,main,1.0,0.0,optimal,0.0112,0,5.0
1233,marl,main,1.0,0.0,optimal,0.0084,0,5.0
1234,marl,main,1.0,0.0,optimal,0.0129,0,5.0
1235,marl,main,1.0,0.0,optimal,0.008,0,5.0
1236,marl,main,1.0,0.0,optimal,0.0072,0,5.0
1237,marl,main,1.0,0.0,optimal,0.0114,0,5.0
1238,marl,main,1.0,0.0,optimal,0.0095,0,5.0
1239,marl,main,1.0,0.0,optimal,0.0079,0,5.0
1240,marl,main,1.0,0.0,optimal,0.0132,0,5.0
1241,ot_auction,main,1.0,0.0,optimal,0.01,0,5.0
1242,ot_auction,main,1.0,0.0,optimal,0.0198,0,5.0
1243,ot_auction,main,1.0,0.0,optimal,0.0097,0,5.0
1244,ot_auction,main,1.0,0.0,optimal,0.0126,0,5.0
1245,ot_auction,main,1.0,0.0,optimal,0.0104,0,5.0
1246,ot_auction,main,1.0,0.0,optimal,0.0111,0,5.0
1247,ot_auction,main,1.0,0.0,optimal,0.0107,0,5.0
1248,ot_auction,main,1.0,0.0,optimal,0.0059,0,5.0
1249,ot_auction,main,1.0,0.0,optimal,0.0094,0,5.0
1250,ot_auction,main,1.0,0.0,optimal,0.0103,0,5.0
1251,ot_auction,main,1.0,0.0,optimal,0.0076,0,5.0
1252,ot_auction,main,1.0,0.0,optimal,0.0057,0,5.0
1253,ot_auction,main,1.0,0.0,optimal,0.0062,0,5.0
1254,ot_auction,main,1.0,0.0,optimal,0.0065,0,5.0
1255,ot_auction,main,1.0,0.0,optimal,0.0086,0,5.0
1256,ot_auction,main,1.0,0.0,optimal,0.009,0,5.0
1257,ot_auction,main,1.0,0.0,optimal,0.0072,0,5.0
1258,ot_auction,main,1.0,0.0,optimal,0.0092,0,5.0
1259,ot_auction,main,1.0,0.0,optimal,0.0126,0,5.0
1260,ot_auction,main,1.0,0.0,optimal,0.0104,0,5.0
1261,pbs,main,1.0,0.0,optimal,0.0049,0,5.0
1262,pbs,main,1.0,0.0,optimal,0.0056,0,5.0
1263,pbs,main,1.0,0.0,optimal,0.0027,0,5.0
1264,pbs,main,1.0,0.0,optimal,0.0029,0,5.0
1265,pbs,main,1.0,0.0,optimal,0.0024,0,5.0
1266,pbs,main,1.0,0.0,optimal,0.0069,0,5.0
1267,pbs,main,1.0,0.0,optimal,0.0029,0,5.0
1268,pbs,main,1.0,0.0,optimal,0.0035,0,5.0
1269,pbs,main,1.0,0.0,optimal,0.0039,0,5.0
1270,pbs,main,1.0,0.0,optimal,0.0028,0,5.0
1271,pbs,main,1.0,0.0,optimal,0.0082,0,5.0
1272,pbs,main,1.0,0.0,optimal,0.003,0,5.0
1273,pbs,main,1.0,0.0,optimal,0.0033,0,5.0
1274,pbs,main,1.0,0.0,optimal,0.0033,0,5.0
1275,pbs,main,1.0,0.0,optimal,0.0024,0,5.0
1276,pbs,main,1.0,0.0,optimal,0.009,0,5.0
1277,pbs,main,1.0,0.0,optimal,0.0027,0,5.0
1278,pbs,main,1.0,0.0,optimal,0.0028,0,5.0
1279,pbs,main,1.0,0.0,optimal,0.004,0,5.0
1280,pbs,main,1.0,0.0,optimal,0.003,0,5.0
1281,cofly,swarm_size,1.1,0.0,optimal,0.0157,0,5.0
1282,cofly,swarm_size,1.1,0.0,optimal,0.0233,0,5.0
1283,cofly,swarm_size,1.1,0.0,optimal,0.0299,0,5.0
1284,cofly,swarm_size,1.1,0.0,optimal,0.0435,0,5.0
1285,cofly,swarm_size,1.1,0.0,optimal,0.041,0,5.0
1286,cofly,swarm_size,1.1,0.0,optimal,0.0238,0,5.0
1287,cofly,swarm_size,1.1,0.0,optimal,0.0295,0,5.0
1288,cofly,swarm_size,1.1,0.0,optimal,0.0323,0,5.0
1289,cofly,swarm_size,1.1,0.0,optimal,0.0406,0,5.0
1290,cofly,swarm_size,1.1,0.0,optimal,0.0245,0,5.0
1291,cofly,swarm_size,1.1,0.0,optimal,0.0213,0,5.0
1292,cofly,swarm_size,1.1,0.0,optimal,0.0254,0,5.0
1293,cofly,swarm_size,1.1,0.0,optimal,0.0277,0,5.0
1294,cofly,swarm_size,1.1,0.0,optimal,0.0253,0,5.0
1295,cofly,swarm_size,1.1,0.0,optimal,0.0207,0,5.0
1296,cofly,swarm_size,1.1,0.0,optimal,0.0234,0,5.0
1297,cofly,swarm_size,1.1,0.0,optimal,0.0294,0,5.0
1298,cofly,swarm_size,1.1,0.0,optimal,0.0251,0,5.0
1299,cofly,swarm_size,1.1,0.0,optimal,0.0205,0,5.0
1300,cofly,swarm_size,1.1,0.0,optimal,0.0332,0,5.0
1301,cofly,swarm_size,1.1,0.0,optimal,0.0307,0,5.0
1302,cofly,swarm_size,1.1,0.0,optimal,0.0286,0,5.0
1303,cofly,swarm_size,1.1,0.0,optimal,0.0169,0,5.0
1304,cofly,swarm_size,1.1,0.0,optimal,0.0281,0,5.0
1305,cofly,swarm_size,1.1,0.0,optimal,0.0196,0,5.0
1306,cofly,swarm_size,1.1,0.0,optimal,0.0228,0,5.0
1307,cofly,swarm_size,1.1,0.0,optimal,0.022,0,5.0
1308,cofly,swarm_size,1.1,0.0,optimal,0.0742,0,5.0
1309,cofly,swarm_size,1.1,0.0,optimal,0.0238,0,5.0
1310,cofly,swarm_size,1.1,0.0,optimal,0.0337,0,5.0
1311,cofly,swarm_size,1.1,0.0,optimal,0.0291,0,5.0
1312,cofly,swarm_size,1.1,0.0,optimal,0.0212,0,5.0
1313,cofly,swarm_size,1.1,0.0,optimal,0.0197,0,5.0
1314,cofly,swarm_size,1.1,0.0,optimal,0.0441,0,5.0
1315,cofly,swarm_size,1.1,0.0,optimal,0.0196,0,5.0
1316,cofly,swarm_size,1.1,0.0,optimal,0.0279,0,5.0
1317,cofly,swarm_size,1.1,0.0,optimal,0.0231,0,5.0
1318,cofly,swarm_size,1.1,0.0,optimal,0.0451,0,5.0
1319,cofly,swarm_size,1.1,0.0,optimal,0.0199,0,5.0
1320,cofly,swarm_size,1.1,0.0,optimal,0.0222,0,5.0
1321,cofly,swarm_size,1.1,0.0,optimal,0.0446,0,5.0
1322,cofly,swarm_size,1.1,0.0,optimal,0.0232,0,5.0
1323,cofly,swarm_size,1.1,0.0,optimal,0.0185,0,5.0
1324,cofly,swarm_size,1.1,0.0,optimal,0.0192,0,5.0
1325,cofly,swarm_size,1.1,0.0,optimal,0.0219,0,5.0
1326,cofly,swarm_size,1.1,0.0,optimal,0.0351,0,5.0
1327,cofly,swarm_size,1.1,0.0,optimal,0.022,0,5.0
1328,cofly,swarm_size,1.1,0.0,optimal,0.0276,0,5.0
1329,cofly,swarm_size,1.1,0.0,optimal,0.0314,0,5.0
1330,cofly,swarm_size,1.1,0.0,optimal,0.0261,0,5.0
1331,cofly,swarm_size,1.1,0.0,optimal,0.0272,0,5.0
1332,cofly,swarm_size,1.1,0.0,optimal,0.0317,0,5.0
1333,cofly,swarm_size,1.1,0.0,optimal,0.0222,0,5.0
1334,cofly,swarm_size,1.1,0.0,optimal,0.0231,0,5.0
1335,cofly,swarm_size,1.1,0.0,optimal,0.0357,0,5.0
1336,cofly,swarm_size,1.1,0.0,optimal,0.0201,0,5.0
1337,cofly,swarm_size,1.1,0.0,optimal,0.0219,0,5.0
1338,cofly,swarm_size,1.1,0.0,optimal,0.0207,0,5.0
1339,cofly,swarm_size,1.1,0.0,optimal,0.023,0,5.0
1340,cofly,swarm_size,1.1,0.0,optimal,0.0406,0,5.0
1341,cofly,swarm_size,1.1,0.0,optimal,0.0211,0,5.0
1342,cofly,swarm_size,1.1,0.0,optimal,0.0154,0,5.0
1343,cofly,swarm_size,1.1,0.0,optimal,0.0351,0,5.0
1344,cofly,swarm_size,1.1,0.0,optimal,0.024,0,5.0
1345,cofly,swarm_size,1.1,0.0,optimal,0.0291,0,5.0
1346,cofly,swarm_size,1.1,0.0,optimal,0.0351,0,5.0
1347,cofly,swarm_size,1.1,0.0,optimal,0.0194,0,5.0
1348,cofly,swarm_size,1.1,0.0,optimal,0.029,0,5.0
1349,cofly,swarm_size,1.1,0.0,optimal,0.0205,0,5.0
1350,cofly,swarm_size,1.1,0.0,optimal,0.0168,0,5.0
1351,cofly,swarm_size,1.1,0.0,optimal,0.0356,0,5.0
1352,cofly,swarm_size,1.1,0.0,optimal,0.0146,0,5.0
1353,cofly,swarm_size,1.1,0.0,optimal,0.0153,0,5.0
1354,cofly,swarm_size,1.1,0.0,optimal,0.0216,0,5.0
1355,cofly,swarm_size,1.1,0.0,optimal,0.0188,0,5.0
1356,cofly,swarm_size,1.1,0.0,optimal,0.0422,0,5.0
1357,cofly,swarm_size,1.1,0.0,optimal,0.0314,0,5.0
1358,cofly,swarm_size,1.1,0.0,optimal,0.0587,0,5.0
1359,cofly,swarm_size,1.1,0.0,optimal,0.0302,0,5.0
1360,cofly,swarm_size,1.1,0.0,optimal,0.0223,0,5.0
1361,cofly,swarm_size,1.1,0.0,optimal,0.0286,0,5.0
1362,cofly,swarm_size,1.1,0.0,optimal,0.0261,0,5.0
1363,cofly,swarm_size,1.1,0.0,optimal,0.0382,0,5.0
1364,cofly,swarm_size,1.1,0.0,optimal,0.0232,0,5.0
1365,cofly,swarm_size,1.1,0.0,optimal,0.0328,0,5.0
1366,cofly,swarm_size,1.1,0.0,optimal,0.0273,0,5.0
1367,cofly,swarm_size,1.1,0.0,optimal,0.0311,0,5.0
1368,cofly,swarm_size,1.1,0.0,optimal,0.0288,0,5.0
1369,cofly,swarm_size,1.1,0.0,optimal,0.0371,0,5.0
1370,cofly,swarm_size,1.1,0.0,optimal,0.0221,0,5.0
1371,cofly,swarm_size,1.1,0.0,optimal,0.0248,0,5.0
1372,cofly,swarm_size,1.1,0.0,optimal,0.0281,0,5.0
1373,cofly,swarm_size,1.1,0.0,optimal,0.0237,0,5.0
1374,cofly,swarm_size,1.1,0.0,optimal,0.0255,0,5.0
1375,cofly,swarm_size,1.1,0.0,optimal,0.0281,0,5.0
1376,cofly,swarm_size,1.1,0.0,optimal,0.0259,0,5.0
1377,cofly,swarm_size,1.1,0.0,optimal,0.0203,0,5.0
1378,cofly,swarm_size,1.1,0.0,optimal,0.019,0,5.0
1379,cofly,swarm_size,1.1,0.0,optimal,0.0247,0,5.0
1380,cofly,swarm_size,1.1,0.0,optimal,0.0442,0,5.0
1381,greedy,swarm_size,1.0,0.0,optimal,0.0026,0,5.0
1382,greedy,swarm_size,1.0,0.0,optimal,0.0025,0,5.0
1383,greedy,swarm_size,1.0,0.0,optimal,0.0015,0,5.0
1384,greedy,swarm_size,1.0,0.0,optimal,0.0022,0,5.0
1385,greedy,swarm_size,1.0,0.0,optimal,0.0018,0,5.0
1386,greedy,swarm_size,1.0,0.0,optimal,0.0021,0,5.0
1387,greedy,swarm_size,1.0,0.0,optimal,0.0027,0,5.0
1388,greedy,swarm_size,1.0,0.0,optimal,0.0013,0,5.0
1389,greedy,swarm_size,1.0,0.0,optimal,0.0031,0,5.0
1390,greedy,swarm_size,1.0,0.0,optimal,0.0028,0,5.0
1391,greedy,swarm_size,1.0,0.0,optimal,0.0027,0,5.0
1392,greedy,swarm_size,1.0,0.0,optimal,0.0027,0,5.0
1393,greedy,swarm_size,1.0,0.0,optimal,0.0016,0,5.0
1394,greedy,swarm_size,1.0,0.0,optimal,0.0016,0,5.0
1395,greedy,swarm_size,1.0,0.0,optimal,0.0009,0,5.0
1396,greedy,swarm_size,1.0,0.0,optimal,0.0015,0,5.0
1397,greedy,swarm_size,1.0,0.0,optimal,0.002,0,5.0
1398,greedy,swarm_size,1.0,0.0,optimal,0.0019,0,5.0
1399,greedy,swarm_size,1.0,0.0,optimal,0.0024,0,5.0
1400,greedy,swarm_size,1.0,0.0,optimal,0.0017,0,5.0
1401,greedy,swarm_size,1.0,0.0,optimal,0.0021,0,5.0
1402,greedy,swarm_size,1.0,0.0,optimal,0.0021,0,5.0
1403,greedy,swarm_size,1.0,0.0,optimal,0.003,0,5.0
1404,greedy,swarm_size,1.0,0.0,optimal,0.0023,0,5.0
1405,greedy,swarm_size,1.0,0.0,optimal,0.0016,0,5.0
1406,greedy,swarm_size,1.0,0.0,optimal,0.0024,0,5.0
1407,greedy,swarm_size,1.0,0.0,optimal,0.0022,0,5.0
1408,greedy,swarm_size,1.0,0.0,optimal,0.0019,0,5.0
1409,greedy,swarm_size,1.0,0.0,optimal,0.0017,0,5.0
1410,greedy,swarm_size,1.0,0.0,optimal,0.002,0,5.0
1411,greedy,swarm_size,1.0,0.0,optimal,0.0019,0,5.0
1412,greedy,swarm_size,1.0,0.0,optimal,0.0023,0,5.0
1413,greedy,swarm_size,1.0,0.0,optimal,0.0022,0,5.0
1414,greedy,swarm_size,1.0,0.0,optimal,0.0016,0,5.0
1415,greedy,swarm_size,1.0,0.0,optimal,0.0013,0,5.0
1416,greedy,swarm_size,1.0,0.0,optimal,0.0025,0,5.0
1417,greedy,swarm_size,1.0,0.0,optimal,0.0018,0,5.0
1418,greedy,swarm_size,1.0,0.0,optimal,0.0027,0,5.0
1419,greedy,swarm_size,1.0,0.0,optimal,0.0022,0,5.0
1420,greedy,swarm_size,1.0,0.0,optimal,0.002,0,5.0
1421,greedy,swarm_size,1.0,0.0,optimal,0.0015,0,5.0
1422,greedy,swarm_size,1.0,0.0,optimal,0.0021,0,5.0
1423,greedy,swarm_size,1.0,0.0,optimal,0.0021,0,5.0
1424,greedy,swarm_size,1.0,0.0,optimal,0.0018,0,5.0
1425,greedy,swarm_size,1.0,0.0,optimal,0.0018,0,5.0
1426,greedy,swarm_size,1.0,0.0,optimal,0.0023,0,5.0
1427,greedy,swarm_size,1.0,0.0,optimal,0.0019,0,5.0
1428,greedy,swarm_size,1.0,0.0,optimal,0.002,0,5.0
1429,greedy,swarm_size,1.0,0.0,optimal,0.0016,0,5.0
1430,greedy,swarm_size,1.0,0.0,optimal,0.0018,0,5.0
1431,greedy,swarm_size,1.0,0.0,optimal,0.0019,0,5.0
1432,greedy,swarm_size,1.0,0.0,optimal,0.002,0,5.0
1433,greedy,swarm_size,1.0,0.0,optimal,0.0021,0,5.0
1434,greedy,swarm_size,1.0,0.0,optimal,0.0011,0,5.0
1435,greedy,swarm_size,1.0,0.0,optimal,0.0016,0,5.0
1436,greedy,swarm_size,1.0,0.0,optimal,0.0016,0,5.0
1437,greedy,swarm_size,1.0,0.0,optimal,0.002,0,5.0
1438,greedy,swarm_size,1.0,0.0,optimal,0.0027,0,5.0
1439,greedy,swarm_size,1.0,0.0,optimal,0.0036,0,5.0
1440,greedy,swarm_size,1.0,0.0,optimal,0.0017,0,5.0
1441,greedy,swarm_size,1.0,0.0,optimal,0.0014,0,5.0
1442,greedy,swarm_size,1.0,0.0,optimal,0.0019,0,5.0
1443,greedy,swarm_size,1.0,0.0,optimal,0.0013,0,5.0
1444,greedy,swarm_size,1.0,0.0,optimal,0.0021,0,5.0
1445,greedy,swarm_size,1.0,0.0,optimal,0.0013,0,5.0
1446,greedy,swarm_size,1.0,0.0,optimal,0.0014,0,5.0
1447,greedy,swarm_size,1.0,0.0,optimal,0.0021,0,5.0
1448,greedy,swarm_size,1.0,0.0,optimal,0.0022,0,5.0
1449,greedy,swarm_size,1.0,0.0,optimal,0.0015,0,5.0
1450,greedy,swarm_size,1.0,0.0,optimal,0.0017,0,5.0
1451,greedy,swarm_size,1.0,0.0,optimal,0.0024,0,5.0
1452,greedy,swarm_size,1.0,0.0,optimal,0.0029,0,5.0
1453,greedy,swarm_size,1.0,0.0,optimal,0.0019,0,5.0
1454,greedy,swarm_size,1.0,0.0,optimal,0.0024,0,5.0
1455,greedy,swarm_size,1.0,0.0,optimal,0.0028,0,5.0
1456,greedy,swarm_size,1.0,0.0,optimal,0.0029,0,5.0
1457,greedy,swarm_size,1.0,0.0,optimal,0.0019,0,5.0
1458,greedy,swarm_size,1.0,0.0,optimal,0.0012,0,5.0
1459,greedy,swarm_size,1.0,0.0,optimal,0.0018,0,5.0
1460,greedy,swarm_size,1.0,0.0,optimal,0.0015,0,5.0
1461,greedy,swarm_size,1.0,0.0,optimal,0.0021,0,5.0
1462,greedy,swarm_size,1.0,0.0,optimal,0.0016,0,5.0
1463,greedy,swarm_size,1.0,0.0,optimal,0.0021,0,5.0
1464,greedy,swarm_size,1.0,0.0,optimal,0.002,0,5.0
1465,greedy,swarm_size,1.0,0.0,optimal,0.0016,0,5.0
1466,greedy,swarm_size,1.0,0.0,optimal,0.0022,0,5.0
1467,greedy,swarm_size,1.0,0.0,optimal,0.0028,0,5.0
1468,greedy,swarm_size,1.0,0.0,optimal,0.0033,0,5.0
1469,greedy,swarm_size,1.0,0.0,optimal,0.0024,0,5.0
1470,greedy,swarm_size,1.0,0.0,optimal,0.0021,0,5.0
1471,greedy,swarm_size,1.0,0.0,optimal,0.0034,0,5.0
1472,greedy,swarm_size,1.0,0.0,optimal,0.0026,0,5.0
1473,greedy,swarm_size,1.0,0.0,optimal,0.0021,0,5.0
1474,greedy,swarm_size,1.0,0.0,optimal,0.0019,0,5.0
1475,greedy,swarm_size,1.0,0.0,optimal,0.0021,0,5.0
1476,greedy,swarm_size,1.0,0.0,optimal,0.0018,0,5.0
1477,greedy,swarm_size,1.0,0.0,optimal,0.0029,0,5.0
1478,greedy,swarm_size,1.0,0.0,optimal,0.0019,0,5.0
1479,greedy,swarm_size,1.0,0.0,optimal,0.0018,0,5.0
1480,greedy,swarm_size,1.0,0.0,optimal,0.0018,0,5.0
1481,hungarian,swarm_size,1.0,0.0,optimal,0.003,0,5.0
1482,hungarian,swarm_size,1.0,0.0,optimal,0.0059,0,5.0
1483,hungarian,swarm_size,1.0,0.0,optimal,0.0041,0,5.0
1484,hungarian,swarm_size,1.0,0.0,optimal,0.0027,0,5.0
1485,hungarian,swarm_size,1.0,0.0,optimal,0.0028,0,5.0
1486,hungarian,swarm_size,1.0,0.0,optimal,0.0032,0,5.0
1487,hungarian,swarm_size,1.0,0.0,optimal,0.0034,0,5.0
1488,hungarian,swarm_size,1.0,0.0,optimal,0.0036,0,5.0
1489,hungarian,swarm_size,1.0,0.0,optimal,0.0045,0,5.0
1490,hungarian,swarm_size,1.0,0.0,optimal,0.0038,0,5.0
1491,hungarian,swarm_size,1.0,0.0,optimal,0.0045,0,5.0
1492,hungarian,swarm_size,1.0,0.0,optimal,0.0029,0,5.0
1493,hungarian,swarm_size,1.0,0.0,optimal,0.0036,0,5.0
1494,hungarian,swarm_size,1.0,0.0,optimal,0.0031,0,5.0
1495,hungarian,swarm_size,1.0,0.0,optimal,0.0033,0,5.0
1496,hungarian,swarm_size,1.0,0.0,optimal,0.0035,0,5.0
1497,hungarian,swarm_size,1.0,0.0,optimal,0.0032,0,5.0
1498,hungarian,swarm_size,1.0,0.0,optimal,0.0038,0,5.0
1499,hungarian,swarm_size,1.0,0.0,optimal,0.0037,0,5.0
1500,hungarian,swarm_size,1.0,0.0,optimal,0.0032,0,5.0
1501,hungarian,swarm_size,1.0,0.0,optimal,0.0031,0,5.0
1502,hungarian,swarm_size,1.0,0.0,optimal,0.0068,0,5.0
1503,hungarian,swarm_size,1.0,0.0,optimal,0.003,0,5.0
1504,hungarian,swarm_size,1.0,0.0,optimal,0.0034,0,5.0
1505,hungarian,swarm_size,1.0,0.0,optimal,0.0056,0,5.0
1506,hungarian,swarm_size,1.0,0.0,optimal,0.0047,0,5.0
1507,hungarian,swarm_size,1.0,0.0,optimal,0.0035,0,5.0
1508,hungarian,swarm_size,1.0,0.0,optimal,0.0035,0,5.0
1509,hungarian,swarm_size,1.0,0.0,optimal,0.0034,0,5.0
1510,hungarian,swarm_size,1.0,0.0,optimal,0.0034,0,5.0
1511,hungarian,swarm_size,1.0,0.0,optimal,0.0042,0,5.0
1512,hungarian,swarm_size,1.0,0.0,optimal,0.0033,0,5.0
1513,hungarian,swarm_size,1.0,0.0,optimal,0.0046,0,5.0
1514,hungarian,swarm_size,1.0,0.0,optimal,0.0032,0,5.0
1515,hungarian,swarm_size,1.0,0.0,optimal,0.004,0,5.0
1516,hungarian,swarm_size,1.0,0.0,optimal,0.0051,0,5.0
1517,hungarian,swarm_size,1.0,0.0,optimal,0.003,0,5.0
1518,hungarian,swarm_size,1.0,0.0,optimal,0.0053,0,5.0
1519,hungarian,swarm_size,1.0,0.0,optimal,0.0036,0,5.0
1520,hungarian,swarm_size,1.0,0.0,optimal,0.0036,0,5.0
1521,hungarian,swarm_size,1.0,0.0,optimal,0.0037,0,5.0
1522,hungarian,swarm_size,1.0,0.0,optimal,0.0036,0,5.0
1523,hungarian,swarm_size,1.0,0.0,optimal,0.004,0,5.0
1524,hungarian,swarm_size,1.0,0.0,optimal,0.0054,0,5.0
1525,hungarian,swarm_size,1.0,0.0,optimal,0.0035,0,5.0
1526,hungarian,swarm_size,1.0,0.0,optimal,0.004,0,5.0
1527,hungarian,swarm_size,1.0,0.0,optimal,0.0039,0,5.0
1528,hungarian,swarm_size,1.0,0.0,optimal,0.0065,0,5.0
1529,hungarian,swarm_size,1.0,0.0,optimal,0.0062,0,5.0
1530,hungarian,swarm_size,1.0,0.0,optimal,0.0036,0,5.0
1531,hungarian,swarm_size,1.0,0.0,optimal,0.0043,0,5.0
1532,hungarian,swarm_size,1.0,0.0,optimal,0.0033,0,5.0
1533,hungarian,swarm_size,1.0,0.0,optimal,0.0052,0,5.0
1534,hungarian,swarm_size,1.0,0.0,optimal,0.0033,0,5.0
1535,hungarian,swarm_size,1.0,0.0,optimal,0.0042,0,5.0
1536,hungarian,swarm_size,1.0,0.0,optimal,0.0058,0,5.0
1537,hungarian,swarm_size,1.0,0.0,optimal,0.003,0,5.0
1538,hungarian,swarm_size,1.0,0.0,optimal,0.0036,0,5.0
1539,hungarian,swarm_size,1.0,0.0,optimal,0.0031,0,5.0
1540,hungarian,swarm_size,1.0,0.0,optimal,0.0079,0,5.0
1541,hungarian,swarm_size,1.0,0.0,optimal,0.003,0,5.0
1542,hungarian,swarm_size,1.0,0.0,optimal,0.0067,0,5.0
1543,hungarian,swarm_size,1.0,0.0,optimal,0.0035,0,5.0
1544,hungarian,swarm_size,1.0,0.0,optimal,0.0043,0,5.0
1545,hungarian,swarm_size,1.0,0.0,optimal,0.005,0,5.0
1546,hungarian,swarm_size,1.0,0.0,optimal,0.0037,0,5.0
1547,hungarian,swarm_size,1.0,0.0,optimal,0.003,0,5.0
1548,hungarian,swarm_size,1.0,0.0,optimal,0.0046,0,5.0
1549,hungarian,swarm_size,1.0,0.0,optimal,0.0041,0,5.0
1550,hungarian,swarm_size,1.0,0.0,optimal,0.0031,0,5.0
1551,hungarian,swarm_size,1.0,0.0,optimal,0.0052,0,5.0
1552,hungarian,swarm_size,1.0,0.0,optimal,0.0038,0,5.0
1553,hungarian,swarm_size,1.0,0.0,optimal,0.0034,0,5.0
1554,hungarian,swarm_size,1.0,0.0,optimal,0.0031,0,5.0
1555,hungarian,swarm_size,1.0,0.0,optimal,0.0033,0,5.0
1556,hungarian,swarm_size,1.0,0.0,optimal,0.0032,0,5.0
1557,hungarian,swarm_size,1.0,0.0,optimal,0.0059,0,5.0
1558,hungarian,swarm_size,1.0,0.0,optimal,0.004,0,5.0
1559,hungarian,swarm_size,1.0,0.0,optimal,0.0031,0,5.0
1560,hungarian,swarm_size,1.0,0.0,optimal,0.0053,0,5.0
1561,hungarian,swarm_size,1.0,0.0,optimal,0.0038,0,5.0
1562,hungarian,swarm_size,1.0,0.0,optimal,0.0034,0,5.0
1563,hungarian,swarm_size,1.0,0.0,optimal,0.0039,0,5.0
1564,hungarian,swarm_size,1.0,0.0,optimal,0.005,0,5.0
1565,hungarian,swarm_size,1.0,0.0,optimal,0.0031,0,5.0
1566,hungarian,swarm_size,1.0,0.0,optimal,0.0035,0,5.0
1567,hungarian,swarm_size,1.0,0.0,optimal,0.0085,0,5.0
1568,hungarian,swarm_size,1.0,0.0,optimal,0.0052,0,5.0
1569,hungarian,swarm_size,1.0,0.0,optimal,0.0039,0,5.0
1570,hungarian,swarm_size,1.0,0.0,optimal,0.0058,0,5.0
1571,hungarian,swarm_size,1.0,0.0,optimal,0.0032,0,5.0
1572,hungarian,swarm_size,1.0,0.0,optimal,0.0028,0,5.0
1573,hungarian,swarm_size,1.0,0.0,optimal,0.0031,0,5.0
1574,hungarian,swarm_size,1.0,0.0,optimal,0.0031,0,5.0
1575,hungarian,swarm_size,1.0,0.0,optimal,0.0038,0,5.0
1576,hungarian,swarm_size,1.0,0.0,optimal,0.0066,0,5.0
1577,hungarian,swarm_size,1.0,0.0,optimal,0.0048,0,5.0
1578,hungarian,swarm_size,1.0,0.0,optimal,0.0037,0,5.0
1579,hungarian,swarm_size,1.0,0.0,optimal,0.003,0,5.0
1580,hungarian,swarm_size,1.0,0.0,optimal,0.0041,0,5.0
1581,marl,swarm_size,1.0,0.0,optimal,0.0086,0,5.0
1582,marl,swarm_size,1.0,0.0,optimal,0.0084,0,5.0
1583,marl,swarm_size,1.0,0.0,optimal,0.0196,0,5.0
1584,marl,swarm_size,1.0,0.0,optimal,0.0103,0,5.0
1585,marl,swarm_size,1.0,0.0,optimal,0.0106,0,5.0
1586,marl,swarm_size,1.0,0.0,optimal,0.0075,0,5.0
1587,marl,swarm_size,1.0,0.0,optimal,0.0157,0,5.0
1588,marl,swarm_size,1.0,0.0,optimal,0.0061,0,5.0
1589,marl,swarm_size,1.0,0.0,optimal,0.0067,0,5.0
1590,marl,swarm_size,1.0,0.0,optimal,0.0069,0,5.0
1591,marl,swarm_size,1.0,0.0,optimal,0.0071,0,5.0
1592,marl,swarm_size,1.0,0.0,optimal,0.0095,0,5.0
1593,marl,swarm_size,1.0,0.0,optimal,0.0135,0,5.0
1594,marl,swarm_size,1.0,0.0,optimal,0.01,0,5.0
1595,marl,swarm_size,1.0,0.0,optimal,0.0083,0,5.0
1596,marl,swarm_size,1.0,0.0,optimal,0.0084,0,5.0
1597,marl,swarm_size,1.0,0.0,optimal,0.0081,0,5.0
1598,marl,swarm_size,1.0,0.0,optimal,0.0069,0,5.0
1599,marl,swarm_size,1.0,0.0,optimal,0.0107,0,5.0
1600,marl,swarm_size,1.0,0.0,optimal,0.0131,0,5.0
1601,marl,swarm_size,1.0,0.0,optimal,0.008,0,5.0
1602,marl,swarm_size,1.0,0.0,optimal,0.0101,0,5.0
1603,marl,swarm_size,1.0,0.0,optimal,0.0097,0,5.0
1604,marl,swarm_size,1.0,0.0,optimal,0.0137,0,5.0
1605,marl,swarm_size,1.0,0.0,optimal,0.0102,0,5.0
1606,marl,swarm_size,1.0,0.0,optimal,0.014,0,5.0
1607,marl,swarm_size,1.0,0.0,optimal,0.0067,0,5.0
1608,marl,swarm_size,1.0,0.0,optimal,0.0133,0,5.0
1609,marl,swarm_size,1.0,0.0,optimal,0.0081,0,5.0
1610,marl,swarm_size,1.0,0.0,optimal,0.0148,0,5.0
1611,marl,swarm_size,1.0,0.0,optimal,0.0066,0,5.0
1612,marl,swarm_size,1.0,0.0,optimal,0.0074,0,5.0
1613,marl,swarm_size,1.0,0.0,optimal,0.0145,0,5.0
1614,marl,swarm_size,1.0,0.0,optimal,0.0087,0,5.0
1615,marl,swarm_size,1.0,0.0,optimal,0.0145,0,5.0
1616,marl,swarm_size,1.0,0.0,optimal,0.0079,0,5.0
1617,marl,swarm_size,1.0,0.0,optimal,0.0093,0,5.0
1618,marl,swarm_size,1.0,0.0,optimal,0.0093,0,5.0
1619,marl,swarm_size,1.0,0.0,optimal,0.0072,0,5.0
1620,marl,swarm_size,1.0,0.0,optimal,0.0189,0,5.0
1621,marl,swarm_size,1.0,0.0,optimal,0.0135,0,5.0
1622,marl,swarm_size,1.0,0.0,optimal,0.0128,0,5.0
1623,marl,swarm_size,1.0,0.0,optimal,0.0082,0,5.0
1624,marl,swarm_size,1.0,0.0,optimal,0.0131,0,5.0
1625,marl,swarm_size,1.0,0.0,optimal,0.008,0,5.0
1626,marl,swarm_size,1.0,0.0,optimal,0.0065,0,5.0
1627,marl,swarm_size,1.0,0.0,optimal,0.0083,0,5.0
1628,marl,swarm_size,1.0,0.0,optimal,0.0141,0,5.0
1629,marl,swarm_size,1.0,0.0,optimal,0.022,0,5.0
1630,marl,swarm_size,1.0,0.0,optimal,0.0129,0,5.0
1631,marl,swarm_size,1.0,0.0,optimal,0.0076,0,5.0
1632,marl,swarm_size,1.0,0.0,optimal,0.0173,0,5.0
1633,marl,swarm_size,1.0,0.0,optimal,0.0106,0,5.0
1634,marl,swarm_size,1.0,0.0,optimal,0.0149,0,5.0
1635,marl,swarm_size,1.0,0.0,optimal,0.0072,0,5.0
1636,marl,swarm_size,1.0,0.0,optimal,0.0056,0,5.0
1637,marl,swarm_size,1.0,0.0,optimal,0.0073,0,5.0
1638,marl,swarm_size,1.0,0.0,optimal,0.0074,0,5.0
1639,marl,swarm_size,1.0,0.0,optimal,0.01,0,5.0
1640,marl,swarm_size,1.0,0.0,optimal,0.0097,0,5.0
1641,marl,swarm_size,1.0,0.0,optimal,0.0124,0,5.0
1642,marl,swarm_size,1.0,0.0,optimal,0.0096,0,5.0
1643,marl,swarm_size,1.0,0.0,optimal,0.0108,0,5.0
1644,marl,swarm_size,1.0,0.0,optimal,0.0057,0,5.0
1645,marl,swarm_size,1.0,0.0,optimal,0.0103,0,5.0
1646,marl,swarm_size,1.0,0.0,optimal,0.0107,0,5.0
1647,marl,swarm_size,1.0,0.0,optimal,0.0088,0,5.0
1648,marl,swarm_size,1.0,0.0,optimal,0.0109,0,5.0
1649,marl,swarm_size,1.0,0.0,optimal,0.006,0,5.0
1650,marl,swarm_size,1.0,0.0,optimal,0.0088,0,5.0
1651,marl,swarm_size,1.0,0.0,optimal,0.009,0,5.0
1652,marl,swarm_size,1.0,0.0,optimal,0.0083,0,5.0
1653,marl,swarm_size,1.0,0.0,optimal,0.0086,0,5.0
1654,marl,swarm_size,1.0,0.0,optimal,0.0091,0,5.0
1655,marl,swarm_size,1.0,0.0,optimal,0.0084,0,5.0
1656,marl,swarm_size,1.0,0.0,optimal,0.0111,0,5.0
1657,marl,swarm_size,1.0,0.0,optimal,0.0165,0,5.0
1658,marl,swarm_size,1.0,0.0,optimal,0.0097,0,5.0
1659,marl,swarm_size,1.0,0.0,optimal,0.0113,0,5.0
1660,marl,swarm_size,1.0,0.0,optimal,0.008,0,5.0
1661,marl,swarm_size,1.0,0.0,optimal,0.008,0,5.0
1662,marl,swarm_size,1.0,0.0,optimal,0.0138,0,5.0
1663,marl,swarm_size,1.0,0.0,optimal,0.0094,0,5.0
1664,marl,swarm_size,1.0,0.0,optimal,0.0072,0,5.0
1665,marl,swarm_size,1.0,0.0,optimal,0.0116,0,5.0
1666,marl,swarm_size,1.0,0.0,optimal,0.0094,0,5.0
1667,marl,swarm_size,1.0,0.0,optimal,0.0109,0,5.0
1668,marl,swarm_size,1.0,0.0,optimal,0.0098,0,5.0
1669,marl,swarm_size,1.0,0.0,optimal,0.0081,0,5.0
1670,marl,swarm_size,1.0,0.0,optimal,0.0061,0,5.0
1671,marl,swarm_size,1.0,0.0,optimal,0.0112,0,5.0
1672,marl,swarm_size,1.0,0.0,optimal,0.0136,0,5.0
1673,marl,swarm_size,1.0,0.0,optimal,0.0143,0,5.0
1674,marl,swarm_size,1.0,0.0,optimal,0.0082,0,5.0
1675,marl,swarm_size,1.0,0.0,optimal,0.0078,0,5.0
1676,marl,swarm_size,1.0,0.0,optimal,0.0074,0,5.0
1677,marl,swarm_size,1.0,0.0,optimal,0.0065,0,5.0
1678,marl,swarm_size,1.0,0.0,optimal,0.009,0,5.0
1679,marl,swarm_size,1.0,0.0,optimal,0.0105,0,5.0
1680,marl,swarm_size,1.0,0.0,optimal,0.0123,0,5.0
1681,cofly,turbine_sweep,1.1,0.0,optimal,0.0187,0,5.0
1682,cofly,turbine_sweep,1.1,0.0,optimal,0.0252,0,5.0
1683,cofly,turbine_sweep,1.1,0.0,optimal,0.0248,0,5.0
1684,cofly,turbine_sweep,1.1,0.0,optimal,0.0182,0,5.0
1685,cofly,turbine_sweep,1.1,0.0,optimal,0.0544,0,5.0
1686,cofly,turbine_sweep,1.1,0.0,optimal,0.0228,0,5.0
1687,cofly,turbine_sweep,1.1,0.0,optimal,0.0266,0,5.0
1688,cofly,turbine_sweep,1.1,0.0,optimal,0.0327,0,5.0
1689,cofly,turbine_sweep,1.1,0.0,optimal,0.024,0,5.0
1690,cofly,turbine_sweep,1.1,0.0,optimal,0.0208,0,5.0
1691,cofly,turbine_sweep,1.1,0.0,optimal,0.0372,0,5.0
1692,cofly,turbine_sweep,1.1,0.0,optimal,0.0428,0,5.0
1693,cofly,turbine_sweep,1.1,0.0,optimal,0.0212,0,5.0
1694,cofly,turbine_sweep,1.1,0.0,optimal,0.0206,0,5.0
1695,cofly,turbine_sweep,1.1,0.0,optimal,0.0361,0,5.0
1696,cofly,turbine_sweep,1.1,0.0,optimal,0.0481,0,5.0
1697,cofly,turbine_sweep,1.1,0.0,optimal,0.0402,0,5.0
1698,cofly,turbine_sweep,1.1,0.0,optimal,0.0309,0,5.0
1699,cofly,turbine_sweep,1.1,0.0,optimal,0.0223,0,5.0
1700,cofly,turbine_sweep,1.1,0.0,optimal,0.0448,0,5.0
1701,cofly,turbine_sweep,1.1,0.0,optimal,0.0229,0,5.0
1702,cofly,turbine_sweep,1.1,0.0,optimal,0.0187,0,5.0
1703,cofly,turbine_sweep,1.1,0.0,optimal,0.0402,0,5.0
1704,cofly,turbine_sweep,1.1,0.0,optimal,0.0264,0,5.0
1705,cofly,turbine_sweep,1.1,0.0,optimal,0.0567,0,5.0
1706,cofly,turbine_sweep,1.1,0.0,optimal,0.0167,0,5.0
1707,cofly,turbine_sweep,1.1,0.0,optimal,0.0281,0,5.0
1708,cofly,turbine_sweep,1.1,0.0,optimal,0.0321,0,5.0
1709,cofly,turbine_sweep,1.1,0.0,optimal,0.0218,0,5.0
1710,cofly,turbine_sweep,1.1,0.0,optimal,0.017,0,5.0
1711,cofly,turbine_sweep,1.1,0.0,optimal,0.0291,0,5.0
1712,cofly,turbine_sweep,1.1,0.0,optimal,0.0224,0,5.0
1713,cofly,turbine_sweep,1.1,0.0,optimal,0.0347,0,5.0
1714,cofly,turbine_sweep,1.1,0.0,optimal,0.0199,0,5.0
1715,cofly,turbine_sweep,1.1,0.0,optimal,0.0311,0,5.0
1716,cofly,turbine_sweep,1.1,0.0,optimal,0.0282,0,5.0
1717,cofly,turbine_sweep,1.1,0.0,optimal,0.0172,0,5.0
1718,cofly,turbine_sweep,1.1,0.0,optimal,0.0219,0,5.0
1719,cofly,turbine_sweep,1.1,0.0,optimal,0.0316,0,5.0
1720,cofly,turbine_sweep,1.1,0.0,optimal,0.0227,0,5.0
1721,cofly,turbine_sweep,1.1,0.0,optimal,0.0341,0,5.0
1722,cofly,turbine_sweep,1.1,0.0,optimal,0.0285,0,5.0
1723,cofly,turbine_sweep,1.1,0.0,optimal,0.0207,0,5.0
1724,cofly,turbine_sweep,1.1,0.0,optimal,0.0203,0,5.0
1725,cofly,turbine_sweep,1.1,0.0,optimal,0.0354,0,5.0
1726,cofly,turbine_sweep,1.1,0.0,optimal,0.0327,0,5.0
1727,cofly,turbine_sweep,1.1,0.0,optimal,0.0177,0,5.0
1728,cofly,turbine_sweep,1.1,0.0,optimal,0.0525,0,5.0
1729,cofly,turbine_sweep,1.1,0.0,optimal,0.0258,0,5.0
1730,cofly,turbine_sweep,1.1,0.0,optimal,0.0293,0,5.0
1731,cofly,turbine_sweep,1.1,0.0,optimal,0.0243,0,5.0
1732,cofly,turbine_sweep,1.1,0.0,optimal,0.0269,0,5.0
1733,cofly,turbine_sweep,1.1,0.0,optimal,0.0386,0,5.0
1734,cofly,turbine_sweep,1.1,0.0,optimal,0.0379,0,5.0
1735,cofly,turbine_sweep,1.1,0.0,optimal,0.0346,0,5.0
1736,cofly,turbine_sweep,1.1,0.0,optimal,0.0407,0,5.0
1737,cofly,turbine_sweep,1.1,0.0,optimal,0.0258,0,5.0
1738,cofly,turbine_sweep,1.1,0.0,optimal,0.0377,0,5.0
1739,cofly,turbine_sweep,1.1,0.0,optimal,0.0192,0,5.0
1740,cofly,turbine_sweep,1.1,0.0,optimal,0.0396,0,5.0
1741,cofly,turbine_sweep,1.1,0.0,optimal,0.0182,0,5.0
1742,cofly,turbine_sweep,1.1,0.0,optimal,0.0258,0,5.0
1743,cofly,turbine_sweep,1.1,0.0,optimal,0.0231,0,5.0
1744,cofly,turbine_sweep,1.1,0.0,optimal,0.0381,0,5.0
1745,cofly,turbine_sweep,1.1,0.0,optimal,0.029,0,5.0
1746,cofly,turbine_sweep,1.1,0.0,optimal,0.0215,0,5.0
1747,cofly,turbine_sweep,1.1,0.0,optimal,0.0273,0,5.0
1748,cofly,turbine_sweep,1.1,0.0,optimal,0.0215,0,5.0
1749,cofly,turbine_sweep,1.1,0.0,optimal,0.0324,0,5.0
1750,cofly,turbine_sweep,1.1,0.0,optimal,0.0241,0,5.0
1751,cofly,turbine_sweep,1.1,0.0,optimal,0.0377,0,5.0
1752,cofly,turbine_sweep,1.1,0.0,optimal,0.0277,0,5.0
1753,cofly,turbine_sweep,1.1,0.0,optimal,0.0313,0,5.0
1754,cofly,turbine_sweep,1.1,0.0,optimal,0.0345,0,5.0
1755,cofly,turbine_sweep,1.1,0.0,optimal,0.0202,0,5.0
1756,cofly,turbine_sweep,1.1,0.0,optimal,0.018,0,5.0
1757,cofly,turbine_sweep,1.1,0.0,optimal,0.0368,0,5.0
1758,cofly,turbine_sweep,1.1,0.0,optimal,0.019,0,5.0
1759,cofly,turbine_sweep,1.1,0.0,optimal,0.0433,0,5.0
1760,cofly,turbine_sweep,1.1,0.0,optimal,0.0322,0,5.0
1761,greedy,turbine_sweep,1.0,0.0,optimal,0.0024,0,5.0
1762,greedy,turbine_sweep,1.0,0.0,optimal,0.0019,0,5.0
1763,greedy,turbine_sweep,1.0,0.0,optimal,0.0015,0,5.0
1764,greedy,turbine_sweep,1.0,0.0,optimal,0.0021,0,5.0
1765,greedy,turbine_sweep,1.0,0.0,optimal,0.002,0,5.0
1766,greedy,turbine_sweep,1.0,0.0,optimal,0.0019,0,5.0
1767,greedy,turbine_sweep,1.0,0.0,optimal,0.0024,0,5.0
1768,greedy,turbine_sweep,1.0,0.0,optimal,0.0011,0,5.0
1769,greedy,turbine_sweep,1.0,0.0,optimal,0.0025,0,5.0
1770,greedy,turbine_sweep,1.0,0.0,optimal,0.0024,0,5.0
1771,greedy,turbine_sweep,1.0,0.0,optimal,0.0022,0,5.0
1772,greedy,turbine_sweep,1.0,0.0,optimal,0.0017,0,5.0
1773,greedy,turbine_sweep,1.0,0.0,optimal,0.0017,0,5.0
1774,greedy,turbine_sweep,1.0,0.0,optimal,0.0027,0,5.0
1775,greedy,turbine_sweep,1.0,0.0,optimal,0.0031,0,5.0
1776,greedy,turbine_sweep,1.0,0.0,optimal,0.0029,0,5.0
1777,greedy,turbine_sweep,1.0,0.0,optimal,0.0023,0,5.0
1778,greedy,turbine_sweep,1.0,0.0,optimal,0.0016,0,5.0
1779,greedy,turbine_sweep,1.0,0.0,optimal,0.002,0,5.0
1780,greedy,turbine_sweep,1.0,0.0,optimal,0.0014,0,5.0
1781,greedy,turbine_sweep,1.0,0.0,optimal,0.0024,0,5.0
1782,greedy,turbine_sweep,1.0,0.0,optimal,0.0013,0,5.0
1783,greedy,turbine_sweep,1.0,0.0,optimal,0.0029,0,5.0
1784,greedy,turbine_sweep,1.0,0.0,optimal,0.0023,0,5.0
1785,greedy,turbine_sweep,1.0,0.0,optimal,0.0015,0,5.0
1786,greedy,turbine_sweep,1.0,0.0,optimal,0.0018,0,5.0
1787,greedy,turbine_sweep,1.0,0.0,optimal,0.0025,0,5.0
1788,greedy,turbine_sweep,1.0,0.0,optimal,0.001,0,5.0
1789,greedy,turbine_sweep,1.0,0.0,optimal,0.0018,0,5.0
1790,greedy,turbine_sweep,1.0,0.0,optimal,0.0028,0,5.0
1791,greedy,turbine_sweep,1.0,0.0,optimal,0.0025,0,5.0
1792,greedy,turbine_sweep,1.0,0.0,optimal,0.0012,0,5.0
1793,greedy,turbine_sweep,1.0,0.0,optimal,0.0022,0,5.0
1794,greedy,turbine_sweep,1.0,0.0,optimal,0.0012,0,5.0
1795,greedy,turbine_sweep,1.0,0.0,optimal,0.0029,0,5.0
1796,greedy,turbine_sweep,1.0,0.0,optimal,0.0019,0,5.0
1797,greedy,turbine_sweep,1.0,0.0,optimal,0.0016,0,5.0
1798,greedy,turbine_sweep,1.0,0.0,optimal,0.0023,0,5.0
1799,greedy,turbine_sweep,1.0,0.0,optimal,0.0027,0,5.0
1800,greedy,turbine_sweep,1.0,0.0,optimal,0.0031,0,5.0
1801,greedy,turbine_sweep,1.0,0.0,optimal,0.0009,0,5.0
1802,greedy,turbine_sweep,1.0,0.0,optimal,0.0014,0,5.0
1803,greedy,turbine_sweep,1.0,0.0,optimal,0.0021,0,5.0
1804,greedy,turbine_sweep,1.0,0.0,optimal,0.0014,0,5.0
1805,greedy,turbine_sweep,1.0,0.0,optimal,0.0015,0,5.0
1806,greedy,turbine_sweep,1.0,0.0,optimal,0.0021,0,5.0
1807,greedy,turbine_sweep,1.0,0.0,optimal,0.0016,0,5.0
1808,greedy,turbine_sweep,1.0,0.0,optimal,0.0022,0,5.0
1809,greedy,turbine_sweep,1.0,0.0,optimal,0.0013,0,5.0
1810,greedy,turbine_sweep,1.0,0.0,optimal,0.0009,0,5.0
1811,greedy,turbine_sweep,1.0,0.0,optimal,0.0016,0,5.0
1812,greedy,turbine_sweep,1.0,0.0,optimal,0.002,0,5.0
1813,greedy,turbine_sweep,1.0,0.0,optimal,0.0034,0,5.0
1814,greedy,turbine_sweep,1.0,0.0,optimal,0.0022,0,5.0
1815,greedy,turbine_sweep,1.0,0.0,optimal,0.0018,0,5.0
1816,greedy,turbine_sweep,1.0,0.0,optimal,0.0018,0,5.0
1817,greedy,turbine_sweep,1.0,0.0,optimal,0.0026,0,5.0
1818,greedy,turbine_sweep,1.0,0.0,optimal,0.0018,0,5.0
1819,greedy,turbine_sweep,1.0,0.0,optimal,0.0021,0,5.0
1820,greedy,turbine_sweep,1.0,0.0,optimal,0.0022,0,5.0
1821,greedy,turbine_sweep,1.0,0.0,optimal,0.002,0,5.0
1822,greedy,turbine_sweep,1.0,0.0,optimal,0.002,0,5.0
1823,greedy,turbine_sweep,1.0,0.0,optimal,0.0013,0,5.0
1824,greedy,turbine_sweep,1.0,0.0,optimal,0.002,0,5.0
1825,greedy,turbine_sweep,1.0,0.0,optimal,0.003,0,5.0
1826,greedy,turbine_sweep,1.0,0.0,optimal,0.0015,0,5.0
1827,greedy,turbine_sweep,1.0,0.0,optimal,0.0019,0,5.0
1828,greedy,turbine_sweep,1.0,0.0,optimal,0.0019,0,5.0
1829,greedy,turbine_sweep,1.0,0.0,optimal,0.0024,0,5.0
1830,greedy,turbine_sweep,1.0,0.0,optimal,0.002,0,5.0
1831,greedy,turbine_sweep,1.0,0.0,optimal,0.0015,0,5.0
1832,greedy,turbine_sweep,1.0,0.0,optimal,0.002,0,5.0
1833,greedy,turbine_sweep,1.0,0.0,optimal,0.0019,0,5.0
1834,greedy,turbine_sweep,1.0,0.0,optimal,0.0028,0,5.0
1835,greedy,turbine_sweep,1.0,0.0,optimal,0.002,0,5.0
1836,greedy,turbine_sweep,1.0,0.0,optimal,0.0014,0,5.0
1837,greedy,turbine_sweep,1.0,0.0,optimal,0.0018,0,5.0
1838,greedy,turbine_sweep,1.0,0.0,optimal,0.0015,0,5.0
1839,greedy,turbine_sweep,1.0,0.0,optimal,0.002,0,5.0
1840,greedy,turbine_sweep,1.0,0.0,optimal,0.0021,0,5.0
1841,cofly,turbulence_sweep,1.1,0.0,optimal,0.0438,0,5.0
1842,cofly,turbulence_sweep,1.1,0.0,optimal,0.0251,0,5.0
1843,cofly,turbulence_sweep,1.1,0.0,optimal,0.0287,0,5.0
1844,cofly,turbulence_sweep,1.1,0.0,optimal,0.0297,0,5.0
1845,cofly,turbulence_sweep,1.1,0.0,optimal,0.0279,0,5.0
1846,cofly,turbulence_sweep,1.1,0.0,optimal,0.0158,0,5.0
1847,cofly,turbulence_sweep,1.1,0.0,optimal,0.0297,0,5.0
1848,cofly,turbulence_sweep,1.1,0.0,optimal,0.0208,0,5.0
1849,cofly,turbulence_sweep,1.1,0.0,optimal,0.0359,0,5.0
1850,cofly,turbulence_sweep,1.1,0.0,optimal,0.0218,0,5.0
1851,cofly,turbulence_sweep,1.1,0.0,optimal,0.0218,0,5.0
1852,cofly,turbulence_sweep,1.1,0.0,optimal,0.0174,0,5.0
1853,cofly,turbulence_sweep,1.1,0.0,optimal,0.0257,0,5.0
1854,cofly,turbulence_sweep,1.1,0.0,optimal,0.0228,0,5.0
1855,cofly,turbulence_sweep,1.1,0.0,optimal,0.0306,0,5.0
1856,cofly,turbulence_sweep,1.1,0.0,optimal,0.0251,0,5.0
1857,cofly,turbulence_sweep,1.1,0.0,optimal,0.0297,0,5.0
1858,cofly,turbulence_sweep,1.1,0.0,optimal,0.0313,0,5.0
1859,cofly,turbulence_sweep,1.1,0.0,optimal,0.0322,0,5.0
1860,cofly,turbulence_sweep,1.1,0.0,optimal,0.0203,0,5.0
1861,cofly,turbulence_sweep,1.1,0.0,optimal,0.0449,0,5.0
1862,cofly,turbulence_sweep,1.1,0.0,optimal,0.038,0,5.0
1863,cofly,turbulence_sweep,1.1,0.0,optimal,0.0182,0,5.0
1864,cofly,turbulence_sweep,1.1,0.0,optimal,0.0302,0,5.0
1865,cofly,turbulence_sweep,1.1,0.0,optimal,0.0412,0,5.0
1866,cofly,turbulence_sweep,1.1,0.0,optimal,0.0376,0,5.0
1867,cofly,turbulence_sweep,1.1,0.0,optimal,0.0187,0,5.0
1868,cofly,turbulence_sweep,1.1,0.0,optimal,0.0519,0,5.0
1869,cofly,turbulence_sweep,1.1,0.0,optimal,0.0306,0,5.0
1870,cofly,turbulence_sweep,1.1,0.0,optimal,0.0313,0,5.0
1871,cofly,turbulence_sweep,1.1,0.0,optimal,0.0296,0,5.0
1872,cofly,turbulence_sweep,1.1,0.0,optimal,0.0408,0,5.0
1873,cofly,turbulence_sweep,1.1,0.0,optimal,0.0167,0,5.0
1874,cofly,turbulence_sweep,1.1,0.0,optimal,0.042,0,5.0
1875,cofly,turbulence_sweep,1.1,0.0,optimal,0.0465,0,5.0
1876,cofly,turbulence_sweep,1.1,0.0,optimal,0.0173,0,5.0
1877,cofly,turbulence_sweep,1.1,0.0,optimal,0.0164,0,5.0
1878,cofly,turbulence_sweep,1.1,0.0,optimal,0.0298,0,5.0
1879,cofly,turbulence_sweep,1.1,0.0,optimal,0.0169,0,5.0
1880,cofly,turbulence_sweep,1.1,0.0,optimal,0.0245,0,5.0
1881,cofly,turbulence_sweep,1.1,0.0,optimal,0.0295,0,5.0
1882,cofly,turbulence_sweep,1.1,0.0,optimal,0.019,0,5.0
1883,cofly,turbulence_sweep,1.1,0.0,optimal,0.0413,0,5.0
1884,cofly,turbulence_sweep,1.1,0.0,optimal,0.0288,0,5.0
1885,cofly,turbulence_sweep,1.1,0.0,optimal,0.0219,0,5.0
1886,cofly,turbulence_sweep,1.1,0.0,optimal,0.032,0,5.0
1887,cofly,turbulence_sweep,1.1,0.0,optimal,0.0174,0,5.0
1888,cofly,turbulence_sweep,1.1,0.0,optimal,0.0144,0,5.0
1889,cofly,turbulence_sweep,1.1,0.0,optimal,0.0301,0,5.0
1890,cofly,turbulence_sweep,1.1,0.0,optimal,0.037,0,5.0
1891,cofly,turbulence_sweep,1.1,0.0,optimal,0.0365,0,5.0
1892,cofly,turbulence_sweep,1.1,0.0,optimal,0.0219,0,5.0
1893,cofly,turbulence_sweep,1.1,0.0,optimal,0.0149,0,5.0
1894,cofly,turbulence_sweep,1.1,0.0,optimal,0.0217,0,5.0
1895,cofly,turbulence_sweep,1.1,0.0,optimal,0.0405,0,5.0
1896,cofly,turbulence_sweep,1.1,0.0,optimal,0.0238,0,5.0
1897,cofly,turbulence_sweep,1.1,0.0,optimal,0.0186,0,5.0
1898,cofly,turbulence_sweep,1.1,0.0,optimal,0.042,0,5.0
1899,cofly,turbulence_sweep,1.1,0.0,optimal,0.0276,0,5.0
1900,cofly,turbulence_sweep,1.1,0.0,optimal,0.0371,0,5.0
1901,cofly,turbulence_sweep,1.1,0.0,optimal,0.019,0,5.0
1902,cofly,turbulence_sweep,1.1,0.0,optimal,0.0205,0,5.0
1903,cofly,turbulence_sweep,1.1,0.0,optimal,0.0388,0,5.0
1904,cofly,turbulence_sweep,1.1,0.0,optimal,0.0143,0,5.0
1905,cofly,turbulence_sweep,1.1,0.0,optimal,0.0188,0,5.0
1906,cofly,turbulence_sweep,1.1,0.0,optimal,0.0248,0,5.0
1907,cofly,turbulence_sweep,1.1,0.0,optimal,0.0279,0,5.0
1908,cofly,turbulence_sweep,1.1,0.0,optimal,0.0284,0,5.0
1909,cofly,turbulence_sweep,1.1,0.0,optimal,0.0345,0,5.0
1910,cofly,turbulence_sweep,1.1,0.0,optimal,0.026,0,5.0
1911,cofly,turbulence_sweep,1.1,0.0,optimal,0.0209,0,5.0
1912,cofly,turbulence_sweep,1.1,0.0,optimal,0.0212,0,5.0
1913,cofly,turbulence_sweep,1.1,0.0,optimal,0.0363,0,5.0
1914,cofly,turbulence_sweep,1.1,0.0,optimal,0.0238,0,5.0
1915,cofly,turbulence_sweep,1.1,0.0,optimal,0.0199,0,5.0
1916,cofly,turbulence_sweep,1.1,0.0,optimal,0.0395,0,5.0
1917,cofly,turbulence_sweep,1.1,0.0,optimal,0.0231,0,5.0
1918,cofly,turbulence_sweep,1.1,0.0,optimal,0.0236,0,5.0
1919,cofly,turbulence_sweep,1.1,0.0,optimal,0.0266,0,5.0
1920,cofly,turbulence_sweep,1.1,0.0,optimal,0.0491,0,5.0
1921,cofly,turbulence_sweep,1.1,0.0,optimal,0.0231,0,5.0
1922,cofly,turbulence_sweep,1.1,0.0,optimal,0.0247,0,5.0
1923,cofly,turbulence_sweep,1.1,0.0,optimal,0.0334,0,5.0
1924,cofly,turbulence_sweep,1.1,0.0,optimal,0.0176,0,5.0
1925,cofly,turbulence_sweep,1.1,0.0,optimal,0.0177,0,5.0
1926,cofly,turbulence_sweep,1.1,0.0,optimal,0.0169,0,5.0
1927,cofly,turbulence_sweep,1.1,0.0,optimal,0.0218,0,5.0
1928,cofly,turbulence_sweep,1.1,0.0,optimal,0.0135,0,5.0
1929,cofly,turbulence_sweep,1.1,0.0,optimal,0.035,0,5.0
1930,cofly,turbulence_sweep,1.1,0.0,optimal,0.0351,0,5.0
1931,cofly,turbulence_sweep,1.1,0.0,optimal,0.0236,0,5.0
1932,cofly,turbulence_sweep,1.1,0.0,optimal,0.0192,0,5.0
1933,cofly,turbulence_sweep,1.1,0.0,optimal,0.0234,0,5.0
1934,cofly,turbulence_sweep,1.1,0.0,optimal,0.0256,0,5.0
1935,cofly,turbulence_sweep,1.1,0.0,optimal,0.0361,0,5.0
1936,cofly,turbulence_sweep,1.1,0.0,optimal,0.0198,0,5.0
1937,cofly,turbulence_sweep,1.1,0.0,optimal,0.0395,0,5.0
1938,cofly,turbulence_sweep,1.1,0.0,optimal,0.0224,0,5.0
1939,cofly,turbulence_sweep,1.1,0.0,optimal,0.0283,0,5.0
1940,cofly,turbulence_sweep,1.1,0.0,optimal,0.0337,0,5.0
1941,greedy,turbulence_sweep,1.0,0.0,optimal,0.0013,0,5.0
1942,greedy,turbulence_sweep,1.0,0.0,optimal,0.0025,0,5.0
1943,greedy,turbulence_sweep,1.0,0.0,optimal,0.002,0,5.0
1944,greedy,turbulence_sweep,1.0,0.0,optimal,0.0038,0,5.0
1945,greedy,turbulence_sweep,1.0,0.0,optimal,0.0027,0,5.0
1946,greedy,turbulence_sweep,1.0,0.0,optimal,0.0018,0,5.0
1947,greedy,turbulence_sweep,1.0,0.0,optimal,0.0035,0,5.0
1948,greedy,turbulence_sweep,1.0,0.0,optimal,0.0026,0,5.0
1949,greedy,turbulence_sweep,1.0,0.0,optimal,0.0018,0,5.0
1950,greedy,turbulence_sweep,1.0,0.0,optimal,0.0018,0,5.0
1951,greedy,turbulence_sweep,1.0,0.0,optimal,0.0019,0,5.0
1952,greedy,turbulence_sweep,1.0,0.0,optimal,0.002,0,5.0
1953,greedy,turbulence_sweep,1.0,0.0,optimal,0.0027,0,5.0
1954,greedy,turbulence_sweep,1.0,0.0,optimal,0.0014,0,5.0
1955,greedy,turbulence_sweep,1.0,0.0,optimal,0.0032,0,5.0
1956,greedy,turbulence_sweep,1.0,0.0,optimal,0.0022,0,5.0
1957,greedy,turbulence_sweep,1.0,0.0,optimal,0.0024,0,5.0
1958,greedy,turbulence_sweep,1.0,0.0,optimal,0.0014,0,5.0
1959,greedy,turbulence_sweep,1.0,0.0,optimal,0.0017,0,5.0
1960,greedy,turbulence_sweep,1.0,0.0,optimal,0.0022,0,5.0
1961,greedy,turbulence_sweep,1.0,0.0,optimal,0.0031,0,5.0
1962,greedy,turbulence_sweep,1.0,0.0,optimal,0.002,0,5.0
1963,greedy,turbulence_sweep,1.0,0.0,optimal,0.0017,0,5.0
1964,greedy,turbulence_sweep,1.0,0.0,optimal,0.0018,0,5.0
1965,greedy,turbulence_sweep,1.0,0.0,optimal,0.0018,0,5.0
1966,greedy,turbulence_sweep,1.0,0.0,optimal,0.0018,0,5.0
1967,greedy,turbulence_sweep,1.0,0.0,optimal,0.0018,0,5.0
1968,greedy,turbulence_sweep,1.0,0.0,optimal,0.0016,0,5.0
1969,greedy,turbulence_sweep,1.0,0.0,optimal,0.0027,0,5.0
1970,greedy,turbulence_sweep,1.0,0.0,optimal,0.0014,0,5.0
1971,greedy,turbulence_sweep,1.0,0.0,optimal,0.0026,0,5.0
1972,greedy,turbulence_sweep,1.0,0.0,optimal,0.002,0,5.0
1973,greedy,turbulence_sweep,1.0,0.0,optimal,0.0016,0,5.0
1974,greedy,turbulence_sweep,1.0,0.0,optimal,0.0017,0,5.0
1975,greedy,turbulence_sweep,1.0,0.0,optimal,0.0021,0,5.0
1976,greedy,turbulence_sweep,1.0,0.0,optimal,0.0013,0,5.0
1977,greedy,turbulence_sweep,1.0,0.0,optimal,0.0016,0,5.0
1978,greedy,turbulence_sweep,1.0,0.0,optimal,0.0015,0,5.0
1979,greedy,turbulence_sweep,1.0,0.0,optimal,0.0019,0,5.0
1980,greedy,turbulence_sweep,1.0,0.0,optimal,0.0027,0,5.0
1981,greedy,turbulence_sweep,1.0,0.0,optimal,0.0016,0,5.0
1982,greedy,turbulence_sweep,1.0,0.0,optimal,0.0027,0,5.0
1983,greedy,turbulence_sweep,1.0,0.0,optimal,0.0018,0,5.0
1984,greedy,turbulence_sweep,1.0,0.0,optimal,0.0024,0,5.0
1985,greedy,turbulence_sweep,1.0,0.0,optimal,0.0019,0,5.0
1986,greedy,turbulence_sweep,1.0,0.0,optimal,0.0021,0,5.0
1987,greedy,turbulence_sweep,1.0,0.0,optimal,0.0021,0,5.0
1988,greedy,turbulence_sweep,1.0,0.0,optimal,0.0024,0,5.0
1989,greedy,turbulence_sweep,1.0,0.0,optimal,0.0018,0,5.0
1990,greedy,turbulence_sweep,1.0,0.0,optimal,0.0017,0,5.0
1991,greedy,turbulence_sweep,1.0,0.0,optimal,0.0026,0,5.0
1992,greedy,turbulence_sweep,1.0,0.0,optimal,0.0018,0,5.0
1993,greedy,turbulence_sweep,1.0,0.0,optimal,0.0019,0,5.0
1994,greedy,turbulence_sweep,1.0,0.0,optimal,0.0021,0,5.0
1995,greedy,turbulence_sweep,1.0,0.0,optimal,0.0025,0,5.0
1996,greedy,turbulence_sweep,1.0,0.0,optimal,0.0019,0,5.0
1997,greedy,turbulence_sweep,1.0,0.0,optimal,0.002,0,5.0
1998,greedy,turbulence_sweep,1.0,0.0,optimal,0.0024,0,5.0
1999,greedy,turbulence_sweep,1.0,0.0,optimal,0.0017,0,5.0
2000,greedy,turbulence_sweep,1.0,0.0,optimal,0.0019,0,5.0
2001,greedy,turbulence_sweep,1.0,0.0,optimal,0.0021,0,5.0
2002,greedy,turbulence_sweep,1.0,0.0,optimal,0.0014,0,5.0
2003,greedy,turbulence_sweep,1.0,0.0,optimal,0.0025,0,5.0
2004,greedy,turbulence_sweep,1.0,0.0,optimal,0.0015,0,5.0
2005,greedy,turbulence_sweep,1.0,0.0,optimal,0.0022,0,5.0
2006,greedy,turbulence_sweep,1.0,0.0,optimal,0.0017,0,5.0
2007,greedy,turbulence_sweep,1.0,0.0,optimal,0.0018,0,5.0
2008,greedy,turbulence_sweep,1.0,0.0,optimal,0.0021,0,5.0
2009,greedy,turbulence_sweep,1.0,0.0,optimal,0.0021,0,5.0
2010,greedy,turbulence_sweep,1.0,0.0,optimal,0.0019,0,5.0
2011,greedy,turbulence_sweep,1.0,0.0,optimal,0.0012,0,5.0
2012,greedy,turbulence_sweep,1.0,0.0,optimal,0.0017,0,5.0
2013,greedy,turbulence_sweep,1.0,0.0,optimal,0.0017,0,5.0
2014,greedy,turbulence_sweep,1.0,0.0,optimal,0.0014,0,5.0
2015,greedy,turbulence_sweep,1.0,0.0,optimal,0.0018,0,5.0
2016,greedy,turbulence_sweep,1.0,0.0,optimal,0.0018,0,5.0
2017,greedy,turbulence_sweep,1.0,0.0,optimal,0.0019,0,5.0
2018,greedy,turbulence_sweep,1.0,0.0,optimal,0.0018,0,5.0
2019,greedy,turbulence_sweep,1.0,0.0,optimal,0.002,0,5.0
2020,greedy,turbulence_sweep,1.0,0.0,optimal,0.0027,0,5.0
2021,greedy,turbulence_sweep,1.0,0.0,optimal,0.0019,0,5.0
2022,greedy,turbulence_sweep,1.0,0.0,optimal,0.0024,0,5.0
2023,greedy,turbulence_sweep,1.0,0.0,optimal,0.0015,0,5.0
2024,greedy,turbulence_sweep,1.0,0.0,optimal,0.0036,0,5.0
2025,greedy,turbulence_sweep,1.0,0.0,optimal,0.0011,0,5.0
2026,greedy,turbulence_sweep,1.0,0.0,optimal,0.0023,0,5.0
2027,greedy,turbulence_sweep,1.0,0.0,optimal,0.0038,0,5.0
2028,greedy,turbulence_sweep,1.0,0.0,optimal,0.0012,0,5.0
2029,greedy,turbulence_sweep,1.0,0.0,optimal,0.0018,0,5.0
2030,greedy,turbulence_sweep,1.0,0.0,optimal,0.0021,0,5.0
2031,greedy,turbulence_sweep,1.0,0.0,optimal,0.0026,0,5.0
2032,greedy,turbulence_sweep,1.0,0.0,optimal,0.0027,0,5.0
2033,greedy,turbulence_sweep,1.0,0.0,optimal,0.0014,0,5.0
2034,greedy,turbulence_sweep,1.0,0.0,optimal,0.0015,0,5.0
2035,greedy,turbulence_sweep,1.0,0.0,optimal,0.0015,0,5.0
2036,greedy,turbulence_sweep,1.0,0.0,optimal,0.0019,0,5.0
2037,greedy,turbulence_sweep,1.0,0.0,optimal,0.0028,0,5.0
2038,greedy,turbulence_sweep,1.0,0.0,optimal,0.0016,0,5.0
2039,greedy,turbulence_sweep,1.0,0.0,optimal,0.0025,0,5.0
2040,greedy,turbulence_sweep,1.0,0.0,optimal,0.0019,0,5.0
