t,master_ns,slave_ns,offset_ns,sync_interval_ms
0.0,125000000,125007892,7892.1,125
0.125,250000000,250002138,2138.8,125
0.25,375000000,375004081,4081.3,125
0.375,500000000,500005438,5438.5,125
0.5,625000000,625001848,1848.6,125
0.625,750000000,750007672,7672.7,125
0.75,875000000,875003661,3662.0,125
0.875,1000000000,1000000910,910.8,125
1.0,1125000000,1125006900,6900.3,125
1.125,1250000000,1250006192,6193.0,125
1.25,1375000000,1375005263,5263.5,125
1.375,1500000000,1500003336,3336.1,125
1.5,1625000000,1625005094,5094.3,125
1.625,1750000000,1750004276,4276.6,125
1.75,1875000000,1875010044,10044.2,125
1.875,2000000000,2000006536,6536.8,125
2.0,2125000000,2125008315,8315.7,125
2.125,2250000000,2250005129,5129.3,125
2.25,2375000000,2375006213,6213.6,125
2.375,2500000000,2500002597,2597.0,125
2.5,2625000000,2625000925,925.3,125
2.625,2750000000,2750005648,5648.3,125
2.75,2875000000,2875006107,6107.7,125
2.875,3000000000,3000001823,1823.4,125
3.0,3125000000,3125006316,6316.9,125
3.125,3250000000,3250007274,7274.4,125
3.25,3375000000,3375004974,4974.1,125
3.375,3500000000,3500003583,3583.4,125
3.5,3625000000,3625007173,7173.4,125
3.625,3750000000,3750007305,7305.0,125
3.75,3875000000,3875010790,10790.2,125
3.875,4000000000,4000004175,4175.4,125
4.0,4125000000,4125008193,8193.4,125
4.125,4250000000,4250010462,10462.6,125
4.25,4375000000,4375007865,7865.9,125
4.375,4500000000,4500001707,1707.0,125
4.5,4625000000,4625001775,1775.5,125
4.625,4750000000,4750007189,7189.5,125
4.75,4875000000,4875003747,3747.9,125
4.875,5000000000,5000003366,3366.4,125
5.0,5125000000,5125006737,6738.0,125
5.125,5250000000,5250002586,2586.9,125
5.25,5375000000,5375009440,9440.1,125
5.375,5500000000,5500005658,5658.6,125
5.5,5625000000,5625004952,4952.8,125
5.625,5750000000,5750005593,5593.1,125
5.75,5875000000,5875003409,3409.5,125
5.875,6000000000,6000005519,5519.9,125
6.0,6125000000,6125009821,9821.4,125
6.125,6250000000,6250005493,5493.9,125
6.25,6375000000,6375007383,7383.9,125
6.375,6500000000,6500007384,7384.6,125
6.5,6625000000,6625007565,7565.8,125
6.625,6750000000,6750005565,5565.4,125
6.75,6875000000,6875007986,7986.1,125
6.875,7000000000,7000002241,2241.3,125
7.0,7125000000,7125003465,3465.0,125
7.125,7250000000,7250006700,6700.2,125
7.25,7375000000,7375004541,4541.6,125
7.375,7500000000,7500007358,7358.4,125
7.5,7625000000,7625004787,4787.5,125
7.625,7750000000,7750002633,2633.0,125
7.75,7875000000,7875002215,2215.1,125
7.875,8000000000,8000006367,6367.7,125
8.0,8125000000,8125000936,937.0,125
8.125,8250000000,8250009697,9697.6,125
8.25,8375000000,8375006150,6150.2,125
8.375,8500000000,8500004025,4025.2,125
8.5,8625000000,8625009138,9138.1,125
8.625,8750000000,8750005049,5049.1,125
8.75,8875000000,8875005694,5694.3,125
8.875,9000000000,9000001623,1623.7,125
9.0,9125000000,9125003859,3859.9,125
9.125,9250000000,9250006010,6010.5,125
9.25,9375000000,9375006196,6196.1,125
9.375,9500000000,9500003377,3377.6,125
9.5,9625000000,9625009478,9478.7,125
9.625,9750000000,9750003742,3742.3,125
9.75,9875000000,9875001445,1445.3,125
9.875,10000000000,10000002682,2682.6,125
10.0,10125000000,10125001003,1004.0,125
10.125,10250000000,10250001954,1954.0,125
10.25,10375000000,10375006213,6213.2,125
10.375,10500000000,10500005098,5098.6,125
10.5,10625000000,10625009808,9808.1,125
10.625,10750000000,10750004465,4465.6,125
10.75,10875000000,10875003857,3857.3,125
10.875,11000000000,11000004106,4106.6,125
11.0,11125000000,11125004320,4320.6,125
11.125,11250000000,11250005774,5774.6,125
11.25,11375000000,11375003058,3058.6,125
11.375,11500000000,11500005074,5074.1,125
11.5,11625000000,11625008281,8281.7,125
11.625,11750000000,11750003931,3931.9,125
11.75,11875000000,11875003495,3495.2,125
11.875,12000000000,12000003717,3717.9,125
12.0,12125000000,12125007845,7845.1,125
12.125,12250000000,12250005113,5114.0,125
12.25,12375000000,12375003922,3922.1,125
12.375,12500000000,12500006527,6527.2,125
12.5,12625000000,12625002579,2579.8,125
12.625,12750000000,12750006821,6821.2,125
12.75,12875000000,12875005976,5976.6,125
12.875,13000000000,13000001774,1774.0,125
13.0,13125000000,13125005593,5593.2,125
13.125,13250000000,13250010532,10532.8,125
13.25,13375000000,13375007059,7060.0,125
13.375,13500000000,13500004871,4871.6,125
13.5,13625000000,13625001089,1089.5,125
13.625,13750000000,13750008218,8218.6,125
13.75,13875000000,13875006231,6231.2,125
13.875,14000000000,14000004409,4409.3,125
14.0,14125000000,14125007388,7388.2,125
14.125,14250000000,14250000906,906.9,125
14.25,14375000000,14375001681,1681.6,125
14.375,14500000000,14500004347,4347.8,125
14.5,14625000000,14625002789,2789.1,125
14.625,14750000000,14750007198,7198.7,125
14.75,14875000000,14875001418,1418.5,125
14.875,15000000000,15000008595,8595.8,125
15.0,15125000000,15125006346,6346.3,125
15.125,15250000000,15250005987,5987.8,125
15.25,15375000000,15375005983,5984.0,125
15.375,15500000000,15500007376,7376.5,125
15.5,15625000000,15625007847,7847.2,125
15.625,15750000000,15750003154,3154.3,125
15.75,15875000000,15875004007,4007.3,125
15.875,16000000000,16000004156,4156.9,125
16.0,16125000000,16125001241,1241.2,125
16.125,16250000000,16250005061,5061.7,125
16.25,16375000000,16375003105,3106.0,125
16.375,16500000000,16500007598,7598.4,125
16.5,16625000000,16625003881,3881.6,125
16.625,16750000000,16750007430,7430.8,125
16.75,16875000000,16875007346,7346.7,125
16.875,17000000000,17000003170,3170.8,125
17.0,17125000000,17125005222,5222.5,125
17.125,17250000000,17250005751,5751.4,125
17.25,17375000000,17375008495,8495.9,125
17.375,17500000000,17500004240,4240.3,125
17.5,17625000000,17625005041,5041.6,125
17.625,17750000000,17750004873,4874.0,125
17.75,17875000000,17875007980,7980.8,125
17.875,18000000000,18000004886,4886.0,125
18.0,18125000000,18125006479,6479.4,125
18.125,18250000000,18250005109,5109.3,125
18.25,18375000000,18375001323,1323.8,125
18.375,18500000000,18500000652,652.2,125
18.5,18625000000,18625006732,6732.7,125
18.625,18750000000,18750008505,8505.0,125
18.75,18875000000,18875003613,3613.3,125
18.875,19000000000,19000004939,4939.3,125
19.0,19125000000,19125005528,5528.9,125
19.125,19250000000,19250004599,4599.5,125
19.25,19375000000,19375004075,4075.5,125
19.375,19500000000,19500005201,5201.5,125
19.5,19625000000,19625008399,8399.0,125
19.625,19750000000,19750005748,5748.4,125
19.75,19875000000,19875007525,7525.9,125
19.875,20000000000,20000006356,6356.1,125
20.0,20125000000,20125004093,4093.1,125
20.125,20250000000,20250005401,5401.4,125
20.25,20375000000,20375002463,2464.0,125
20.375,20500000000,20500000313,313.2,125
20.5,20625000000,20625006565,6565.3,125
20.625,20750000000,20750003438,3438.1,125
20.75,20875000000,20875005971,5971.7,125
20.875,21000000000,21000004628,4628.1,125
21.0,21125000000,21125004165,4166.0,125
21.125,21250000000,21250009952,9952.5,125
21.25,21375000000,21375005677,5677.2,125
21.375,21500000000,21500004640,4640.7,125
21.5,21625000000,21625004375,4375.7,125
21.625,21750000000,21750008651,8651.6,125
21.75,21875000000,21875002874,2874.2,125
21.875,22000000000,22000005178,5178.9,125
22.0,22125000000,22125008129,8129.4,125
22.125,22250000000,22250002965,2965.2,125
22.25,22375000000,22375005459,5459.2,125
22.375,22500000000,22500007074,7074.9,125
22.5,22625000000,22625003876,3876.6,125
22.625,22750000000,22750005254,5254.2,125
22.75,22875000000,22875001339,1339.4,125
22.875,23000000000,23000006177,6177.8,125
23.0,23125000000,23125000203,203.9,125
23.125,23250000000,23250002064,2064.4,125
23.25,23375000000,23375002737,2737.7,125
23.375,23500000000,23500001708,1709.0,125
23.5,23625000000,23625001858,1858.0,125
23.625,23750000000,23750001676,1676.6,125
23.75,23875000000,23875010634,10634.0,125
23.875,24000000000,24000006136,6137.0,125
24.0,24125000000,24125004581,4581.7,125
24.125,24250000000,24250004112,4112.1,125
24.25,24375000000,24375005447,5447.0,125
24.375,24500000000,24500007058,7058.7,125
24.5,24625000000,24625002264,2264.4,125
24.625,24750000000,24750006406,6406.1,125
24.75,24875000000,24875004281,4281.5,125
24.875,25000000000,25000006254,6254.3,125
25.0,25125000000,25125003985,3985.7,125
25.125,25250000000,25250005329,5329.1,125
25.25,25375000000,25375008510,8510.4,125
25.375,25500000000,25500006233,6233.4,125
25.5,25625000000,25625008102,8102.0,125
25.625,25750000000,25750005021,5021.4,125
25.75,25875000000,25875008776,8776.5,125
25.875,26000000000,26000007010,7010.4,125
26.0,26125000000,26125005181,5181.6,125
26.125,26250000000,26250003563,3563.7,125
26.25,26375000000,26375004857,4857.9,125
26.375,26500000000,26500004525,4525.9,125
26.5,26625000000,26625003417,3417.8,125
26.625,26750000000,26750006802,6802.9,125
26.75,26875000000,26875001649,1649.6,125
26.875,27000000000,27000002967,2967.8,125
27.0,27125000000,27125002332,2332.2,125
27.125,27250000000,27250008954,8954.3,125
27.25,27375000000,27375005562,5562.5,125
27.375,27500000000,27500004320,4321.0,125
27.5,27625000000,27625007318,7318.3,125
27.625,27750000000,27750005009,5009.0,125
27.75,27875000000,27875001625,1625.6,125
27.875,28000000000,28000001911,1911.1,125
28.0,28125000000,28125006619,6619.6,125
28.125,28250000000,28250003985,3985.8,125
28.25,28375000000,28375006839,6839.2,125
28.375,28500000000,28500003690,3690.0,125
28.5,28625000000,28625008279,8280.0,125
28.625,28750000000,28750009117,9117.8,125
28.75,28875000000,28875001324,1324.2,125
28.875,29000000000,29000005160,5160.3,125
29.0,29125000000,29125003883,3883.9,125
29.125,29250000000,29250002336,2336.0,125
29.25,29375000000,29375003560,3560.4,125
29.375,29500000000,29500008113,8113.3,125
29.5,29625000000,29625009609,9609.4,125
29.625,29750000000,29750002249,2249.2,125
29.75,29875000000,29875007496,7496.8,125
29.875,30000000000,30000008652,8652.3,125
30.0,30125000000,30125004284,4284.1,125
30.125,30250000000,30250003811,3811.9,125
30.25,30375000000,30375005052,5052.3,125
30.375,30500000000,30500010352,10352.5,125
30.5,30625000000,30625005491,5491.8,125
30.625,30750000000,30750008681,8681.1,125
30.75,30875000000,30875012691,12691.6,125
30.875,31000000000,31000002841,2841.1,125
31.0,31125000000,31125003430,3430.9,125
31.125,31250000000,31250004893,4893.0,125
31.25,31375000000,31375007052,7052.9,125
31.375,31500000000,31500004790,4790.1,125
31.5,31625000000,31625005896,5896.7,125
31.625,31750000000,31750004762,4762.5,125
31.75,31875000000,31875006021,6021.3,125
31.875,32000000000,32000008007,8007.9,125
32.0,32125000000,32125010453,10453.7,125
32.125,32250000000,32250006883,6883.5,125
32.25,32375000000,32375008909,8909.7,125
32.375,32500000000,32500007635,7635.3,125
32.5,32625000000,32625004522,4522.4,125
32.625,32750000000,32750005075,5075.5,125
32.75,32875000000,32875005214,5214.8,125
32.875,33000000000,33000001981,1982.0,125
33.0,33125000000,33125001547,1547.1,125
33.125,33250000000,33250009378,9378.6,125
33.25,33375000000,33375002977,2977.8,125
33.375,33500000000,33500009151,9152.0,125
33.5,33625000000,33625001500,1500.7,125
33.625,33750000000,33750005336,5336.2,125
33.75,33875000000,33875005252,5252.2,125
33.875,34000000000,34000005737,5737.0,125
34.0,34125000000,34125004629,4629.4,125
34.125,34250000000,34250003881,3881.3,125
34.25,34375000000,34375001998,1998.8,125
34.375,34500000000,34500003546,3546.1,125
34.5,34625000000,34625001304,1304.6,125
34.625,34750000000,34750008781,8781.3,125
34.75,34875000000,34875003811,3812.0,125
34.875,35000000000,35000008922,8922.1,125
35.0,35125000000,35125001957,1958.0,125
35.125,35250000000,35250002363,2363.2,125
35.25,35375000000,35375008298,8298.7,125
35.375,35500000000,35500007620,7620.1,125
35.5,35625000000,35625003845,3845.7,125
35.625,35750000000,35750002787,2787.3,125
35.75,35875000000,35875002294,2294.5,125
35.875,36000000000,36000004683,4683.9,125
36.0,36125000000,36125009907,9907.1,125
36.125,36250000000,36250003604,3604.5,125
36.25,36375000000,36375008139,8139.0,125
36.375,36500000000,36500003311,3311.5,125
36.5,36625000000,36625006773,6773.5,125
36.625,36750000000,36750001941,1941.9,125
36.75,36875000000,36875006797,6797.8,125
36.875,37000000000,37000010764,10765.0,125
37.0,37125000000,37125005116,5116.8,125
37.125,37250000000,37250003924,3924.2,125
37.25,37375000000,37375002464,2464.5,125
37.375,37500000000,37500006465,6465.9,125
37.5,37625000000,37625006401,6401.6,125
37.625,37750000000,37750001461,1461.4,125
37.75,37875000000,37875003630,3630.5,125
37.875,38000000000,38000008947,8947.3,125
38.0,38125000000,38125003073,3073.3,125
38.125,38250000000,38250004542,4542.7,125
38.25,38375000000,38375001149,1149.1,125
38.375,38500000000,38500006436,6436.5,125
38.5,38625000000,38625005686,5686.8,125
38.625,38750000000,38750007367,7367.3,125
38.75,38875000000,38875006007,6007.7,125
38.875,39000000000,39000008176,8176.5,125
39.0,39125000000,39125005892,5892.8,125
39.125,39250000000,39250001144,1144.6,125
39.25,39375000000,39375005973,5973.8,125
39.375,39500000000,39500006382,6382.0,125
39.5,39625000000,39625003222,3222.2,125
39.625,39750000000,39750006361,6361.6,125
39.75,39875000000,39875007125,7125.9,125
39.875,40000000000,40000002856,2856.8,125
40.0,40125000000,40125003403,3403.8,125
40.125,40250000000,40250007446,7446.5,125
40.25,40375000000,40375005876,5876.8,125
40.375,40500000000,40500005559,5560.0,125
40.5,40625000000,40625003326,3326.6,125
40.625,40750000000,40750006441,6441.8,125
40.75,40875000000,40875004529,4529.1,125
40.875,41000000000,41000000434,434.4,125
41.0,41125000000,41125008162,8162.9,125
41.125,41250000000,41250006115,6115.6,125
41.25,41375000000,41375004616,4616.9,125
41.375,41500000000,41500003372,3372.9,125
41.5,41625000000,41625006619,6619.5,125
41.625,41750000000,41750003276,3277.0,125
41.75,41875000000,41875004674,4674.1,125
41.875,42000000000,42000002888,2888.5,125
42.0,42125000000,42125004216,4216.4,125
42.125,42250000000,42250004592,4592.5,125
42.25,42375000000,42375003614,3614.6,125
42.375,42500000000,42500003108,3108.7,125
42.5,42625000000,42625004004,4004.1,125
42.625,42750000000,42750001731,1731.1,125
42.75,42875000000,42875007886,7886.5,125
42.875,43000000000,43000008136,8136.0,125
43.0,43125000000,43125004882,4882.8,125
43.125,43250000000,43250002640,2640.5,125
43.25,43375000000,43375004620,4620.6,125
43.375,43500000000,43500001584,1584.6,125
43.5,43625000000,43625001387,1387.7,125
43.625,43750000000,43750002127,2127.9,125
43.75,43875000000,43875011043,11044.0,125
43.875,44000000000,44000002942,2942.1,125
44.0,44125000000,44125003110,3110.6,125
44.125,44250000000,44250008742,8742.9,125
44.25,44375000000,44375006955,6956.0,125
44.375,44500000000,44500004349,4349.9,125
44.5,44625000000,44625005554,5554.4,125
44.625,44750000000,44750007677,7677.3,125
44.75,44875000000,44875004722,4722.0,125
44.875,45000000000,45000005041,5041.2,125
45.0,45125000000,45125006951,6951.3,125
45.125,45250000000,45250006419,6419.9,125
45.25,45375000000,45375004464,4464.2,125
45.375,45500000000,45500002190,2190.6,125
45.5,45625000000,45625001944,1944.1,125
45.625,45750000000,45750004859,4859.7,125
45.75,45875000000,45875004377,4377.5,125
45.875,46000000000,46000005283,5283.3,125
46.0,46125000000,46125002288,2289.0,125
46.125,46250000000,46250003487,3487.6,125
46.25,46375000000,46375008258,8258.9,125
46.375,46500000000,46500002780,2780.5,125
46.5,46625000000,46625002185,2185.3,125
46.625,46750000000,46750004347,4347.6,125
46.75,46875000000,46875006873,6873.0,125
46.875,47000000000,47000004107,4107.1,125
47.0,47125000000,47125004710,4710.0,125
47.125,47250000000,47250007381,7381.1,125
47.25,47375000000,47375002697,2697.8,125
47.375,47500000000,47500003916,3916.9,125
47.5,47625000000,47625003844,3844.6,125
47.625,47750000000,47750004377,4377.9,125
47.75,47875000000,47875008006,8006.2,125
47.875,48000000000,48000007992,7992.5,125
48.0,48125000000,48125002038,2038.5,125
48.125,48250000000,48250004803,4803.4,125
48.25,48375000000,48375003798,3798.8,125
48.375,48500000000,48500005488,5488.6,125
48.5,48625000000,48625007134,7134.8,125
48.625,48750000000,48750006016,6016.3,125
48.75,48875000000,48875002171,2171.2,125
48.875,49000000000,49000007404,7404.3,125
49.0,49125000000,49125009286,9286.8,125
49.125,49250000000,49250007105,7105.9,125
49.25,49375000000,49375007323,7323.3,125
49.375,49500000000,49500006926,6926.3,125
49.5,49625000000,49625005522,5522.8,125
49.625,49750000000,49750011191,11191.1,125
49.75,49875000000,49875008814,8814.9,125
49.875,50000000000,50000001281,1281.4,125
50.0,50125000000,50125003202,3202.8,125
50.125,50250000000,50250004597,4597.9,125
50.25,50375000000,50375000789,789.3,125
50.375,50500000000,50500007407,7407.2,125
50.5,50625000000,50625005128,5128.4,125
50.625,50750000000,50750003865,3865.5,125
50.75,50875000000,50875006027,6027.6,125
50.875,51000000000,51000003479,3479.9,125
51.0,51125000000,51125006079,6079.3,125
51.125,51250000000,51250003814,3814.0,125
51.25,51375000000,51375000775,775.0,125
51.375,51500000000,51500008867,8867.9,125
51.5,51625000000,51625006500,6500.9,125
51.625,51750000000,51750002893,2893.5,125
51.75,51875000000,51875007062,7062.1,125
51.875,52000000000,52000003457,3457.8,125
52.0,52125000000,52125001646,1646.9,125
52.125,52250000000,52250008147,8147.4,125
52.25,52375000000,52375004471,4471.9,125
52.375,52500000000,52500007202,7202.5,125
52.5,52625000000,52625010185,10185.7,125
52.625,52750000000,52750001346,1346.7,125
52.75,52875000000,52875005461,5461.2,125
52.875,53000000000,53000003428,3429.0,125
53.0,53125000000,53125003739,3740.0,125
53.125,53250000000,53250004416,4416.9,125
53.25,53375000000,53375005581,5581.4,125
53.375,53500000000,53500004271,4271.3,125
53.5,53625000000,53625005363,5363.5,125
53.625,53750000000,53750001705,1705.6,125
53.75,53875000000,53875003378,3378.8,125
53.875,54000000000,54000004318,4318.6,125
54.0,54125000000,54125002576,2576.8,125
54.125,54250000000,54250004928,4928.9,125
54.25,54375000000,54375003024,3024.3,125
54.375,54500000000,54500003968,3968.5,125
54.5,54625000000,54625004691,4691.6,125
54.625,54750000000,54750004999,4999.2,125
54.75,54875000000,54875004023,4023.1,125
54.875,55000000000,55000010325,10325.0,125
55.0,55125000000,55125006928,6928.1,125
55.125,55250000000,55250005253,5253.0,125
55.25,55375000000,55375001637,1637.3,125
55.375,55500000000,55500001976,1976.2,125
55.5,55625000000,55625004340,4340.6,125
55.625,55750000000,55750006570,6571.0,125
55.75,55875000000,55875003442,3442.3,125
55.875,56000000000,56000007978,7978.1,125
56.0,56125000000,56125005651,5651.8,125
56.125,56250000000,56250005075,5075.1,125
56.25,56375000000,56375004843,4843.4,125
56.375,56500000000,56500005175,5175.6,125
56.5,56625000000,56625002393,2393.4,125
56.625,56750000000,56750006974,6974.8,125
56.75,56875000000,56875002683,2683.7,125
56.875,57000000000,57000003324,3324.2,125
57.0,57125000000,57125004358,4358.9,125
57.125,57250000000,57250006643,6643.4,125
57.25,57375000000,57375005473,5474.0,125
57.375,57500000000,57500006272,6273.0,125
57.5,57625000000,57625005403,5403.3,125
57.625,57750000000,57750001300,1300.2,125
57.75,57875000000,57875003255,3255.3,125
57.875,58000000000,58000008403,8403.8,125
58.0,58125000000,58125003812,3812.2,125
58.125,58250000000,58250005247,5247.8,125
58.25,58375000000,58375005502,5502.7,125
58.375,58500000000,58500003502,3502.4,125
58.5,58625000000,58625006976,6976.4,125
58.625,58750000000,58750001526,1526.3,125
58.75,58875000000,58875007659,7659.1,125
58.875,59000000000,59000000981,981.2,125
59.0,59125000000,59125003342,3342.3,125
59.125,59250000000,59250003235,3236.0,125
59.25,59375000000,59375006185,6185.8,125
59.375,59500000000,59500004911,4911.5,125
59.5,59625000000,59625004828,4828.8,125
59.625,59750000000,59750008212,8212.2,125
59.75,59875000000,59875004584,4584.5,125
59.875,60000000000,60000006409,6409.1,125
60.0,60125000000,60125003551,3551.4,125
60.125,60250000000,60250006113,6113.5,125
60.25,60375000000,60375006103,6103.8,125
60.375,60500000000,60500005632,5632.9,125
60.5,60625000000,60625005157,5157.2,125
60.625,60750000000,60750005395,5395.4,125
60.75,60875000000,60875004123,4123.5,125
60.875,61000000000,61000006440,6440.3,125
61.0,61125000000,61125002933,2933.2,125
61.125,61250000000,61250009088,9088.1,125
61.25,61375000000,61375005410,5410.5,125
61.375,61500000000,61500002884,2884.7,125
61.5,61625000000,61625003796,3796.5,125
61.625,61750000000,61750005303,5303.0,125
61.75,61875000000,61875004014,4014.6,125
61.875,62000000000,62000003178,3178.3,125
62.0,62125000000,62125002301,2301.4,125
62.125,62250000000,62250004563,4563.6,125
62.25,62375000000,62375006021,6021.7,125
62.375,62500000000,62500008575,8575.3,125
62.5,62625000000,62625007547,7547.1,125
62.625,62750000000,62750001943,1943.6,125
62.75,62875000000,62875007252,7253.0,125
62.875,63000000000,63000007697,7697.1,125
63.0,63125000000,63125004515,4515.0,125
63.125,63250000000,63250002398,2398.3,125
63.25,63375000000,63375008498,8498.4,125
63.375,63500000000,63500003388,3388.1,125
63.5,63625000000,63625005605,5605.2,125
63.625,63750000000,63750005995,5995.2,125
63.75,63875000000,63875001384,1384.9,125
63.875,64000000000,64000001856,1856.6,125
64.0,64125000000,64125003662,3662.4,125
64.125,64250000000,64250000645,645.9,125
64.25,64375000000,64375008373,8373.6,125
64.375,64500000000,64500004292,4292.8,125
64.5,64625000000,64625007451,7451.0,125
64.625,64750000000,64750005597,5597.7,125
64.75,64875000000,64875007863,7863.4,125
64.875,65000000000,65000003125,3125.7,125
65.0,65125000000,65125004926,4926.7,125
65.125,65250000000,65250001368,1368.2,125
65.25,65375000000,65375005362,5362.7,125
65.375,65500000000,65500002874,2874.9,125
65.5,65625000000,65625001561,1561.8,125
65.625,65750000000,65750004870,4870.0,125
65.75,65875000000,65875003300,3300.4,125
65.875,66000000000,66000008630,8630.3,125
66.0,66125000000,66125002665,2665.3,125
66.125,66250000000,66250004334,4334.1,125
66.25,66375000000,66375007376,7376.8,125
66.375,66500000000,66500004824,4824.4,125
66.5,66625000000,66625004924,4924.1,125
66.625,66750000000,66750006824,6824.6,125
66.75,66875000000,66875003164,3164.6,125
66.875,67000000000,67000009445,9445.4,125
67.0,67125000000,67125003824,3824.5,125
67.125,67250000000,67250002893,2893.9,125
67.25,67375000000,67375006877,6878.0,125
67.375,67500000000,67500007695,7695.7,125
67.5,67625000000,67625004116,4116.1,125
67.625,67750000000,67750001472,1472.3,125
67.75,67875000000,67875005387,5387.7,125
67.875,68000000000,68000004656,4656.0,125
68.0,68125000000,68125003703,3703.8,125
68.125,68250000000,68250008453,8453.9,125
68.25,68375000000,68375003450,3450.1,125
68.375,68500000000,68500006558,6558.0,125
68.5,68625000000,68625001847,1847.6,125
68.625,68750000000,68750005623,5623.0,125
68.75,68875000000,68875006850,6850.5,125
68.875,69000000000,69000003349,3349.7,125
69.0,69125000000,69125008480,8480.9,125
69.125,69250000000,69250004452,4453.0,125
69.25,69375000000,69375003856,3856.9,125
69.375,69500000000,69500003114,3115.0,125
69.5,69625000000,69625006263,6263.7,125
69.625,69750000000,69750009307,9307.4,125
69.75,69875000000,69875004642,4642.3,125
69.875,70000000000,70000005059,5060.0,125
70.0,70125000000,70125001860,1860.9,125
70.125,70250000000,70250007826,7826.2,125
70.25,70375000000,70375005671,5671.1,125
70.375,70500000000,70500005347,5347.1,125
70.5,70625000000,70625006686,6686.6,125
70.625,70750000000,70750007620,7620.9,125
70.75,70875000000,70875004641,4641.8,125
70.875,71000000000,71000006491,6491.0,125
71.0,71125000000,71125003261,3261.5,125
71.125,71250000000,71250001805,1805.5,125
71.25,71375000000,71375003466,3466.8,125
71.375,71500000000,71500009764,9764.2,125
71.5,71625000000,71625007168,7168.4,125
71.625,71750000000,71750002704,2705.0,125
71.75,71875000000,71875005716,5716.7,125
71.875,72000000000,72000004465,4465.4,125
72.0,72125000000,72125007941,7942.0,125
72.125,72250000000,72250001679,1679.9,125
72.25,72375000000,72375009042,9042.8,125
72.375,72500000000,72500001381,1381.5,125
72.5,72625000000,72625001447,1447.0,125
72.625,72750000000,72750007670,7670.7,125
72.75,72875000000,72875001307,1307.5,125
72.875,73000000000,73000008190,8190.9,125
73.0,73125000000,73125005515,5515.8,125
73.125,73250000000,73250007579,7579.5,125
73.25,73375000000,73375001785,1785.3,125
73.375,73500000000,73500005281,5281.1,125
73.5,73625000000,73625005801,5801.0,125
73.625,73750000000,73750001888,1888.1,125
73.75,73875000000,73875007727,7727.1,125
73.875,74000000000,74000006246,6246.9,125
74.0,74125000000,74125004398,4398.3,125
74.125,74250000000,74250006549,6549.8,125
74.25,74375000000,74375008629,8629.8,125
74.375,74500000000,74500007055,7055.9,125
74.5,74625000000,74625003183,3183.5,125
74.625,74750000000,74750004027,4027.9,125
74.75,74875000000,74875003179,3179.5,125
74.875,75000000000,75000007639,7639.9,125
75.0,75125000000,75125003704,3704.8,125
75.125,75250000000,75250003737,3737.3,125
75.25,75375000000,75375006069,6069.4,125
75.375,75500000000,75500000699,699.8,125
75.5,75625000000,75625005942,5942.8,125
75.625,75750000000,75750002639,2639.8,125
75.75,75875000000,75875002150,2150.4,125
75.875,76000000000,76000009173,9173.4,125
76.0,76125000000,76125003402,3402.3,125
76.125,76250000000,76250005854,5854.4,125
76.25,76375000000,76375005017,5017.9,125
76.375,76500000000,76500007650,7650.7,125
76.5,76625000000,76625005739,5739.4,125
76.625,76750000000,76750002974,2974.2,125
76.75,76875000000,76875005350,5350.2,125
76.875,77000000000,77000011909,11909.3,125
77.0,77125000000,77125007331,7331.5,125
77.125,77250000000,77250002209,2209.9,125
77.25,77375000000,77375004482,4482.2,125
77.375,77500000000,77500007065,7065.2,125
77.5,77625000000,77625003236,3236.8,125
77.625,77750000000,77750008438,8438.9,125
77.75,77875000000,77875010105,10105.6,125
77.875,78000000000,78000006472,6472.8,125
78.0,78125000000,78125003554,3554.1,125
78.125,78250000000,78250004977,4977.7,125
78.25,78375000000,78375008419,8419.2,125
78.375,78500000000,78500003652,3652.1,125
78.5,78625000000,78625003607,3607.2,125
78.625,78750000000,78750006736,6736.2,125
78.75,78875000000,78875010196,10196.2,125
78.875,79000000000,79000003706,3706.6,125
79.0,79125000000,79125004431,4431.9,125
79.125,79250000000,79250005971,5971.0,125
79.25,79375000000,79375003909,3909.7,125
79.375,79500000000,79500005425,5425.4,125
79.5,79625000000,79625003365,3365.3,125
79.625,79750000000,79750002632,2632.4,125
79.75,79875000000,79875003787,3787.2,125
79.875,80000000000,80000000453,453.2,125
80.0,80125000000,80125003427,3427.2,125
80.125,80250000000,80250007258,7259.0,125
80.25,80375000000,80375007413,7413.9,125
80.375,80500000000,80500007613,7613.8,125
80.5,80625000000,80625005774,5774.5,125
80.625,80750000000,80750007008,7008.0,125
80.75,80875000000,80875003971,3971.3,125
80.875,81000000000,81000004132,4132.7,125
81.0,81125000000,81125006926,6926.8,125
81.125,81250000000,81250006791,6791.8,125
81.25,81375000000,81375006482,6482.8,125
81.375,81500000000,81500002788,2788.3,125
81.5,81625000000,81625005301,5302.0,125
81.625,81750000000,81750005030,5030.4,125
81.75,81875000000,81875004614,4614.5,125
81.875,82000000000,82000006141,6141.8,125
82.0,82125000000,82125001490,1490.3,125
82.125,82250000000,82250001505,1505.5,125
82.25,82375000000,82375001040,1041.0,125
82.375,82500000000,82500005147,5147.5,125
82.5,82625000000,82625002334,2334.6,125
82.625,82750000000,82750007598,7598.6,125
82.75,82875000000,82875004836,4836.3,125
82.875,83000000000,83000003021,3022.0,125
83.0,83125000000,83125004315,4315.2,125
83.125,83250000000,83250006945,6945.1,125
83.25,83375000000,83375006308,6308.4,125
83.375,83500000000,83500005107,5107.1,125
83.5,83625000000,83625008483,8483.5,125
83.625,83750000000,83750006903,6903.3,125
83.75,83875000000,83875006914,6914.9,125
83.875,84000000000,84000005533,5533.6,125
84.0,84125000000,84125002211,2211.3,125
84.125,84250000000,84250008043,8043.6,125
84.25,84375000000,84375003085,3085.3,125
84.375,84500000000,84500009579,9579.5,125
84.5,84625000000,84625005707,5707.1,125
84.625,84750000000,84750009112,9112.7,125
84.75,84875000000,84875001722,1722.6,125
84.875,85000000000,85000001080,1080.1,125
85.0,85125000000,85125006586,6586.6,125
85.125,85250000000,85250005711,5711.2,125
85.25,85375000000,85375006084,6084.9,125
85.375,85500000000,85500001410,1410.6,125
85.5,85625000000,85625005984,5984.5,125
85.625,85750000000,85750003739,3739.7,125
85.75,85875000000,85875004883,4883.6,125
85.875,86000000000,86000005743,5743.5,125
86.0,86125000000,86125007989,7989.4,125
86.125,86250000000,86250002223,2223.1,125
86.25,86375000000,86375002753,2753.9,125
86.375,86500000000,86500002351,2351.5,125
86.5,86625000000,86625008879,8879.4,125
86.625,86750000000,86750006146,6146.0,125
86.75,86875000000,86875002149,2149.4,125
86.875,87000000000,87000000854,854.9,125
87.0,87125000000,87125004572,4572.7,125
87.125,87250000000,87250004417,4417.8,125
87.25,87375000000,87375005709,5709.4,125
87.375,87500000000,87500007363,7363.2,125
87.5,87625000000,87625000395,395.1,125
87.625,87750000000,87750005513,5513.2,125
87.75,87875000000,87875004504,4504.4,125
87.875,88000000000,88000001639,1639.5,125
88.0,88125000000,88125002991,2991.1,125
88.125,88250000000,88250006127,6127.3,125
88.25,88375000000,88375004422,4422.9,125
88.375,88500000000,88500003704,3705.0,125
88.5,88625000000,88625006029,6029.4,125
88.625,88750000000,88750003715,3715.3,125
88.75,88875000000,88875004978,4978.1,125
88.875,89000000000,89000006900,6900.6,125
89.0,89125000000,89125009228,9228.6,125
89.125,89250000000,89250003556,3556.1,125
89.25,89375000000,89375006189,6189.5,125
89.375,89500000000,89500009110,9110.7,125
89.5,89625000000,89625006860,6860.5,125
89.625,89750000000,89750002875,2875.1,125
89.75,89875000000,89875006469,6469.6,125
89.875,90000000000,90000004267,4267.8,125
90.0,90125000000,90125004174,4174.3,125
90.125,90250000000,90250012902,12902.3,125
90.25,90375000000,90375006221,6221.7,125
90.375,90500000000,90500007486,7486.5,125
90.5,90625000000,90625003928,3928.1,125
90.625,90750000000,90750002249,2249.5,125
90.75,90875000000,90875003799,3799.6,125
90.875,91000000000,91000002357,2357.5,125
91.0,91125000000,91125005447,5447.8,125
91.125,91250000000,91250003503,3503.7,125
91.25,91375000000,91375005492,5492.3,125
91.375,91500000000,91500005026,5026.1,125
91.5,91625000000,91625008433,8433.6,125
91.625,91750000000,91750006221,6221.9,125
91.75,91875000000,91875006681,6681.3,125
91.875,92000000000,92000005360,5360.1,125
92.0,92125000000,92125003762,3762.2,125
92.125,92250000000,92250003616,3616.7,125
92.25,92375000000,92375002828,2828.6,125
92.375,92500000000,92500005680,5680.5,125
92.5,92625000000,92625008001,8001.4,125
92.625,92750000000,92750007714,7714.8,125
92.75,92875000000,92875006071,6071.9,125
92.875,93000000000,93000005784,5784.1,125
93.0,93125000000,93125006499,6499.7,125
93.125,93250000000,93250008889,8889.4,125
93.25,93375000000,93375002259,2259.5,125
93.375,93500000000,93500005937,5937.0,125
93.5,93625000000,93625003387,3387.6,125
93.625,93750000000,93750006043,6043.0,125
93.75,93875000000,93875000841,841.2,125
93.875,94000000000,94000005736,5736.4,125
94.0,94125000000,94125009595,9595.5,125
94.125,94250000000,94250004146,4147.0,125
94.25,94375000000,94375008365,8365.3,125
94.375,94500000000,94500009097,9097.3,125
94.5,94625000000,94625005959,5959.6,125
94.625,94750000000,94750004347,4347.6,125
94.75,94875000000,94875006972,6972.6,125
94.875,95000000000,95000007417,7417.1,125
95.0,95125000000,95125005302,5302.4,125
95.125,95250000000,95250004394,4394.2,125
95.25,95375000000,95375006372,6372.1,125
95.375,95500000000,95500004873,4873.6,125
95.5,95625000000,95625003218,3218.1,125
95.625,95750000000,95750006475,6475.2,125
95.75,95875000000,95875004721,4721.5,125
95.875,96000000000,96000004582,4582.2,125
96.0,96125000000,96125003145,3145.7,125
96.125,96250000000,96250003167,3167.4,125
96.25,96375000000,96375001509,1509.4,125
96.375,96500000000,96500005905,5905.9,125
96.5,96625000000,96625007267,7267.4,125
96.625,96750000000,96750010174,10174.4,125
96.75,96875000000,96875005404,5404.0,125
96.875,97000000000,97000005903,5903.9,125
97.0,97125000000,97125004920,4920.2,125
97.125,97250000000,97250002633,2633.9,125
97.25,97375000000,97375006868,6868.7,125
97.375,97500000000,97500004743,4743.7,125
97.5,97625000000,97625004644,4644.6,125
97.625,97750000000,97750002230,2230.7,125
97.75,97875000000,97875010279,10279.7,125
97.875,98000000000,98000002206,2206.6,125
98.0,98125000000,98125006856,6856.5,125
98.125,98250000000,98250007249,7249.9,125
98.25,98375000000,98375001527,1527.5,125
98.375,98500000000,98500005015,5015.8,125
98.5,98625000000,98625004885,4885.2,125
98.625,98750000000,98750005111,5111.3,125
98.75,98875000000,98875002674,2674.2,125
98.875,99000000000,99000001948,1948.1,125
99.0,99125000000,99125006306,6306.4,125
99.125,99250000000,99250007468,7468.9,125
99.25,99375000000,99375005191,5191.3,125
99.375,99500000000,99500001435,1435.2,125
99.5,99625000000,99625004705,4705.4,125
99.625,99750000000,99750001911,1911.6,125
99.75,99875000000,99875004003,4003.6,125
99.875,100000000000,100000001455,1455.1,125
100.0,100125000000,100125004287,4287.8,125
100.125,100250000000,100250004057,4058.0,125
100.25,100375000000,100375006128,6128.7,125
100.375,100500000000,100500005071,5071.4,125
100.5,100625000000,100625004381,4381.7,125
100.625,100750000000,100750007542,7542.9,125
100.75,100875000000,100875003755,3755.3,125
100.875,101000000000,101000003980,3980.7,125
101.0,101125000000,101125006954,6954.3,125
101.125,101250000000,101250003297,3297.1,125
101.25,101375000000,101375005488,5488.7,125
101.375,101500000000,101500003396,3396.0,125
101.5,101625000000,101625008554,8554.3,125
101.625,101750000000,101750004070,4070.5,125
101.75,101875000000,101875007098,7098.5,125
101.875,102000000000,102000005494,5494.2,125
102.0,102125000000,102125005317,5317.4,125
102.125,102250000000,102250008428,8428.6,125
102.25,102375000000,102375006315,6315.9,125
102.375,102500000000,102500003654,3654.0,125
102.5,102625000000,102625007228,7228.4,125
102.625,102750000000,102750001743,1743.8,125
102.75,102875000000,102875004818,4818.6,125
102.875,103000000000,103000003554,3554.0,125
103.0,103125000000,103125006085,6085.5,125
103.125,103250000000,103250004960,4960.6,125
103.25,103375000000,103375003585,3585.6,125
103.375,103500000000,103500001851,1851.1,125
103.5,103625000000,103625006704,6704.8,125
103.625,103750000000,103750005236,5236.6,125
103.75,103875000000,103875007828,7828.7,125
103.875,104000000000,104000001015,1015.1,125
104.0,104125000000,104125005556,5556.8,125
104.125,104250000000,104250002095,2095.3,125
104.25,104375000000,104375004941,4941.5,125
104.375,104500000000,104500004063,4063.5,125
104.5,104625000000,104625002320,2320.2,125
104.625,104750000000,104750007590,7590.1,125
104.75,104875000000,104875003724,3724.4,125
104.875,105000000000,105000004540,4541.0,125
105.0,105125000000,105125008882,8882.6,125
105.125,105250000000,105250003839,3839.1,125
105.25,105375000000,105375005292,5292.0,125
105.375,105500000000,105500005609,5609.8,125
105.5,105625000000,105625002474,2474.5,125
105.625,105750000000,105750003436,3436.2,125
105.75,105875000000,105875002077,2077.3,125
105.875,106000000000,106000004477,4477.3,125
106.0,106125000000,106125003655,3655.1,125
106.125,106250000000,106250009098,9098.2,125
106.25,106375000000,106375009457,9457.5,125
106.375,106500000000,106500005454,5454.8,125
106.5,106625000000,106625003101,3101.8,125
106.625,106750000000,106750008349,8349.7,125
106.75,106875000000,106875007989,7989.2,125
106.875,107000000000,107000003571,3571.8,125
107.0,107125000000,107125005073,5073.3,125
107.125,107250000000,107250007602,7602.7,125
107.25,107375000000,107375003610,3610.5,125
107.375,107500000000,107500005668,5668.9,125
107.5,107625000000,107625005361,5361.7,125
107.625,107750000000,107750006160,6160.5,125
107.75,107875000000,107875005466,5466.2,125
107.875,108000000000,108000006039,6039.5,125
108.0,108125000000,108125001550,1550.5,125
108.125,108250000000,108250004466,4466.1,125
108.25,108375000000,108375008586,8586.4,125
108.375,108500000000,108500009886,9886.9,125
108.5,108625000000,108625005696,5696.4,125
108.625,108750000000,108750001767,1767.1,125
108.75,108875000000,108875004498,4498.7,125
108.875,109000000000,109000007066,7066.6,125
109.0,109125000000,109125004782,4782.6,125
109.125,109250000000,109250004952,4953.0,125
109.25,109375000000,109375004916,4916.2,125
109.375,109500000000,109500006316,6316.3,125
109.5,109625000000,109625005868,5868.9,125
109.625,109750000000,109750004062,4062.6,125
109.75,109875000000,109875001752,1752.8,125
109.875,110000000000,110000002964,2964.9,125
110.0,110125000000,110125006973,6973.0,125
110.125,110250000000,110250005723,5723.9,125
110.25,110375000000,110375001703,1703.4,125
110.375,110500000000,110500006116,6116.8,125
110.5,110625000000,110625005052,5052.6,125
110.625,110750000000,110750008903,8903.7,125
110.75,110875000000,110875002220,2220.9,125
110.875,111000000000,111000001382,1382.6,125
111.0,111125000000,111125001717,1717.3,125
111.125,111250000000,111250003894,3894.1,125
111.25,111375000000,111375002197,2197.8,125
111.375,111500000000,111500004109,4109.0,125
111.5,111625000000,111625003572,3572.4,125
111.625,111750000000,111750006156,6156.4,125
111.75,111875000000,111875005049,5049.3,125
111.875,112000000000,112000002210,2210.9,125
112.0,112125000000,112125002660,2660.7,125
112.125,112250000000,112250006048,6048.5,125
112.25,112375000000,112375002972,2972.2,125
112.375,112500000000,112500006349,6349.8,125
112.5,112625000000,112625005371,5371.7,125
112.625,112750000000,112750006254,6254.9,125
112.75,112875000000,112875008501,8501.8,125
112.875,113000000000,113000001756,1756.6,125
113.0,113125000000,113125004603,4603.8,125
113.125,113250000000,113250003592,3593.0,125
113.25,113375000000,113375004165,4165.0,125
113.375,113500000000,113500003550,3550.0,125
113.5,113625000000,113625005556,5556.2,125
113.625,113750000000,113750008920,8920.8,125
113.75,113875000000,113875002898,2898.1,125
113.875,114000000000,114000007650,7650.7,125
114.0,114125000000,114125005165,5165.2,125
114.125,114250000000,114250005123,5123.8,125
114.25,114375000000,114375000736,736.3,125
114.375,114500000000,114500003976,3976.2,125
114.5,114625000000,114625006935,6935.1,125
114.625,114750000000,114750006558,6558.2,125
114.75,114875000000,114875004951,4951.0,125
114.875,115000000000,115000005150,5150.0,125
115.0,115125000000,115125004514,4514.5,125
115.125,115250000000,115250006634,6634.9,125
115.25,115375000000,115375003949,3949.3,125
115.375,115500000000,115500004461,4461.7,125
115.5,115625000000,115625004518,4518.1,125
115.625,115750000000,115750004143,4143.7,125
115.75,115875000000,115875000782,782.3,125
115.875,116000000000,116000006067,6067.7,125
116.0,116125000000,116125005127,5127.1,125
116.125,116250000000,116250001269,1269.2,125
116.25,116375000000,116375005339,5339.6,125
116.375,116500000000,116500004372,4372.8,125
116.5,116625000000,116625004165,4165.7,125
116.625,116750000000,116750002137,2137.9,125
116.75,116875000000,116875008459,8459.2,125
116.875,117000000000,117000003288,3288.8,125
117.0,117125000000,117125009356,9356.4,125
117.125,117250000000,117250003937,3937.9,125
117.25,117375000000,117375004321,4321.9,125
117.375,117500000000,117500003339,3339.2,125
117.5,117625000000,117625003343,3343.5,125
117.625,117750000000,117750002850,2850.9,125
117.75,117875000000,117875006129,6130.0,125
117.875,118000000000,118000007310,7310.4,125
118.0,118125000000,118125008386,8386.4,125
118.125,118250000000,118250005299,5299.0,125
118.25,118375000000,118375004971,4971.7,125
118.375,118500000000,118500005202,5203.0,125
118.5,118625000000,118625006763,6763.9,125
118.625,118750000000,118750004124,4124.4,125
118.75,118875000000,118875001119,1119.9,125
118.875,119000000000,119000004276,4276.6,125
119.0,119125000000,119125005395,5395.5,125
119.125,119250000000,119250002372,2372.4,125
119.25,119375000000,119375007483,7483.4,125
119.375,119500000000,119500001639,1639.3,125
119.5,119625000000,119625007193,7193.7,125
119.625,119750000000,119750006936,6936.9,125
119.75,119875000000,119875005373,5373.4,125
119.875,120000000000,120000005359,5359.6,125
120.0,120125000000,120125005033,5033.3,125
120.125,120250000000,120250010670,10670.9,125
120.25,120375000000,120375002803,2803.7,125
120.375,120500000000,120500009666,9666.4,125
120.5,120625000000,120625006925,6925.1,125
120.625,120750000000,120750006626,6626.2,125
120.75,120875000000,120875005816,5816.6,125
120.875,121000000000,121000004814,4814.2,125
121.0,121125000000,121125000819,819.5,125
121.125,121250000000,121250005703,5703.7,125
121.25,121375000000,121375008831,8831.5,125
121.375,121500000000,121500004266,4266.5,125
121.5,121625000000,121625003927,3927.2,125
121.625,121750000000,121750004789,4789.1,125
121.75,121875000000,121875002156,2156.0,125
121.875,122000000000,122000004763,4763.4,125
122.0,122125000000,122125002167,2167.3,125
122.125,122250000000,122250002429,2429.4,125
122.25,122375000000,122375003608,3608.6,125
122.375,122500000000,122500005336,5336.4,125
122.5,122625000000,122625004948,4948.9,125
122.625,122750000000,122750005300,5300.3,125
122.75,122875000000,122875010442,10442.3,125
122.875,123000000000,123000006968,6968.1,125
123.0,123125000000,123125003706,3706.9,125
123.125,123250000000,123250005929,5929.2,125
123.25,123375000000,123375002847,2847.3,125
123.375,123500000000,123500006433,6433.0,125
123.5,123625000000,123625008526,8526.5,125
123.625,123750000000,123750002858,2858.4,125
123.75,123875000000,123875012432,12432.8,125
123.875,124000000000,124000006141,6141.4,125
124.0,124125000000,124125003043,3043.8,125
124.125,124250000000,124250003158,3158.5,125
124.25,124375000000,124375004449,4449.0,125
124.375,124500000000,124500005364,5364.0,125
124.5,124625000000,124625000841,841.9,125
124.625,124750000000,124750003257,3257.4,125
124.75,124875000000,124875003196,3196.8,125
124.875,125000000000,125000002784,2785.0,125
125.0,125125000000,125125004159,4159.4,125
125.125,125250000000,125250008602,8602.4,125
125.25,125375000000,125375002858,2858.4,125
125.375,125500000000,125500005613,5613.3,125
125.5,125625000000,125625002001,2001.4,125
125.625,125750000000,125750006810,6810.9,125
125.75,125875000000,125875006677,6677.3,125
125.875,126000000000,126000003061,3061.9,125
126.0,126125000000,126125007883,7883.7,125
126.125,126250000000,126250002080,2081.0,125
126.25,126375000000,126375003115,3115.0,125
126.375,126500000000,126500006837,6837.2,125
126.5,126625000000,126625007092,7093.0,125
126.625,126750000000,126750008596,8596.4,125
126.75,126875000000,126875003188,3188.6,125
126.875,127000000000,127000004719,4719.0,125
127.0,127125000000,127125007093,7093.2,125
127.125,127250000000,127250009119,9119.7,125
127.25,127375000000,127375002981,2981.9,125
127.375,127500000000,127500005686,5686.4,125
127.5,127625000000,127625006096,6096.7,125
127.625,127750000000,127750007935,7935.3,125
127.75,127875000000,127875005825,5825.2,125
127.875,128000000000,128000008006,8006.2,125
128.0,128125000000,128125005417,5417.4,125
128.125,128250000000,128250001791,1791.6,125
128.25,128375000000,128375002663,2663.4,125
128.375,128500000000,128500005024,5024.7,125
128.5,128625000000,128625005275,5275.1,125
128.625,128750000000,128750010555,10555.5,125
128.75,128875000000,128875007012,7012.5,125
128.875,129000000000,129000006903,6903.4,125
129.0,129125000000,129125003547,3547.4,125
129.125,129250000000,129250009298,9298.6,125
129.25,129375000000,129375008778,8778.9,125
129.375,129500000000,129500006943,6943.3,125
129.5,129625000000,129625002754,2754.4,125
129.625,129750000000,129750006197,6197.0,125
129.75,129875000000,129875003670,3670.1,125
129.875,130000000000,130000006551,6551.1,125
130.0,130125000000,130125008357,8357.3,125
130.125,130250000000,130250007415,7415.4,125
130.25,130375000000,130375004551,4552.0,125
130.375,130500000000,130500009129,9129.3,125
130.5,130625000000,130625002064,2064.5,125
130.625,130750000000,130750008972,8972.6,125
130.75,130875000000,130875006387,6387.5,125
130.875,131000000000,131000005085,5085.1,125
131.0,131125000000,131125010597,10597.0,125
131.125,131250000000,131250006075,6075.5,125
131.25,131375000000,131375005183,5184.0,125
131.375,131500000000,131500006959,6959.1,125
131.5,131625000000,131625002487,2487.8,125
131.625,131750000000,131750006645,6645.7,125
131.75,131875000000,131875003745,3745.5,125
131.875,132000000000,132000003961,3961.1,125
132.0,132125000000,132125004573,4573.9,125
132.125,132250000000,132250007256,7256.9,125
132.25,132375000000,132375003270,3270.3,125
132.375,132500000000,132500007510,7510.9,125
132.5,132625000000,132625005039,5039.8,125
132.625,132750000000,132750005088,5089.0,125
132.75,132875000000,132875001746,1746.2,125
132.875,133000000000,133000004032,4032.7,125
133.0,133125000000,133125002840,2841.0,125
133.125,133250000000,133250007118,7118.3,125
133.25,133375000000,133375005107,5107.8,125
133.375,133500000000,133500006333,6333.7,125
133.5,133625000000,133625005172,5172.3,125
133.625,133750000000,133750008024,8024.2,125
133.75,133875000000,133875004556,4556.0,125
133.875,134000000000,134000006242,6242.2,125
134.0,134125000000,134125005303,5303.6,125
134.125,134250000000,134250007973,7973.4,125
134.25,134375000000,134375004888,4888.1,125
134.375,134500000000,134500001779,1779.6,125
134.5,134625000000,134625006747,6747.9,125
134.625,134750000000,134750010862,10862.2,125
134.75,134875000000,134875006681,6681.4,125
134.875,135000000000,135000000687,687.8,125
135.0,135125000000,135125007269,7270.0,125
135.125,135250000000,135250006947,6947.9,125
135.25,135375000000,135375010933,10933.7,125
135.375,135500000000,135500004069,4069.4,125
135.5,135625000000,135625004297,4297.4,125
135.625,135750000000,135750006518,6518.2,125
135.75,135875000000,135875002461,2462.0,125
135.875,136000000000,136000004201,4201.5,125
136.0,136125000000,136125009759,9759.9,125
136.125,136250000000,136250006630,6630.7,125
136.25,136375000000,136375010096,10096.2,125
136.375,136500000000,136500007816,7816.4,125
136.5,136625000000,136625003880,3880.1,125
136.625,136750000000,136750009714,9714.6,125
136.75,136875000000,136875004594,4594.2,125
136.875,137000000000,137000000746,746.4,125
137.0,137125000000,137125005003,5003.1,125
137.125,137250000000,137250001722,1722.1,125
137.25,137375000000,137375002713,2713.4,125
137.375,137500000000,137500004660,4660.8,125
137.5,137625000000,137625007414,7414.2,125
137.625,137750000000,137750005796,5796.5,125
137.75,137875000000,137875004922,4922.6,125
137.875,138000000000,138000008110,8111.0,125
138.0,138125000000,138125001238,1238.1,125
138.125,138250000000,138250001528,1528.9,125
138.25,138375000000,138375003514,3514.7,125
138.375,138500000000,138500004001,4001.7,125
138.5,138625000000,138625005064,5064.8,125
138.625,138750000000,138750007874,7874.3,125
138.75,138875000000,138875003888,3888.0,125
138.875,139000000000,139000007179,7179.0,125
139.0,139125000000,139125008360,8360.1,125
139.125,139250000000,139250006806,6806.9,125
139.25,139375000000,139375001583,1583.9,125
139.375,139500000000,139500001820,1820.5,125
139.5,139625000000,139625001185,1185.0,125
139.625,139750000000,139750006915,6915.2,125
139.75,139875000000,139875008793,8793.6,125
139.875,140000000000,140000005844,5844.3,125
140.0,140125000000,140125005004,5004.6,125
140.125,140250000000,140250003200,3200.6,125
140.25,140375000000,140375006543,6543.1,125
140.375,140500000000,140500002133,2133.1,125
140.5,140625000000,140625000689,689.2,125
140.625,140750000000,140750001824,1824.8,125
140.75,140875000000,140875003515,3515.2,125
140.875,141000000000,141000004306,4306.7,125
141.0,141125000000,141125006026,6026.0,125
141.125,141250000000,141250006918,6918.9,125
141.25,141375000000,141375005242,5242.5,125
141.375,141500000000,141500006129,6129.2,125
141.5,141625000000,141625005477,5477.9,125
141.625,141750000000,141750004943,4943.4,125
141.75,141875000000,141875006618,6618.1,125
141.875,142000000000,142000005327,5327.3,125
142.0,142125000000,142125006561,6561.2,125
142.125,142250000000,142250003546,3546.6,125
142.25,142375000000,142375001470,1470.9,125
142.375,142500000000,142500002684,2684.8,125
142.5,142625000000,142625009642,9642.9,125
142.625,142750000000,142750008729,8729.1,125
142.75,142875000000,142875006583,6583.0,125
142.875,143000000000,143000007720,7720.5,125
143.0,143125000000,143125003501,3501.8,125
143.125,143250000000,143250001784,1784.3,125
143.25,143375000000,143375005826,5826.1,125
143.375,143500000000,143500007551,7551.4,125
143.5,143625000000,143625009278,9278.8,125
143.625,143750000000,143750003909,3909.9,125
143.75,143875000000,143875004881,4881.3,125
143.875,144000000000,144000004243,4244.0,125
144.0,144125000000,144125006155,6155.4,125
144.125,144250000000,144250002938,2938.3,125
144.25,144375000000,144375002092,2092.0,125
144.375,144500000000,144500004119,4119.1,125
144.5,144625000000,144625002697,2697.5,125
144.625,144750000000,144750004840,4840.8,125
144.75,144875000000,144875007552,7552.4,125
144.875,145000000000,145000005350,5350.8,125
145.0,145125000000,145125007155,7155.3,125
145.125,145250000000,145250001937,1937.5,125
145.25,145375000000,145375008707,8707.3,125
145.375,145500000000,145500003651,3652.0,125
145.5,145625000000,145625004114,4114.9,125
145.625,145750000000,145750002864,2864.1,125
145.75,145875000000,145875002127,2127.1,125
145.875,146000000000,146000007036,7036.9,125
146.0,146125000000,146125003246,3246.5,125
146.125,146250000000,146250004051,4051.7,125
146.25,146375000000,146375005341,5341.0,125
146.375,146500000000,146500008409,8409.4,125
146.5,146625000000,146625007790,7790.2,125
146.625,146750000000,146750001975,1975.8,125
146.75,146875000000,146875007526,7526.2,125
146.875,147000000000,147000005595,5595.7,125
147.0,147125000000,147125007650,7650.7,125
147.125,147250000000,147250004868,4868.3,125
147.25,147375000000,147375005710,5710.2,125
147.375,147500000000,147500005479,5479.1,125
147.5,147625000000,147625005693,5693.8,125
147.625,147750000000,147750001411,1411.6,125
147.75,147875000000,147875005177,5177.2,125
147.875,148000000000,148000006978,6978.5,125
148.0,148125000000,148125005625,5625.1,125
148.125,148250000000,148250001313,1313.5,125
148.25,148375000000,148375005245,5245.3,125
148.375,148500000000,148500001103,1103.0,125
148.5,148625000000,148625006244,6244.2,125
148.625,148750000000,148750002414,2414.5,125
148.75,148875000000,148875000454,454.4,125
148.875,149000000000,149000005681,5681.2,125
149.0,149125000000,149125002393,2393.7,125
149.125,149250000000,149250001551,1551.3,125
149.25,149375000000,149375005072,5072.9,125
149.375,149500000000,149500002266,2267.0,125
149.5,149625000000,149625003279,3279.8,125
149.625,149750000000,149750009423,9423.1,125
149.75,149875000000,149875003050,3050.4,125
149.875,150000000000,150000002556,2556.1,125
150.0,150125000000,150125006759,6759.1,125
150.125,150250000000,150250004245,4246.0,125
150.25,150375000000,150375004428,4428.3,125
150.375,150500000000,150500004634,4634.2,125
150.5,150625000000,150625007855,7855.9,125
150.625,150750000000,150750010753,10753.4,125
150.75,150875000000,150875000251,251.1,125
150.875,151000000000,151000008340,8340.8,125
151.0,151125000000,151125005655,5655.9,125
151.125,151250000000,151250002387,2387.1,125
151.25,151375000000,151375003625,3625.2,125
151.375,151500000000,151500006812,6812.3,125
151.5,151625000000,151625009865,9865.7,125
151.625,151750000000,151750003365,3365.4,125
151.75,151875000000,151875006713,6713.7,125
151.875,152000000000,152000010071,10071.5,125
152.0,152125000000,152125002997,2997.4,125
152.125,152250000000,152250005889,5889.2,125
152.25,152375000000,152375009131,9131.0,125
152.375,152500000000,152500010010,10010.1,125
152.5,152625000000,152625004222,4222.8,125
152.625,152750000000,152750004586,4586.7,125
152.75,152875000000,152875012044,12044.7,125
152.875,153000000000,153000002614,2614.1,125
153.0,153125000000,153125003460,3460.2,125
153.125,153250000000,153250006228,6228.2,125
153.25,153375000000,153375004462,4462.3,125
153.375,153500000000,153500004567,4567.6,125
153.5,153625000000,153625005877,5877.5,125
153.625,153750000000,153750002222,2222.8,125
153.75,153875000000,153875005867,5867.4,125
153.875,154000000000,154000002559,2559.2,125
154.0,154125000000,154125004025,4025.2,125
154.125,154250000000,154250006628,6628.8,125
154.25,154375000000,154375005228,5228.1,125
154.375,154500000000,154500006792,6792.2,125
154.5,154625000000,154625006998,6998.2,125
154.625,154750000000,154750004763,4763.4,125
154.75,154875000000,154875005993,5993.9,125
154.875,155000000000,155000006386,6386.9,125
155.0,155125000000,155125006977,6977.2,125
155.125,155250000000,155250005592,5592.6,125
155.25,155375000000,155375008946,8946.5,125
155.375,155500000000,155500003764,3764.0,125
155.5,155625000000,155625003347,3347.7,125
155.625,155750000000,155750007510,7510.9,125
155.75,155875000000,155875005490,5490.9,125
155.875,156000000000,156000005546,5546.7,125
156.0,156125000000,156125005500,5500.5,125
156.125,156250000000,156250006744,6744.6,125
156.25,156375000000,156375006006,6006.8,125
156.375,156500000000,156500003831,3831.0,125
156.5,156625000000,156625005890,5890.3,125
156.625,156750000000,156750008968,8968.3,125
156.75,156875000000,156875003917,3917.2,125
156.875,157000000000,157000001293,1293.6,125
157.0,157125000000,157125005146,5146.2,125
157.125,157250000000,157250008149,8149.9,125
157.25,157375000000,157375005269,5269.9,125
157.375,157500000000,157500006132,6132.2,125
157.5,157625000000,157625003647,3647.5,125
157.625,157750000000,157750004043,4043.9,125
157.75,157875000000,157875003707,3707.9,125
157.875,158000000000,158000005424,5424.1,125
158.0,158125000000,158125000408,408.6,125
158.125,158250000000,158250005533,5533.8,125
158.25,158375000000,158375007533,7533.2,125
158.375,158500000000,158500007101,7101.3,125
158.5,158625000000,158625004493,4493.1,125
158.625,158750000000,158750005593,5593.9,125
158.75,158875000000,158875005862,5862.2,125
158.875,159000000000,159000006480,6480.4,125
159.0,159125000000,159125006428,6428.9,125
159.125,159250000000,159250009140,9140.1,125
159.25,159375000000,159375004585,4585.3,125
159.375,159500000000,159500004500,4501.0,125
159.5,159625000000,159625007379,7379.2,125
159.625,159750000000,159750005343,5343.3,125
159.75,159875000000,159875006635,6635.5,125
159.875,160000000000,160000006196,6196.4,125
160.0,160125000000,160125005724,5724.5,125
160.125,160250000000,160250005454,5454.3,125
160.25,160375000000,160375005512,5512.6,125
160.375,160500000000,160500004067,4067.4,125
160.5,160625000000,160625008004,8004.4,125
160.625,160750000000,160750007267,7268.0,125
160.75,160875000000,160875008484,8484.2,125
160.875,161000000000,161000004956,4956.7,125
161.0,161125000000,161125005570,5570.6,125
161.125,161250000000,161250008337,8337.8,125
161.25,161375000000,161375007818,7818.3,125
161.375,161500000000,161500001374,1375.0,125
161.5,161625000000,161625004882,4882.4,125
161.625,161750000000,161750002082,2082.3,125
161.75,161875000000,161875004334,4334.3,125
161.875,162000000000,162000007089,7089.7,125
162.0,162125000000,162125006899,6899.8,125
162.125,162250000000,162250002652,2652.9,125
162.25,162375000000,162375004040,4040.2,125
162.375,162500000000,162500007531,7531.0,125
162.5,162625000000,162625005835,5835.7,125
162.625,162750000000,162750000482,482.3,125
162.75,162875000000,162875004823,4823.5,125
162.875,163000000000,163000002660,2660.3,125
163.0,163125000000,163125004857,4857.2,125
163.125,163250000000,163250005225,5225.8,125
163.25,163375000000,163375004601,4601.4,125
163.375,163500000000,163500003738,3738.8,125
163.5,163625000000,163625006487,6487.4,125
163.625,163750000000,163750009442,9442.8,125
163.75,163875000000,163875010919,10919.5,125
163.875,164000000000,164000004777,4777.8,125
164.0,164125000000,164125003271,3271.3,125
164.125,164250000000,164250004847,4848.0,125
164.25,164375000000,164375005888,5888.6,125
164.375,164500000000,164500007724,7724.5,125
164.5,164625000000,164625007859,7859.3,125
164.625,164750000000,164750007858,7858.1,125
164.75,164875000000,164875003842,3842.9,125
164.875,165000000000,165000006429,6429.4,125
165.0,165125000000,165125004691,4691.4,125
165.125,165250000000,165250004314,4314.0,125
165.25,165375000000,165375004787,4787.7,125
165.375,165500000000,165500005517,5517.9,125
165.5,165625000000,165625006549,6549.5,125
165.625,165750000000,165750001100,1100.7,125
165.75,165875000000,165875002822,2822.5,125
165.875,166000000000,166000006726,6726.8,125
166.0,166125000000,166125006517,6517.5,125
166.125,166250000000,166250007228,7228.6,125
166.25,166375000000,166375005076,5077.0,125
166.375,166500000000,166500008332,8333.0,125
166.5,166625000000,166625006430,6430.1,125
166.625,166750000000,166750002255,2255.4,125
166.75,166875000000,166875001104,1104.7,125
166.875,167000000000,167000005322,5322.1,125
167.0,167125000000,167125009601,9601.5,125
167.125,167250000000,167250001602,1602.8,125
167.25,167375000000,167375008747,8747.5,125
167.375,167500000000,167500003658,3658.3,125
167.5,167625000000,167625003723,3723.8,125
167.625,167750000000,167750004565,4565.3,125
167.75,167875000000,167875006449,6449.5,125
167.875,168000000000,168000005673,5673.5,125
168.0,168125000000,168125003516,3516.2,125
168.125,168250000000,168250006343,6343.6,125
168.25,168375000000,168375004885,4885.8,125
168.375,168500000000,168500004178,4178.7,125
168.5,168625000000,168625004097,4097.0,125
168.625,168750000000,168750006955,6955.5,125
168.75,168875000000,168875004955,4955.1,125
168.875,169000000000,169000002987,2987.6,125
169.0,169125000000,169125008958,8958.8,125
169.125,169250000000,169250002126,2126.9,125
169.25,169375000000,169375001194,1194.9,125
169.375,169500000000,169500005857,5857.9,125
169.5,169625000000,169625004204,4204.6,125
169.625,169750000000,169750000560,560.4,125
169.75,169875000000,169875006452,6452.0,125
169.875,170000000000,170000003850,3850.5,125
170.0,170125000000,170125000550,550.6,125
170.125,170250000000,170250007216,7216.7,125
170.25,170375000000,170375004352,4352.0,125
170.375,170500000000,170500005337,5337.8,125
170.5,170625000000,170625005286,5286.7,125
170.625,170750000000,170750009139,9139.4,125
170.75,170875000000,170875001999,1999.0,125
170.875,171000000000,171000005784,5784.7,125
171.0,171125000000,171125005290,5290.6,125
171.125,171250000000,171250007316,7316.8,125
171.25,171375000000,171375008026,8026.5,125
171.375,171500000000,171500001524,1524.9,125
171.5,171625000000,171625006476,6476.8,125
171.625,171750000000,171750001459,1459.0,125
171.75,171875000000,171875004778,4778.2,125
171.875,172000000000,172000005275,5275.9,125
172.0,172125000000,172125006816,6816.2,125
172.125,172250000000,172250006636,6636.3,125
172.25,172375000000,172375008400,8400.5,125
172.375,172500000000,172500005700,5700.3,125
172.5,172625000000,172625009105,9105.6,125
172.625,172750000000,172750003794,3794.2,125
172.75,172875000000,172875007683,7683.7,125
172.875,173000000000,173000009020,9020.4,125
173.0,173125000000,173125005543,5543.3,125
173.125,173250000000,173250006646,6646.8,125
173.25,173375000000,173375001610,1610.4,125
173.375,173500000000,173500003597,3597.2,125
173.5,173625000000,173625000801,801.6,125
173.625,173750000000,173750003076,3076.6,125
173.75,173875000000,173875006208,6208.1,125
173.875,174000000000,174000007790,7790.4,125
174.0,174125000000,174125004029,4029.3,125
174.125,174250000000,174250005249,5249.8,125
174.25,174375000000,174375001892,1892.4,125
174.375,174500000000,174500001020,1020.1,125
174.5,174625000000,174625004471,4471.4,125
174.625,174750000000,174750004766,4766.4,125
174.75,174875000000,174875008430,8430.3,125
174.875,175000000000,175000002634,2634.4,125
175.0,175125000000,175125004349,4349.5,125
175.125,175250000000,175250006498,6498.9,125
175.25,175375000000,175375005693,5693.7,125
175.375,175500000000,175500003603,3603.9,125
175.5,175625000000,175625006241,6241.9,125
175.625,175750000000,175750003745,3745.4,125
175.75,175875000000,175875007968,7968.2,125
175.875,176000000000,176000008262,8262.9,125
176.0,176125000000,176125001236,1236.8,125
176.125,176250000000,176250005154,5154.0,125
176.25,176375000000,176375003321,3321.1,125
176.375,176500000000,176500003022,3022.8,125
176.5,176625000000,176625006153,6153.2,125
176.625,176750000000,176750002677,2677.3,125
176.75,176875000000,176875002560,2560.3,125
176.875,177000000000,177000004208,4208.6,125
177.0,177125000000,177125005423,5423.1,125
177.125,177250000000,177250009089,9089.2,125
177.25,177375000000,177375011185,11185.1,125
177.375,177500000000,177500004870,4870.1,125
177.5,177625000000,177625003317,3317.8,125
177.625,177750000000,177750000718,718.5,125
177.75,177875000000,177875001748,1748.5,125
177.875,178000000000,178000002172,2172.1,125
178.0,178125000000,178125004701,4701.7,125
178.125,178250000000,178250004052,4052.1,125
178.25,178375000000,178375003546,3546.8,125
178.375,178500000000,178500006325,6325.7,125
178.5,178625000000,178625007259,7259.8,125
178.625,178750000000,178750003959,3959.9,125
178.75,178875000000,178875001136,1136.7,125
178.875,179000000000,179000004549,4549.4,125
179.0,179125000000,179125009972,9972.1,125
179.125,179250000000,179250001865,1865.0,125
179.25,179375000000,179375006798,6798.1,125
179.375,179500000000,179500002952,2952.4,125
179.5,179625000000,179625001064,1064.9,125
179.625,179750000000,179750006835,6835.9,125
179.75,179875000000,179875007423,7423.0,125
179.875,180000000000,180000005996,5996.7,125
180.0,180125000000,180125004152,4152.5,125
180.125,180250000000,180250000910,910.0,125
180.25,180375000000,180375001752,1752.3,125
180.375,180500000000,180500004736,4736.4,125
180.5,180625000000,180625001172,1172.6,125
180.625,180750000000,180750005548,5548.5,125
180.75,180875000000,180875005350,5350.8,125
180.875,181000000000,181000006898,6898.2,125
181.0,181125000000,181125009141,9141.2,125
181.125,181250000000,181250003332,3332.7,125
181.25,181375000000,181375007516,7516.5,125
181.375,181500000000,181500000903,903.7,125
181.5,181625000000,181625004864,4865.0,125
181.625,181750000000,181750006470,6470.7,125
181.75,181875000000,181875001190,1190.4,125
181.875,182000000000,182000005192,5192.5,125
182.0,182125000000,182125005036,5036.9,125
182.125,182250000000,182250008795,8795.2,125
182.25,182375000000,182375006017,6017.1,125
182.375,182500000000,182500002707,2707.8,125
182.5,182625000000,182625001915,1915.6,125
182.625,182750000000,182750004280,4280.9,125
182.75,182875000000,182875004018,4018.3,125
182.875,183000000000,183000001555,1555.6,125
183.0,183125000000,183125003129,3129.6,125
183.125,183250000000,183250003026,3026.1,125
183.25,183375000000,183375004322,4322.3,125
183.375,183500000000,183500003184,3184.5,125
183.5,183625000000,183625000674,674.6,125
183.625,183750000000,183750008133,8133.7,125
183.75,183875000000,183875007836,7836.0,125
183.875,184000000000,184000008791,8791.7,125
184.0,184125000000,184125003802,3802.0,125
184.125,184250000000,184250011102,11102.4,125
184.25,184375000000,184375005738,5738.4,125
184.375,184500000000,184500007437,7437.5,125
184.5,184625000000,184625006099,6099.9,125
184.625,184750000000,184750004963,4963.1,125
184.75,184875000000,184875005969,5969.4,125
184.875,185000000000,185000000979,979.2,125
185.0,185125000000,185125005252,5252.2,125
185.125,185250000000,185250005733,5733.1,125
185.25,185375000000,185375005233,5233.3,125
185.375,185500000000,185500003306,3306.6,125
185.5,185625000000,185625005422,5422.8,125
185.625,185750000000,185750002363,2363.5,125
185.75,185875000000,185875004323,4323.9,125
185.875,186000000000,186000003705,3705.5,125
186.0,186125000000,186125009140,9140.6,125
186.125,186250000000,186250003487,3487.1,125
186.25,186375000000,186375010564,10564.1,125
186.375,186500000000,186500008213,8213.4,125
186.5,186625000000,186625005956,5956.9,125
186.625,186750000000,186750005519,5519.5,125
186.75,186875000000,186875005853,5853.5,125
186.875,187000000000,187000003302,3302.8,125
187.0,187125000000,187125007046,7046.7,125
187.125,187250000000,187250001688,1688.7,125
187.25,187375000000,187375010759,10759.4,125
187.375,187500000000,187500007586,7586.4,125
187.5,187625000000,187625004278,4278.4,125
187.625,187750000000,187750010260,10261.0,125
187.75,187875000000,187875004274,4274.1,125
187.875,188000000000,188000006822,6822.9,125
188.0,188125000000,188125003814,3814.3,125
188.125,188250000000,188250006031,6031.5,125
188.25,188375000000,188375005773,5773.5,125
188.375,188500000000,188500002548,2548.4,125
188.5,188625000000,188625005520,5520.7,125
188.625,188750000000,188750004970,4970.2,125
188.75,188875000000,188875004930,4930.5,125
188.875,189000000000,189000006118,6118.3,125
189.0,189125000000,189125001018,1018.0,125
189.125,189250000000,189250010505,10505.5,125
189.25,189375000000,189375004448,4448.0,125
189.375,189500000000,189500005395,5395.6,125
189.5,189625000000,189625008504,8504.6,125
189.625,189750000000,189750005386,5387.0,125
189.75,189875000000,189875002699,2699.2,125
189.875,190000000000,190000004778,4778.2,125
190.0,190125000000,190125009724,9725.0,125
190.125,190250000000,190250005737,5737.7,125
190.25,190375000000,190375003442,3442.2,125
190.375,190500000000,190500004434,4434.2,125
190.5,190625000000,190625002821,2821.0,125
190.625,190750000000,190750005947,5947.2,125
190.75,190875000000,190875001012,1012.5,125
190.875,191000000000,191000005591,5591.6,125
191.0,191125000000,191125006964,6964.9,125
191.125,191250000000,191250009550,9550.1,125
191.25,191375000000,191375009128,9128.5,125
191.375,191500000000,191500008689,8689.2,125
191.5,191625000000,191625005781,5781.7,125
191.625,191750000000,191750005311,5311.7,125
191.75,191875000000,191875005140,5140.3,125
191.875,192000000000,192000000169,169.1,125
192.0,192125000000,192125003293,3293.8,125
192.125,192250000000,192250002961,2961.0,125
192.25,192375000000,192375003612,3612.5,125
192.375,192500000000,192500008949,8949.3,125
192.5,192625000000,192625003333,3333.9,125
192.625,192750000000,192750005785,5785.6,125
192.75,192875000000,192875004972,4972.4,125
192.875,193000000000,193000004867,4867.5,125
193.0,193125000000,193125005292,5293.0,125
193.125,193250000000,193250006941,6941.9,125
193.25,193375000000,193375005232,5232.4,125
193.375,193500000000,193500005332,5332.7,125
193.5,193625000000,193625003918,3918.7,125
193.625,193750000000,193750002288,2288.9,125
193.75,193875000000,193875007415,7415.9,125
193.875,194000000000,194000007783,7783.1,125
194.0,194125000000,194125008456,8456.9,125
194.125,194250000000,194250005188,5188.3,125
194.25,194375000000,194375004439,4439.3,125
194.375,194500000000,194500006334,6334.7,125
194.5,194625000000,194625005777,5777.5,125
194.625,194750000000,194750004461,4462.0,125
194.75,194875000000,194875005525,5525.6,125
194.875,195000000000,195000007613,7613.5,125
195.0,195125000000,195125006821,6821.6,125
195.125,195250000000,195250002608,2608.3,125
195.25,195375000000,195375005285,5285.8,125
195.375,195500000000,195500004507,4507.4,125
195.5,195625000000,195625008018,8018.6,125
195.625,195750000000,195750006367,6367.6,125
195.75,195875000000,195875004280,4280.4,125
195.875,196000000000,196000006622,6622.8,125
196.0,196125000000,196125001265,1265.6,125
196.125,196250000000,196250007360,7360.0,125
196.25,196375000000,196375008879,8880.0,125
196.375,196500000000,196500008036,8036.5,125
196.5,196625000000,196625001164,1164.5,125
196.625,196750000000,196750005397,5397.2,125
196.75,196875000000,196875000308,308.4,125
196.875,197000000000,197000006781,6781.4,125
197.0,197125000000,197125004039,4039.5,125
197.125,197250000000,197250006371,6371.5,125
197.25,197375000000,197375006890,6890.9,125
197.375,197500000000,197500002078,2078.6,125
197.5,197625000000,197625001920,1920.8,125
197.625,197750000000,197750004531,4531.2,125
197.75,197875000000,197875005699,5699.2,125
197.875,198000000000,198000007054,7054.0,125
198.0,198125000000,198125000189,189.8,125
198.125,198250000000,198250003354,3354.1,125
198.25,198375000000,198375002575,2576.0,125
198.375,198500000000,198500006652,6653.0,125
198.5,198625000000,198625006103,6103.9,125
198.625,198750000000,198750005646,5646.1,125
198.75,198875000000,198875006576,6576.1,125
198.875,199000000000,199000006679,6679.5,125
199.0,199125000000,199125004965,4965.8,125
199.125,199250000000,199250004953,4953.4,125
199.25,199375000000,199375004015,4015.5,125
199.375,199500000000,199500005450,5450.9,125
199.5,199625000000,199625004271,4271.5,125
199.625,199750000000,199750006147,6147.4,125
199.75,199875000000,199875007872,7872.7,125
199.875,200000000000,200000004373,4373.6,125
200.0,200125000000,200125001644,1644.7,125
200.125,200250000000,200250001498,1498.3,125
200.25,200375000000,200375010375,10375.8,125
200.375,200500000000,200500004971,4971.9,125
200.5,200625000000,200625012634,12634.6,125
200.625,200750000000,200750009124,9124.4,125
200.75,200875000000,200875001521,1521.4,125
200.875,201000000000,201000003756,3756.5,125
201.0,201125000000,201125003556,3556.8,125
201.125,201250000000,201250005499,5499.4,125
201.25,201375000000,201375006505,6505.2,125
201.375,201500000000,201500005276,5276.9,125
201.5,201625000000,201625003219,3219.4,125
201.625,201750000000,201750001481,1481.0,125
201.75,201875000000,201875002174,2174.7,125
201.875,202000000000,202000008399,8399.7,125
202.0,202125000000,202125002299,2299.7,125
202.125,202250000000,202250004234,4235.0,125
202.25,202375000000,202375007517,7517.6,125
202.375,202500000000,202500005089,5089.9,125
202.5,202625000000,202625008388,8388.0,125
202.625,202750000000,202750008906,8906.3,125
202.75,202875000000,202875002624,2624.8,125
202.875,203000000000,203000000988,988.7,125
203.0,203125000000,203125006115,6115.0,125
203.125,203250000000,203250002838,2838.1,125
203.25,203375000000,203375005134,5134.1,125
203.375,203500000000,203500005616,5616.4,125
203.5,203625000000,203625002779,2779.7,125
203.625,203750000000,203750004550,4550.3,125
203.75,203875000000,203875003183,3183.6,125
203.875,204000000000,204000005076,5076.0,125
204.0,204125000000,204125005069,5069.5,125
204.125,204250000000,204250012096,12096.5,125
204.25,204375000000,204375004899,4900.0,125
204.375,204500000000,204500002177,2177.8,125
204.5,204625000000,204625001212,1212.5,125
204.625,204750000000,204750001621,1621.3,125
204.75,204875000000,204875006385,6385.7,125
204.875,205000000000,205000004223,4223.5,125
205.0,205125000000,205125007417,7417.1,125
205.125,205250000000,205250007065,7065.9,125
205.25,205375000000,205375002823,2823.2,125
205.375,205500000000,205500011850,11850.3,125
205.5,205625000000,205625002933,2933.9,125
205.625,205750000000,205750005101,5102.0,125
205.75,205875000000,205875003531,3532.0,125
205.875,206000000000,206000009310,9310.1,125
206.0,206125000000,206125006001,6001.2,125
206.125,206250000000,206250005221,5221.9,125
206.25,206375000000,206375001984,1984.1,125
206.375,206500000000,206500008741,8741.8,125
206.5,206625000000,206625000307,307.6,125
206.625,206750000000,206750005799,5799.5,125
206.75,206875000000,206875004387,4388.0,125
206.875,207000000000,207000005733,5733.2,125
207.0,207125000000,207125006323,6323.1,125
207.125,207250000000,207250004784,4784.5,125
207.25,207375000000,207375005953,5953.8,125
207.375,207500000000,207500009384,9384.9,125
207.5,207625000000,207625006987,6987.7,125
207.625,207750000000,207750003935,3935.0,125
207.75,207875000000,207875006215,6215.7,125
207.875,208000000000,208000005596,5596.2,125
208.0,208125000000,208125004677,4677.5,125
208.125,208250000000,208250000698,698.4,125
208.25,208375000000,208375004822,4822.5,125
208.375,208500000000,208500006041,6041.9,125
208.5,208625000000,208625000880,880.9,125
208.625,208750000000,208750006434,6434.4,125
208.75,208875000000,208875004423,4423.9,125
208.875,209000000000,209000003636,3636.7,125
209.0,209125000000,209125002767,2767.7,125
209.125,209250000000,209250001622,1622.9,125
209.25,209375000000,209375006201,6201.3,125
209.375,209500000000,209500005188,5188.9,125
209.5,209625000000,209625005020,5020.0,125
209.625,209750000000,209750004648,4648.1,125
209.75,209875000000,209875005978,5978.6,125
209.875,210000000000,210000003374,3374.9,125
210.0,210125000000,210125003176,3176.2,125
210.125,210250000000,210250007588,7588.6,125
210.25,210375000000,210375001187,1187.6,125
210.375,210500000000,210500009092,9092.4,125
210.5,210625000000,210625006202,6202.7,125
210.625,210750000000,210750002065,2065.3,125
210.75,210875000000,210875002222,2222.2,125
210.875,211000000000,211000002540,2540.2,125
211.0,211125000000,211125004672,4672.7,125
211.125,211250000000,211250005610,5610.1,125
211.25,211375000000,211375002548,2548.6,125
211.375,211500000000,211500001884,1884.4,125
211.5,211625000000,211625003218,3218.8,125
211.625,211750000000,211750004052,4052.6,125
211.75,211875000000,211875008813,8813.3,125
211.875,212000000000,212000005848,5848.9,125
212.0,212125000000,212125005840,5840.9,125
212.125,212250000000,212250002875,2876.0,125
212.25,212375000000,212375005019,5019.1,125
212.375,212500000000,212500008623,8623.1,125
212.5,212625000000,212625006576,6576.3,125
212.625,212750000000,212750006396,6396.4,125
212.75,212875000000,212875002927,2927.6,125
212.875,213000000000,213000003435,3435.6,125
213.0,213125000000,213125002756,2756.9,125
213.125,213250000000,213250003640,3640.9,125
213.25,213375000000,213375003432,3432.3,125
213.375,213500000000,213500006250,6250.5,125
213.5,213625000000,213625001768,1768.8,125
213.625,213750000000,213750007851,7852.0,125
213.75,213875000000,213875006211,6211.3,125
213.875,214000000000,214000002138,2138.1,125
214.0,214125000000,214125002748,2748.3,125
214.125,214250000000,214250006015,6015.3,125
214.25,214375000000,214375007035,7035.4,125
214.375,214500000000,214500005219,5219.1,125
214.5,214625000000,214625004869,4869.8,125
214.625,214750000000,214750004879,4879.6,125
214.75,214875000000,214875004782,4782.2,125
214.875,215000000000,215000008265,8265.6,125
215.0,215125000000,215125006148,6148.7,125
215.125,215250000000,215250010443,10443.6,125
215.25,215375000000,215375004741,4741.2,125
215.375,215500000000,215500003793,3793.7,125
215.5,215625000000,215625005626,5626.8,125
215.625,215750000000,215750004976,4976.3,125
215.75,215875000000,215875002545,2545.4,125
215.875,216000000000,216000003767,3767.7,125
216.0,216125000000,216125004252,4252.4,125
216.125,216250000000,216250006100,6100.3,125
216.25,216375000000,216375007729,7729.0,125
216.375,216500000000,216500006918,6918.2,125
216.5,216625000000,216625007611,7611.6,125
216.625,216750000000,216750006303,6303.5,125
216.75,216875000000,216875005936,5936.1,125
216.875,217000000000,217000002673,2673.4,125
217.0,217125000000,217125005624,5624.7,125
217.125,217250000000,217250007231,7231.0,125
217.25,217375000000,217375006173,6173.6,125
217.375,217500000000,217500005067,5067.6,125
217.5,217625000000,217625004996,4996.7,125
217.625,217750000000,217750005805,5805.5,125
217.75,217875000000,217875004375,4375.8,125
217.875,218000000000,218000004768,4768.5,125
218.0,218125000000,218125002314,2314.4,125
218.125,218250000000,218250002861,2861.0,125
218.25,218375000000,218375005516,5516.0,125
218.375,218500000000,218500002268,2268.3,125
218.5,218625000000,218625003754,3754.4,125
218.625,218750000000,218750003280,3280.7,125
218.75,218875000000,218875002083,2083.3,125
218.875,219000000000,219000005968,5968.4,125
219.0,219125000000,219125005407,5407.7,125
219.125,219250000000,219250006705,6705.2,125
219.25,219375000000,219375006086,6086.1,125
219.375,219500000000,219500006334,6334.5,125
219.5,219625000000,219625003744,3744.2,125
219.625,219750000000,219750007503,7503.2,125
219.75,219875000000,219875004485,4485.6,125
219.875,220000000000,220000007145,7145.2,125
220.0,220125000000,220125004283,4283.5,125
220.125,220250000000,220250002376,2376.2,125
220.25,220375000000,220375004116,4116.2,125
220.375,220500000000,220500007918,7918.3,125
220.5,220625000000,220625009091,9091.4,125
220.625,220750000000,220750007299,7300.0,125
220.75,220875000000,220875005720,5720.7,125
220.875,221000000000,221000004366,4366.6,125
221.0,221125000000,221125003677,3677.2,125
221.125,221250000000,221250002681,2681.8,125
221.25,221375000000,221375003876,3876.6,125
221.375,221500000000,221500002998,2998.1,125
221.5,221625000000,221625005117,5118.0,125
221.625,221750000000,221750007808,7808.8,125
221.75,221875000000,221875005707,5708.0,125
221.875,222000000000,222000001900,1900.5,125
222.0,222125000000,222125010288,10288.5,125
222.125,222250000000,222250002952,2952.1,125
222.25,222375000000,222375002977,2977.6,125
222.375,222500000000,222500004380,4380.9,125
222.5,222625000000,222625008975,8975.2,125
222.625,222750000000,222750003251,3251.2,125
222.75,222875000000,222875006968,6968.8,125
222.875,223000000000,223000004897,4897.9,125
223.0,223125000000,223125005206,5206.0,125
223.125,223250000000,223250007648,7648.9,125
223.25,223375000000,223375006385,6385.3,125
223.375,223500000000,223500001483,1484.0,125
223.5,223625000000,223625009214,9214.2,125
223.625,223750000000,223750006272,6272.5,125
223.75,223875000000,223875002669,2669.8,125
223.875,224000000000,224000005061,5061.9,125
224.0,224125000000,224125005471,5471.5,125
224.125,224250000000,224250008395,8395.2,125
224.25,224375000000,224375004624,4624.7,125
224.375,224500000000,224500010588,10588.8,125
224.5,224625000000,224625003813,3814.0,125
224.625,224750000000,224750003330,3330.4,125
224.75,224875000000,224875007032,7032.8,125
224.875,225000000000,225000007039,7039.0,125
225.0,225125000000,225125008620,8620.1,125
225.125,225250000000,225250001948,1948.7,125
225.25,225375000000,225375000622,623.0,125
225.375,225500000000,225500003148,3148.4,125
225.5,225625000000,225625002264,2264.6,125
225.625,225750000000,225750007103,7103.6,125
225.75,225875000000,225875003997,3997.7,125
225.875,226000000000,226000006019,6019.8,125
226.0,226125000000,226125003358,3358.4,125
226.125,226250000000,226250008477,8477.7,125
226.25,226375000000,226375004892,4892.8,125
226.375,226500000000,226500003264,3264.7,125
226.5,226625000000,226625006352,6352.7,125
226.625,226750000000,226750005683,5683.2,125
226.75,226875000000,226875005127,5127.2,125
226.875,227000000000,227000003607,3608.0,125
227.0,227125000000,227125008395,8395.9,125
227.125,227250000000,227250010072,10072.1,125
227.25,227375000000,227375002760,2760.2,125
227.375,227500000000,227500005452,5452.5,125
227.5,227625000000,227625009272,9272.6,125
227.625,227750000000,227750005340,5341.0,125
227.75,227875000000,227875004720,4720.2,125
227.875,228000000000,228000002874,2874.6,125
228.0,228125000000,228125002938,2938.6,125
228.125,228250000000,228250009283,9283.4,125
228.25,228375000000,228375009575,9575.2,125
228.375,228500000000,228500004004,4004.8,125
228.5,228625000000,228625003695,3695.1,125
228.625,228750000000,228750005668,5668.2,125
228.75,228875000000,228875008055,8055.5,125
228.875,229000000000,229000007054,7054.4,125
229.0,229125000000,229125005009,5009.2,125
229.125,229250000000,229250008035,8035.8,125
229.25,229375000000,229375004848,4848.4,125
229.375,229500000000,229500005387,5387.6,125
229.5,229625000000,229625005448,5448.6,125
229.625,229750000000,229750001644,1644.7,125
229.75,229875000000,229875001887,1887.8,125
229.875,230000000000,230000006650,6650.9,125
230.0,230125000000,230125005935,5935.3,125
230.125,230250000000,230250004639,4639.0,125
230.25,230375000000,230375004217,4217.7,125
230.375,230500000000,230500003228,3228.3,125
230.5,230625000000,230625001239,1240.0,125
230.625,230750000000,230750006998,6998.5,125
230.75,230875000000,230875008518,8518.9,125
230.875,231000000000,231000006844,6844.8,125
231.0,231125000000,231125007218,7218.4,125
231.125,231250000000,231250006953,6953.1,125
231.25,231375000000,231375006300,6300.8,125
231.375,231500000000,231500005346,5346.4,125
231.5,231625000000,231625006662,6662.1,125
231.625,231750000000,231750003877,3877.0,125
231.75,231875000000,231875007244,7244.9,125
231.875,232000000000,232000005350,5350.8,125
232.0,232125000000,232125007509,7509.5,125
232.125,232250000000,232250003015,3015.8,125
232.25,232375000000,232375006204,6204.7,125
232.375,232500000000,232500000722,722.4,125
232.5,232625000000,232625003318,3318.3,125
232.625,232750000000,232750005695,5695.6,125
232.75,232875000000,232875000735,735.9,125
232.875,233000000000,233000004361,4361.9,125
233.0,233125000000,233125005603,5603.3,125
233.125,233250000000,233250007374,7374.2,125
233.25,233375000000,233375005411,5411.4,125
233.375,233500000000,233500001623,1623.6,125
233.5,233625000000,233625003149,3149.3,125
233.625,233750000000,233750009553,9553.3,125
233.75,233875000000,233875004614,4614.7,125
233.875,234000000000,234000004359,4359.6,125
234.0,234125000000,234125003583,3584.0,125
234.125,234250000000,234250009050,9050.8,125
234.25,234375000000,234375007030,7030.6,125
234.375,234500000000,234500007349,7349.4,125
234.5,234625000000,234625003808,3808.6,125
234.625,234750000000,234750003756,3756.6,125
234.75,234875000000,234875003964,3964.1,125
234.875,235000000000,235000008049,8049.8,125
235.0,235125000000,235125008838,8838.7,125
235.125,235250000000,235250000799,799.6,125
235.25,235375000000,235375005742,5743.0,125
235.375,235500000000,235500006925,6925.8,125
235.5,235625000000,235625002983,2983.4,125
235.625,235750000000,235750006104,6104.8,125
235.75,235875000000,235875008793,8793.3,125
235.875,236000000000,236000007336,7336.4,125
236.0,236125000000,236125001659,1659.9,125
236.125,236250000000,236250008025,8025.4,125
236.25,236375000000,236375007770,7770.1,125
236.375,236500000000,236500003229,3229.3,125
236.5,236625000000,236625007190,7190.4,125
236.625,236750000000,236750003039,3039.0,125
236.75,236875000000,236875002649,2649.2,125
236.875,237000000000,237000005215,5215.1,125
237.0,237125000000,237125009278,9278.3,125
237.125,237250000000,237250005957,5957.4,125
237.25,237375000000,237375003974,3974.5,125
237.375,237500000000,237500004650,4651.0,125
237.5,237625000000,237625005197,5197.5,125
237.625,237750000000,237750002651,2651.5,125
237.75,237875000000,237875003966,3966.1,125
237.875,238000000000,238000003139,3139.2,125
238.0,238125000000,238125004036,4037.0,125
238.125,238250000000,238250008321,8321.3,125
238.25,238375000000,238375006943,6943.7,125
238.375,238500000000,238500002793,2793.6,125
238.5,238625000000,238625002434,2434.8,125
238.625,238750000000,238750004681,4681.9,125
238.75,238875000000,238875001109,1109.3,125
238.875,239000000000,239000003733,3733.3,125
239.0,239125000000,239125001906,1906.3,125
239.125,239250000000,239250004401,4401.1,125
239.25,239375000000,239375003551,3551.1,125
239.375,239500000000,239500005146,5146.2,125
239.5,239625000000,239625003135,3135.9,125
239.625,239750000000,239750005041,5041.3,125
239.75,239875000000,239875004916,4916.4,125
239.875,240000000000,240000003755,3755.0,125
240.0,240125000000,240125004503,4503.9,125
240.125,240250000000,240250004445,4445.5,125
240.25,240375000000,240375006111,6111.8,125
240.375,240500000000,240500002973,2973.1,125
240.5,240625000000,240625009197,9197.1,125
240.625,240750000000,240750003039,3039.7,125
240.75,240875000000,240875001886,1886.9,125
240.875,241000000000,241000001638,1638.3,125
241.0,241125000000,241125003645,3645.3,125
241.125,241250000000,241250002748,2748.4,125
241.25,241375000000,241375003508,3508.2,125
241.375,241500000000,241500003403,3403.9,125
241.5,241625000000,241625006759,6759.6,125
241.625,241750000000,241750009560,9561.0,125
241.75,241875000000,241875005088,5088.1,125
241.875,242000000000,242000003949,3949.8,125
242.0,242125000000,242125004524,4524.4,125
242.125,242250000000,242250007700,7700.5,125
242.25,242375000000,242375003508,3508.9,125
242.375,242500000000,242500003030,3030.4,125
242.5,242625000000,242625007162,7162.1,125
242.625,242750000000,242750002024,2024.3,125
242.75,242875000000,242875004678,4678.3,125
242.875,243000000000,243000004764,4764.5,125
243.0,243125000000,243125003820,3820.1,125
243.125,243250000000,243250004684,4684.8,125
243.25,243375000000,243375007011,7011.9,125
243.375,243500000000,243500003277,3277.1,125
243.5,243625000000,243625001592,1592.1,125
243.625,243750000000,243750002983,2983.0,125
243.75,243875000000,243875002917,2917.3,125
243.875,244000000000,244000008084,8084.8,125
244.0,244125000000,244125003929,3929.1,125
244.125,244250000000,244250005175,5175.0,125
244.25,244375000000,244375009985,9985.7,125
244.375,244500000000,244500002640,2640.2,125
244.5,244625000000,244625006011,6011.6,125
244.625,244750000000,244750000193,193.7,125
244.75,244875000000,244875003588,3589.0,125
244.875,245000000000,245000005835,5835.0,125
245.0,245125000000,245125004102,4102.7,125
245.125,245250000000,245250003934,3934.1,125
245.25,245375000000,245375004879,4879.6,125
245.375,245500000000,245500003010,3010.9,125
245.5,245625000000,245625014127,14127.9,125
245.625,245750000000,245750001622,1622.5,125
245.75,245875000000,245875005384,5384.9,125
245.875,246000000000,246000005451,5451.7,125
246.0,246125000000,246125003522,3522.5,125
246.125,246250000000,246250001287,1287.3,125
246.25,246375000000,246375007665,7665.3,125
246.375,246500000000,246500001492,1492.7,125
246.5,246625000000,246625005068,5068.0,125
246.625,246750000000,246750002467,2467.7,125
246.75,246875000000,246875002343,2343.4,125
246.875,247000000000,247000008220,8220.4,125
247.0,247125000000,247125003195,3195.4,125
247.125,247250000000,247250010176,10176.8,125
247.25,247375000000,247375002936,2936.2,125
247.375,247500000000,247500005748,5748.7,125
247.5,247625000000,247625004584,4584.9,125
247.625,247750000000,247750004035,4035.4,125
247.75,247875000000,247875004420,4420.3,125
247.875,248000000000,248000009240,9240.0,125
248.0,248125000000,248125005264,5264.9,125
248.125,248250000000,248250005384,5384.9,125
248.25,248375000000,248375003894,3894.3,125
248.375,248500000000,248500002732,2732.6,125
248.5,248625000000,248625003008,3008.4,125
248.625,248750000000,248750001666,1666.3,125
248.75,248875000000,248875002959,2959.3,125
248.875,249000000000,249000004656,4656.4,125
249.0,249125000000,249125004886,4886.3,125
249.125,249250000000,249250002659,2659.4,125
249.25,249375000000,249375002347,2347.5,125
249.375,249500000000,249500003552,3552.5,125
249.5,249625000000,249625003183,3183.6,125
249.625,249750000000,249750001556,1556.3,125
249.75,249875000000,249875002772,2772.6,125
249.875,250000000000,250000002456,2456.9,125
250.0,250125000000,250125005620,5620.3,125
250.125,250250000000,250250008116,8116.0,125
250.25,250375000000,250375005360,5360.1,125
250.375,250500000000,250500007995,7995.9,125
250.5,250625000000,250625006117,6117.8,125
250.625,250750000000,250750003037,3037.6,125
250.75,250875000000,250875000238,239.0,125
250.875,251000000000,251000007133,7133.9,125
251.0,251125000000,251125003734,3734.7,125
251.125,251250000000,251250003047,3047.9,125
251.25,251375000000,251375005654,5654.5,125
251.375,251500000000,251500001852,1852.2,125
251.5,251625000000,251625003222,3222.4,125
251.625,251750000000,251750004490,4490.7,125
251.75,251875000000,251875004343,4343.0,125
251.875,252000000000,252000003782,3782.1,125
252.0,252125000000,252125000182,182.8,125
252.125,252250000000,252250006110,6111.0,125
252.25,252375000000,252375000244,244.7,125
252.375,252500000000,252500007263,7263.9,125
252.5,252625000000,252625004062,4062.2,125
252.625,252750000000,252750005001,5001.1,125
252.75,252875000000,252875000936,936.5,125
252.875,253000000000,253000006172,6172.6,125
253.0,253125000000,253125006389,6389.7,125
253.125,253250000000,253250008834,8834.9,125
253.25,253375000000,253375003156,3156.1,125
253.375,253500000000,253500002267,2267.1,125
253.5,253625000000,253625002890,2890.5,125
253.625,253750000000,253750000428,428.6,125
253.75,253875000000,253875005343,5343.6,125
253.875,254000000000,254000006307,6307.4,125
254.0,254125000000,254125007170,7170.2,125
254.125,254250000000,254250003932,3932.6,125
254.25,254375000000,254375009228,9228.4,125
254.375,254500000000,254500007950,7951.0,125
254.5,254625000000,254625007098,7099.0,125
254.625,254750000000,254750006066,6066.2,125
254.75,254875000000,254875001610,1610.3,125
254.875,255000000000,255000007327,7328.0,125
255.0,255125000000,255125007029,7029.9,125
255.125,255250000000,255250001233,1233.8,125
255.25,255375000000,255375000907,907.7,125
255.375,255500000000,255500002973,2973.4,125
255.5,255625000000,255625007326,7326.9,125
255.625,255750000000,255750009350,9350.0,125
255.75,255875000000,255875007512,7512.9,125
255.875,256000000000,256000011936,11936.3,125
256.0,256125000000,256125002771,2771.1,125
256.125,256250000000,256250006733,6733.4,125
256.25,256375000000,256375006922,6922.8,125
256.375,256500000000,256500007763,7763.3,125
256.5,256625000000,256625006592,6592.1,125
256.625,256750000000,256750002857,2857.9,125
256.75,256875000000,256875001597,1598.0,125
256.875,257000000000,257000001276,1276.5,125
257.0,257125000000,257125005621,5621.7,125
257.125,257250000000,257250001141,1142.0,125
257.25,257375000000,257375006028,6028.0,125
257.375,257500000000,257500007068,7068.1,125
257.5,257625000000,257625004619,4619.8,125
257.625,257750000000,257750005839,5839.1,125
257.75,257875000000,257875000540,540.1,125
257.875,258000000000,258000006954,6954.9,125
258.0,258125000000,258125003988,3988.6,125
258.125,258250000000,258250005353,5353.5,125
258.25,258375000000,258375002382,2382.6,125
258.375,258500000000,258500001363,1363.3,125
258.5,258625000000,258625004326,4326.3,125
258.625,258750000000,258750007151,7151.2,125
258.75,258875000000,258875000688,688.4,125
258.875,259000000000,259000004123,4123.5,125
259.0,259125000000,259125005191,5191.5,125
259.125,259250000000,259250004855,4855.5,125
259.25,259375000000,259375002317,2317.2,125
259.375,259500000000,259500007276,7276.0,125
259.5,259625000000,259625006967,6967.6,125
259.625,259750000000,259750007044,7044.6,125
259.75,259875000000,259875002163,2163.8,125
259.875,260000000000,260000003828,3828.1,125
260.0,260125000000,260125001115,1115.5,125
260.125,260250000000,260250005518,5518.6,125
260.25,260375000000,260375003343,3343.5,125
260.375,260500000000,260500007311,7311.6,125
260.5,260625000000,260625006003,6003.7,125
260.625,260750000000,260750009922,9922.2,125
260.75,260875000000,260875007133,7133.1,125
260.875,261000000000,261000001900,1900.4,125
261.0,261125000000,261125008176,8176.5,125
261.125,261250000000,261250005973,5973.7,125
261.25,261375000000,261375003587,3587.9,125
261.375,261500000000,261500007551,7551.9,125
261.5,261625000000,261625005578,5578.3,125
261.625,261750000000,261750003078,3078.3,125
261.75,261875000000,261875006523,6523.9,125
261.875,262000000000,262000006503,6503.2,125
262.0,262125000000,262125007738,7738.2,125
262.125,262250000000,262250004336,4336.1,125
262.25,262375000000,262375004244,4244.2,125
262.375,262500000000,262500005429,5429.9,125
262.5,262625000000,262625006817,6817.7,125
262.625,262750000000,262750005194,5194.0,125
262.75,262875000000,262875003753,3753.5,125
262.875,263000000000,263000006658,6659.0,125
263.0,263125000000,263125006775,6775.8,125
263.125,263250000000,263250004899,4899.3,125
263.25,263375000000,263375001832,1832.0,125
263.375,263500000000,263500004633,4633.4,125
263.5,263625000000,263625004906,4906.5,125
263.625,263750000000,263750004596,4596.4,125
263.75,263875000000,263875000988,988.6,125
263.875,264000000000,264000005383,5383.1,125
264.0,264125000000,264125010285,10285.6,125
264.125,264250000000,264250008254,8254.4,125
264.25,264375000000,264375008020,8020.9,125
264.375,264500000000,264500003911,3911.8,125
264.5,264625000000,264625004027,4027.3,125
264.625,264750000000,264750004038,4038.6,125
264.75,264875000000,264875004380,4380.8,125
264.875,265000000000,265000010995,10995.6,125
265.0,265125000000,265125004185,4185.2,125
265.125,265250000000,265250008255,8255.5,125
265.25,265375000000,265375005432,5432.1,125
265.375,265500000000,265500005015,5015.7,125
265.5,265625000000,265625004873,4873.9,125
265.625,265750000000,265750009733,9733.3,125
265.75,265875000000,265875001667,1667.8,125
265.875,266000000000,266000005172,5172.3,125
266.0,266125000000,266125005463,5463.5,125
266.125,266250000000,266250003157,3157.5,125
266.25,266375000000,266375006108,6108.6,125
266.375,266500000000,266500006369,6369.1,125
266.5,266625000000,266625004359,4359.2,125
266.625,266750000000,266750009842,9842.6,125
266.75,266875000000,266875004508,4508.7,125
266.875,267000000000,267000005022,5023.0,125
267.0,267125000000,267125007522,7522.7,125
267.125,267250000000,267250002664,2664.4,125
267.25,267375000000,267375012103,12103.7,125
267.375,267500000000,267500005065,5065.4,125
267.5,267625000000,267625007302,7302.3,125
267.625,267750000000,267750011109,11109.4,125
267.75,267875000000,267875005838,5838.6,125
267.875,268000000000,268000000265,265.7,125
268.0,268125000000,268125009136,9136.7,125
268.125,268250000000,268250004262,4263.0,125
268.25,268375000000,268375004719,4719.2,125
268.375,268500000000,268500004919,4919.2,125
268.5,268625000000,268625004261,4261.7,125
268.625,268750000000,268750005816,5816.6,125
268.75,268875000000,268875003914,3914.6,125
268.875,269000000000,269000007444,7444.7,125
269.0,269125000000,269125007734,7734.9,125
269.125,269250000000,269250007906,7906.1,125
269.25,269375000000,269375007223,7223.5,125
269.375,269500000000,269500006736,6736.9,125
269.5,269625000000,269625004733,4733.5,125
269.625,269750000000,269750002655,2655.6,125
269.75,269875000000,269875003579,3579.4,125
269.875,270000000000,270000006390,6390.1,125
270.0,270125000000,270125003772,3772.9,125
270.125,270250000000,270250006464,6465.0,125
270.25,270375000000,270375004747,4747.3,125
270.375,270500000000,270500005629,5629.9,125
270.5,270625000000,270625007145,7145.3,125
270.625,270750000000,270750008362,8362.5,125
270.75,270875000000,270875005662,5663.0,125
270.875,271000000000,271000004628,4628.9,125
271.0,271125000000,271125005357,5357.9,125
271.125,271250000000,271250003829,3829.6,125
271.25,271375000000,271375003135,3135.2,125
271.375,271500000000,271500007555,7555.5,125
271.5,271625000000,271625006144,6144.5,125
271.625,271750000000,271750009267,9267.4,125
271.75,271875000000,271875002143,2143.2,125
271.875,272000000000,272000007847,7847.6,125
272.0,272125000000,272125009194,9194.3,125
272.125,272250000000,272250002624,2624.8,125
272.25,272375000000,272375006260,6260.5,125
272.375,272500000000,272500004862,4862.5,125
272.5,272625000000,272625003991,3991.4,125
272.625,272750000000,272750006547,6547.6,125
272.75,272875000000,272875001075,1075.9,125
272.875,273000000000,273000007227,7227.2,125
273.0,273125000000,273125002981,2981.4,125
273.125,273250000000,273250004758,4758.3,125
273.25,273375000000,273375006213,6213.7,125
273.375,273500000000,273500006570,6571.0,125
273.5,273625000000,273625002574,2574.0,125
273.625,273750000000,273750002436,2436.5,125
273.75,273875000000,273875004860,4860.4,125
273.875,274000000000,274000005535,5535.1,125
274.0,274125000000,274125001651,1651.0,125
274.125,274250000000,274250004352,4352.4,125
274.25,274375000000,274375005404,5404.0,125
274.375,274500000000,274500009339,9339.1,125
274.5,274625000000,274625003698,3698.3,125
274.625,274750000000,274750005724,5724.5,125
274.75,274875000000,274875000791,791.4,125
274.875,275000000000,275000009242,9242.8,125
275.0,275125000000,275125003916,3916.5,125
275.125,275250000000,275250003685,3685.7,125
275.25,275375000000,275375005762,5762.0,125
275.375,275500000000,275500002888,2888.8,125
275.5,275625000000,275625003800,3800.9,125
275.625,275750000000,275750005035,5036.0,125
275.75,275875000000,275875001779,1779.8,125
275.875,276000000000,276000006675,6676.0,125
276.0,276125000000,276125003530,3530.5,125
276.125,276250000000,276250006379,6379.8,125
276.25,276375000000,276375000223,223.5,125
276.375,276500000000,276500005702,5702.5,125
276.5,276625000000,276625004000,4000.8,125
276.625,276750000000,276750006144,6144.0,125
276.75,276875000000,276875003506,3506.8,125
276.875,277000000000,277000003905,3905.4,125
277.0,277125000000,277125007743,7743.0,125
277.125,277250000000,277250009596,9596.8,125
277.25,277375000000,277375009482,9482.6,125
277.375,277500000000,277500004577,4577.1,125
277.5,277625000000,277625002868,2868.8,125
277.625,277750000000,277750006264,6264.8,125
277.75,277875000000,277875008763,8763.0,125
277.875,278000000000,278000005629,5629.6,125
278.0,278125000000,278125004717,4717.2,125
278.125,278250000000,278250004131,4131.3,125
278.25,278375000000,278375002986,2986.1,125
278.375,278500000000,278500008267,8267.5,125
278.5,278625000000,278625005790,5790.4,125
278.625,278750000000,278750005905,5905.6,125
278.75,278875000000,278875002272,2272.9,125
278.875,279000000000,279000004955,4955.7,125
279.0,279125000000,279125005240,5241.0,125
279.125,279250000000,279250006033,6033.3,125
279.25,279375000000,279375006868,6869.0,125
279.375,279500000000,279500006013,6013.4,125
279.5,279625000000,279625009972,9972.9,125
279.625,279750000000,279750005292,5293.0,125
279.75,279875000000,279875004466,4466.5,125
279.875,280000000000,280000002402,2402.2,125
280.0,280125000000,280125005287,5287.2,125
280.125,280250000000,280250007886,7886.9,125
280.25,280375000000,280375003743,3743.1,125
280.375,280500000000,280500003777,3777.8,125
280.5,280625000000,280625006403,6403.5,125
280.625,280750000000,280750006852,6852.5,125
280.75,280875000000,280875005626,5626.5,125
280.875,281000000000,281000001232,1232.6,125
281.0,281125000000,281125005465,5465.6,125
281.125,281250000000,281250002499,2499.6,125
281.25,281375000000,281375002981,2981.3,125
281.375,281500000000,281500007717,7717.8,125
281.5,281625000000,281625005020,5020.7,125
281.625,281750000000,281750006148,6148.2,125
281.75,281875000000,281875000150,150.9,125
281.875,282000000000,282000004299,4299.5,125
282.0,282125000000,282125003216,3216.7,125
282.125,282250000000,282250003008,3008.1,125
282.25,282375000000,282375004374,4374.7,125
282.375,282500000000,282500003885,3885.1,125
282.5,282625000000,282625006023,6023.9,125
282.625,282750000000,282750005089,5089.2,125
282.75,282875000000,282875001372,1372.4,125
282.875,283000000000,283000003322,3322.9,125
283.0,283125000000,283125003637,3637.5,125
283.125,283250000000,283250007444,7444.1,125
283.25,283375000000,283375005404,5404.8,125
283.375,283500000000,283500004999,4999.8,125
283.5,283625000000,283625000364,364.1,125
283.625,283750000000,283750004789,4789.7,125
283.75,283875000000,283875007976,7976.4,125
283.875,284000000000,284000006008,6008.2,125
284.0,284125000000,284125005283,5283.2,125
284.125,284250000000,284250002692,2692.3,125
284.25,284375000000,284375003229,3229.7,125
284.375,284500000000,284500004375,4375.2,125
284.5,284625000000,284625004143,4143.5,125
284.625,284750000000,284750006618,6618.5,125
284.75,284875000000,284875002386,2386.4,125
284.875,285000000000,285000004026,4026.5,125
285.0,285125000000,285125001923,1923.8,125
285.125,285250000000,285250007691,7691.1,125
285.25,285375000000,285375003195,3195.7,125
285.375,285500000000,285500009140,9140.6,125
285.5,285625000000,285625004505,4505.1,125
285.625,285750000000,285750006516,6516.3,125
285.75,285875000000,285875006845,6845.4,125
285.875,286000000000,286000004735,4735.6,125
286.0,286125000000,286125002347,2347.7,125
286.125,286250000000,286250003467,3467.2,125
286.25,286375000000,286375007570,7570.3,125
286.375,286500000000,286500010440,10440.4,125
286.5,286625000000,286625003730,3730.9,125
286.625,286750000000,286750008139,8139.9,125
286.75,286875000000,286875006011,6011.5,125
286.875,287000000000,287000004741,4741.3,125
287.0,287125000000,287125004053,4053.4,125
287.125,287250000000,287250005011,5011.8,125
287.25,287375000000,287375004996,4996.7,125
287.375,287500000000,287500004151,4151.2,125
287.5,287625000000,287625008920,8920.4,125
287.625,287750000000,287750004716,4716.3,125
287.75,287875000000,287875002292,2292.6,125
287.875,288000000000,288000007297,7297.4,125
288.0,288125000000,288125007910,7910.4,125
288.125,288250000000,288250003941,3941.0,125
288.25,288375000000,288375002415,2415.1,125
288.375,288500000000,288500005614,5614.1,125
288.5,288625000000,288625003414,3414.9,125
288.625,288750000000,288750004882,4882.7,125
288.75,288875000000,288875004663,4663.5,125
288.875,289000000000,289000007353,7353.3,125
289.0,289125000000,289125006125,6126.0,125
289.125,289250000000,289250004450,4450.1,125
289.25,289375000000,289375004377,4377.2,125
289.375,289500000000,289500006875,6875.4,125
289.5,289625000000,289625005239,5239.9,125
289.625,289750000000,289750002852,2853.0,125
289.75,289875000000,289875005628,5629.0,125
289.875,290000000000,290000006822,6822.2,125
290.0,290125000000,290125002957,2957.6,125
290.125,290250000000,290250005827,5827.3,125
290.25,290375000000,290375006170,6170.9,125
290.375,290500000000,290500004516,4516.3,125
290.5,290625000000,290625007811,7811.2,125
290.625,290750000000,290750006629,6629.2,125
290.75,290875000000,290875007597,7597.9,125
290.875,291000000000,291000005660,5660.1,125
291.0,291125000000,291125006022,6022.2,125
291.125,291250000000,291250006634,6634.8,125
291.25,291375000000,291375005400,5400.6,125
291.375,291500000000,291500004168,4168.2,125
291.5,291625000000,291625001026,1026.2,125
291.625,291750000000,291750006649,6649.3,125
291.75,291875000000,291875006018,6018.2,125
291.875,292000000000,292000007000,7000.3,125
292.0,292125000000,292125005435,5435.9,125
292.125,292250000000,292250001587,1587.6,125
292.25,292375000000,292375003496,3497.0,125
292.375,292500000000,292500000603,603.7,125
292.5,292625000000,292625005235,5235.8,125
292.625,292750000000,292750007188,7188.4,125
292.75,292875000000,292875003755,3755.1,125
292.875,293000000000,293000006128,6128.8,125
293.0,293125000000,293125005636,5636.3,125
293.125,293250000000,293250005809,5809.9,125
293.25,293375000000,293375003770,3770.1,125
293.375,293500000000,293500006111,6111.6,125
293.5,293625000000,293625007260,7260.7,125
293.625,293750000000,293750004437,4437.6,125
293.75,293875000000,293875007177,7177.7,125
293.875,294000000000,294000004899,4899.5,125
294.0,294125000000,294125006541,6541.9,125
294.125,294250000000,294250006394,6394.2,125
294.25,294375000000,294375008428,8428.6,125
294.375,294500000000,294500002776,2776.2,125
294.5,294625000000,294625004048,4048.7,125
294.625,294750000000,294750004007,4007.0,125
294.75,294875000000,294875005358,5358.8,125
294.875,295000000000,295000004358,4358.6,125
295.0,295125000000,295125003711,3712.0,125
295.125,295250000000,295250004937,4937.4,125
295.25,295375000000,295375002184,2184.0,125
295.375,295500000000,295500005632,5632.1,125
295.5,295625000000,295625001255,1255.2,125
295.625,295750000000,295750008505,8505.3,125
295.75,295875000000,295875007802,7802.9,125
295.875,296000000000,296000001155,1155.4,125
296.0,296125000000,296125006074,6074.3,125
296.125,296250000000,296250004757,4757.7,125
296.25,296375000000,296375007897,7897.4,125
296.375,296500000000,296500003737,3737.7,125
296.5,296625000000,296625006247,6247.1,125
296.625,296750000000,296750006547,6547.8,125
296.75,296875000000,296875003832,3832.6,125
296.875,297000000000,297000007650,7650.6,125
297.0,297125000000,297125001332,1332.9,125
297.125,297250000000,297250008039,8039.2,125
297.25,297375000000,297375002077,2077.8,125
297.375,297500000000,297500006125,6125.1,125
297.5,297625000000,297625003073,3073.8,125
297.625,297750000000,297750001985,1985.2,125
297.75,297875000000,297875008115,8115.2,125
297.875,298000000000,298000009453,9453.5,125
298.0,298125000000,298125003169,3169.9,125
298.125,298250000000,298250001370,1370.7,125
298.25,298375000000,298375007706,7707.0,125
298.375,298500000000,298500006195,6195.6,125
298.5,298625000000,298625008188,8188.8,125
298.625,298750000000,298750002786,2786.0,125
298.75,298875000000,298875006945,6945.2,125
298.875,299000000000,299000005372,5372.0,125
299.0,299125000000,299125007227,7227.3,125
299.125,299250000000,299250009114,9114.4,125
299.25,299375000000,299375003084,3084.9,125
299.375,299500000000,299500006466,6466.8,125
299.5,299625000000,299625002799,2799.5,125
299.625,299750000000,299750004908,4908.0,125
299.75,299875000000,299875003875,3875.9,125
299.875,300000000000,300000007616,7616.5,125
