run,t,uav_id,px,py,pz,R11,R12,R13,R21,R22,R23,R31,R32,R33,role,ptp_offset_us,link_state,consensus_norm,event
1,0.0,0,3.42,-3.41,2.0,1,0,0,0,1,0,0,0,1,leader,4.27,good,1.0071,takeoff
1,0.1,1,3.42,-3.362,2.02,1,0,0,0,1,0,0,0,1,follower1,3.97,good,0.6116,mission
1,0.2,2,3.418,-3.314,2.04,1,0,0,0,1,0,0,0,1,follower2,5.77,good,0.3735,mission
1,0.3,0,3.416,-3.266,2.06,1,0,0,0,1,0,0,0,1,leader,8.64,good,0.23063,mission
1,0.4,1,3.412,-3.218,2.079,1,0,0,0,1,0,0,0,1,follower1,4.51,good,0.14947,mission
1,0.5,2,3.408,-3.17,2.099,1,0,0,0,1,0,0,0,1,follower2,4.27,good,0.08601,mission
1,0.6,0,3.403,-3.123,2.118,1,0,0,0,1,0,0,0,1,leader,3.76,good,0.04853,mission
1,0.7,1,3.397,-3.075,2.137,1,0,0,0,1,0,0,0,1,follower1,4.2,burst,0.02852,mission
1,0.8,2,3.389,-3.028,2.156,1,0,0,0,1,0,0,0,1,follower2,4.72,good,0.02092,mission
1,0.9,0,3.381,-2.98,2.174,1,0,0,0,1,0,0,0,1,leader,2.46,good,0.0107,mission
1,1.0,1,3.372,-2.933,2.192,1,0,0,0,1,0,0,0,1,follower1,4.49,burst,0.00685,mission
1,1.1,2,3.362,-2.886,2.209,1,0,0,0,1,0,0,0,1,follower2,0.33,good,-0.00169,mission
1,1.2,0,3.351,-2.84,2.226,1,0,0,0,1,0,0,0,1,leader,4.79,good,0.01028,mission
1,1.3,1,3.339,-2.793,2.242,1,0,0,0,1,0,0,0,1,follower1,4.98,good,0.00092,mission
1,1.4,2,3.327,-2.747,2.258,1,0,0,0,1,0,0,0,1,follower2,2.36,good,-0.00118,mission
1,1.5,0,3.313,-2.701,2.273,1,0,0,0,1,0,0,0,1,leader,4.77,good,-0.0013,mission
1,1.6,1,3.298,-2.655,2.287,1,0,0,0,1,0,0,0,1,follower1,7.68,good,0.00324,mission
1,1.7,2,3.283,-2.61,2.301,1,0,0,0,1,0,0,0,1,follower2,10.5,good,-0.00238,mission
1,1.8,0,3.266,-2.565,2.313,1,0,0,0,1,0,0,0,1,leader,2.62,burst,-0.00072,mission
1,1.9,1,3.249,-2.52,2.325,1,0,0,0,1,0,0,0,1,follower1,4.2,good,-0.00488,mission
1,2.0,2,3.231,-2.475,2.337,1,0,0,0,1,0,0,0,1,follower2,2.65,good,-0.00722,mission
1,2.1,0,3.211,-2.431,2.347,1,0,0,0,1,0,0,0,1,leader,6.3,good,0.00733,mission
1,2.2,1,3.191,-2.388,2.356,1,0,0,0,1,0,0,0,1,follower1,2.42,burst,-0.00704,mission
1,2.3,2,3.171,-2.345,2.365,1,0,0,0,1,0,0,0,1,follower2,4.24,good,0.01082,mission
1,2.4,0,3.149,-2.302,2.373,1,0,0,0,1,0,0,0,1,leader,0.89,good,-0.00457,mission
1,2.5,1,3.126,-2.259,2.38,1,0,0,0,1,0,0,0,1,follower1,1.98,good,-0.00402,mission
1,2.6,2,3.103,-2.217,2.385,1,0,0,0,1,0,0,0,1,follower2,5.69,good,-0.00542,mission
1,2.7,0,3.079,-2.176,2.39,1,0,0,0,1,0,0,0,1,leader,6.85,good,0.00159,mission
1,2.8,1,3.053,-2.135,2.394,1,0,0,0,1,0,0,0,1,follower1,6.7,good,-0.00079,mission
1,2.9,2,3.028,-2.095,2.397,1,0,0,0,1,0,0,0,1,follower2,5.78,good,-0.00366,mission
1,3.0,0,3.001,-2.055,2.399,1,0,0,0,1,0,0,0,1,leader,4.99,good,-0.00349,mission
1,3.1,1,2.973,-2.016,2.4,1,0,0,0,1,0,0,0,1,follower1,3.64,burst,0.00625,mission
1,3.2,2,2.945,-1.977,2.4,1,0,0,0,1,0,0,0,1,follower2,3.98,good,0.00368,mission
1,3.3,0,2.916,-1.939,2.399,1,0,0,0,1,0,0,0,1,leader,5.39,good,0.00784,mission
1,3.4,1,2.886,-1.901,2.397,1,0,0,0,1,0,0,0,1,follower1,2.32,good,0.01102,mission
1,3.5,2,2.856,-1.864,2.394,1,0,0,0,1,0,0,0,1,follower2,6.18,good,-0.00041,mission
1,3.6,0,2.824,-1.827,2.39,1,0,0,0,1,0,0,0,1,leader,9.34,burst,-0.00201,mission
1,3.7,1,2.792,-1.792,2.385,1,0,0,0,1,0,0,0,1,follower1,1.81,good,-0.00434,mission
1,3.8,2,2.76,-1.757,2.379,1,0,0,0,1,0,0,0,1,follower2,1.91,good,-0.00301,mission
1,3.9,0,2.726,-1.722,2.372,1,0,0,0,1,0,0,0,1,leader,3.78,burst,-0.00199,mission
1,4.0,1,2.692,-1.688,2.364,1,0,0,0,1,0,0,0,1,follower1,7.4,good,0.00306,mission
1,4.1,2,2.657,-1.655,2.355,1,0,0,0,1,0,0,0,1,follower2,3.89,good,0.00547,mission
1,4.2,0,2.622,-1.623,2.345,1,0,0,0,1,0,0,0,1,leader,2.49,good,0.00785,mission
1,4.3,1,2.586,-1.591,2.335,1,0,0,0,1,0,0,0,1,follower1,6.12,good,-0.00205,mission
1,4.4,2,2.549,-1.56,2.323,1,0,0,0,1,0,0,0,1,follower2,3.37,burst,-0.0013,mission
1,4.5,0,2.512,-1.53,2.311,1,0,0,0,1,0,0,0,1,leader,0.44,burst,0.00883,mission
1,4.6,1,2.474,-1.501,2.298,1,0,0,0,1,0,0,0,1,follower1,2.83,good,0.00253,mission
1,4.7,2,2.435,-1.472,2.285,1,0,0,0,1,0,0,0,1,follower2,3.63,good,-0.00128,mission
1,4.8,0,2.396,-1.444,2.27,1,0,0,0,1,0,0,0,1,leader,5.42,burst,3e-05,mission
1,4.9,1,2.357,-1.417,2.255,1,0,0,0,1,0,0,0,1,follower1,2.69,good,0.00379,mission
1,5.0,2,2.317,-1.39,2.239,1,0,0,0,1,0,0,0,1,follower2,0.78,burst,0.00144,mission
1,5.1,0,2.276,-1.365,2.223,1,0,0,0,1,0,0,0,1,leader,2.91,good,-0.00922,mission
1,5.2,1,2.235,-1.34,2.206,1,0,0,0,1,0,0,0,1,follower1,7.49,good,-0.00034,mission
1,5.3,2,2.193,-1.316,2.189,1,0,0,0,1,0,0,0,1,follower2,1.79,good,0.00233,mission
1,5.4,0,2.151,-1.293,2.171,1,0,0,0,1,0,0,0,1,leader,3.5,burst,0.00169,mission
1,5.5,1,2.109,-1.271,2.153,1,0,0,0,1,0,0,0,1,follower1,2.04,good,-0.00389,mission
1,5.6,2,2.066,-1.25,2.134,1,0,0,0,1,0,0,0,1,follower2,5.19,burst,-0.00284,mission
1,5.7,0,2.022,-1.229,2.115,1,0,0,0,1,0,0,0,1,leader,4.98,good,0.0054,mission
1,5.8,1,1.978,-1.21,2.096,1,0,0,0,1,0,0,0,1,follower1,4.17,good,-0.00051,mission
1,5.9,2,1.934,-1.191,2.076,1,0,0,0,1,0,0,0,1,follower2,5.68,good,0.00661,mission
1,6.0,0,1.89,-1.173,2.056,1,0,0,0,1,0,0,0,1,leader,3.49,good,-0.00554,mission
1,6.1,1,1.845,-1.156,2.037,1,0,0,0,1,0,0,0,1,follower1,1.55,good,-0.00437,mission
1,6.2,2,1.8,-1.14,2.017,1,0,0,0,1,0,0,0,1,follower2,2.64,good,-0.00659,mission
1,6.3,0,1.754,-1.125,1.997,1,0,0,0,1,0,0,0,1,leader,2.16,good,0.00235,mission
1,6.4,1,1.708,-1.111,1.977,1,0,0,0,1,0,0,0,1,follower1,3.25,burst,0.00275,mission
1,6.5,2,1.662,-1.097,1.957,1,0,0,0,1,0,0,0,1,follower2,3.64,good,-0.00309,mission
1,6.6,0,1.616,-1.085,1.937,1,0,0,0,1,0,0,0,1,leader,3.23,good,0.00112,mission
1,6.7,1,1.569,-1.074,1.917,1,0,0,0,1,0,0,0,1,follower1,4.36,good,-0.00423,mission
1,6.8,2,1.522,-1.063,1.898,1,0,0,0,1,0,0,0,1,follower2,1.2,good,0.01007,mission
1,6.9,0,1.475,-1.054,1.879,1,0,0,0,1,0,0,0,1,leader,5.71,good,0.00504,mission
1,7.0,1,1.428,-1.045,1.86,1,0,0,0,1,0,0,0,1,follower1,2.4,good,0.00499,mission
1,7.1,2,1.381,-1.037,1.841,1,0,0,0,1,0,0,0,1,follower2,2.63,good,0.00083,mission
1,7.2,0,1.333,-1.03,1.823,1,0,0,0,1,0,0,0,1,leader,2.08,good,-0.00628,mission
1,7.3,1,1.285,-1.025,1.805,1,0,0,0,1,0,0,0,1,follower1,5.25,good,0.0024,mission
1,7.4,2,1.238,-1.02,1.788,1,0,0,0,1,0,0,0,1,follower2,1.35,good,0.00431,mission
1,7.5,0,1.19,-1.016,1.771,1,0,0,0,1,0,0,0,1,leader,6.31,burst,-0.0039,mission
1,7.6,1,1.142,-1.013,1.755,1,0,0,0,1,0,0,0,1,follower1,5.09,good,0.00268,mission
1,7.7,2,1.094,-1.011,1.74,1,0,0,0,1,0,0,0,1,follower2,3.05,good,0.00346,mission
1,7.8,0,1.046,-1.01,1.725,1,0,0,0,1,0,0,0,1,leader,3.7,good,-0.00256,mission
1,7.9,1,0.998,-1.01,1.711,1,0,0,0,1,0,0,0,1,follower1,4.88,good,-0.00052,mission
1,8.0,2,0.95,-1.011,1.697,1,0,0,0,1,0,0,0,1,follower2,4.79,good,0.00219,mission
1,8.1,0,0.902,-1.013,1.685,1,0,0,0,1,0,0,0,1,leader,5.6,good,0.00978,mission
1,8.2,1,0.854,-1.016,1.673,1,0,0,0,1,0,0,0,1,follower1,5.02,good,-0.00213,mission
1,8.3,2,0.806,-1.02,1.662,1,0,0,0,1,0,0,0,1,follower2,6.13,good,-0.00014,mission
1,8.4,0,0.758,-1.024,1.651,1,0,0,0,1,0,0,0,1,leader,5.29,good,-0.00778,mission
1,8.5,1,0.711,-1.03,1.642,1,0,0,0,1,0,0,0,1,follower1,3.26,good,0.00048,mission
1,8.6,2,0.663,-1.037,1.634,1,0,0,0,1,0,0,0,1,follower2,2.8,burst,0.00115,mission
1,8.7,0,0.616,-1.044,1.626,1,0,0,0,1,0,0,0,1,leader,4.69,good,-0.00153,mission
1,8.8,1,0.569,-1.053,1.619,1,0,0,0,1,0,0,0,1,follower1,5.0,good,-0.00531,mission
1,8.9,2,0.522,-1.062,1.614,1,0,0,0,1,0,0,0,1,follower2,3.72,good,-0.00471,mission
1,9.0,0,0.475,-1.073,1.609,1,0,0,0,1,0,0,0,1,leader,5.05,burst,0.00145,mission
1,9.1,1,0.428,-1.084,1.605,1,0,0,0,1,0,0,0,1,follower1,6.66,good,-0.0005,mission
1,9.2,2,0.382,-1.096,1.603,1,0,0,0,1,0,0,0,1,follower2,7.32,burst,-0.00272,mission
1,9.3,0,0.336,-1.11,1.601,1,0,0,0,1,0,0,0,1,leader,5.55,good,-0.00318,mission
1,9.4,1,0.29,-1.124,1.6,1,0,0,0,1,0,0,0,1,follower1,3.53,good,-0.00672,mission
1,9.5,2,0.244,-1.139,1.6,1,0,0,0,1,0,0,0,1,follower2,1.06,burst,-0.0049,mission
1,9.6,0,0.199,-1.155,1.602,1,0,0,0,1,0,0,0,1,leader,2.8,burst,-0.00155,mission
1,9.7,1,0.154,-1.172,1.604,1,0,0,0,1,0,0,0,1,follower1,1.27,good,-0.00063,mission
1,9.8,2,0.109,-1.189,1.607,1,0,0,0,1,0,0,0,1,follower2,4.71,good,-0.00661,mission
1,9.9,0,0.065,-1.208,1.611,1,0,0,0,1,0,0,0,1,leader,4.83,good,-0.00556,mission
1,10.0,1,0.021,-1.228,1.616,1,0,0,0,1,0,0,0,1,follower1,5.51,good,0.00103,mission
1,10.1,2,-0.022,-1.248,1.623,1,0,0,0,1,0,0,0,1,follower2,3.66,good,0.00106,mission
1,10.2,0,-0.065,-1.269,1.63,1,0,0,0,1,0,0,0,1,leader,3.86,good,0.00125,mission
1,10.3,1,-0.108,-1.292,1.638,1,0,0,0,1,0,0,0,1,follower1,5.65,good,-0.00536,mission
1,10.4,2,-0.15,-1.314,1.647,1,0,0,0,1,0,0,0,1,follower2,3.86,burst,-0.00229,mission
1,10.5,0,-0.192,-1.338,1.656,1,0,0,0,1,0,0,0,1,leader,8.33,good,0.00746,mission
1,10.6,1,-0.233,-1.363,1.667,1,0,0,0,1,0,0,0,1,follower1,7.58,good,-0.00417,mission
1,10.7,2,-0.274,-1.388,1.679,1,0,0,0,1,0,0,0,1,follower2,2.86,good,-0.0043,mission
1,10.8,0,-0.314,-1.415,1.691,1,0,0,0,1,0,0,0,1,leader,2.44,burst,-0.00253,mission
1,10.9,1,-0.353,-1.442,1.704,1,0,0,0,1,0,0,0,1,follower1,5.12,good,0.00302,mission
1,11.0,2,-0.392,-1.47,1.718,1,0,0,0,1,0,0,0,1,follower2,6.83,good,0.00218,mission
1,11.1,0,-0.431,-1.498,1.732,1,0,0,0,1,0,0,0,1,leader,6.15,good,-0.00205,mission
1,11.2,1,-0.469,-1.528,1.747,1,0,0,0,1,0,0,0,1,follower1,5.25,good,-0.00094,mission
1,11.3,2,-0.506,-1.558,1.763,1,0,0,0,1,0,0,0,1,follower2,6.42,burst,-0.00147,mission
1,11.4,0,-0.543,-1.589,1.78,1,0,0,0,1,0,0,0,1,leader,4.8,good,0.0012,mission
1,11.5,1,-0.579,-1.62,1.797,1,0,0,0,1,0,0,0,1,follower1,5.06,burst,0.00084,mission
1,11.6,2,-0.615,-1.653,1.814,1,0,0,0,1,0,0,0,1,follower2,5.51,good,0.00014,mission
1,11.7,0,-0.649,-1.686,1.832,1,0,0,0,1,0,0,0,1,leader,3.43,good,0.00436,mission
1,11.8,1,-0.684,-1.719,1.85,1,0,0,0,1,0,0,0,1,follower1,0.78,good,0.00366,mission
1,11.9,2,-0.717,-1.754,1.869,1,0,0,0,1,0,0,0,1,follower2,2.83,burst,-0.001,mission
1,12.0,0,-0.75,-1.789,1.888,1,0,0,0,1,0,0,0,1,leader,0.87,good,0.00404,mission
1,12.1,1,-0.782,-1.825,1.908,1,0,0,0,1,0,0,0,1,follower1,4.68,good,0.00144,mission
1,12.2,2,-0.813,-1.861,1.927,1,0,0,0,1,0,0,0,1,follower2,5.55,good,-0.0016,mission
1,12.3,0,-0.844,-1.898,1.947,1,0,0,0,1,0,0,0,1,leader,1.82,good,-0.00046,mission
1,12.4,1,-0.874,-1.936,1.967,1,0,0,0,1,0,0,0,1,follower1,3.44,good,0.00728,mission
1,12.5,2,-0.903,-1.974,1.987,1,0,0,0,1,0,0,0,1,follower2,6.11,good,0.00139,mission
1,12.6,0,-0.931,-2.012,2.007,1,0,0,0,1,0,0,0,1,leader,2.92,good,0.00279,mission
1,12.7,1,-0.959,-2.052,2.027,1,0,0,0,1,0,0,0,1,follower1,1.18,good,-0.00966,mission
1,12.8,2,-0.985,-2.092,2.047,1,0,0,0,1,0,0,0,1,follower2,2.76,good,0.00184,mission
1,12.9,0,-1.011,-2.132,2.066,1,0,0,0,1,0,0,0,1,leader,4.65,good,-0.0014,mission
1,13.0,1,-1.037,-2.173,2.086,1,0,0,0,1,0,0,0,1,follower1,0.95,good,-0.00329,mission
1,13.1,2,-1.061,-2.214,2.105,1,0,0,0,1,0,0,0,1,follower2,4.17,good,0.00266,mission
1,13.2,0,-1.084,-2.256,2.125,1,0,0,0,1,0,0,0,1,leader,6.69,good,-0.00811,mission
1,13.3,1,-1.107,-2.298,2.143,1,0,0,0,1,0,0,0,1,follower1,4.21,good,-0.00347,mission
1,13.4,2,-1.129,-2.341,2.162,1,0,0,0,1,0,0,0,1,follower2,0.86,good,0.00139,mission
1,13.5,0,-1.15,-2.384,2.18,1,0,0,0,1,0,0,0,1,leader,1.41,good,-0.00146,mission
1,13.6,1,-1.17,-2.428,2.198,1,0,0,0,1,0,0,0,1,follower1,4.01,good,0.001,mission
1,13.7,2,-1.189,-2.472,2.215,1,0,0,0,1,0,0,0,1,follower2,6.39,burst,0.0005,mission
1,13.8,0,-1.207,-2.516,2.231,1,0,0,0,1,0,0,0,1,leader,2.53,burst,0.00034,mission
1,13.9,1,-1.225,-2.561,2.247,1,0,0,0,1,0,0,0,1,follower1,4.38,good,-0.00668,mission
1,14.0,2,-1.241,-2.606,2.263,1,0,0,0,1,0,0,0,1,follower2,3.12,burst,0.00237,mission
1,14.1,0,-1.257,-2.651,2.278,1,0,0,0,1,0,0,0,1,leader,3.16,good,-0.00102,mission
1,14.2,1,-1.272,-2.697,2.292,1,0,0,0,1,0,0,0,1,follower1,2.86,burst,-0.00393,mission
1,14.3,2,-1.285,-2.743,2.305,1,0,0,0,1,0,0,0,1,follower2,2.57,good,0.00445,mission
1,14.4,0,-1.298,-2.789,2.317,1,0,0,0,1,0,0,0,1,leader,5.46,good,-0.00175,mission
1,14.5,1,-1.31,-2.836,2.329,1,0,0,0,1,0,0,0,1,follower1,4.32,good,0.00216,mission
1,14.6,2,-1.321,-2.883,2.34,1,0,0,0,1,0,0,0,1,follower2,6.16,good,0.00013,mission
1,14.7,0,-1.331,-2.929,2.35,1,0,0,0,1,0,0,0,1,leader,5.95,burst,0.0048,mission
1,14.8,1,-1.341,-2.977,2.359,1,0,0,0,1,0,0,0,1,follower1,1.36,burst,0.00213,mission
1,14.9,2,-1.349,-3.024,2.368,1,0,0,0,1,0,0,0,1,follower2,3.4,good,0.00675,mission
1,15.0,0,-1.356,-3.071,2.375,1,0,0,0,1,0,0,0,1,leader,6.33,good,0.00891,mission
1,15.1,1,-1.362,-3.119,2.382,1,0,0,0,1,0,0,0,1,follower1,5.24,burst,-0.00611,mission
1,15.2,2,-1.368,-3.167,2.387,1,0,0,0,1,0,0,0,1,follower2,3.67,good,0.01252,mission
1,15.3,0,-1.372,-3.214,2.392,1,0,0,0,1,0,0,0,1,leader,5.12,good,0.00064,mission
1,15.4,1,-1.375,-3.262,2.395,1,0,0,0,1,0,0,0,1,follower1,3.57,burst,0.00477,mission
1,15.5,2,-1.378,-3.31,2.398,1,0,0,0,1,0,0,0,1,follower2,1.61,burst,-6e-05,mission
1,15.6,0,-1.379,-3.358,2.399,1,0,0,0,1,0,0,0,1,leader,4.09,good,0.00021,mission
1,15.7,1,-1.38,-3.406,2.4,1,0,0,0,1,0,0,0,1,follower1,7.62,good,0.00135,mission
1,15.8,2,-1.38,-3.454,2.4,1,0,0,0,1,0,0,0,1,follower2,1.09,good,0.00088,mission
1,15.9,0,-1.378,-3.502,2.398,1,0,0,0,1,0,0,0,1,leader,4.64,good,0.00354,mission
1,16.0,1,-1.376,-3.55,2.396,1,0,0,0,1,0,0,0,1,follower1,5.69,good,-0.00879,mission
1,16.1,2,-1.373,-3.598,2.392,1,0,0,0,1,0,0,0,1,follower2,3.3,burst,-0.00861,mission
1,16.2,0,-1.368,-3.646,2.388,1,0,0,0,1,0,0,0,1,leader,6.88,good,0.00234,mission
1,16.3,1,-1.363,-3.694,2.383,1,0,0,0,1,0,0,0,1,follower1,4.44,good,-0.00932,mission
1,16.4,2,-1.357,-3.741,2.376,1,0,0,0,1,0,0,0,1,follower2,2.44,good,-0.00103,mission
1,16.5,0,-1.35,-3.789,2.369,1,0,0,0,1,0,0,0,1,leader,1.56,burst,-0.00322,mission
1,16.6,1,-1.342,-3.836,2.361,1,0,0,0,1,0,0,0,1,follower1,5.42,good,-0.00016,mission
1,16.7,2,-1.333,-3.883,2.352,1,0,0,0,1,0,0,0,1,follower2,5.29,good,-0.01021,mission
1,16.8,0,-1.323,-3.93,2.342,1,0,0,0,1,0,0,0,1,leader,0.24,good,-0.00041,mission
1,16.9,1,-1.312,-3.977,2.331,1,0,0,0,1,0,0,0,1,follower1,5.31,good,0.00602,mission
1,17.0,2,-1.3,-4.023,2.319,1,0,0,0,1,0,0,0,1,follower2,6.21,burst,0.00458,mission
1,17.1,0,-1.288,-4.07,2.307,1,0,0,0,1,0,0,0,1,leader,6.48,burst,-0.00192,mission
1,17.2,1,-1.274,-4.116,2.294,1,0,0,0,1,0,0,0,1,follower1,3.94,good,-0.00304,mission
1,17.3,2,-1.259,-4.161,2.28,1,0,0,0,1,0,0,0,1,follower2,5.22,good,-0.00112,mission
1,17.4,0,-1.244,-4.207,2.265,1,0,0,0,1,0,0,0,1,leader,1.84,burst,0.00417,mission
1,17.5,1,-1.227,-4.252,2.25,1,0,0,0,1,0,0,0,1,follower1,4.95,good,-1e-05,mission
1,17.6,2,-1.21,-4.297,2.234,1,0,0,0,1,0,0,0,1,follower2,2.67,burst,-0.00147,mission
1,17.7,0,-1.192,-4.341,2.217,1,0,0,0,1,0,0,0,1,leader,2.44,good,0.00358,mission
1,17.8,1,-1.173,-4.385,2.2,1,0,0,0,1,0,0,0,1,follower1,3.01,burst,0.00335,mission
1,17.9,2,-1.153,-4.429,2.183,1,0,0,0,1,0,0,0,1,follower2,6.07,good,0.00147,mission
1,18.0,0,-1.132,-4.472,2.165,1,0,0,0,1,0,0,0,1,leader,0.17,good,0.00195,mission
1,18.1,1,-1.111,-4.515,2.146,1,0,0,0,1,0,0,0,1,follower1,0.22,good,0.00024,mission
1,18.2,2,-1.088,-4.557,2.128,1,0,0,0,1,0,0,0,1,follower2,4.45,good,-0.00168,mission
1,18.3,0,-1.065,-4.599,2.109,1,0,0,0,1,0,0,0,1,leader,7.0,good,-0.0003,mission
1,18.4,1,-1.04,-4.641,2.089,1,0,0,0,1,0,0,0,1,follower1,6.22,good,0.00328,mission
1,18.5,2,-1.015,-4.682,2.07,1,0,0,0,1,0,0,0,1,follower2,5.12,burst,-0.00804,mission
1,18.6,0,-0.99,-4.722,2.05,1,0,0,0,1,0,0,0,1,leader,3.41,good,-0.00324,mission
1,18.7,1,-0.963,-4.762,2.03,1,0,0,0,1,0,0,0,1,follower1,3.43,good,-0.00291,mission
1,18.8,2,-0.936,-4.801,2.01,1,0,0,0,1,0,0,0,1,follower2,3.76,good,0.00665,mission
1,18.9,0,-0.907,-4.84,1.99,1,0,0,0,1,0,0,0,1,leader,3.81,good,-0.00431,mission
1,19.0,1,-0.878,-4.878,1.97,1,0,0,0,1,0,0,0,1,follower1,4.24,burst,-0.00242,mission
1,19.1,2,-0.849,-4.916,1.95,1,0,0,0,1,0,0,0,1,follower2,5.31,good,-0.00392,mission
1,19.2,0,-0.818,-4.953,1.93,1,0,0,0,1,0,0,0,1,leader,4.65,good,0.00503,mission
1,19.3,1,-0.787,-4.99,1.911,1,0,0,0,1,0,0,0,1,follower1,7.33,good,0.00161,mission
1,19.4,2,-0.755,-5.025,1.891,1,0,0,0,1,0,0,0,1,follower2,5.25,burst,-0.00395,mission
1,19.5,0,-0.722,-5.061,1.872,1,0,0,0,1,0,0,0,1,leader,0.75,burst,-0.00358,mission
1,19.6,1,-0.689,-5.095,1.853,1,0,0,0,1,0,0,0,1,follower1,4.62,burst,-0.00409,mission
1,19.7,2,-0.655,-5.129,1.835,1,0,0,0,1,0,0,0,1,follower2,7.32,good,-0.00662,mission
1,19.8,0,-0.62,-5.162,1.817,1,0,0,0,1,0,0,0,1,leader,4.98,good,-0.00679,mission
1,19.9,1,-0.585,-5.195,1.799,1,0,0,0,1,0,0,0,1,follower1,4.46,good,-0.00239,mission
1,20.0,2,-0.549,-5.226,1.782,1,0,0,0,1,0,0,0,1,follower2,1.8,good,-0.00566,mission
1,20.1,0,-0.512,-5.257,1.766,1,0,0,0,1,0,0,0,1,leader,4.45,burst,-1e-05,mission
1,20.2,1,-0.475,-5.288,1.75,1,0,0,0,1,0,0,0,1,follower1,0.93,good,0.0027,mission
1,20.3,2,-0.437,-5.317,1.735,1,0,0,0,1,0,0,0,1,follower2,4.31,good,0.00665,mission
1,20.4,0,-0.399,-5.346,1.72,1,0,0,0,1,0,0,0,1,leader,3.65,good,-0.00349,mission
1,20.5,1,-0.36,-5.374,1.706,1,0,0,0,1,0,0,0,1,follower1,4.89,good,-0.0021,mission
1,20.6,2,-0.32,-5.401,1.693,1,0,0,0,1,0,0,0,1,follower2,6.6,good,0.00117,mission
1,20.7,0,-0.28,-5.427,1.68,1,0,0,0,1,0,0,0,1,leader,3.82,good,0.00047,mission
1,20.8,1,-0.239,-5.453,1.669,1,0,0,0,1,0,0,0,1,follower1,6.15,good,0.0102,mission
1,20.9,2,-0.198,-5.478,1.658,1,0,0,0,1,0,0,0,1,follower2,5.94,good,-0.00601,mission
1,21.0,0,-0.157,-5.502,1.648,1,0,0,0,1,0,0,0,1,leader,5.82,good,0.00245,mission
1,21.1,1,-0.115,-5.525,1.639,1,0,0,0,1,0,0,0,1,follower1,8.35,good,6e-05,mission
1,21.2,2,-0.072,-5.547,1.631,1,0,0,0,1,0,0,0,1,follower2,4.98,good,-0.0026,mission
1,21.3,0,-0.029,-5.569,1.624,1,0,0,0,1,0,0,0,1,leader,4.03,good,-0.00157,mission
1,21.4,1,0.014,-5.589,1.617,1,0,0,0,1,0,0,0,1,follower1,5.61,burst,0.00095,mission
1,21.5,2,0.058,-5.609,1.612,1,0,0,0,1,0,0,0,1,follower2,2.31,good,0.00482,mission
1,21.6,0,0.102,-5.628,1.608,1,0,0,0,1,0,0,0,1,leader,5.55,good,0.0009,mission
1,21.7,1,0.147,-5.646,1.604,1,0,0,0,1,0,0,0,1,follower1,4.49,good,-0.00401,mission
1,21.8,2,0.192,-5.663,1.602,1,0,0,0,1,0,0,0,1,follower2,6.49,good,0.00417,mission
1,21.9,0,0.237,-5.679,1.6,1,0,0,0,1,0,0,0,1,leader,10.31,good,0.00631,mission
1,22.0,1,0.282,-5.694,1.6,1,0,0,0,1,0,0,0,1,follower1,6.79,good,0.00085,mission
1,22.1,2,0.328,-5.708,1.601,1,0,0,0,1,0,0,0,1,follower2,6.26,burst,-0.00197,mission
1,22.2,0,0.374,-5.722,1.602,1,0,0,0,1,0,0,0,1,leader,6.67,good,-0.00159,mission
1,22.3,1,0.421,-5.734,1.605,1,0,0,0,1,0,0,0,1,follower1,5.89,burst,0.00476,mission
1,22.4,2,0.467,-5.745,1.608,1,0,0,0,1,0,0,0,1,follower2,10.18,burst,-0.00223,mission
1,22.5,0,0.514,-5.756,1.613,1,0,0,0,1,0,0,0,1,leader,5.86,good,0.00155,mission
1,22.6,1,0.561,-5.766,1.618,1,0,0,0,1,0,0,0,1,follower1,7.6,good,-0.00294,mission
1,22.7,2,0.608,-5.774,1.625,1,0,0,0,1,0,0,0,1,follower2,2.22,burst,-0.00374,mission
1,22.8,0,0.656,-5.782,1.632,1,0,0,0,1,0,0,0,1,leader,1.68,burst,0.00469,mission
1,22.9,1,0.703,-5.789,1.641,1,0,0,0,1,0,0,0,1,follower1,5.76,good,-0.00095,mission
1,23.0,2,0.751,-5.795,1.65,1,0,0,0,1,0,0,0,1,follower2,4.52,good,0.00193,mission
1,23.1,0,0.799,-5.8,1.66,1,0,0,0,1,0,0,0,1,leader,5.38,burst,0.00383,mission
1,23.2,1,0.846,-5.804,1.671,1,0,0,0,1,0,0,0,1,follower1,3.89,good,-0.00321,mission
1,23.3,2,0.894,-5.807,1.683,1,0,0,0,1,0,0,0,1,follower2,5.07,good,-0.00577,mission
1,23.4,0,0.942,-5.809,1.695,1,0,0,0,1,0,0,0,1,leader,6.55,good,0.00103,mission
1,23.5,1,0.99,-5.81,1.709,1,0,0,0,1,0,0,0,1,follower1,4.1,good,0.00329,mission
1,23.6,2,1.038,-5.81,1.723,1,0,0,0,1,0,0,0,1,follower2,4.91,good,0.00056,mission
1,23.7,0,1.086,-5.809,1.737,1,0,0,0,1,0,0,0,1,leader,8.74,burst,-0.00591,mission
1,23.8,1,1.134,-5.807,1.753,1,0,0,0,1,0,0,0,1,follower1,3.35,good,0.00172,mission
1,23.9,2,1.182,-5.805,1.769,1,0,0,0,1,0,0,0,1,follower2,7.67,good,0.00449,mission
1,24.0,0,1.23,-5.801,1.785,1,0,0,0,1,0,0,0,1,leader,1.57,good,0.00157,mission
1,24.1,1,1.278,-5.796,1.803,1,0,0,0,1,0,0,0,1,follower1,2.96,good,0.00414,mission
1,24.2,2,1.325,-5.79,1.82,1,0,0,0,1,0,0,0,1,follower2,6.87,good,-0.00191,mission
1,24.3,0,1.373,-5.784,1.838,1,0,0,0,1,0,0,0,1,leader,8.7,good,0.00257,mission
1,24.4,1,1.42,-5.776,1.857,1,0,0,0,1,0,0,0,1,follower1,6.59,good,-0.00574,mission
1,24.5,2,1.468,-5.768,1.876,1,0,0,0,1,0,0,0,1,follower2,7.23,burst,-0.00341,mission
1,24.6,0,1.515,-5.758,1.895,1,0,0,0,1,0,0,0,1,leader,4.15,good,0.00231,mission
1,24.7,1,1.562,-5.748,1.914,1,0,0,0,1,0,0,0,1,follower1,4.14,burst,-0.00324,mission
1,24.8,2,1.608,-5.737,1.934,1,0,0,0,1,0,0,0,1,follower2,4.19,burst,-0.00281,mission
1,24.9,0,1.655,-5.725,1.954,1,0,0,0,1,0,0,0,1,leader,7.07,good,-0.00093,mission
1,25.0,1,1.701,-5.711,1.973,1,0,0,0,1,0,0,0,1,follower1,1.77,burst,0.0062,mission
1,25.1,2,1.747,-5.697,1.993,1,0,0,0,1,0,0,0,1,follower2,2.88,good,0.0008,mission
1,25.2,0,1.792,-5.682,2.013,1,0,0,0,1,0,0,0,1,leader,5.04,good,0.00748,mission
1,25.3,1,1.838,-5.666,2.033,1,0,0,0,1,0,0,0,1,follower1,2.65,good,-0.00239,mission
1,25.4,2,1.883,-5.65,2.053,1,0,0,0,1,0,0,0,1,follower2,4.95,good,0.00617,mission
1,25.5,0,1.927,-5.632,2.073,1,0,0,0,1,0,0,0,1,leader,4.54,good,0.00458,mission
1,25.6,1,1.971,-5.613,2.093,1,0,0,0,1,0,0,0,1,follower1,2.46,burst,0.00228,mission
1,25.7,2,2.015,-5.594,2.112,1,0,0,0,1,0,0,0,1,follower2,0.88,burst,-0.00011,mission
1,25.8,0,2.059,-5.574,2.131,1,0,0,0,1,0,0,0,1,leader,0.68,good,-0.00618,mission
1,25.9,1,2.102,-5.552,2.15,1,0,0,0,1,0,0,0,1,follower1,4.54,burst,-0.00171,mission
1,26.0,2,2.144,-5.53,2.168,1,0,0,0,1,0,0,0,1,follower2,5.69,good,0.00164,mission
1,26.1,0,2.187,-5.507,2.186,1,0,0,0,1,0,0,0,1,leader,1.79,good,-0.00206,mission
1,26.2,1,2.228,-5.484,2.203,1,0,0,0,1,0,0,0,1,follower1,3.31,good,4e-05,mission
1,26.3,2,2.27,-5.459,2.22,1,0,0,0,1,0,0,0,1,follower2,6.6,good,-0.00049,mission
1,26.4,0,2.31,-5.434,2.237,1,0,0,0,1,0,0,0,1,leader,1.89,good,-0.00025,mission
1,26.5,1,2.35,-5.407,2.253,1,0,0,0,1,0,0,0,1,follower1,0.83,good,0.00117,mission
1,26.6,2,2.39,-5.38,2.268,1,0,0,0,1,0,0,0,1,follower2,3.13,good,3e-05,mission
1,26.7,0,2.429,-5.353,2.282,1,0,0,0,1,0,0,0,1,leader,4.99,good,-0.00358,mission
1,26.8,1,2.468,-5.324,2.296,1,0,0,0,1,0,0,0,1,follower1,3.62,burst,0.00178,mission
1,26.9,2,2.506,-5.295,2.309,1,0,0,0,1,0,0,0,1,follower2,6.44,burst,0.00091,mission
1,27.0,0,2.543,-5.265,2.322,1,0,0,0,1,0,0,0,1,leader,8.81,burst,0.00404,mission
1,27.1,1,2.58,-5.234,2.333,1,0,0,0,1,0,0,0,1,follower1,4.25,good,0.00283,mission
1,27.2,2,2.616,-5.202,2.344,1,0,0,0,1,0,0,0,1,follower2,5.72,good,-0.00168,mission
1,27.3,0,2.652,-5.17,2.353,1,0,0,0,1,0,0,0,1,leader,4.87,burst,0.0003,mission
1,27.4,1,2.687,-5.137,2.362,1,0,0,0,1,0,0,0,1,follower1,1.27,good,-0.0017,mission
1,27.5,2,2.721,-5.103,2.37,1,0,0,0,1,0,0,0,1,follower2,5.25,good,0.00053,mission
1,27.6,0,2.754,-5.069,2.377,1,0,0,0,1,0,0,0,1,leader,5.68,good,-0.00163,mission
1,27.7,1,2.787,-5.034,2.384,1,0,0,0,1,0,0,0,1,follower1,0.37,good,0.00367,mission
1,27.8,2,2.819,-4.998,2.389,1,0,0,0,1,0,0,0,1,follower2,2.04,good,0.00127,mission
1,27.9,0,2.851,-4.962,2.393,1,0,0,0,1,0,0,0,1,leader,1.27,good,-0.00032,mission
1,28.0,1,2.881,-4.925,2.396,1,0,0,0,1,0,0,0,1,follower1,6.46,good,-0.0038,mission
1,28.1,2,2.911,-4.888,2.398,1,0,0,0,1,0,0,0,1,follower2,5.62,good,0.00521,mission
1,28.2,0,2.94,-4.849,2.4,1,0,0,0,1,0,0,0,1,leader,1.79,good,0.00134,mission
1,28.3,1,2.969,-4.811,2.4,1,0,0,0,1,0,0,0,1,follower1,3.94,good,0.00142,mission
1,28.4,2,2.996,-4.771,2.399,1,0,0,0,1,0,0,0,1,follower2,3.61,good,-0.003,mission
1,28.5,0,3.023,-4.732,2.397,1,0,0,0,1,0,0,0,1,leader,5.49,good,0.0023,mission
1,28.6,1,3.049,-4.691,2.395,1,0,0,0,1,0,0,0,1,follower1,3.52,good,0.00026,mission
1,28.7,2,3.075,-4.65,2.391,1,0,0,0,1,0,0,0,1,follower2,3.65,good,0.0053,mission
1,28.8,0,3.099,-4.609,2.386,1,0,0,0,1,0,0,0,1,leader,2.54,good,0.00824,mission
1,28.9,1,3.123,-4.567,2.381,1,0,0,0,1,0,0,0,1,follower1,2.31,good,-0.00708,mission
1,29.0,2,3.145,-4.525,2.374,1,0,0,0,1,0,0,0,1,follower2,0.05,burst,0.00102,mission
1,29.1,0,3.167,-4.482,2.366,1,0,0,0,1,0,0,0,1,leader,0.8,good,0.00176,mission
1,29.2,1,3.188,-4.439,2.358,1,0,0,0,1,0,0,0,1,follower1,2.54,burst,0.00473,mission
1,29.3,2,3.208,-4.396,2.349,1,0,0,0,1,0,0,0,1,follower2,2.48,good,-0.00232,mission
1,29.4,0,3.228,-4.352,2.338,1,0,0,0,1,0,0,0,1,leader,6.55,burst,0.00027,mission
1,29.5,1,3.246,-4.307,2.327,1,0,0,0,1,0,0,0,1,follower1,3.69,good,-0.0009,mission
1,29.6,2,3.263,-4.263,2.315,1,0,0,0,1,0,0,0,1,follower2,0.08,good,0.00717,mission
1,29.7,0,3.28,-4.218,2.303,1,0,0,0,1,0,0,0,1,leader,4.08,good,0.0031,mission
1,29.8,1,3.296,-4.172,2.289,1,0,0,0,1,0,0,0,1,follower1,5.37,good,-0.00246,mission
1,29.9,2,3.311,-4.127,2.275,1,0,0,0,1,0,0,0,1,follower2,4.07,good,-0.00289,mission
1,30.0,0,3.324,-4.081,2.26,1,0,0,0,1,0,0,0,1,leader,5.84,burst,0.00174,mission
1,30.1,1,3.337,-4.034,2.245,1,0,0,0,1,0,0,0,1,follower1,3.62,good,-0.00707,mission
1,30.2,2,3.349,-3.988,2.228,1,0,0,0,1,0,0,0,1,follower2,2.36,good,0.00162,mission
1,30.3,0,3.36,-3.941,2.212,1,0,0,0,1,0,0,0,1,leader,7.58,good,0.00193,mission
1,30.4,1,3.371,-3.894,2.195,1,0,0,0,1,0,0,0,1,follower1,5.05,good,-0.00388,mission
1,30.5,2,3.38,-3.847,2.177,1,0,0,0,1,0,0,0,1,follower2,1.19,good,-0.00105,mission
1,30.6,0,3.388,-3.8,2.159,1,0,0,0,1,0,0,0,1,leader,3.31,good,0.0027,mission
1,30.7,1,3.395,-3.752,2.14,1,0,0,0,1,0,0,0,1,follower1,3.0,good,0.00363,mission
1,30.8,2,3.402,-3.705,2.121,1,0,0,0,1,0,0,0,1,follower2,3.25,burst,-0.00177,mission
1,30.9,0,3.407,-3.657,2.102,1,0,0,0,1,0,0,0,1,leader,7.84,burst,-0.00778,mission
1,31.0,1,3.412,-3.609,2.083,1,0,0,0,1,0,0,0,1,follower1,7.04,burst,0.00216,mission
1,31.1,2,3.415,-3.562,2.063,1,0,0,0,1,0,0,0,1,follower2,0.36,good,0.00111,mission
1,31.2,0,3.418,-3.514,2.043,1,0,0,0,1,0,0,0,1,leader,2.79,good,-0.00147,mission
1,31.3,1,3.419,-3.466,2.023,1,0,0,0,1,0,0,0,1,follower1,4.1,good,0.00778,mission
1,31.4,2,3.42,-3.418,2.003,1,0,0,0,1,0,0,0,1,follower2,4.8,good,0.00255,mission
1,31.5,0,3.42,-3.37,1.983,1,0,0,0,1,0,0,0,1,leader,4.47,good,-6e-05,mission
1,31.6,1,3.418,-3.322,1.963,1,0,0,0,1,0,0,0,1,follower1,7.52,good,0.0002,mission
1,31.7,2,3.416,-3.274,1.943,1,0,0,0,1,0,0,0,1,follower2,5.91,good,-0.00088,mission
1,31.8,0,3.413,-3.226,1.924,1,0,0,0,1,0,0,0,1,leader,5.25,good,-0.00469,mission
1,31.9,1,3.409,-3.178,1.904,1,0,0,0,1,0,0,0,1,follower1,4.93,good,0.00326,mission
1,32.0,2,3.404,-3.13,1.885,1,0,0,0,1,0,0,0,1,follower2,4.03,good,0.00237,mission
1,32.1,0,3.398,-3.083,1.866,1,0,0,0,1,0,0,0,1,leader,5.63,good,-0.00924,mission
1,32.2,1,3.391,-3.035,1.847,1,0,0,0,1,0,0,0,1,follower1,3.33,good,-0.00345,mission
1,32.3,2,3.383,-2.988,1.829,1,0,0,0,1,0,0,0,1,follower2,6.18,good,-0.00636,mission
1,32.4,0,3.374,-2.941,1.811,1,0,0,0,1,0,0,0,1,leader,3.8,good,0.00061,mission
1,32.5,1,3.364,-2.894,1.794,1,0,0,0,1,0,0,0,1,follower1,3.1,good,0.0032,mission
1,32.6,2,3.353,-2.847,1.777,1,0,0,0,1,0,0,0,1,follower2,4.49,good,0.0001,mission
1,32.7,0,3.341,-2.8,1.76,1,0,0,0,1,0,0,0,1,leader,5.47,burst,-0.00353,mission
1,32.8,1,3.329,-2.754,1.745,1,0,0,0,1,0,0,0,1,follower1,8.02,good,0.00439,mission
1,32.9,2,3.315,-2.708,1.73,1,0,0,0,1,0,0,0,1,follower2,1.94,burst,-0.00662,mission
1,33.0,0,3.301,-2.662,1.715,1,0,0,0,1,0,0,0,1,leader,5.08,good,0.00201,mission
1,33.1,1,3.285,-2.617,1.702,1,0,0,0,1,0,0,0,1,follower1,7.76,good,0.00379,mission
1,33.2,2,3.269,-2.572,1.689,1,0,0,0,1,0,0,0,1,follower2,1.42,good,0.00357,mission
1,33.3,0,3.252,-2.527,1.676,1,0,0,0,1,0,0,0,1,leader,3.95,good,0.00284,mission
1,33.4,1,3.234,-2.482,1.665,1,0,0,0,1,0,0,0,1,follower1,6.26,good,0.00246,mission
1,33.5,2,3.215,-2.438,1.655,1,0,0,0,1,0,0,0,1,follower2,6.02,good,-0.00522,mission
1,33.6,0,3.195,-2.395,1.645,1,0,0,0,1,0,0,0,1,leader,6.44,good,-0.00115,mission
1,33.7,1,3.174,-2.351,1.636,1,0,0,0,1,0,0,0,1,follower1,4.41,good,-0.00836,mission
1,33.8,2,3.152,-2.309,1.628,1,0,0,0,1,0,0,0,1,follower2,3.86,good,0.00145,mission
1,33.9,0,3.13,-2.266,1.621,1,0,0,0,1,0,0,0,1,leader,5.52,burst,0.00483,mission
1,34.0,1,3.107,-2.224,1.615,1,0,0,0,1,0,0,0,1,follower1,5.67,good,0.00347,mission
1,34.1,2,3.082,-2.183,1.61,1,0,0,0,1,0,0,0,1,follower2,3.73,good,0.00255,mission
1,34.2,0,3.057,-2.142,1.606,1,0,0,0,1,0,0,0,1,leader,0.4,good,-0.00309,mission
1,34.3,1,3.032,-2.101,1.603,1,0,0,0,1,0,0,0,1,follower1,4.5,good,0.00428,mission
1,34.4,2,3.005,-2.061,1.601,1,0,0,0,1,0,0,0,1,follower2,5.88,good,0.00075,mission
1,34.5,0,2.978,-2.022,1.6,1,0,0,0,1,0,0,0,1,leader,2.32,good,-0.00462,mission
1,34.6,1,2.95,-1.983,1.6,1,0,0,0,1,0,0,0,1,follower1,4.95,good,-0.00281,mission
1,34.7,2,2.921,-1.945,1.601,1,0,0,0,1,0,0,0,1,follower2,8.58,good,0.00282,mission
1,34.8,0,2.891,-1.907,1.603,1,0,0,0,1,0,0,0,1,leader,3.72,good,0.00463,mission
1,34.9,1,2.861,-1.87,1.606,1,0,0,0,1,0,0,0,1,follower1,3.54,good,0.00052,mission
1,35.0,2,2.829,-1.833,1.61,1,0,0,0,1,0,0,0,1,follower2,4.49,good,-0.0068,mission
1,35.1,0,2.797,-1.797,1.615,1,0,0,0,1,0,0,0,1,leader,5.86,good,-0.00385,mission
1,35.2,1,2.765,-1.762,1.62,1,0,0,0,1,0,0,0,1,follower1,0.52,good,-0.00546,mission
1,35.3,2,2.732,-1.728,1.627,1,0,0,0,1,0,0,0,1,follower2,6.8,good,-0.00192,mission
1,35.4,0,2.698,-1.694,1.635,1,0,0,0,1,0,0,0,1,leader,3.42,good,-0.00506,mission
1,35.5,1,2.663,-1.66,1.644,1,0,0,0,1,0,0,0,1,follower1,2.05,burst,0.00047,mission
1,35.6,2,2.628,-1.628,1.653,1,0,0,0,1,0,0,0,1,follower2,2.59,good,0.00509,mission
1,35.7,0,2.592,-1.596,1.664,1,0,0,0,1,0,0,0,1,leader,2.35,burst,-0.00721,mission
1,35.8,1,2.555,-1.565,1.675,1,0,0,0,1,0,0,0,1,follower1,3.7,good,0.00543,mission
1,35.9,2,2.518,-1.535,1.687,1,0,0,0,1,0,0,0,1,follower2,3.83,good,-0.01356,mission
1,36.0,0,2.48,-1.505,1.7,1,0,0,0,1,0,0,0,1,leader,4.72,good,-0.00799,mission
1,36.1,1,2.442,-1.476,1.713,1,0,0,0,1,0,0,0,1,follower1,2.17,good,-0.00087,mission
1,36.2,2,2.403,-1.448,1.727,1,0,0,0,1,0,0,0,1,follower2,8.74,good,0.001,mission
1,36.3,0,2.363,-1.421,1.742,1,0,0,0,1,0,0,0,1,leader,4.34,good,0.01294,mission
1,36.4,1,2.323,-1.395,1.758,1,0,0,0,1,0,0,0,1,follower1,2.76,good,-0.00691,mission
1,36.5,2,2.283,-1.369,1.774,1,0,0,0,1,0,0,0,1,follower2,4.76,good,0.00445,mission
1,36.6,0,2.242,-1.344,1.791,1,0,0,0,1,0,0,0,1,leader,4.67,good,0.00421,mission
1,36.7,1,2.2,-1.32,1.808,1,0,0,0,1,0,0,0,1,follower1,2.04,good,0.00023,mission
1,36.8,2,2.158,-1.297,1.826,1,0,0,0,1,0,0,0,1,follower2,3.57,burst,0.00325,mission
1,36.9,0,2.115,-1.275,1.844,1,0,0,0,1,0,0,0,1,leader,2.86,good,-0.00297,mission
1,37.0,1,2.073,-1.253,1.863,1,0,0,0,1,0,0,0,1,follower1,1.25,good,0.00419,mission
1,37.1,2,2.029,-1.232,1.882,1,0,0,0,1,0,0,0,1,follower2,0.78,burst,0.00593,mission
1,37.2,0,1.985,-1.213,1.901,1,0,0,0,1,0,0,0,1,leader,1.23,good,-0.00077,mission
1,37.3,1,1.941,-1.194,1.921,1,0,0,0,1,0,0,0,1,follower1,4.07,good,-0.00062,mission
1,37.4,2,1.897,-1.176,1.94,1,0,0,0,1,0,0,0,1,follower2,6.91,good,0.00155,mission
1,37.5,0,1.852,-1.159,1.96,1,0,0,0,1,0,0,0,1,leader,4.35,good,0.00267,mission
1,37.6,1,1.807,-1.143,1.98,1,0,0,0,1,0,0,0,1,follower1,4.32,burst,0.00035,mission
1,37.7,2,1.761,-1.127,2.0,1,0,0,0,1,0,0,0,1,follower2,5.86,good,-0.00115,mission
1,37.8,0,1.715,-1.113,2.02,1,0,0,0,1,0,0,0,1,leader,2.58,burst,0.00282,mission
1,37.9,1,1.669,-1.1,2.04,1,0,0,0,1,0,0,0,1,follower1,4.52,good,0.00488,mission
1,38.0,2,1.623,-1.087,2.06,1,0,0,0,1,0,0,0,1,follower2,4.57,good,0.00139,mission
1,38.1,0,1.576,-1.075,2.08,1,0,0,0,1,0,0,0,1,leader,4.4,good,0.00102,mission
1,38.2,1,1.53,-1.065,2.099,1,0,0,0,1,0,0,0,1,follower1,3.9,good,-0.00245,mission
1,38.3,2,1.483,-1.055,2.118,1,0,0,0,1,0,0,0,1,follower2,7.23,good,0.00115,mission
1,38.4,0,1.435,-1.046,2.137,1,0,0,0,1,0,0,0,1,leader,2.52,good,-0.00596,mission
1,38.5,1,1.388,-1.038,2.156,1,0,0,0,1,0,0,0,1,follower1,5.78,good,-0.00386,mission
1,38.6,2,1.341,-1.032,2.174,1,0,0,0,1,0,0,0,1,follower2,4.94,good,0.00543,mission
1,38.7,0,1.293,-1.026,2.192,1,0,0,0,1,0,0,0,1,leader,4.9,good,0.00307,mission
1,38.8,1,1.245,-1.021,2.209,1,0,0,0,1,0,0,0,1,follower1,3.52,good,-0.00133,mission
1,38.9,2,1.197,-1.017,2.226,1,0,0,0,1,0,0,0,1,follower2,2.69,good,-0.00653,mission
1,39.0,0,1.149,-1.013,2.242,1,0,0,0,1,0,0,0,1,leader,3.0,good,-0.00267,mission
1,39.1,1,1.102,-1.011,2.258,1,0,0,0,1,0,0,0,1,follower1,2.5,good,2e-05,mission
1,39.2,2,1.054,-1.01,2.273,1,0,0,0,1,0,0,0,1,follower2,7.56,burst,-0.00689,mission
1,39.3,0,1.006,-1.01,2.287,1,0,0,0,1,0,0,0,1,leader,8.06,good,-0.00157,mission
1,39.4,1,0.958,-1.011,2.301,1,0,0,0,1,0,0,0,1,follower1,4.32,good,-0.00326,mission
1,39.5,2,0.91,-1.013,2.313,1,0,0,0,1,0,0,0,1,follower2,2.46,good,0.00699,mission
1,39.6,0,0.862,-1.015,2.325,1,0,0,0,1,0,0,0,1,leader,8.0,good,-0.00229,mission
1,39.7,1,0.814,-1.019,2.337,1,0,0,0,1,0,0,0,1,follower1,6.59,good,-0.00508,mission
1,39.8,2,0.766,-1.023,2.347,1,0,0,0,1,0,0,0,1,follower2,4.01,burst,0.00463,mission
1,39.9,0,0.718,-1.029,2.357,1,0,0,0,1,0,0,0,1,leader,5.09,good,-0.00367,mission
1,40.0,1,0.671,-1.036,2.365,1,0,0,0,1,0,0,0,1,follower1,9.76,good,0.00595,mission
1,40.1,2,0.623,-1.043,2.373,1,0,0,0,1,0,0,0,1,follower2,5.33,burst,0.00386,mission
1,40.2,0,0.576,-1.051,2.38,1,0,0,0,1,0,0,0,1,leader,1.03,burst,0.00105,mission
1,40.3,1,0.529,-1.061,2.385,1,0,0,0,1,0,0,0,1,follower1,5.58,good,-0.00489,mission
1,40.4,2,0.482,-1.071,2.39,1,0,0,0,1,0,0,0,1,follower2,3.56,good,-0.00312,mission
1,40.5,0,0.435,-1.082,2.394,1,0,0,0,1,0,0,0,1,leader,3.43,good,-0.00127,mission
1,40.6,1,0.389,-1.094,2.397,1,0,0,0,1,0,0,0,1,follower1,6.04,good,0.00366,mission
1,40.7,2,0.343,-1.108,2.399,1,0,0,0,1,0,0,0,1,follower2,4.49,burst,-0.00141,mission
1,40.8,0,0.297,-1.122,2.4,1,0,0,0,1,0,0,0,1,leader,5.29,burst,-0.00015,mission
1,40.9,1,0.251,-1.136,2.4,1,0,0,0,1,0,0,0,1,follower1,5.32,burst,-0.00066,mission
1,41.0,2,0.206,-1.152,2.399,1,0,0,0,1,0,0,0,1,follower2,2.94,good,-0.004,mission
1,41.1,0,0.161,-1.169,2.397,1,0,0,0,1,0,0,0,1,leader,1.52,good,0.00349,mission
1,41.2,1,0.116,-1.187,2.394,1,0,0,0,1,0,0,0,1,follower1,1.7,burst,-0.00062,mission
1,41.3,2,0.072,-1.205,2.389,1,0,0,0,1,0,0,0,1,follower2,1.63,burst,-2e-05,mission
1,41.4,0,0.028,-1.225,2.384,1,0,0,0,1,0,0,0,1,leader,2.69,good,0.00311,mission
1,41.5,1,-0.015,-1.245,2.378,1,0,0,0,1,0,0,0,1,follower1,6.66,good,-0.00306,mission
1,41.6,2,-0.058,-1.266,2.372,1,0,0,0,1,0,0,0,1,follower2,5.83,burst,0.00268,mission
1,41.7,0,-0.101,-1.288,2.364,1,0,0,0,1,0,0,0,1,leader,4.73,good,0.00253,mission
1,41.8,1,-0.143,-1.311,2.355,1,0,0,0,1,0,0,0,1,follower1,4.54,good,0.00126,mission
1,41.9,2,-0.185,-1.334,2.345,1,0,0,0,1,0,0,0,1,follower2,5.04,good,-0.00238,mission
1,42.0,0,-0.226,-1.359,2.335,1,0,0,0,1,0,0,0,1,leader,6.62,burst,0.00182,mission
1,42.1,1,-0.267,-1.384,2.323,1,0,0,0,1,0,0,0,1,follower1,5.96,burst,-0.00286,mission
1,42.2,2,-0.307,-1.41,2.311,1,0,0,0,1,0,0,0,1,follower2,5.06,good,-0.00484,mission
1,42.3,0,-0.347,-1.437,2.298,1,0,0,0,1,0,0,0,1,leader,3.59,good,0.00379,mission
1,42.4,1,-0.386,-1.465,2.284,1,0,0,0,1,0,0,0,1,follower1,2.66,good,0.00069,mission
1,42.5,2,-0.425,-1.494,2.27,1,0,0,0,1,0,0,0,1,follower2,6.26,good,0.00332,mission
1,42.6,0,-0.463,-1.523,2.255,1,0,0,0,1,0,0,0,1,leader,1.7,good,0.00019,mission
1,42.7,1,-0.5,-1.553,2.239,1,0,0,0,1,0,0,0,1,follower1,6.1,good,0.00459,mission
1,42.8,2,-0.537,-1.584,2.223,1,0,0,0,1,0,0,0,1,follower2,3.1,burst,0.00375,mission
1,42.9,0,-0.573,-1.615,2.206,1,0,0,0,1,0,0,0,1,leader,5.47,good,0.00158,mission
1,43.0,1,-0.609,-1.647,2.189,1,0,0,0,1,0,0,0,1,follower1,3.16,good,-0.00076,mission
1,43.1,2,-0.644,-1.68,2.171,1,0,0,0,1,0,0,0,1,follower2,6.72,burst,0.00532,mission
1,43.2,0,-0.678,-1.714,2.153,1,0,0,0,1,0,0,0,1,leader,6.44,good,-0.00019,mission
1,43.3,1,-0.712,-1.748,2.134,1,0,0,0,1,0,0,0,1,follower1,3.3,good,-0.00031,mission
1,43.4,2,-0.745,-1.783,2.115,1,0,0,0,1,0,0,0,1,follower2,8.62,burst,-0.00226,mission
1,43.5,0,-0.777,-1.819,2.096,1,0,0,0,1,0,0,0,1,leader,7.34,good,-0.00123,mission
1,43.6,1,-0.808,-1.855,2.076,1,0,0,0,1,0,0,0,1,follower1,4.19,good,-0.0003,mission
1,43.7,2,-0.839,-1.892,2.056,1,0,0,0,1,0,0,0,1,follower2,5.78,good,2e-05,mission
1,43.8,0,-0.869,-1.929,2.036,1,0,0,0,1,0,0,0,1,leader,2.98,burst,0.00372,mission
1,43.9,1,-0.898,-1.968,2.016,1,0,0,0,1,0,0,0,1,follower1,6.29,good,-0.00325,mission
1,44.0,2,-0.927,-2.006,1.996,1,0,0,0,1,0,0,0,1,follower2,5.69,burst,-0.00275,mission
1,44.1,0,-0.954,-2.045,1.976,1,0,0,0,1,0,0,0,1,leader,2.32,good,-0.00366,mission
1,44.2,1,-0.981,-2.085,1.957,1,0,0,0,1,0,0,0,1,follower1,5.41,burst,0.00254,mission
1,44.3,2,-1.007,-2.125,1.937,1,0,0,0,1,0,0,0,1,follower2,6.82,good,-0.00369,mission
1,44.4,0,-1.033,-2.166,1.917,1,0,0,0,1,0,0,0,1,leader,5.69,burst,0.00224,mission
1,44.5,1,-1.057,-2.208,1.898,1,0,0,0,1,0,0,0,1,follower1,4.92,good,0.00159,mission
1,44.6,2,-1.081,-2.249,1.878,1,0,0,0,1,0,0,0,1,follower2,0.58,good,0.00383,mission
1,44.7,0,-1.103,-2.292,1.86,1,0,0,0,1,0,0,0,1,leader,4.02,good,-0.00692,mission
1,44.8,1,-1.125,-2.334,1.841,1,0,0,0,1,0,0,0,1,follower1,4.17,good,-0.00706,mission
1,44.9,2,-1.146,-2.377,1.823,1,0,0,0,1,0,0,0,1,follower2,1.66,good,0.00288,mission
1,45.0,0,-1.167,-2.421,1.805,1,0,0,0,1,0,0,0,1,leader,2.82,good,-0.0029,mission
1,45.1,1,-1.186,-2.465,1.788,1,0,0,0,1,0,0,0,1,follower1,5.68,good,-0.00022,mission
1,45.2,2,-1.205,-2.509,1.771,1,0,0,0,1,0,0,0,1,follower2,4.79,good,-0.00036,mission
1,45.3,0,-1.222,-2.554,1.755,1,0,0,0,1,0,0,0,1,leader,5.18,burst,-0.0027,mission
1,45.4,1,-1.239,-2.599,1.74,1,0,0,0,1,0,0,0,1,follower1,0.34,good,-0.00125,mission
1,45.5,2,-1.255,-2.644,1.725,1,0,0,0,1,0,0,0,1,follower2,7.0,burst,-0.00077,mission
1,45.6,0,-1.269,-2.69,1.711,1,0,0,0,1,0,0,0,1,leader,3.01,good,-0.00394,mission
1,45.7,1,-1.283,-2.736,1.697,1,0,0,0,1,0,0,0,1,follower1,9.3,burst,-0.00414,mission
1,45.8,2,-1.296,-2.782,1.684,1,0,0,0,1,0,0,0,1,follower2,3.57,burst,-0.00127,mission
1,45.9,0,-1.308,-2.828,1.673,1,0,0,0,1,0,0,0,1,leader,4.71,good,-0.00418,mission
1,46.0,1,-1.32,-2.875,1.662,1,0,0,0,1,0,0,0,1,follower1,7.0,burst,-0.00868,mission
1,46.1,2,-1.33,-2.922,1.651,1,0,0,0,1,0,0,0,1,follower2,2.41,good,-0.00427,mission
1,46.2,0,-1.339,-2.969,1.642,1,0,0,0,1,0,0,0,1,leader,5.15,good,0.0059,mission
1,46.3,1,-1.347,-3.016,1.633,1,0,0,0,1,0,0,0,1,follower1,4.25,burst,0.00168,mission
1,46.4,2,-1.355,-3.064,1.626,1,0,0,0,1,0,0,0,1,follower2,3.1,good,-0.00202,mission
1,46.5,0,-1.361,-3.111,1.619,1,0,0,0,1,0,0,0,1,leader,7.2,good,0.00188,mission
1,46.6,1,-1.367,-3.159,1.614,1,0,0,0,1,0,0,0,1,follower1,6.41,good,0.00676,mission
1,46.7,2,-1.371,-3.207,1.609,1,0,0,0,1,0,0,0,1,follower2,5.03,good,-0.00173,mission
1,46.8,0,-1.375,-3.255,1.605,1,0,0,0,1,0,0,0,1,leader,3.26,good,0.00332,mission
1,46.9,1,-1.378,-3.303,1.603,1,0,0,0,1,0,0,0,1,follower1,3.71,good,0.00581,mission
1,47.0,2,-1.379,-3.351,1.601,1,0,0,0,1,0,0,0,1,follower2,2.61,good,-0.00474,mission
1,47.1,0,-1.38,-3.399,1.6,1,0,0,0,1,0,0,0,1,leader,5.13,good,0.00032,mission
1,47.2,1,-1.38,-3.447,1.6,1,0,0,0,1,0,0,0,1,follower1,8.09,burst,0.00097,mission
1,47.3,2,-1.379,-3.495,1.602,1,0,0,0,1,0,0,0,1,follower2,4.38,good,-0.00101,mission
1,47.4,0,-1.376,-3.542,1.604,1,0,0,0,1,0,0,0,1,leader,5.51,burst,-0.00605,mission
1,47.5,1,-1.373,-3.59,1.607,1,0,0,0,1,0,0,0,1,follower1,7.35,good,-0.00519,mission
1,47.6,2,-1.369,-3.638,1.611,1,0,0,0,1,0,0,0,1,follower2,5.54,good,-0.00065,mission
1,47.7,0,-1.364,-3.686,1.616,1,0,0,0,1,0,0,0,1,leader,5.45,good,0.00142,mission
1,47.8,1,-1.358,-3.734,1.623,1,0,0,0,1,0,0,0,1,follower1,1.91,good,-0.00508,mission
1,47.9,2,-1.351,-3.781,1.63,1,0,0,0,1,0,0,0,1,follower2,4.8,good,-0.00152,mission
1,48.0,0,-1.343,-3.828,1.638,1,0,0,0,1,0,0,0,1,leader,2.85,good,2e-05,mission
1,48.1,1,-1.334,-3.876,1.647,1,0,0,0,1,0,0,0,1,follower1,4.0,good,-0.003,mission
1,48.2,2,-1.325,-3.923,1.657,1,0,0,0,1,0,0,0,1,follower2,4.25,burst,0.00228,mission
1,48.3,0,-1.314,-3.969,1.667,1,0,0,0,1,0,0,0,1,leader,6.71,good,-0.00031,mission
1,48.4,1,-1.302,-4.016,1.679,1,0,0,0,1,0,0,0,1,follower1,6.36,good,0.0047,mission
1,48.5,2,-1.29,-4.062,1.691,1,0,0,0,1,0,0,0,1,follower2,1.72,burst,0.00433,mission
1,48.6,0,-1.276,-4.108,1.704,1,0,0,0,1,0,0,0,1,leader,4.46,good,0.00038,mission
1,48.7,1,-1.262,-4.154,1.718,1,0,0,0,1,0,0,0,1,follower1,6.71,good,0.00511,mission
1,48.8,2,-1.246,-4.2,1.732,1,0,0,0,1,0,0,0,1,follower2,3.22,good,0.00253,mission
1,48.9,0,-1.23,-4.245,1.748,1,0,0,0,1,0,0,0,1,leader,4.66,good,5e-05,mission
1,49.0,1,-1.213,-4.29,1.763,1,0,0,0,1,0,0,0,1,follower1,2.16,good,-0.00152,mission
1,49.1,2,-1.195,-4.334,1.78,1,0,0,0,1,0,0,0,1,follower2,6.77,good,-0.0109,mission
1,49.2,0,-1.176,-4.378,1.797,1,0,0,0,1,0,0,0,1,leader,5.02,good,-0.00025,mission
1,49.3,1,-1.156,-4.422,1.814,1,0,0,0,1,0,0,0,1,follower1,4.8,burst,0.00242,mission
1,49.4,2,-1.136,-4.465,1.832,1,0,0,0,1,0,0,0,1,follower2,8.67,good,0.00253,mission
1,49.5,0,-1.114,-4.508,1.851,1,0,0,0,1,0,0,0,1,leader,4.81,good,-0.00662,mission
1,49.6,1,-1.092,-4.551,1.869,1,0,0,0,1,0,0,0,1,follower1,5.42,good,0.00055,mission
1,49.7,2,-1.068,-4.593,1.888,1,0,0,0,1,0,0,0,1,follower2,4.04,good,-0.00614,mission
1,49.8,0,-1.044,-4.634,1.908,1,0,0,0,1,0,0,0,1,leader,6.6,good,0.00104,mission
1,49.9,1,-1.019,-4.675,1.927,1,0,0,0,1,0,0,0,1,follower1,3.95,burst,-0.00676,mission
1,50.0,2,-0.994,-4.716,1.947,1,0,0,0,1,0,0,0,1,follower2,2.45,good,0.00016,mission
1,50.1,0,-0.967,-4.756,1.967,1,0,0,0,1,0,0,0,1,leader,1.58,good,0.00172,mission
1,50.2,1,-0.94,-4.795,1.987,1,0,0,0,1,0,0,0,1,follower1,4.44,burst,0.00096,mission
1,50.3,2,-0.912,-4.834,2.007,1,0,0,0,1,0,0,0,1,follower2,3.71,good,0.0089,mission
1,50.4,0,-0.883,-4.872,2.027,1,0,0,0,1,0,0,0,1,leader,6.64,good,-0.008,mission
1,50.5,1,-0.853,-4.91,2.047,1,0,0,0,1,0,0,0,1,follower1,4.84,good,0.00074,mission
1,50.6,2,-0.823,-4.947,2.067,1,0,0,0,1,0,0,0,1,follower2,2.8,burst,-0.00018,mission
1,50.7,0,-0.792,-4.984,2.086,1,0,0,0,1,0,0,0,1,leader,5.6,good,-0.00096,mission
1,50.8,1,-0.76,-5.02,2.106,1,0,0,0,1,0,0,0,1,follower1,6.35,good,0.00357,mission
1,50.9,2,-0.727,-5.055,2.125,1,0,0,0,1,0,0,0,1,follower2,6.09,good,-0.00151,mission
1,51.0,0,-0.694,-5.09,2.144,1,0,0,0,1,0,0,0,1,leader,5.35,good,0.00469,mission
1,51.1,1,-0.66,-5.124,2.162,1,0,0,0,1,0,0,0,1,follower1,2.16,good,-0.0027,mission
1,51.2,2,-0.626,-5.157,2.18,1,0,0,0,1,0,0,0,1,follower2,4.93,burst,-0.00144,mission
1,51.3,0,-0.59,-5.189,2.198,1,0,0,0,1,0,0,0,1,leader,4.11,burst,-0.00046,mission
1,51.4,1,-0.555,-5.221,2.215,1,0,0,0,1,0,0,0,1,follower1,4.34,good,0.00508,mission
1,51.5,2,-0.518,-5.252,2.232,1,0,0,0,1,0,0,0,1,follower2,6.05,burst,0.00044,mission
1,51.6,0,-0.481,-5.283,2.248,1,0,0,0,1,0,0,0,1,leader,3.55,good,0.00659,mission
1,51.7,1,-0.443,-5.312,2.263,1,0,0,0,1,0,0,0,1,follower1,4.05,good,0.00891,mission
1,51.8,2,-0.405,-5.341,2.278,1,0,0,0,1,0,0,0,1,follower2,4.02,burst,8e-05,mission
1,51.9,0,-0.366,-5.369,2.292,1,0,0,0,1,0,0,0,1,leader,3.74,burst,-0.00273,mission
1,52.0,1,-0.326,-5.397,2.305,1,0,0,0,1,0,0,0,1,follower1,1.03,good,-0.00712,mission
1,52.1,2,-0.286,-5.423,2.318,1,0,0,0,1,0,0,0,1,follower2,2.67,good,-0.00698,mission
1,52.2,0,-0.246,-5.449,2.329,1,0,0,0,1,0,0,0,1,leader,0.36,good,0.00057,mission
1,52.3,1,-0.205,-5.474,2.34,1,0,0,0,1,0,0,0,1,follower1,5.73,good,-0.00466,mission
1,52.4,2,-0.163,-5.498,2.35,1,0,0,0,1,0,0,0,1,follower2,7.15,good,-0.00287,mission
1,52.5,0,-0.121,-5.521,2.36,1,0,0,0,1,0,0,0,1,leader,3.38,burst,0.00507,mission
1,52.6,1,-0.079,-5.544,2.368,1,0,0,0,1,0,0,0,1,follower1,5.11,good,0.00992,mission
1,52.7,2,-0.036,-5.565,2.375,1,0,0,0,1,0,0,0,1,follower2,2.6,good,0.00473,mission
1,52.8,0,0.007,-5.586,2.382,1,0,0,0,1,0,0,0,1,leader,2.32,good,0.00133,mission
1,52.9,1,0.051,-5.606,2.387,1,0,0,0,1,0,0,0,1,follower1,6.83,burst,-0.00357,mission
1,53.0,2,0.095,-5.625,2.392,1,0,0,0,1,0,0,0,1,follower2,1.65,good,0.00104,mission
1,53.1,0,0.14,-5.643,2.395,1,0,0,0,1,0,0,0,1,leader,4.43,good,0.00912,mission
1,53.2,1,0.184,-5.66,2.398,1,0,0,0,1,0,0,0,1,follower1,4.38,good,-0.00354,mission
1,53.3,2,0.23,-5.676,2.399,1,0,0,0,1,0,0,0,1,follower2,4.11,good,0.002,mission
1,53.4,0,0.275,-5.691,2.4,1,0,0,0,1,0,0,0,1,leader,3.23,good,-0.00119,mission
1,53.5,1,0.321,-5.706,2.4,1,0,0,0,1,0,0,0,1,follower1,3.65,good,-0.00105,mission
1,53.6,2,0.367,-5.719,2.398,1,0,0,0,1,0,0,0,1,follower2,5.22,good,0.00195,mission
1,53.7,0,0.413,-5.732,2.396,1,0,0,0,1,0,0,0,1,leader,5.78,good,0.00274,mission
1,53.8,1,0.46,-5.744,2.392,1,0,0,0,1,0,0,0,1,follower1,6.29,burst,-0.00262,mission
1,53.9,2,0.507,-5.754,2.388,1,0,0,0,1,0,0,0,1,follower2,1.68,good,0.00042,mission
1,54.0,0,0.554,-5.764,2.383,1,0,0,0,1,0,0,0,1,leader,9.22,good,-0.00104,mission
1,54.1,1,0.601,-5.773,2.376,1,0,0,0,1,0,0,0,1,follower1,2.59,good,-0.00687,mission
1,54.2,2,0.648,-5.781,2.369,1,0,0,0,1,0,0,0,1,follower2,0.11,good,0.00212,mission
1,54.3,0,0.696,-5.788,2.361,1,0,0,0,1,0,0,0,1,leader,4.46,good,-0.00452,mission
1,54.4,1,0.743,-5.794,2.352,1,0,0,0,1,0,0,0,1,follower1,1.95,good,0.00608,mission
1,54.5,2,0.791,-5.799,2.342,1,0,0,0,1,0,0,0,1,follower2,6.91,good,-0.00705,mission
1,54.6,0,0.839,-5.803,2.331,1,0,0,0,1,0,0,0,1,leader,1.87,good,0.00304,mission
1,54.7,1,0.887,-5.806,2.319,1,0,0,0,1,0,0,0,1,follower1,1.5,burst,0.00192,mission
1,54.8,2,0.935,-5.808,2.307,1,0,0,0,1,0,0,0,1,follower2,5.06,good,0.00208,mission
1,54.9,0,0.983,-5.81,2.294,1,0,0,0,1,0,0,0,1,leader,6.48,good,-0.0003,mission
1,55.0,1,1.031,-5.81,2.28,1,0,0,0,1,0,0,0,1,follower1,5.07,good,-0.00369,mission
1,55.1,2,1.079,-5.809,2.265,1,0,0,0,1,0,0,0,1,follower2,0.04,good,-0.0006,mission
1,55.2,0,1.127,-5.808,2.25,1,0,0,0,1,0,0,0,1,leader,2.94,burst,-0.00332,mission
1,55.3,1,1.175,-5.805,2.234,1,0,0,0,1,0,0,0,1,follower1,5.61,good,0.0028,mission
1,55.4,2,1.222,-5.801,2.217,1,0,0,0,1,0,0,0,1,follower2,2.7,good,-0.00327,mission
1,55.5,0,1.27,-5.797,2.2,1,0,0,0,1,0,0,0,1,leader,3.18,burst,-0.0003,mission
1,55.6,1,1.318,-5.791,2.183,1,0,0,0,1,0,0,0,1,follower1,4.2,burst,-0.00023,mission
1,55.7,2,1.365,-5.785,2.165,1,0,0,0,1,0,0,0,1,follower2,7.72,good,-0.00216,mission
1,55.8,0,1.413,-5.778,2.146,1,0,0,0,1,0,0,0,1,leader,1.78,good,0.005,mission
1,55.9,1,1.46,-5.769,2.127,1,0,0,0,1,0,0,0,1,follower1,4.67,good,-0.00027,mission
1,56.0,2,1.507,-5.76,2.108,1,0,0,0,1,0,0,0,1,follower2,0.82,good,0.00137,mission
1,56.1,0,1.554,-5.75,2.089,1,0,0,0,1,0,0,0,1,leader,4.73,good,-0.00121,mission
1,56.2,1,1.601,-5.739,2.069,1,0,0,0,1,0,0,0,1,follower1,5.18,burst,-0.00722,mission
1,56.3,2,1.647,-5.727,2.05,1,0,0,0,1,0,0,0,1,follower2,6.6,good,0.00619,mission
1,56.4,0,1.693,-5.714,2.03,1,0,0,0,1,0,0,0,1,leader,4.91,good,0.00232,mission
1,56.5,1,1.739,-5.7,2.01,1,0,0,0,1,0,0,0,1,follower1,0.85,good,-0.00899,mission
1,56.6,2,1.785,-5.685,1.99,1,0,0,0,1,0,0,0,1,follower2,3.58,good,0.00124,mission
1,56.7,0,1.83,-5.669,1.97,1,0,0,0,1,0,0,0,1,leader,5.28,burst,-0.00729,mission
1,56.8,1,1.875,-5.652,1.95,1,0,0,0,1,0,0,0,1,follower1,1.91,burst,0.00428,mission
1,56.9,2,1.92,-5.635,1.93,1,0,0,0,1,0,0,0,1,follower2,1.02,good,0.001,mission
1,57.0,0,1.964,-5.616,1.91,1,0,0,0,1,0,0,0,1,leader,3.52,good,-0.00097,mission
1,57.1,1,2.008,-5.597,1.891,1,0,0,0,1,0,0,0,1,follower1,2.59,good,-0.00368,mission
1,57.2,2,2.052,-5.577,1.872,1,0,0,0,1,0,0,0,1,follower2,2.68,burst,0.00075,mission
1,57.3,0,2.095,-5.556,1.853,1,0,0,0,1,0,0,0,1,leader,8.68,good,-0.0051,mission
1,57.4,1,2.138,-5.534,1.835,1,0,0,0,1,0,0,0,1,follower1,0.02,good,-0.00638,mission
1,57.5,2,2.18,-5.511,1.817,1,0,0,0,1,0,0,0,1,follower2,3.18,good,0.00347,mission
1,57.6,0,2.222,-5.487,1.799,1,0,0,0,1,0,0,0,1,leader,4.02,good,-0.00223,mission
1,57.7,1,2.263,-5.463,1.782,1,0,0,0,1,0,0,0,1,follower1,0.62,good,0.00358,mission
1,57.8,2,2.304,-5.438,1.766,1,0,0,0,1,0,0,0,1,follower2,3.01,burst,-0.00075,mission
1,57.9,0,2.344,-5.412,1.75,1,0,0,0,1,0,0,0,1,leader,0.97,good,-0.00158,mission
1,58.0,1,2.384,-5.385,1.735,1,0,0,0,1,0,0,0,1,follower1,4.13,good,0.00105,mission
1,58.1,2,2.423,-5.357,1.72,1,0,0,0,1,0,0,0,1,follower2,4.83,good,0.00103,mission
1,58.2,0,2.462,-5.329,1.706,1,0,0,0,1,0,0,0,1,leader,2.24,good,0.00139,mission
1,58.3,1,2.5,-5.299,1.693,1,0,0,0,1,0,0,0,1,follower1,6.76,good,-0.00238,mission
1,58.4,2,2.537,-5.269,1.68,1,0,0,0,1,0,0,0,1,follower2,1.14,good,-0.00543,mission
1,58.5,0,2.574,-5.239,1.669,1,0,0,0,1,0,0,0,1,leader,5.9,good,-0.00144,mission
1,58.6,1,2.61,-5.207,1.658,1,0,0,0,1,0,0,0,1,follower1,1.18,good,0.00638,mission
1,58.7,2,2.646,-5.175,1.648,1,0,0,0,1,0,0,0,1,follower2,4.02,good,-0.00547,mission
1,58.8,0,2.681,-5.142,1.639,1,0,0,0,1,0,0,0,1,leader,5.7,burst,0.00698,mission
1,58.9,1,2.715,-5.109,1.631,1,0,0,0,1,0,0,0,1,follower1,0.29,good,-0.00024,mission
1,59.0,2,2.749,-5.074,1.624,1,0,0,0,1,0,0,0,1,follower2,5.22,good,0.00234,mission
1,59.1,0,2.782,-5.04,1.617,1,0,0,0,1,0,0,0,1,leader,5.08,good,-0.00629,mission
1,59.2,1,2.814,-5.004,1.612,1,0,0,0,1,0,0,0,1,follower1,6.16,good,0.00255,mission
1,59.3,2,2.846,-4.968,1.608,1,0,0,0,1,0,0,0,1,follower2,4.37,burst,0.00287,mission
1,59.4,0,2.877,-4.931,1.604,1,0,0,0,1,0,0,0,1,leader,5.45,good,0.01031,mission
1,59.5,1,2.907,-4.894,1.602,1,0,0,0,1,0,0,0,1,follower1,2.62,good,-9e-05,mission
1,59.6,2,2.936,-4.856,1.6,1,0,0,0,1,0,0,0,1,follower2,3.94,good,-0.00561,mission
1,59.7,0,2.964,-4.817,1.6,1,0,0,0,1,0,0,0,1,leader,7.48,burst,0.00107,mission
1,59.8,1,2.992,-4.778,1.601,1,0,0,0,1,0,0,0,1,follower1,5.24,burst,-0.00298,mission
1,59.9,2,3.019,-4.738,1.602,1,0,0,0,1,0,0,0,1,follower2,3.06,burst,0.00293,rtl
2,0.0,0,3.42,-3.41,2.0,1,0,0,0,1,0,0,0,1,leader,2.96,burst,1.00376,takeoff
2,0.1,1,3.42,-3.362,2.02,1,0,0,0,1,0,0,0,1,follower1,3.44,good,0.61152,mission
2,0.2,2,3.418,-3.314,2.04,1,0,0,0,1,0,0,0,1,follower2,8.23,good,0.37852,mission
2,0.3,0,3.416,-3.266,2.06,1,0,0,0,1,0,0,0,1,leader,5.69,good,0.23108,mission
2,0.4,1,3.412,-3.218,2.079,1,0,0,0,1,0,0,0,1,follower1,3.17,burst,0.14665,mission
2,0.5,2,3.408,-3.17,2.099,1,0,0,0,1,0,0,0,1,follower2,0.76,good,0.08251,mission
2,0.6,0,3.403,-3.123,2.118,1,0,0,0,1,0,0,0,1,leader,1.16,good,0.05073,mission
2,0.7,1,3.397,-3.075,2.137,1,0,0,0,1,0,0,0,1,follower1,4.24,good,0.0335,mission
2,0.8,2,3.389,-3.028,2.156,1,0,0,0,1,0,0,0,1,follower2,6.32,good,0.01778,mission
2,0.9,0,3.381,-2.98,2.174,1,0,0,0,1,0,0,0,1,leader,2.71,burst,0.01212,mission
2,1.0,1,3.372,-2.933,2.192,1,0,0,0,1,0,0,0,1,follower1,6.83,good,0.0086,mission
2,1.1,2,3.362,-2.886,2.209,1,0,0,0,1,0,0,0,1,follower2,5.31,good,0.00702,mission
2,1.2,0,3.351,-2.84,2.226,1,0,0,0,1,0,0,0,1,leader,2.7,good,0.00577,mission
2,1.3,1,3.339,-2.793,2.242,1,0,0,0,1,0,0,0,1,follower1,3.65,good,0.00327,mission
2,1.4,2,3.327,-2.747,2.258,1,0,0,0,1,0,0,0,1,follower2,3.94,good,-0.00284,mission
2,1.5,0,3.313,-2.701,2.273,1,0,0,0,1,0,0,0,1,leader,2.86,burst,-0.00041,mission
2,1.6,1,3.298,-2.655,2.287,1,0,0,0,1,0,0,0,1,follower1,2.12,burst,0.00181,mission
2,1.7,2,3.283,-2.61,2.301,1,0,0,0,1,0,0,0,1,follower2,2.99,good,-0.00278,mission
2,1.8,0,3.266,-2.565,2.313,1,0,0,0,1,0,0,0,1,leader,0.74,good,0.00584,mission
2,1.9,1,3.249,-2.52,2.325,1,0,0,0,1,0,0,0,1,follower1,7.67,good,0.00189,mission
2,2.0,2,3.231,-2.475,2.337,1,0,0,0,1,0,0,0,1,follower2,8.61,good,0.00237,mission
2,2.1,0,3.211,-2.431,2.347,1,0,0,0,1,0,0,0,1,leader,5.36,good,0.00108,mission
2,2.2,1,3.191,-2.388,2.356,1,0,0,0,1,0,0,0,1,follower1,5.93,good,-0.00896,mission
2,2.3,2,3.171,-2.345,2.365,1,0,0,0,1,0,0,0,1,follower2,2.8,good,-0.00034,mission
2,2.4,0,3.149,-2.302,2.373,1,0,0,0,1,0,0,0,1,leader,2.9,burst,-0.00234,mission
2,2.5,1,3.126,-2.259,2.38,1,0,0,0,1,0,0,0,1,follower1,3.38,good,0.00435,mission
2,2.6,2,3.103,-2.217,2.385,1,0,0,0,1,0,0,0,1,follower2,3.19,good,-0.00436,mission
2,2.7,0,3.079,-2.176,2.39,1,0,0,0,1,0,0,0,1,leader,0.19,good,-0.00412,mission
2,2.8,1,3.053,-2.135,2.394,1,0,0,0,1,0,0,0,1,follower1,11.04,good,-0.01081,mission
2,2.9,2,3.028,-2.095,2.397,1,0,0,0,1,0,0,0,1,follower2,3.98,burst,0.00108,mission
2,3.0,0,3.001,-2.055,2.399,1,0,0,0,1,0,0,0,1,leader,2.07,burst,-0.00353,mission
2,3.1,1,2.973,-2.016,2.4,1,0,0,0,1,0,0,0,1,follower1,4.59,good,0.00456,mission
2,3.2,2,2.945,-1.977,2.4,1,0,0,0,1,0,0,0,1,follower2,5.28,good,0.00428,mission
2,3.3,0,2.916,-1.939,2.399,1,0,0,0,1,0,0,0,1,leader,5.75,good,-0.00312,mission
2,3.4,1,2.886,-1.901,2.397,1,0,0,0,1,0,0,0,1,follower1,1.83,good,0.00047,mission
2,3.5,2,2.856,-1.864,2.394,1,0,0,0,1,0,0,0,1,follower2,6.01,burst,0.00418,mission
2,3.6,0,2.824,-1.827,2.39,1,0,0,0,1,0,0,0,1,leader,2.47,good,-0.00525,mission
2,3.7,1,2.792,-1.792,2.385,1,0,0,0,1,0,0,0,1,follower1,5.31,good,-0.00497,mission
2,3.8,2,2.76,-1.757,2.379,1,0,0,0,1,0,0,0,1,follower2,4.6,burst,0.00587,mission
2,3.9,0,2.726,-1.722,2.372,1,0,0,0,1,0,0,0,1,leader,2.03,good,-0.00311,mission
2,4.0,1,2.692,-1.688,2.364,1,0,0,0,1,0,0,0,1,follower1,6.49,good,-0.00414,mission
2,4.1,2,2.657,-1.655,2.355,1,0,0,0,1,0,0,0,1,follower2,4.87,good,-0.00814,mission
2,4.2,0,2.622,-1.623,2.345,1,0,0,0,1,0,0,0,1,leader,5.81,good,-0.00385,mission
2,4.3,1,2.586,-1.591,2.335,1,0,0,0,1,0,0,0,1,follower1,0.61,burst,0.00204,mission
2,4.4,2,2.549,-1.56,2.323,1,0,0,0,1,0,0,0,1,follower2,4.28,good,0.00521,mission
2,4.5,0,2.512,-1.53,2.311,1,0,0,0,1,0,0,0,1,leader,6.06,burst,-0.00514,mission
2,4.6,1,2.474,-1.501,2.298,1,0,0,0,1,0,0,0,1,follower1,3.19,good,-0.00159,mission
2,4.7,2,2.435,-1.472,2.285,1,0,0,0,1,0,0,0,1,follower2,6.43,good,-0.00021,mission
2,4.8,0,2.396,-1.444,2.27,1,0,0,0,1,0,0,0,1,leader,4.97,burst,0.00309,mission
2,4.9,1,2.357,-1.417,2.255,1,0,0,0,1,0,0,0,1,follower1,2.87,good,-0.00635,mission
2,5.0,2,2.317,-1.39,2.239,1,0,0,0,1,0,0,0,1,follower2,4.81,good,0.00473,mission
2,5.1,0,2.276,-1.365,2.223,1,0,0,0,1,0,0,0,1,leader,7.37,good,0.00446,mission
2,5.2,1,2.235,-1.34,2.206,1,0,0,0,1,0,0,0,1,follower1,4.03,good,0.00238,mission
2,5.3,2,2.193,-1.316,2.189,1,0,0,0,1,0,0,0,1,follower2,5.53,burst,-0.00862,mission
2,5.4,0,2.151,-1.293,2.171,1,0,0,0,1,0,0,0,1,leader,6.71,good,0.00459,mission
2,5.5,1,2.109,-1.271,2.153,1,0,0,0,1,0,0,0,1,follower1,2.09,good,0.00138,mission
2,5.6,2,2.066,-1.25,2.134,1,0,0,0,1,0,0,0,1,follower2,2.42,good,-0.00649,mission
2,5.7,0,2.022,-1.229,2.115,1,0,0,0,1,0,0,0,1,leader,0.29,good,0.00587,mission
2,5.8,1,1.978,-1.21,2.096,1,0,0,0,1,0,0,0,1,follower1,1.1,good,0.0028,mission
2,5.9,2,1.934,-1.191,2.076,1,0,0,0,1,0,0,0,1,follower2,2.36,burst,-0.00441,mission
2,6.0,0,1.89,-1.173,2.056,1,0,0,0,1,0,0,0,1,leader,7.95,good,0.00466,mission
2,6.1,1,1.845,-1.156,2.037,1,0,0,0,1,0,0,0,1,follower1,6.27,good,-0.00203,mission
2,6.2,2,1.8,-1.14,2.017,1,0,0,0,1,0,0,0,1,follower2,1.75,good,-0.00822,mission
2,6.3,0,1.754,-1.125,1.997,1,0,0,0,1,0,0,0,1,leader,5.87,good,-0.00355,mission
2,6.4,1,1.708,-1.111,1.977,1,0,0,0,1,0,0,0,1,follower1,3.96,good,-0.00455,mission
2,6.5,2,1.662,-1.097,1.957,1,0,0,0,1,0,0,0,1,follower2,1.77,good,0.00263,mission
2,6.6,0,1.616,-1.085,1.937,1,0,0,0,1,0,0,0,1,leader,5.63,good,-0.00545,mission
2,6.7,1,1.569,-1.074,1.917,1,0,0,0,1,0,0,0,1,follower1,7.54,good,0.00365,mission
2,6.8,2,1.522,-1.063,1.898,1,0,0,0,1,0,0,0,1,follower2,5.37,burst,-0.0028,mission
2,6.9,0,1.475,-1.054,1.879,1,0,0,0,1,0,0,0,1,leader,3.48,good,0.00129,mission
2,7.0,1,1.428,-1.045,1.86,1,0,0,0,1,0,0,0,1,follower1,4.49,good,-0.00508,mission
2,7.1,2,1.381,-1.037,1.841,1,0,0,0,1,0,0,0,1,follower2,6.35,good,-0.00283,mission
2,7.2,0,1.333,-1.03,1.823,1,0,0,0,1,0,0,0,1,leader,1.28,good,0.00063,mission
2,7.3,1,1.285,-1.025,1.805,1,0,0,0,1,0,0,0,1,follower1,1.67,burst,-0.00469,mission
2,7.4,2,1.238,-1.02,1.788,1,0,0,0,1,0,0,0,1,follower2,6.61,burst,-0.00025,mission
2,7.5,0,1.19,-1.016,1.771,1,0,0,0,1,0,0,0,1,leader,4.44,good,-0.00169,mission
2,7.6,1,1.142,-1.013,1.755,1,0,0,0,1,0,0,0,1,follower1,6.08,burst,0.00482,mission
2,7.7,2,1.094,-1.011,1.74,1,0,0,0,1,0,0,0,1,follower2,5.91,burst,0.00012,mission
2,7.8,0,1.046,-1.01,1.725,1,0,0,0,1,0,0,0,1,leader,2.76,good,-0.00104,mission
2,7.9,1,0.998,-1.01,1.711,1,0,0,0,1,0,0,0,1,follower1,7.67,good,-0.00922,mission
2,8.0,2,0.95,-1.011,1.697,1,0,0,0,1,0,0,0,1,follower2,4.58,good,0.00442,mission
2,8.1,0,0.902,-1.013,1.685,1,0,0,0,1,0,0,0,1,leader,0.71,good,0.00598,mission
2,8.2,1,0.854,-1.016,1.673,1,0,0,0,1,0,0,0,1,follower1,3.21,burst,0.00071,mission
2,8.3,2,0.806,-1.02,1.662,1,0,0,0,1,0,0,0,1,follower2,0.79,good,-0.00322,mission
2,8.4,0,0.758,-1.024,1.651,1,0,0,0,1,0,0,0,1,leader,2.57,good,0.0102,mission
2,8.5,1,0.711,-1.03,1.642,1,0,0,0,1,0,0,0,1,follower1,3.59,good,0.00041,mission
2,8.6,2,0.663,-1.037,1.634,1,0,0,0,1,0,0,0,1,follower2,5.87,burst,0.0018,mission
2,8.7,0,0.616,-1.044,1.626,1,0,0,0,1,0,0,0,1,leader,5.38,good,0.00553,mission
2,8.8,1,0.569,-1.053,1.619,1,0,0,0,1,0,0,0,1,follower1,5.24,good,-0.00348,mission
2,8.9,2,0.522,-1.062,1.614,1,0,0,0,1,0,0,0,1,follower2,3.22,good,0.00133,mission
2,9.0,0,0.475,-1.073,1.609,1,0,0,0,1,0,0,0,1,leader,3.93,good,-0.00096,mission
2,9.1,1,0.428,-1.084,1.605,1,0,0,0,1,0,0,0,1,follower1,2.64,burst,0.00182,mission
2,9.2,2,0.382,-1.096,1.603,1,0,0,0,1,0,0,0,1,follower2,9.14,burst,-0.0043,mission
2,9.3,0,0.336,-1.11,1.601,1,0,0,0,1,0,0,0,1,leader,5.78,good,-0.0081,mission
2,9.4,1,0.29,-1.124,1.6,1,0,0,0,1,0,0,0,1,follower1,6.31,good,-0.00182,mission
2,9.5,2,0.244,-1.139,1.6,1,0,0,0,1,0,0,0,1,follower2,2.88,good,0.0072,mission
2,9.6,0,0.199,-1.155,1.602,1,0,0,0,1,0,0,0,1,leader,5.0,burst,-0.00113,mission
2,9.7,1,0.154,-1.172,1.604,1,0,0,0,1,0,0,0,1,follower1,4.35,good,0.00173,mission
2,9.8,2,0.109,-1.189,1.607,1,0,0,0,1,0,0,0,1,follower2,5.38,good,0.00394,mission
2,9.9,0,0.065,-1.208,1.611,1,0,0,0,1,0,0,0,1,leader,3.51,good,0.00032,mission
2,10.0,1,0.021,-1.228,1.616,1,0,0,0,1,0,0,0,1,follower1,3.43,good,0.00293,mission
2,10.1,2,-0.022,-1.248,1.623,1,0,0,0,1,0,0,0,1,follower2,1.16,good,-0.00153,mission
2,10.2,0,-0.065,-1.269,1.63,1,0,0,0,1,0,0,0,1,leader,3.78,burst,-0.00078,mission
2,10.3,1,-0.108,-1.292,1.638,1,0,0,0,1,0,0,0,1,follower1,2.37,good,0.00209,mission
2,10.4,2,-0.15,-1.314,1.647,1,0,0,0,1,0,0,0,1,follower2,6.82,good,0.00387,mission
2,10.5,0,-0.192,-1.338,1.656,1,0,0,0,1,0,0,0,1,leader,5.33,burst,0.00047,mission
2,10.6,1,-0.233,-1.363,1.667,1,0,0,0,1,0,0,0,1,follower1,7.8,good,0.00247,mission
2,10.7,2,-0.274,-1.388,1.679,1,0,0,0,1,0,0,0,1,follower2,5.52,burst,-0.00376,mission
2,10.8,0,-0.314,-1.415,1.691,1,0,0,0,1,0,0,0,1,leader,4.22,good,-0.00132,mission
2,10.9,1,-0.353,-1.442,1.704,1,0,0,0,1,0,0,0,1,follower1,0.94,burst,-0.00015,mission
2,11.0,2,-0.392,-1.47,1.718,1,0,0,0,1,0,0,0,1,follower2,6.84,burst,-0.00171,mission
2,11.1,0,-0.431,-1.498,1.732,1,0,0,0,1,0,0,0,1,leader,9.06,good,0.00056,mission
2,11.2,1,-0.469,-1.528,1.747,1,0,0,0,1,0,0,0,1,follower1,5.64,burst,-0.00298,mission
2,11.3,2,-0.506,-1.558,1.763,1,0,0,0,1,0,0,0,1,follower2,4.9,good,-0.00102,mission
2,11.4,0,-0.543,-1.589,1.78,1,0,0,0,1,0,0,0,1,leader,6.89,burst,0.00106,mission
2,11.5,1,-0.579,-1.62,1.797,1,0,0,0,1,0,0,0,1,follower1,0.47,good,-0.00081,mission
2,11.6,2,-0.615,-1.653,1.814,1,0,0,0,1,0,0,0,1,follower2,6.62,good,-0.007,mission
2,11.7,0,-0.649,-1.686,1.832,1,0,0,0,1,0,0,0,1,leader,3.43,burst,-4e-05,mission
2,11.8,1,-0.684,-1.719,1.85,1,0,0,0,1,0,0,0,1,follower1,3.64,good,0.00528,mission
2,11.9,2,-0.717,-1.754,1.869,1,0,0,0,1,0,0,0,1,follower2,0.67,good,0.00284,mission
2,12.0,0,-0.75,-1.789,1.888,1,0,0,0,1,0,0,0,1,leader,5.17,good,-0.00071,mission
2,12.1,1,-0.782,-1.825,1.908,1,0,0,0,1,0,0,0,1,follower1,5.87,good,0.00315,mission
2,12.2,2,-0.813,-1.861,1.927,1,0,0,0,1,0,0,0,1,follower2,6.43,good,-0.00354,mission
2,12.3,0,-0.844,-1.898,1.947,1,0,0,0,1,0,0,0,1,leader,5.23,good,-0.00579,mission
2,12.4,1,-0.874,-1.936,1.967,1,0,0,0,1,0,0,0,1,follower1,3.97,good,0.00016,mission
2,12.5,2,-0.903,-1.974,1.987,1,0,0,0,1,0,0,0,1,follower2,5.88,burst,-0.00249,mission
2,12.6,0,-0.931,-2.012,2.007,1,0,0,0,1,0,0,0,1,leader,4.35,good,-0.01103,mission
2,12.7,1,-0.959,-2.052,2.027,1,0,0,0,1,0,0,0,1,follower1,4.36,good,0.00901,mission
2,12.8,2,-0.985,-2.092,2.047,1,0,0,0,1,0,0,0,1,follower2,3.99,burst,0.00114,mission
2,12.9,0,-1.011,-2.132,2.066,1,0,0,0,1,0,0,0,1,leader,4.47,burst,0.00073,mission
2,13.0,1,-1.037,-2.173,2.086,1,0,0,0,1,0,0,0,1,follower1,3.24,burst,-0.00535,mission
2,13.1,2,-1.061,-2.214,2.105,1,0,0,0,1,0,0,0,1,follower2,2.61,good,-0.00333,mission
2,13.2,0,-1.084,-2.256,2.125,1,0,0,0,1,0,0,0,1,leader,7.15,good,-0.00689,mission
2,13.3,1,-1.107,-2.298,2.143,1,0,0,0,1,0,0,0,1,follower1,3.88,good,-0.00175,mission
2,13.4,2,-1.129,-2.341,2.162,1,0,0,0,1,0,0,0,1,follower2,7.53,burst,0.00267,mission
2,13.5,0,-1.15,-2.384,2.18,1,0,0,0,1,0,0,0,1,leader,2.36,burst,-0.00651,mission
2,13.6,1,-1.17,-2.428,2.198,1,0,0,0,1,0,0,0,1,follower1,1.25,burst,-0.00095,mission
2,13.7,2,-1.189,-2.472,2.215,1,0,0,0,1,0,0,0,1,follower2,5.0,burst,-0.00436,mission
2,13.8,0,-1.207,-2.516,2.231,1,0,0,0,1,0,0,0,1,leader,6.84,good,-0.00243,mission
2,13.9,1,-1.225,-2.561,2.247,1,0,0,0,1,0,0,0,1,follower1,0.78,good,0.00279,mission
2,14.0,2,-1.241,-2.606,2.263,1,0,0,0,1,0,0,0,1,follower2,4.86,good,0.00383,mission
2,14.1,0,-1.257,-2.651,2.278,1,0,0,0,1,0,0,0,1,leader,2.39,good,-0.00928,mission
2,14.2,1,-1.272,-2.697,2.292,1,0,0,0,1,0,0,0,1,follower1,4.83,good,0.00562,mission
2,14.3,2,-1.285,-2.743,2.305,1,0,0,0,1,0,0,0,1,follower2,8.09,good,0.00157,mission
2,14.4,0,-1.298,-2.789,2.317,1,0,0,0,1,0,0,0,1,leader,4.56,burst,-0.00358,mission
2,14.5,1,-1.31,-2.836,2.329,1,0,0,0,1,0,0,0,1,follower1,5.23,good,-0.00135,mission
2,14.6,2,-1.321,-2.883,2.34,1,0,0,0,1,0,0,0,1,follower2,4.02,good,-0.00324,mission
2,14.7,0,-1.331,-2.929,2.35,1,0,0,0,1,0,0,0,1,leader,1.55,burst,-0.00248,mission
2,14.8,1,-1.341,-2.977,2.359,1,0,0,0,1,0,0,0,1,follower1,2.49,good,-0.00601,mission
2,14.9,2,-1.349,-3.024,2.368,1,0,0,0,1,0,0,0,1,follower2,4.86,good,-0.00141,mission
2,15.0,0,-1.356,-3.071,2.375,1,0,0,0,1,0,0,0,1,leader,3.03,good,0.00067,mission
2,15.1,1,-1.362,-3.119,2.382,1,0,0,0,1,0,0,0,1,follower1,3.38,good,-0.00445,mission
2,15.2,2,-1.368,-3.167,2.387,1,0,0,0,1,0,0,0,1,follower2,5.69,good,0.00209,mission
2,15.3,0,-1.372,-3.214,2.392,1,0,0,0,1,0,0,0,1,leader,1.31,good,0.00372,mission
2,15.4,1,-1.375,-3.262,2.395,1,0,0,0,1,0,0,0,1,follower1,4.27,good,0.00404,mission
2,15.5,2,-1.378,-3.31,2.398,1,0,0,0,1,0,0,0,1,follower2,2.85,good,0.00279,mission
2,15.6,0,-1.379,-3.358,2.399,1,0,0,0,1,0,0,0,1,leader,1.9,good,-0.00298,mission
2,15.7,1,-1.38,-3.406,2.4,1,0,0,0,1,0,0,0,1,follower1,6.58,burst,-0.00792,mission
2,15.8,2,-1.38,-3.454,2.4,1,0,0,0,1,0,0,0,1,follower2,1.34,good,0.00339,mission
2,15.9,0,-1.378,-3.502,2.398,1,0,0,0,1,0,0,0,1,leader,1.87,good,0.00159,mission
2,16.0,1,-1.376,-3.55,2.396,1,0,0,0,1,0,0,0,1,follower1,2.56,good,-0.00101,mission
2,16.1,2,-1.373,-3.598,2.392,1,0,0,0,1,0,0,0,1,follower2,3.49,good,-0.0022,mission
2,16.2,0,-1.368,-3.646,2.388,1,0,0,0,1,0,0,0,1,leader,4.02,burst,-0.00096,mission
2,16.3,1,-1.363,-3.694,2.383,1,0,0,0,1,0,0,0,1,follower1,4.0,good,-0.0019,mission
2,16.4,2,-1.357,-3.741,2.376,1,0,0,0,1,0,0,0,1,follower2,2.36,good,0.00279,mission
2,16.5,0,-1.35,-3.789,2.369,1,0,0,0,1,0,0,0,1,leader,3.83,good,-0.00872,mission
2,16.6,1,-1.342,-3.836,2.361,1,0,0,0,1,0,0,0,1,follower1,4.16,good,0.00115,mission
2,16.7,2,-1.333,-3.883,2.352,1,0,0,0,1,0,0,0,1,follower2,0.34,good,-0.00449,mission
2,16.8,0,-1.323,-3.93,2.342,1,0,0,0,1,0,0,0,1,leader,4.36,burst,-0.00356,mission
2,16.9,1,-1.312,-3.977,2.331,1,0,0,0,1,0,0,0,1,follower1,6.26,burst,-0.00109,mission
2,17.0,2,-1.3,-4.023,2.319,1,0,0,0,1,0,0,0,1,follower2,4.33,burst,-0.0038,mission
2,17.1,0,-1.288,-4.07,2.307,1,0,0,0,1,0,0,0,1,leader,6.18,good,-0.00896,mission
2,17.2,1,-1.274,-4.116,2.294,1,0,0,0,1,0,0,0,1,follower1,4.82,good,-0.0022,mission
2,17.3,2,-1.259,-4.161,2.28,1,0,0,0,1,0,0,0,1,follower2,3.37,burst,0.00651,mission
2,17.4,0,-1.244,-4.207,2.265,1,0,0,0,1,0,0,0,1,leader,2.37,good,-0.00081,mission
2,17.5,1,-1.227,-4.252,2.25,1,0,0,0,1,0,0,0,1,follower1,6.24,good,0.0035,mission
2,17.6,2,-1.21,-4.297,2.234,1,0,0,0,1,0,0,0,1,follower2,8.9,burst,-0.0036,mission
2,17.7,0,-1.192,-4.341,2.217,1,0,0,0,1,0,0,0,1,leader,7.47,good,-0.0022,mission
2,17.8,1,-1.173,-4.385,2.2,1,0,0,0,1,0,0,0,1,follower1,1.4,good,0.00051,mission
2,17.9,2,-1.153,-4.429,2.183,1,0,0,0,1,0,0,0,1,follower2,7.17,good,-0.00424,mission
2,18.0,0,-1.132,-4.472,2.165,1,0,0,0,1,0,0,0,1,leader,5.4,good,-0.00334,mission
2,18.1,1,-1.111,-4.515,2.146,1,0,0,0,1,0,0,0,1,follower1,4.04,burst,-0.00046,mission
2,18.2,2,-1.088,-4.557,2.128,1,0,0,0,1,0,0,0,1,follower2,2.27,good,-0.00804,mission
2,18.3,0,-1.065,-4.599,2.109,1,0,0,0,1,0,0,0,1,leader,3.72,burst,0.00742,mission
2,18.4,1,-1.04,-4.641,2.089,1,0,0,0,1,0,0,0,1,follower1,5.27,good,-0.00144,mission
2,18.5,2,-1.015,-4.682,2.07,1,0,0,0,1,0,0,0,1,follower2,7.71,burst,-0.00033,mission
2,18.6,0,-0.99,-4.722,2.05,1,0,0,0,1,0,0,0,1,leader,6.65,good,0.00308,mission
2,18.7,1,-0.963,-4.762,2.03,1,0,0,0,1,0,0,0,1,follower1,6.17,good,-0.00476,mission
2,18.8,2,-0.936,-4.801,2.01,1,0,0,0,1,0,0,0,1,follower2,2.67,good,-0.00347,mission
2,18.9,0,-0.907,-4.84,1.99,1,0,0,0,1,0,0,0,1,leader,5.72,burst,0.00116,mission
2,19.0,1,-0.878,-4.878,1.97,1,0,0,0,1,0,0,0,1,follower1,6.0,burst,-0.00208,mission
2,19.1,2,-0.849,-4.916,1.95,1,0,0,0,1,0,0,0,1,follower2,8.37,good,-0.00127,mission
2,19.2,0,-0.818,-4.953,1.93,1,0,0,0,1,0,0,0,1,leader,2.36,burst,0.001,mission
2,19.3,1,-0.787,-4.99,1.911,1,0,0,0,1,0,0,0,1,follower1,2.35,good,0.00301,mission
2,19.4,2,-0.755,-5.025,1.891,1,0,0,0,1,0,0,0,1,follower2,5.75,good,0.00198,mission
2,19.5,0,-0.722,-5.061,1.872,1,0,0,0,1,0,0,0,1,leader,1.34,good,0.00179,mission
2,19.6,1,-0.689,-5.095,1.853,1,0,0,0,1,0,0,0,1,follower1,4.08,good,-0.00292,mission
2,19.7,2,-0.655,-5.129,1.835,1,0,0,0,1,0,0,0,1,follower2,6.63,burst,-0.00919,mission
2,19.8,0,-0.62,-5.162,1.817,1,0,0,0,1,0,0,0,1,leader,5.22,good,-0.00314,mission
2,19.9,1,-0.585,-5.195,1.799,1,0,0,0,1,0,0,0,1,follower1,3.95,good,3e-05,mission
2,20.0,2,-0.549,-5.226,1.782,1,0,0,0,1,0,0,0,1,follower2,4.18,good,0.01145,mission
2,20.1,0,-0.512,-5.257,1.766,1,0,0,0,1,0,0,0,1,leader,4.2,good,0.00181,mission
2,20.2,1,-0.475,-5.288,1.75,1,0,0,0,1,0,0,0,1,follower1,9.45,burst,0.00897,mission
2,20.3,2,-0.437,-5.317,1.735,1,0,0,0,1,0,0,0,1,follower2,5.02,good,0.00117,mission
2,20.4,0,-0.399,-5.346,1.72,1,0,0,0,1,0,0,0,1,leader,2.98,burst,-0.00148,mission
2,20.5,1,-0.36,-5.374,1.706,1,0,0,0,1,0,0,0,1,follower1,3.99,good,0.00275,mission
2,20.6,2,-0.32,-5.401,1.693,1,0,0,0,1,0,0,0,1,follower2,3.96,good,-0.00055,mission
2,20.7,0,-0.28,-5.427,1.68,1,0,0,0,1,0,0,0,1,leader,7.6,burst,0.00073,mission
2,20.8,1,-0.239,-5.453,1.669,1,0,0,0,1,0,0,0,1,follower1,1.36,burst,-0.00485,mission
2,20.9,2,-0.198,-5.478,1.658,1,0,0,0,1,0,0,0,1,follower2,5.37,good,-0.00193,mission
2,21.0,0,-0.157,-5.502,1.648,1,0,0,0,1,0,0,0,1,leader,5.44,good,0.00834,mission
2,21.1,1,-0.115,-5.525,1.639,1,0,0,0,1,0,0,0,1,follower1,5.97,good,-0.00191,mission
2,21.2,2,-0.072,-5.547,1.631,1,0,0,0,1,0,0,0,1,follower2,4.53,good,0.00079,mission
2,21.3,0,-0.029,-5.569,1.624,1,0,0,0,1,0,0,0,1,leader,4.32,good,-0.00233,mission
2,21.4,1,0.014,-5.589,1.617,1,0,0,0,1,0,0,0,1,follower1,5.14,burst,-0.00351,mission
2,21.5,2,0.058,-5.609,1.612,1,0,0,0,1,0,0,0,1,follower2,6.28,good,0.0045,mission
2,21.6,0,0.102,-5.628,1.608,1,0,0,0,1,0,0,0,1,leader,6.0,burst,0.00018,mission
2,21.7,1,0.147,-5.646,1.604,1,0,0,0,1,0,0,0,1,follower1,7.99,burst,0.00207,mission
2,21.8,2,0.192,-5.663,1.602,1,0,0,0,1,0,0,0,1,follower2,5.39,good,-0.00474,mission
2,21.9,0,0.237,-5.679,1.6,1,0,0,0,1,0,0,0,1,leader,2.37,good,-0.00014,mission
2,22.0,1,0.282,-5.694,1.6,1,0,0,0,1,0,0,0,1,follower1,2.46,good,-0.00374,mission
2,22.1,2,0.328,-5.708,1.601,1,0,0,0,1,0,0,0,1,follower2,1.93,burst,-1e-05,mission
2,22.2,0,0.374,-5.722,1.602,1,0,0,0,1,0,0,0,1,leader,4.37,good,0.002,mission
2,22.3,1,0.421,-5.734,1.605,1,0,0,0,1,0,0,0,1,follower1,0.41,good,-0.00311,mission
2,22.4,2,0.467,-5.745,1.608,1,0,0,0,1,0,0,0,1,follower2,8.62,good,-0.00168,mission
2,22.5,0,0.514,-5.756,1.613,1,0,0,0,1,0,0,0,1,leader,1.83,good,-0.00239,mission
2,22.6,1,0.561,-5.766,1.618,1,0,0,0,1,0,0,0,1,follower1,6.68,good,0.00778,mission
2,22.7,2,0.608,-5.774,1.625,1,0,0,0,1,0,0,0,1,follower2,6.25,burst,0.00385,mission
2,22.8,0,0.656,-5.782,1.632,1,0,0,0,1,0,0,0,1,leader,5.03,good,0.00514,mission
2,22.9,1,0.703,-5.789,1.641,1,0,0,0,1,0,0,0,1,follower1,3.2,good,0.00218,mission
2,23.0,2,0.751,-5.795,1.65,1,0,0,0,1,0,0,0,1,follower2,3.03,good,0.00407,mission
2,23.1,0,0.799,-5.8,1.66,1,0,0,0,1,0,0,0,1,leader,4.85,good,-0.00194,mission
2,23.2,1,0.846,-5.804,1.671,1,0,0,0,1,0,0,0,1,follower1,3.76,good,-0.01255,mission
2,23.3,2,0.894,-5.807,1.683,1,0,0,0,1,0,0,0,1,follower2,7.21,good,-0.00208,mission
2,23.4,0,0.942,-5.809,1.695,1,0,0,0,1,0,0,0,1,leader,4.95,good,-0.0009,mission
2,23.5,1,0.99,-5.81,1.709,1,0,0,0,1,0,0,0,1,follower1,6.77,good,-0.00745,mission
2,23.6,2,1.038,-5.81,1.723,1,0,0,0,1,0,0,0,1,follower2,8.26,burst,0.00184,mission
2,23.7,0,1.086,-5.809,1.737,1,0,0,0,1,0,0,0,1,leader,6.71,burst,0.00708,mission
2,23.8,1,1.134,-5.807,1.753,1,0,0,0,1,0,0,0,1,follower1,3.65,good,-0.00188,mission
2,23.9,2,1.182,-5.805,1.769,1,0,0,0,1,0,0,0,1,follower2,4.61,burst,0.00199,mission
2,24.0,0,1.23,-5.801,1.785,1,0,0,0,1,0,0,0,1,leader,7.02,good,-0.0011,mission
2,24.1,1,1.278,-5.796,1.803,1,0,0,0,1,0,0,0,1,follower1,3.5,burst,-0.00869,mission
2,24.2,2,1.325,-5.79,1.82,1,0,0,0,1,0,0,0,1,follower2,2.6,good,0.00342,mission
2,24.3,0,1.373,-5.784,1.838,1,0,0,0,1,0,0,0,1,leader,7.78,good,-0.00771,mission
2,24.4,1,1.42,-5.776,1.857,1,0,0,0,1,0,0,0,1,follower1,4.47,good,0.00119,mission
2,24.5,2,1.468,-5.768,1.876,1,0,0,0,1,0,0,0,1,follower2,4.02,good,-0.00109,mission
2,24.6,0,1.515,-5.758,1.895,1,0,0,0,1,0,0,0,1,leader,3.3,burst,-0.00264,mission
2,24.7,1,1.562,-5.748,1.914,1,0,0,0,1,0,0,0,1,follower1,4.16,burst,-0.0001,mission
2,24.8,2,1.608,-5.737,1.934,1,0,0,0,1,0,0,0,1,follower2,3.37,burst,0.00695,mission
2,24.9,0,1.655,-5.725,1.954,1,0,0,0,1,0,0,0,1,leader,2.41,burst,0.00159,mission
2,25.0,1,1.701,-5.711,1.973,1,0,0,0,1,0,0,0,1,follower1,7.24,burst,-0.00079,mission
2,25.1,2,1.747,-5.697,1.993,1,0,0,0,1,0,0,0,1,follower2,7.3,good,-0.00629,mission
2,25.2,0,1.792,-5.682,2.013,1,0,0,0,1,0,0,0,1,leader,2.52,good,-0.00333,mission
2,25.3,1,1.838,-5.666,2.033,1,0,0,0,1,0,0,0,1,follower1,3.47,good,-0.00317,mission
2,25.4,2,1.883,-5.65,2.053,1,0,0,0,1,0,0,0,1,follower2,4.66,good,-0.00458,mission
2,25.5,0,1.927,-5.632,2.073,1,0,0,0,1,0,0,0,1,leader,2.2,good,0.00086,mission
2,25.6,1,1.971,-5.613,2.093,1,0,0,0,1,0,0,0,1,follower1,4.55,good,0.0,mission
2,25.7,2,2.015,-5.594,2.112,1,0,0,0,1,0,0,0,1,follower2,7.32,burst,-0.00043,mission
2,25.8,0,2.059,-5.574,2.131,1,0,0,0,1,0,0,0,1,leader,1.51,good,0.00421,mission
2,25.9,1,2.102,-5.552,2.15,1,0,0,0,1,0,0,0,1,follower1,5.2,burst,-0.00264,mission
2,26.0,2,2.144,-5.53,2.168,1,0,0,0,1,0,0,0,1,follower2,5.61,good,0.00579,mission
2,26.1,0,2.187,-5.507,2.186,1,0,0,0,1,0,0,0,1,leader,2.79,good,0.00226,mission
2,26.2,1,2.228,-5.484,2.203,1,0,0,0,1,0,0,0,1,follower1,4.35,good,0.00336,mission
2,26.3,2,2.27,-5.459,2.22,1,0,0,0,1,0,0,0,1,follower2,0.37,good,0.01375,mission
2,26.4,0,2.31,-5.434,2.237,1,0,0,0,1,0,0,0,1,leader,6.32,good,0.00085,mission
2,26.5,1,2.35,-5.407,2.253,1,0,0,0,1,0,0,0,1,follower1,2.62,good,-0.00758,mission
2,26.6,2,2.39,-5.38,2.268,1,0,0,0,1,0,0,0,1,follower2,4.98,burst,0.00374,mission
2,26.7,0,2.429,-5.353,2.282,1,0,0,0,1,0,0,0,1,leader,3.14,good,-0.00189,mission
2,26.8,1,2.468,-5.324,2.296,1,0,0,0,1,0,0,0,1,follower1,3.74,good,0.00154,mission
2,26.9,2,2.506,-5.295,2.309,1,0,0,0,1,0,0,0,1,follower2,4.37,good,-0.00011,mission
2,27.0,0,2.543,-5.265,2.322,1,0,0,0,1,0,0,0,1,leader,8.31,burst,0.00272,mission
2,27.1,1,2.58,-5.234,2.333,1,0,0,0,1,0,0,0,1,follower1,6.92,good,-0.00642,mission
2,27.2,2,2.616,-5.202,2.344,1,0,0,0,1,0,0,0,1,follower2,1.65,good,0.00904,mission
2,27.3,0,2.652,-5.17,2.353,1,0,0,0,1,0,0,0,1,leader,3.93,burst,0.00356,mission
2,27.4,1,2.687,-5.137,2.362,1,0,0,0,1,0,0,0,1,follower1,7.33,burst,0.00354,mission
2,27.5,2,2.721,-5.103,2.37,1,0,0,0,1,0,0,0,1,follower2,2.11,good,0.0036,mission
2,27.6,0,2.754,-5.069,2.377,1,0,0,0,1,0,0,0,1,leader,5.42,good,-0.00224,mission
2,27.7,1,2.787,-5.034,2.384,1,0,0,0,1,0,0,0,1,follower1,2.95,burst,-0.00235,mission
2,27.8,2,2.819,-4.998,2.389,1,0,0,0,1,0,0,0,1,follower2,7.98,good,-0.00089,mission
2,27.9,0,2.851,-4.962,2.393,1,0,0,0,1,0,0,0,1,leader,7.47,good,0.00101,mission
2,28.0,1,2.881,-4.925,2.396,1,0,0,0,1,0,0,0,1,follower1,3.87,good,0.00041,mission
2,28.1,2,2.911,-4.888,2.398,1,0,0,0,1,0,0,0,1,follower2,3.08,good,-0.00417,mission
2,28.2,0,2.94,-4.849,2.4,1,0,0,0,1,0,0,0,1,leader,5.39,burst,0.00052,mission
2,28.3,1,2.969,-4.811,2.4,1,0,0,0,1,0,0,0,1,follower1,0.95,good,0.0075,mission
2,28.4,2,2.996,-4.771,2.399,1,0,0,0,1,0,0,0,1,follower2,5.76,good,-0.00776,mission
2,28.5,0,3.023,-4.732,2.397,1,0,0,0,1,0,0,0,1,leader,0.83,good,-0.00365,mission
2,28.6,1,3.049,-4.691,2.395,1,0,0,0,1,0,0,0,1,follower1,6.1,good,-0.00061,mission
2,28.7,2,3.075,-4.65,2.391,1,0,0,0,1,0,0,0,1,follower2,1.47,good,-0.00147,mission
2,28.8,0,3.099,-4.609,2.386,1,0,0,0,1,0,0,0,1,leader,5.02,good,0.00221,mission
2,28.9,1,3.123,-4.567,2.381,1,0,0,0,1,0,0,0,1,follower1,2.11,good,-0.00614,mission
2,29.0,2,3.145,-4.525,2.374,1,0,0,0,1,0,0,0,1,follower2,2.68,good,0.00858,mission
2,29.1,0,3.167,-4.482,2.366,1,0,0,0,1,0,0,0,1,leader,0.32,burst,-0.00014,mission
2,29.2,1,3.188,-4.439,2.358,1,0,0,0,1,0,0,0,1,follower1,4.04,good,-0.003,mission
2,29.3,2,3.208,-4.396,2.349,1,0,0,0,1,0,0,0,1,follower2,4.44,good,0.00426,mission
2,29.4,0,3.228,-4.352,2.338,1,0,0,0,1,0,0,0,1,leader,4.82,burst,0.00048,mission
2,29.5,1,3.246,-4.307,2.327,1,0,0,0,1,0,0,0,1,follower1,4.0,good,-0.00316,mission
2,29.6,2,3.263,-4.263,2.315,1,0,0,0,1,0,0,0,1,follower2,4.34,good,-0.00463,mission
2,29.7,0,3.28,-4.218,2.303,1,0,0,0,1,0,0,0,1,leader,6.47,good,-1e-05,mission
2,29.8,1,3.296,-4.172,2.289,1,0,0,0,1,0,0,0,1,follower1,4.25,good,0.00098,mission
2,29.9,2,3.311,-4.127,2.275,1,0,0,0,1,0,0,0,1,follower2,1.21,good,-0.0031,mission
2,30.0,0,3.324,-4.081,2.26,1,0,0,0,1,0,0,0,1,leader,4.77,good,0.00255,mission
2,30.1,1,3.337,-4.034,2.245,1,0,0,0,1,0,0,0,1,follower1,3.62,good,-0.00035,mission
2,30.2,2,3.349,-3.988,2.228,1,0,0,0,1,0,0,0,1,follower2,6.21,good,0.00066,mission
2,30.3,0,3.36,-3.941,2.212,1,0,0,0,1,0,0,0,1,leader,4.86,good,0.00244,mission
2,30.4,1,3.371,-3.894,2.195,1,0,0,0,1,0,0,0,1,follower1,1.81,good,0.00167,mission
2,30.5,2,3.38,-3.847,2.177,1,0,0,0,1,0,0,0,1,follower2,0.17,burst,0.00017,mission
2,30.6,0,3.388,-3.8,2.159,1,0,0,0,1,0,0,0,1,leader,4.3,burst,-0.00386,mission
2,30.7,1,3.395,-3.752,2.14,1,0,0,0,1,0,0,0,1,follower1,4.31,good,-0.00113,mission
2,30.8,2,3.402,-3.705,2.121,1,0,0,0,1,0,0,0,1,follower2,3.56,good,0.00054,mission
2,30.9,0,3.407,-3.657,2.102,1,0,0,0,1,0,0,0,1,leader,9.67,good,0.00091,mission
2,31.0,1,3.412,-3.609,2.083,1,0,0,0,1,0,0,0,1,follower1,3.26,good,-0.00128,mission
2,31.1,2,3.415,-3.562,2.063,1,0,0,0,1,0,0,0,1,follower2,4.26,good,-0.00328,mission
2,31.2,0,3.418,-3.514,2.043,1,0,0,0,1,0,0,0,1,leader,4.84,good,-0.00297,mission
2,31.3,1,3.419,-3.466,2.023,1,0,0,0,1,0,0,0,1,follower1,2.81,good,0.00077,mission
2,31.4,2,3.42,-3.418,2.003,1,0,0,0,1,0,0,0,1,follower2,4.13,good,0.00318,mission
2,31.5,0,3.42,-3.37,1.983,1,0,0,0,1,0,0,0,1,leader,0.76,good,0.00529,mission
2,31.6,1,3.418,-3.322,1.963,1,0,0,0,1,0,0,0,1,follower1,7.34,good,-0.00686,mission
2,31.7,2,3.416,-3.274,1.943,1,0,0,0,1,0,0,0,1,follower2,4.59,good,0.00108,mission
2,31.8,0,3.413,-3.226,1.924,1,0,0,0,1,0,0,0,1,leader,4.17,good,-0.00395,mission
2,31.9,1,3.409,-3.178,1.904,1,0,0,0,1,0,0,0,1,follower1,4.78,good,-0.00369,mission
2,32.0,2,3.404,-3.13,1.885,1,0,0,0,1,0,0,0,1,follower2,4.93,burst,0.00296,mission
2,32.1,0,3.398,-3.083,1.866,1,0,0,0,1,0,0,0,1,leader,0.87,good,-0.00096,mission
2,32.2,1,3.391,-3.035,1.847,1,0,0,0,1,0,0,0,1,follower1,4.0,good,0.00245,mission
2,32.3,2,3.383,-2.988,1.829,1,0,0,0,1,0,0,0,1,follower2,2.09,good,-0.00382,mission
2,32.4,0,3.374,-2.941,1.811,1,0,0,0,1,0,0,0,1,leader,4.01,good,-0.00443,mission
2,32.5,1,3.364,-2.894,1.794,1,0,0,0,1,0,0,0,1,follower1,6.2,good,0.0042,mission
2,32.6,2,3.353,-2.847,1.777,1,0,0,0,1,0,0,0,1,follower2,1.49,good,-0.00536,mission
2,32.7,0,3.341,-2.8,1.76,1,0,0,0,1,0,0,0,1,leader,4.21,good,-0.004,mission
2,32.8,1,3.329,-2.754,1.745,1,0,0,0,1,0,0,0,1,follower1,7.87,good,0.00502,mission
2,32.9,2,3.315,-2.708,1.73,1,0,0,0,1,0,0,0,1,follower2,5.03,burst,0.00266,mission
2,33.0,0,3.301,-2.662,1.715,1,0,0,0,1,0,0,0,1,leader,4.4,burst,-0.00305,mission
2,33.1,1,3.285,-2.617,1.702,1,0,0,0,1,0,0,0,1,follower1,1.38,good,4e-05,mission
2,33.2,2,3.269,-2.572,1.689,1,0,0,0,1,0,0,0,1,follower2,5.47,good,-0.00268,mission
2,33.3,0,3.252,-2.527,1.676,1,0,0,0,1,0,0,0,1,leader,4.57,good,0.00325,mission
2,33.4,1,3.234,-2.482,1.665,1,0,0,0,1,0,0,0,1,follower1,1.87,good,-0.00012,mission
2,33.5,2,3.215,-2.438,1.655,1,0,0,0,1,0,0,0,1,follower2,4.62,good,0.00443,mission
2,33.6,0,3.195,-2.395,1.645,1,0,0,0,1,0,0,0,1,leader,5.74,good,-0.0029,mission
2,33.7,1,3.174,-2.351,1.636,1,0,0,0,1,0,0,0,1,follower1,4.85,good,0.00299,mission
2,33.8,2,3.152,-2.309,1.628,1,0,0,0,1,0,0,0,1,follower2,2.46,good,0.00044,mission
2,33.9,0,3.13,-2.266,1.621,1,0,0,0,1,0,0,0,1,leader,6.0,burst,0.00563,mission
2,34.0,1,3.107,-2.224,1.615,1,0,0,0,1,0,0,0,1,follower1,5.97,good,0.00511,mission
2,34.1,2,3.082,-2.183,1.61,1,0,0,0,1,0,0,0,1,follower2,4.8,good,-0.00047,mission
2,34.2,0,3.057,-2.142,1.606,1,0,0,0,1,0,0,0,1,leader,0.49,burst,-0.00204,mission
2,34.3,1,3.032,-2.101,1.603,1,0,0,0,1,0,0,0,1,follower1,7.48,good,-0.00331,mission
2,34.4,2,3.005,-2.061,1.601,1,0,0,0,1,0,0,0,1,follower2,4.27,good,0.00626,mission
2,34.5,0,2.978,-2.022,1.6,1,0,0,0,1,0,0,0,1,leader,0.45,burst,0.00303,mission
2,34.6,1,2.95,-1.983,1.6,1,0,0,0,1,0,0,0,1,follower1,0.53,burst,-0.00362,mission
2,34.7,2,2.921,-1.945,1.601,1,0,0,0,1,0,0,0,1,follower2,7.11,good,5e-05,mission
2,34.8,0,2.891,-1.907,1.603,1,0,0,0,1,0,0,0,1,leader,4.79,good,-0.00401,mission
2,34.9,1,2.861,-1.87,1.606,1,0,0,0,1,0,0,0,1,follower1,4.52,burst,-0.00237,mission
2,35.0,2,2.829,-1.833,1.61,1,0,0,0,1,0,0,0,1,follower2,3.42,burst,-0.00562,mission
2,35.1,0,2.797,-1.797,1.615,1,0,0,0,1,0,0,0,1,leader,4.79,good,-0.00563,mission
2,35.2,1,2.765,-1.762,1.62,1,0,0,0,1,0,0,0,1,follower1,3.58,good,-0.00184,mission
2,35.3,2,2.732,-1.728,1.627,1,0,0,0,1,0,0,0,1,follower2,5.55,good,0.00897,mission
2,35.4,0,2.698,-1.694,1.635,1,0,0,0,1,0,0,0,1,leader,4.91,burst,-0.0052,mission
2,35.5,1,2.663,-1.66,1.644,1,0,0,0,1,0,0,0,1,follower1,5.86,burst,-0.00052,mission
2,35.6,2,2.628,-1.628,1.653,1,0,0,0,1,0,0,0,1,follower2,5.79,burst,-0.00367,mission
2,35.7,0,2.592,-1.596,1.664,1,0,0,0,1,0,0,0,1,leader,2.81,good,0.00513,mission
2,35.8,1,2.555,-1.565,1.675,1,0,0,0,1,0,0,0,1,follower1,8.25,good,0.0005,mission
2,35.9,2,2.518,-1.535,1.687,1,0,0,0,1,0,0,0,1,follower2,3.66,good,-0.00524,mission
2,36.0,0,2.48,-1.505,1.7,1,0,0,0,1,0,0,0,1,leader,3.78,burst,0.00784,mission
2,36.1,1,2.442,-1.476,1.713,1,0,0,0,1,0,0,0,1,follower1,2.49,burst,-0.00852,mission
2,36.2,2,2.403,-1.448,1.727,1,0,0,0,1,0,0,0,1,follower2,2.34,good,0.00043,mission
2,36.3,0,2.363,-1.421,1.742,1,0,0,0,1,0,0,0,1,leader,6.3,good,-0.00683,mission
2,36.4,1,2.323,-1.395,1.758,1,0,0,0,1,0,0,0,1,follower1,3.99,good,-0.00292,mission
2,36.5,2,2.283,-1.369,1.774,1,0,0,0,1,0,0,0,1,follower2,5.83,good,0.00265,mission
2,36.6,0,2.242,-1.344,1.791,1,0,0,0,1,0,0,0,1,leader,6.95,good,-0.00755,mission
2,36.7,1,2.2,-1.32,1.808,1,0,0,0,1,0,0,0,1,follower1,5.72,good,-0.00577,mission
2,36.8,2,2.158,-1.297,1.826,1,0,0,0,1,0,0,0,1,follower2,4.93,good,-0.00344,mission
2,36.9,0,2.115,-1.275,1.844,1,0,0,0,1,0,0,0,1,leader,2.03,good,-0.00645,mission
2,37.0,1,2.073,-1.253,1.863,1,0,0,0,1,0,0,0,1,follower1,2.22,burst,-0.00195,mission
2,37.1,2,2.029,-1.232,1.882,1,0,0,0,1,0,0,0,1,follower2,4.18,good,0.00227,mission
2,37.2,0,1.985,-1.213,1.901,1,0,0,0,1,0,0,0,1,leader,5.95,good,0.00102,mission
2,37.3,1,1.941,-1.194,1.921,1,0,0,0,1,0,0,0,1,follower1,6.32,good,-0.00442,mission
2,37.4,2,1.897,-1.176,1.94,1,0,0,0,1,0,0,0,1,follower2,5.09,burst,0.00286,mission
2,37.5,0,1.852,-1.159,1.96,1,0,0,0,1,0,0,0,1,leader,2.93,good,-0.00163,mission
2,37.6,1,1.807,-1.143,1.98,1,0,0,0,1,0,0,0,1,follower1,5.79,good,0.00615,mission
2,37.7,2,1.761,-1.127,2.0,1,0,0,0,1,0,0,0,1,follower2,2.7,good,0.00036,mission
2,37.8,0,1.715,-1.113,2.02,1,0,0,0,1,0,0,0,1,leader,3.72,good,0.00104,mission
2,37.9,1,1.669,-1.1,2.04,1,0,0,0,1,0,0,0,1,follower1,7.61,good,0.00515,mission
2,38.0,2,1.623,-1.087,2.06,1,0,0,0,1,0,0,0,1,follower2,1.95,good,-0.0028,mission
2,38.1,0,1.576,-1.075,2.08,1,0,0,0,1,0,0,0,1,leader,3.29,good,0.00159,mission
2,38.2,1,1.53,-1.065,2.099,1,0,0,0,1,0,0,0,1,follower1,4.73,good,0.00764,mission
2,38.3,2,1.483,-1.055,2.118,1,0,0,0,1,0,0,0,1,follower2,2.7,burst,-0.00356,mission
2,38.4,0,1.435,-1.046,2.137,1,0,0,0,1,0,0,0,1,leader,3.82,good,-0.00072,mission
2,38.5,1,1.388,-1.038,2.156,1,0,0,0,1,0,0,0,1,follower1,5.44,good,-0.00196,mission
2,38.6,2,1.341,-1.032,2.174,1,0,0,0,1,0,0,0,1,follower2,3.25,good,0.00375,mission
2,38.7,0,1.293,-1.026,2.192,1,0,0,0,1,0,0,0,1,leader,1.16,good,0.00689,mission
2,38.8,1,1.245,-1.021,2.209,1,0,0,0,1,0,0,0,1,follower1,7.88,good,-0.001,mission
2,38.9,2,1.197,-1.017,2.226,1,0,0,0,1,0,0,0,1,follower2,1.96,good,0.00237,mission
2,39.0,0,1.149,-1.013,2.242,1,0,0,0,1,0,0,0,1,leader,6.69,good,-0.00091,mission
2,39.1,1,1.102,-1.011,2.258,1,0,0,0,1,0,0,0,1,follower1,1.86,good,0.00137,mission
2,39.2,2,1.054,-1.01,2.273,1,0,0,0,1,0,0,0,1,follower2,6.97,good,-0.00184,mission
2,39.3,0,1.006,-1.01,2.287,1,0,0,0,1,0,0,0,1,leader,3.56,good,-0.00549,mission
2,39.4,1,0.958,-1.011,2.301,1,0,0,0,1,0,0,0,1,follower1,3.92,good,0.00292,mission
2,39.5,2,0.91,-1.013,2.313,1,0,0,0,1,0,0,0,1,follower2,10.96,good,-0.00396,mission
2,39.6,0,0.862,-1.015,2.325,1,0,0,0,1,0,0,0,1,leader,0.29,good,-0.00161,mission
2,39.7,1,0.814,-1.019,2.337,1,0,0,0,1,0,0,0,1,follower1,6.64,burst,0.00272,mission
2,39.8,2,0.766,-1.023,2.347,1,0,0,0,1,0,0,0,1,follower2,5.53,burst,0.00175,mission
2,39.9,0,0.718,-1.029,2.357,1,0,0,0,1,0,0,0,1,leader,4.74,good,0.00863,mission
2,40.0,1,0.671,-1.036,2.365,1,0,0,0,1,0,0,0,1,follower1,1.11,burst,0.00241,mission
2,40.1,2,0.623,-1.043,2.373,1,0,0,0,1,0,0,0,1,follower2,2.8,good,-0.00196,mission
2,40.2,0,0.576,-1.051,2.38,1,0,0,0,1,0,0,0,1,leader,0.79,good,0.00699,mission
2,40.3,1,0.529,-1.061,2.385,1,0,0,0,1,0,0,0,1,follower1,3.93,good,-0.00606,mission
2,40.4,2,0.482,-1.071,2.39,1,0,0,0,1,0,0,0,1,follower2,5.89,good,-0.00158,mission
2,40.5,0,0.435,-1.082,2.394,1,0,0,0,1,0,0,0,1,leader,5.3,good,-0.00375,mission
2,40.6,1,0.389,-1.094,2.397,1,0,0,0,1,0,0,0,1,follower1,1.63,good,-0.00206,mission
2,40.7,2,0.343,-1.108,2.399,1,0,0,0,1,0,0,0,1,follower2,9.79,good,0.00375,mission
2,40.8,0,0.297,-1.122,2.4,1,0,0,0,1,0,0,0,1,leader,4.82,burst,-0.00434,mission
2,40.9,1,0.251,-1.136,2.4,1,0,0,0,1,0,0,0,1,follower1,3.58,good,0.00266,mission
2,41.0,2,0.206,-1.152,2.399,1,0,0,0,1,0,0,0,1,follower2,8.29,good,0.00166,mission
2,41.1,0,0.161,-1.169,2.397,1,0,0,0,1,0,0,0,1,leader,5.13,good,-0.00506,mission
2,41.2,1,0.116,-1.187,2.394,1,0,0,0,1,0,0,0,1,follower1,4.45,good,0.00542,mission
2,41.3,2,0.072,-1.205,2.389,1,0,0,0,1,0,0,0,1,follower2,4.6,good,0.00539,mission
2,41.4,0,0.028,-1.225,2.384,1,0,0,0,1,0,0,0,1,leader,1.22,good,0.01311,mission
2,41.5,1,-0.015,-1.245,2.378,1,0,0,0,1,0,0,0,1,follower1,5.26,good,0.0065,mission
2,41.6,2,-0.058,-1.266,2.372,1,0,0,0,1,0,0,0,1,follower2,3.87,good,0.00157,mission
2,41.7,0,-0.101,-1.288,2.364,1,0,0,0,1,0,0,0,1,leader,2.61,good,0.00085,mission
2,41.8,1,-0.143,-1.311,2.355,1,0,0,0,1,0,0,0,1,follower1,3.3,burst,0.00338,mission
2,41.9,2,-0.185,-1.334,2.345,1,0,0,0,1,0,0,0,1,follower2,4.9,good,-0.00643,mission
2,42.0,0,-0.226,-1.359,2.335,1,0,0,0,1,0,0,0,1,leader,4.16,good,0.00335,mission
2,42.1,1,-0.267,-1.384,2.323,1,0,0,0,1,0,0,0,1,follower1,5.19,good,0.00514,mission
2,42.2,2,-0.307,-1.41,2.311,1,0,0,0,1,0,0,0,1,follower2,2.99,burst,0.00136,mission
2,42.3,0,-0.347,-1.437,2.298,1,0,0,0,1,0,0,0,1,leader,2.88,good,-0.00433,mission
2,42.4,1,-0.386,-1.465,2.284,1,0,0,0,1,0,0,0,1,follower1,3.0,good,0.00379,mission
2,42.5,2,-0.425,-1.494,2.27,1,0,0,0,1,0,0,0,1,follower2,4.92,good,0.01062,mission
2,42.6,0,-0.463,-1.523,2.255,1,0,0,0,1,0,0,0,1,leader,4.01,good,0.00454,mission
2,42.7,1,-0.5,-1.553,2.239,1,0,0,0,1,0,0,0,1,follower1,3.87,good,0.00525,mission
2,42.8,2,-0.537,-1.584,2.223,1,0,0,0,1,0,0,0,1,follower2,3.53,good,-0.00296,mission
2,42.9,0,-0.573,-1.615,2.206,1,0,0,0,1,0,0,0,1,leader,8.02,burst,0.00747,mission
2,43.0,1,-0.609,-1.647,2.189,1,0,0,0,1,0,0,0,1,follower1,4.57,good,-0.00656,mission
2,43.1,2,-0.644,-1.68,2.171,1,0,0,0,1,0,0,0,1,follower2,4.88,good,0.00063,mission
2,43.2,0,-0.678,-1.714,2.153,1,0,0,0,1,0,0,0,1,leader,6.44,burst,0.00109,mission
2,43.3,1,-0.712,-1.748,2.134,1,0,0,0,1,0,0,0,1,follower1,1.12,good,0.00101,mission
2,43.4,2,-0.745,-1.783,2.115,1,0,0,0,1,0,0,0,1,follower2,6.23,good,0.00221,mission
2,43.5,0,-0.777,-1.819,2.096,1,0,0,0,1,0,0,0,1,leader,5.36,burst,0.00276,mission
2,43.6,1,-0.808,-1.855,2.076,1,0,0,0,1,0,0,0,1,follower1,7.92,good,-0.00415,mission
2,43.7,2,-0.839,-1.892,2.056,1,0,0,0,1,0,0,0,1,follower2,4.11,good,-8e-05,mission
2,43.8,0,-0.869,-1.929,2.036,1,0,0,0,1,0,0,0,1,leader,6.87,good,0.00659,mission
2,43.9,1,-0.898,-1.968,2.016,1,0,0,0,1,0,0,0,1,follower1,4.05,burst,-0.00489,mission
2,44.0,2,-0.927,-2.006,1.996,1,0,0,0,1,0,0,0,1,follower2,2.45,good,-0.00211,mission
2,44.1,0,-0.954,-2.045,1.976,1,0,0,0,1,0,0,0,1,leader,1.32,good,0.00073,mission
2,44.2,1,-0.981,-2.085,1.957,1,0,0,0,1,0,0,0,1,follower1,5.09,good,0.00803,mission
2,44.3,2,-1.007,-2.125,1.937,1,0,0,0,1,0,0,0,1,follower2,5.33,good,0.00656,mission
2,44.4,0,-1.033,-2.166,1.917,1,0,0,0,1,0,0,0,1,leader,4.27,good,-0.0033,mission
2,44.5,1,-1.057,-2.208,1.898,1,0,0,0,1,0,0,0,1,follower1,5.67,burst,-0.00832,mission
2,44.6,2,-1.081,-2.249,1.878,1,0,0,0,1,0,0,0,1,follower2,2.82,burst,0.00202,mission
2,44.7,0,-1.103,-2.292,1.86,1,0,0,0,1,0,0,0,1,leader,4.87,good,0.00202,mission
2,44.8,1,-1.125,-2.334,1.841,1,0,0,0,1,0,0,0,1,follower1,3.53,good,0.00581,mission
2,44.9,2,-1.146,-2.377,1.823,1,0,0,0,1,0,0,0,1,follower2,5.74,good,0.00211,mission
2,45.0,0,-1.167,-2.421,1.805,1,0,0,0,1,0,0,0,1,leader,0.36,good,-0.00382,mission
2,45.1,1,-1.186,-2.465,1.788,1,0,0,0,1,0,0,0,1,follower1,2.82,good,-0.00079,mission
2,45.2,2,-1.205,-2.509,1.771,1,0,0,0,1,0,0,0,1,follower2,7.09,good,-0.00226,mission
2,45.3,0,-1.222,-2.554,1.755,1,0,0,0,1,0,0,0,1,leader,7.14,good,-0.00182,mission
2,45.4,1,-1.239,-2.599,1.74,1,0,0,0,1,0,0,0,1,follower1,1.97,burst,-0.00237,mission
2,45.5,2,-1.255,-2.644,1.725,1,0,0,0,1,0,0,0,1,follower2,3.34,good,0.00391,mission
2,45.6,0,-1.269,-2.69,1.711,1,0,0,0,1,0,0,0,1,leader,3.81,good,-0.00442,mission
2,45.7,1,-1.283,-2.736,1.697,1,0,0,0,1,0,0,0,1,follower1,5.31,good,0.00415,mission
2,45.8,2,-1.296,-2.782,1.684,1,0,0,0,1,0,0,0,1,follower2,5.14,good,0.00221,mission
2,45.9,0,-1.308,-2.828,1.673,1,0,0,0,1,0,0,0,1,leader,5.8,good,0.00207,mission
2,46.0,1,-1.32,-2.875,1.662,1,0,0,0,1,0,0,0,1,follower1,0.36,good,-0.00022,mission
2,46.1,2,-1.33,-2.922,1.651,1,0,0,0,1,0,0,0,1,follower2,0.36,good,-0.00222,mission
2,46.2,0,-1.339,-2.969,1.642,1,0,0,0,1,0,0,0,1,leader,0.77,burst,-0.00017,mission
2,46.3,1,-1.347,-3.016,1.633,1,0,0,0,1,0,0,0,1,follower1,7.24,burst,0.00627,mission
2,46.4,2,-1.355,-3.064,1.626,1,0,0,0,1,0,0,0,1,follower2,3.39,good,-0.0023,mission
2,46.5,0,-1.361,-3.111,1.619,1,0,0,0,1,0,0,0,1,leader,6.37,good,-0.00653,mission
2,46.6,1,-1.367,-3.159,1.614,1,0,0,0,1,0,0,0,1,follower1,3.9,good,-0.00044,mission
2,46.7,2,-1.371,-3.207,1.609,1,0,0,0,1,0,0,0,1,follower2,4.1,good,0.00502,mission
2,46.8,0,-1.375,-3.255,1.605,1,0,0,0,1,0,0,0,1,leader,5.92,good,0.00186,mission
2,46.9,1,-1.378,-3.303,1.603,1,0,0,0,1,0,0,0,1,follower1,3.49,good,-0.00328,mission
2,47.0,2,-1.379,-3.351,1.601,1,0,0,0,1,0,0,0,1,follower2,0.33,good,0.00727,mission
2,47.1,0,-1.38,-3.399,1.6,1,0,0,0,1,0,0,0,1,leader,2.84,good,0.0001,mission
2,47.2,1,-1.38,-3.447,1.6,1,0,0,0,1,0,0,0,1,follower1,5.21,good,-0.00318,mission
2,47.3,2,-1.379,-3.495,1.602,1,0,0,0,1,0,0,0,1,follower2,5.04,good,-0.00146,mission
2,47.4,0,-1.376,-3.542,1.604,1,0,0,0,1,0,0,0,1,leader,3.5,good,-0.00619,mission
2,47.5,1,-1.373,-3.59,1.607,1,0,0,0,1,0,0,0,1,follower1,7.96,burst,-0.00284,mission
2,47.6,2,-1.369,-3.638,1.611,1,0,0,0,1,0,0,0,1,follower2,3.4,burst,-0.00524,mission
2,47.7,0,-1.364,-3.686,1.616,1,0,0,0,1,0,0,0,1,leader,6.69,good,0.00256,mission
2,47.8,1,-1.358,-3.734,1.623,1,0,0,0,1,0,0,0,1,follower1,1.66,good,-0.009,mission
2,47.9,2,-1.351,-3.781,1.63,1,0,0,0,1,0,0,0,1,follower2,5.68,burst,0.00342,mission
2,48.0,0,-1.343,-3.828,1.638,1,0,0,0,1,0,0,0,1,leader,3.44,burst,0.00572,mission
2,48.1,1,-1.334,-3.876,1.647,1,0,0,0,1,0,0,0,1,follower1,5.22,burst,0.00624,mission
2,48.2,2,-1.325,-3.923,1.657,1,0,0,0,1,0,0,0,1,follower2,2.14,burst,0.00303,mission
2,48.3,0,-1.314,-3.969,1.667,1,0,0,0,1,0,0,0,1,leader,5.86,burst,0.00292,mission
2,48.4,1,-1.302,-4.016,1.679,1,0,0,0,1,0,0,0,1,follower1,4.16,burst,0.00252,mission
2,48.5,2,-1.29,-4.062,1.691,1,0,0,0,1,0,0,0,1,follower2,4.53,burst,-0.00183,mission
2,48.6,0,-1.276,-4.108,1.704,1,0,0,0,1,0,0,0,1,leader,4.92,good,-0.00725,mission
2,48.7,1,-1.262,-4.154,1.718,1,0,0,0,1,0,0,0,1,follower1,3.48,good,-0.00173,mission
2,48.8,2,-1.246,-4.2,1.732,1,0,0,0,1,0,0,0,1,follower2,1.87,good,-0.00019,mission
2,48.9,0,-1.23,-4.245,1.748,1,0,0,0,1,0,0,0,1,leader,6.35,burst,-0.00025,mission
2,49.0,1,-1.213,-4.29,1.763,1,0,0,0,1,0,0,0,1,follower1,3.12,good,-0.00217,mission
2,49.1,2,-1.195,-4.334,1.78,1,0,0,0,1,0,0,0,1,follower2,0.66,good,-0.00139,mission
2,49.2,0,-1.176,-4.378,1.797,1,0,0,0,1,0,0,0,1,leader,2.63,burst,0.00266,mission
2,49.3,1,-1.156,-4.422,1.814,1,0,0,0,1,0,0,0,1,follower1,1.93,good,0.00413,mission
2,49.4,2,-1.136,-4.465,1.832,1,0,0,0,1,0,0,0,1,follower2,5.49,burst,-0.00389,mission
2,49.5,0,-1.114,-4.508,1.851,1,0,0,0,1,0,0,0,1,leader,7.07,burst,-0.00384,mission
2,49.6,1,-1.092,-4.551,1.869,1,0,0,0,1,0,0,0,1,follower1,7.98,good,-0.00214,mission
2,49.7,2,-1.068,-4.593,1.888,1,0,0,0,1,0,0,0,1,follower2,4.24,good,-0.00359,mission
2,49.8,0,-1.044,-4.634,1.908,1,0,0,0,1,0,0,0,1,leader,7.5,good,0.00322,mission
2,49.9,1,-1.019,-4.675,1.927,1,0,0,0,1,0,0,0,1,follower1,2.1,good,0.00323,mission
2,50.0,2,-0.994,-4.716,1.947,1,0,0,0,1,0,0,0,1,follower2,7.78,good,-0.00197,mission
2,50.1,0,-0.967,-4.756,1.967,1,0,0,0,1,0,0,0,1,leader,4.48,good,0.00382,mission
2,50.2,1,-0.94,-4.795,1.987,1,0,0,0,1,0,0,0,1,follower1,1.89,good,-0.00107,mission
2,50.3,2,-0.912,-4.834,2.007,1,0,0,0,1,0,0,0,1,follower2,5.78,good,-0.00017,mission
2,50.4,0,-0.883,-4.872,2.027,1,0,0,0,1,0,0,0,1,leader,5.59,good,0.00142,mission
2,50.5,1,-0.853,-4.91,2.047,1,0,0,0,1,0,0,0,1,follower1,6.86,good,-0.00458,mission
2,50.6,2,-0.823,-4.947,2.067,1,0,0,0,1,0,0,0,1,follower2,1.98,good,0.00365,mission
2,50.7,0,-0.792,-4.984,2.086,1,0,0,0,1,0,0,0,1,leader,5.42,good,0.00015,mission
2,50.8,1,-0.76,-5.02,2.106,1,0,0,0,1,0,0,0,1,follower1,7.32,good,0.00227,mission
2,50.9,2,-0.727,-5.055,2.125,1,0,0,0,1,0,0,0,1,follower2,2.6,burst,0.00509,mission
2,51.0,0,-0.694,-5.09,2.144,1,0,0,0,1,0,0,0,1,leader,6.43,good,0.00324,mission
2,51.1,1,-0.66,-5.124,2.162,1,0,0,0,1,0,0,0,1,follower1,2.19,good,-0.00238,mission
2,51.2,2,-0.626,-5.157,2.18,1,0,0,0,1,0,0,0,1,follower2,1.37,good,-0.00478,mission
2,51.3,0,-0.59,-5.189,2.198,1,0,0,0,1,0,0,0,1,leader,5.55,good,0.00339,mission
2,51.4,1,-0.555,-5.221,2.215,1,0,0,0,1,0,0,0,1,follower1,2.47,good,0.0011,mission
2,51.5,2,-0.518,-5.252,2.232,1,0,0,0,1,0,0,0,1,follower2,2.95,good,0.0013,mission
2,51.6,0,-0.481,-5.283,2.248,1,0,0,0,1,0,0,0,1,leader,4.75,burst,0.00296,mission
2,51.7,1,-0.443,-5.312,2.263,1,0,0,0,1,0,0,0,1,follower1,3.09,burst,-0.00397,mission
2,51.8,2,-0.405,-5.341,2.278,1,0,0,0,1,0,0,0,1,follower2,5.8,good,-0.00273,mission
2,51.9,0,-0.366,-5.369,2.292,1,0,0,0,1,0,0,0,1,leader,3.11,burst,-0.0039,mission
2,52.0,1,-0.326,-5.397,2.305,1,0,0,0,1,0,0,0,1,follower1,4.44,good,-0.00634,mission
2,52.1,2,-0.286,-5.423,2.318,1,0,0,0,1,0,0,0,1,follower2,3.94,good,-0.0053,mission
2,52.2,0,-0.246,-5.449,2.329,1,0,0,0,1,0,0,0,1,leader,6.47,good,0.0036,mission
2,52.3,1,-0.205,-5.474,2.34,1,0,0,0,1,0,0,0,1,follower1,3.47,good,0.00074,mission
2,52.4,2,-0.163,-5.498,2.35,1,0,0,0,1,0,0,0,1,follower2,4.0,good,0.00073,mission
2,52.5,0,-0.121,-5.521,2.36,1,0,0,0,1,0,0,0,1,leader,1.56,good,-0.00134,mission
2,52.6,1,-0.079,-5.544,2.368,1,0,0,0,1,0,0,0,1,follower1,3.52,good,0.00121,mission
2,52.7,2,-0.036,-5.565,2.375,1,0,0,0,1,0,0,0,1,follower2,6.13,burst,-0.00518,mission
2,52.8,0,0.007,-5.586,2.382,1,0,0,0,1,0,0,0,1,leader,0.34,good,0.00404,mission
2,52.9,1,0.051,-5.606,2.387,1,0,0,0,1,0,0,0,1,follower1,6.55,burst,-0.00032,mission
2,53.0,2,0.095,-5.625,2.392,1,0,0,0,1,0,0,0,1,follower2,5.06,burst,-0.00361,mission
2,53.1,0,0.14,-5.643,2.395,1,0,0,0,1,0,0,0,1,leader,2.15,good,-0.00112,mission
2,53.2,1,0.184,-5.66,2.398,1,0,0,0,1,0,0,0,1,follower1,2.65,good,-0.00085,mission
2,53.3,2,0.23,-5.676,2.399,1,0,0,0,1,0,0,0,1,follower2,4.7,good,-0.00194,mission
2,53.4,0,0.275,-5.691,2.4,1,0,0,0,1,0,0,0,1,leader,1.15,burst,0.00668,mission
2,53.5,1,0.321,-5.706,2.4,1,0,0,0,1,0,0,0,1,follower1,4.02,burst,-0.00313,mission
2,53.6,2,0.367,-5.719,2.398,1,0,0,0,1,0,0,0,1,follower2,4.83,good,0.0026,mission
2,53.7,0,0.413,-5.732,2.396,1,0,0,0,1,0,0,0,1,leader,1.23,good,-0.00565,mission
2,53.8,1,0.46,-5.744,2.392,1,0,0,0,1,0,0,0,1,follower1,3.66,good,0.00299,mission
2,53.9,2,0.507,-5.754,2.388,1,0,0,0,1,0,0,0,1,follower2,3.86,good,0.00251,mission
2,54.0,0,0.554,-5.764,2.383,1,0,0,0,1,0,0,0,1,leader,3.67,burst,0.00622,mission
2,54.1,1,0.601,-5.773,2.376,1,0,0,0,1,0,0,0,1,follower1,2.85,good,0.00115,mission
2,54.2,2,0.648,-5.781,2.369,1,0,0,0,1,0,0,0,1,follower2,1.41,good,8e-05,mission
2,54.3,0,0.696,-5.788,2.361,1,0,0,0,1,0,0,0,1,leader,4.05,good,-0.00366,mission
2,54.4,1,0.743,-5.794,2.352,1,0,0,0,1,0,0,0,1,follower1,5.31,good,0.00253,mission
2,54.5,2,0.791,-5.799,2.342,1,0,0,0,1,0,0,0,1,follower2,0.17,good,0.00409,mission
2,54.6,0,0.839,-5.803,2.331,1,0,0,0,1,0,0,0,1,leader,2.91,burst,-0.00154,mission
2,54.7,1,0.887,-5.806,2.319,1,0,0,0,1,0,0,0,1,follower1,3.48,good,0.00147,mission
2,54.8,2,0.935,-5.808,2.307,1,0,0,0,1,0,0,0,1,follower2,3.5,good,-0.00423,mission
2,54.9,0,0.983,-5.81,2.294,1,0,0,0,1,0,0,0,1,leader,5.57,burst,-0.00258,mission
2,55.0,1,1.031,-5.81,2.28,1,0,0,0,1,0,0,0,1,follower1,0.08,burst,-0.00243,mission
2,55.1,2,1.079,-5.809,2.265,1,0,0,0,1,0,0,0,1,follower2,5.67,good,-0.00308,mission
2,55.2,0,1.127,-5.808,2.25,1,0,0,0,1,0,0,0,1,leader,4.66,good,-4e-05,mission
2,55.3,1,1.175,-5.805,2.234,1,0,0,0,1,0,0,0,1,follower1,4.75,good,0.00117,mission
2,55.4,2,1.222,-5.801,2.217,1,0,0,0,1,0,0,0,1,follower2,7.91,burst,-0.00594,mission
2,55.5,0,1.27,-5.797,2.2,1,0,0,0,1,0,0,0,1,leader,4.1,good,-0.00159,mission
2,55.6,1,1.318,-5.791,2.183,1,0,0,0,1,0,0,0,1,follower1,2.79,good,0.00434,mission
2,55.7,2,1.365,-5.785,2.165,1,0,0,0,1,0,0,0,1,follower2,4.5,good,0.00162,mission
2,55.8,0,1.413,-5.778,2.146,1,0,0,0,1,0,0,0,1,leader,6.77,burst,-0.00292,mission
2,55.9,1,1.46,-5.769,2.127,1,0,0,0,1,0,0,0,1,follower1,2.38,good,0.00399,mission
2,56.0,2,1.507,-5.76,2.108,1,0,0,0,1,0,0,0,1,follower2,1.94,burst,-0.00439,mission
2,56.1,0,1.554,-5.75,2.089,1,0,0,0,1,0,0,0,1,leader,3.34,good,-0.00454,mission
2,56.2,1,1.601,-5.739,2.069,1,0,0,0,1,0,0,0,1,follower1,5.67,good,-0.00529,mission
2,56.3,2,1.647,-5.727,2.05,1,0,0,0,1,0,0,0,1,follower2,5.94,good,0.00788,mission
2,56.4,0,1.693,-5.714,2.03,1,0,0,0,1,0,0,0,1,leader,1.62,good,0.00235,mission
2,56.5,1,1.739,-5.7,2.01,1,0,0,0,1,0,0,0,1,follower1,5.31,good,0.00463,mission
2,56.6,2,1.785,-5.685,1.99,1,0,0,0,1,0,0,0,1,follower2,4.4,good,-0.00432,mission
2,56.7,0,1.83,-5.669,1.97,1,0,0,0,1,0,0,0,1,leader,5.05,good,0.00242,mission
2,56.8,1,1.875,-5.652,1.95,1,0,0,0,1,0,0,0,1,follower1,0.54,good,-0.00026,mission
2,56.9,2,1.92,-5.635,1.93,1,0,0,0,1,0,0,0,1,follower2,4.08,good,0.00332,mission
2,57.0,0,1.964,-5.616,1.91,1,0,0,0,1,0,0,0,1,leader,5.14,good,0.00162,mission
2,57.1,1,2.008,-5.597,1.891,1,0,0,0,1,0,0,0,1,follower1,9.87,good,0.00805,mission
2,57.2,2,2.052,-5.577,1.872,1,0,0,0,1,0,0,0,1,follower2,5.6,burst,-0.00249,mission
2,57.3,0,2.095,-5.556,1.853,1,0,0,0,1,0,0,0,1,leader,3.82,burst,-0.00119,mission
2,57.4,1,2.138,-5.534,1.835,1,0,0,0,1,0,0,0,1,follower1,6.11,good,-0.0029,mission
2,57.5,2,2.18,-5.511,1.817,1,0,0,0,1,0,0,0,1,follower2,4.91,good,-0.00616,mission
2,57.6,0,2.222,-5.487,1.799,1,0,0,0,1,0,0,0,1,leader,7.58,good,0.00044,mission
2,57.7,1,2.263,-5.463,1.782,1,0,0,0,1,0,0,0,1,follower1,5.86,good,-0.00096,mission
2,57.8,2,2.304,-5.438,1.766,1,0,0,0,1,0,0,0,1,follower2,7.69,good,-0.00494,mission
2,57.9,0,2.344,-5.412,1.75,1,0,0,0,1,0,0,0,1,leader,4.58,good,-0.00056,mission
2,58.0,1,2.384,-5.385,1.735,1,0,0,0,1,0,0,0,1,follower1,1.1,good,-0.00158,mission
2,58.1,2,2.423,-5.357,1.72,1,0,0,0,1,0,0,0,1,follower2,3.87,good,0.00471,mission
2,58.2,0,2.462,-5.329,1.706,1,0,0,0,1,0,0,0,1,leader,5.32,burst,-0.00238,mission
2,58.3,1,2.5,-5.299,1.693,1,0,0,0,1,0,0,0,1,follower1,6.14,good,0.00181,mission
2,58.4,2,2.537,-5.269,1.68,1,0,0,0,1,0,0,0,1,follower2,2.49,burst,0.00565,mission
2,58.5,0,2.574,-5.239,1.669,1,0,0,0,1,0,0,0,1,leader,3.64,good,0.00141,mission
2,58.6,1,2.61,-5.207,1.658,1,0,0,0,1,0,0,0,1,follower1,8.82,good,0.00322,mission
2,58.7,2,2.646,-5.175,1.648,1,0,0,0,1,0,0,0,1,follower2,1.91,good,-0.00171,mission
2,58.8,0,2.681,-5.142,1.639,1,0,0,0,1,0,0,0,1,leader,8.22,burst,0.00036,mission
2,58.9,1,2.715,-5.109,1.631,1,0,0,0,1,0,0,0,1,follower1,8.15,good,-0.00194,mission
2,59.0,2,2.749,-5.074,1.624,1,0,0,0,1,0,0,0,1,follower2,4.6,burst,-0.00089,mission
2,59.1,0,2.782,-5.04,1.617,1,0,0,0,1,0,0,0,1,leader,2.06,good,-0.00241,mission
2,59.2,1,2.814,-5.004,1.612,1,0,0,0,1,0,0,0,1,follower1,5.66,good,0.00261,mission
2,59.3,2,2.846,-4.968,1.608,1,0,0,0,1,0,0,0,1,follower2,6.9,good,0.0069,mission
2,59.4,0,2.877,-4.931,1.604,1,0,0,0,1,0,0,0,1,leader,1.54,good,-0.00366,mission
2,59.5,1,2.907,-4.894,1.602,1,0,0,0,1,0,0,0,1,follower1,2.27,good,0.00589,mission
2,59.6,2,2.936,-4.856,1.6,1,0,0,0,1,0,0,0,1,follower2,1.42,burst,0.00531,mission
2,59.7,0,2.964,-4.817,1.6,1,0,0,0,1,0,0,0,1,leader,0.21,burst,-0.00165,mission
2,59.8,1,2.992,-4.778,1.601,1,0,0,0,1,0,0,0,1,follower1,3.49,good,0.00248,mission
2,59.9,2,3.019,-4.738,1.602,1,0,0,0,1,0,0,0,1,follower2,3.82,burst,-0.00068,rtl
3,0.0,0,3.42,-3.41,2.0,1,0,0,0,1,0,0,0,1,leader,2.72,good,0.99788,takeoff
3,0.1,1,3.42,-3.362,2.02,1,0,0,0,1,0,0,0,1,follower1,6.78,burst,0.6168,mission
3,0.2,2,3.418,-3.314,2.04,1,0,0,0,1,0,0,0,1,follower2,5.2,good,0.38298,mission
3,0.3,0,3.416,-3.266,2.06,1,0,0,0,1,0,0,0,1,leader,5.05,good,0.23488,mission
3,0.4,1,3.412,-3.218,2.079,1,0,0,0,1,0,0,0,1,follower1,8.22,burst,0.14342,mission
3,0.5,2,3.408,-3.17,2.099,1,0,0,0,1,0,0,0,1,follower2,5.92,good,0.08836,mission
3,0.6,0,3.403,-3.123,2.118,1,0,0,0,1,0,0,0,1,leader,2.82,burst,0.04842,mission
3,0.7,1,3.397,-3.075,2.137,1,0,0,0,1,0,0,0,1,follower1,6.64,good,0.02781,mission
3,0.8,2,3.389,-3.028,2.156,1,0,0,0,1,0,0,0,1,follower2,4.47,good,0.01969,mission
3,0.9,0,3.381,-2.98,2.174,1,0,0,0,1,0,0,0,1,leader,2.84,good,0.01363,mission
3,1.0,1,3.372,-2.933,2.192,1,0,0,0,1,0,0,0,1,follower1,4.21,good,-0.00356,mission
3,1.1,2,3.362,-2.886,2.209,1,0,0,0,1,0,0,0,1,follower2,2.68,burst,0.01002,mission
3,1.2,0,3.351,-2.84,2.226,1,0,0,0,1,0,0,0,1,leader,3.44,good,0.0052,mission
3,1.3,1,3.339,-2.793,2.242,1,0,0,0,1,0,0,0,1,follower1,3.72,good,0.00655,mission
3,1.4,2,3.327,-2.747,2.258,1,0,0,0,1,0,0,0,1,follower2,5.23,good,0.001,mission
3,1.5,0,3.313,-2.701,2.273,1,0,0,0,1,0,0,0,1,leader,4.91,good,0.00053,mission
3,1.6,1,3.298,-2.655,2.287,1,0,0,0,1,0,0,0,1,follower1,1.65,good,0.00157,mission
3,1.7,2,3.283,-2.61,2.301,1,0,0,0,1,0,0,0,1,follower2,4.4,burst,0.00687,mission
3,1.8,0,3.266,-2.565,2.313,1,0,0,0,1,0,0,0,1,leader,1.77,burst,-0.00857,mission
3,1.9,1,3.249,-2.52,2.325,1,0,0,0,1,0,0,0,1,follower1,2.19,good,-0.0026,mission
3,2.0,2,3.231,-2.475,2.337,1,0,0,0,1,0,0,0,1,follower2,4.59,burst,-0.00452,mission
3,2.1,0,3.211,-2.431,2.347,1,0,0,0,1,0,0,0,1,leader,5.83,good,0.00422,mission
3,2.2,1,3.191,-2.388,2.356,1,0,0,0,1,0,0,0,1,follower1,0.62,good,0.00123,mission
3,2.3,2,3.171,-2.345,2.365,1,0,0,0,1,0,0,0,1,follower2,6.31,good,0.00109,mission
3,2.4,0,3.149,-2.302,2.373,1,0,0,0,1,0,0,0,1,leader,4.2,good,0.00033,mission
3,2.5,1,3.126,-2.259,2.38,1,0,0,0,1,0,0,0,1,follower1,3.55,burst,0.00217,mission
3,2.6,2,3.103,-2.217,2.385,1,0,0,0,1,0,0,0,1,follower2,7.45,burst,0.00288,mission
3,2.7,0,3.079,-2.176,2.39,1,0,0,0,1,0,0,0,1,leader,5.96,good,-0.00085,mission
3,2.8,1,3.053,-2.135,2.394,1,0,0,0,1,0,0,0,1,follower1,3.88,burst,0.00596,mission
3,2.9,2,3.028,-2.095,2.397,1,0,0,0,1,0,0,0,1,follower2,4.07,good,0.00123,mission
3,3.0,0,3.001,-2.055,2.399,1,0,0,0,1,0,0,0,1,leader,3.85,good,-0.00471,mission
3,3.1,1,2.973,-2.016,2.4,1,0,0,0,1,0,0,0,1,follower1,2.14,good,-0.00376,mission
3,3.2,2,2.945,-1.977,2.4,1,0,0,0,1,0,0,0,1,follower2,3.77,good,-0.00687,mission
3,3.3,0,2.916,-1.939,2.399,1,0,0,0,1,0,0,0,1,leader,5.38,good,0.00199,mission
3,3.4,1,2.886,-1.901,2.397,1,0,0,0,1,0,0,0,1,follower1,5.32,good,-0.00328,mission
3,3.5,2,2.856,-1.864,2.394,1,0,0,0,1,0,0,0,1,follower2,2.81,burst,-0.0004,mission
3,3.6,0,2.824,-1.827,2.39,1,0,0,0,1,0,0,0,1,leader,8.65,good,0.00221,mission
3,3.7,1,2.792,-1.792,2.385,1,0,0,0,1,0,0,0,1,follower1,5.97,good,-0.00023,mission
3,3.8,2,2.76,-1.757,2.379,1,0,0,0,1,0,0,0,1,follower2,5.01,burst,-0.00525,mission
3,3.9,0,2.726,-1.722,2.372,1,0,0,0,1,0,0,0,1,leader,3.53,good,0.00114,mission
3,4.0,1,2.692,-1.688,2.364,1,0,0,0,1,0,0,0,1,follower1,5.76,good,-0.00475,mission
3,4.1,2,2.657,-1.655,2.355,1,0,0,0,1,0,0,0,1,follower2,3.76,burst,0.0022,mission
3,4.2,0,2.622,-1.623,2.345,1,0,0,0,1,0,0,0,1,leader,4.95,burst,-0.00094,mission
3,4.3,1,2.586,-1.591,2.335,1,0,0,0,1,0,0,0,1,follower1,5.68,good,0.00241,mission
3,4.4,2,2.549,-1.56,2.323,1,0,0,0,1,0,0,0,1,follower2,9.87,good,0.00538,mission
3,4.5,0,2.512,-1.53,2.311,1,0,0,0,1,0,0,0,1,leader,2.05,good,-0.00256,mission
3,4.6,1,2.474,-1.501,2.298,1,0,0,0,1,0,0,0,1,follower1,9.2,burst,0.0025,mission
3,4.7,2,2.435,-1.472,2.285,1,0,0,0,1,0,0,0,1,follower2,5.27,good,0.00432,mission
3,4.8,0,2.396,-1.444,2.27,1,0,0,0,1,0,0,0,1,leader,2.32,good,0.0006,mission
3,4.9,1,2.357,-1.417,2.255,1,0,0,0,1,0,0,0,1,follower1,4.24,good,0.00478,mission
3,5.0,2,2.317,-1.39,2.239,1,0,0,0,1,0,0,0,1,follower2,3.47,good,-0.00411,mission
3,5.1,0,2.276,-1.365,2.223,1,0,0,0,1,0,0,0,1,leader,2.63,burst,-0.00332,mission
3,5.2,1,2.235,-1.34,2.206,1,0,0,0,1,0,0,0,1,follower1,2.65,burst,0.00321,mission
3,5.3,2,2.193,-1.316,2.189,1,0,0,0,1,0,0,0,1,follower2,1.68,good,0.00221,mission
3,5.4,0,2.151,-1.293,2.171,1,0,0,0,1,0,0,0,1,leader,4.37,good,0.01088,mission
3,5.5,1,2.109,-1.271,2.153,1,0,0,0,1,0,0,0,1,follower1,1.42,good,-0.00014,mission
3,5.6,2,2.066,-1.25,2.134,1,0,0,0,1,0,0,0,1,follower2,2.92,burst,0.00633,mission
3,5.7,0,2.022,-1.229,2.115,1,0,0,0,1,0,0,0,1,leader,3.71,good,0.00305,mission
3,5.8,1,1.978,-1.21,2.096,1,0,0,0,1,0,0,0,1,follower1,4.52,good,-0.00055,mission
3,5.9,2,1.934,-1.191,2.076,1,0,0,0,1,0,0,0,1,follower2,4.0,good,-0.00078,mission
3,6.0,0,1.89,-1.173,2.056,1,0,0,0,1,0,0,0,1,leader,4.51,burst,-0.00585,mission
3,6.1,1,1.845,-1.156,2.037,1,0,0,0,1,0,0,0,1,follower1,5.22,good,-0.00624,mission
3,6.2,2,1.8,-1.14,2.017,1,0,0,0,1,0,0,0,1,follower2,4.23,good,0.00523,mission
3,6.3,0,1.754,-1.125,1.997,1,0,0,0,1,0,0,0,1,leader,0.56,good,-0.00156,mission
3,6.4,1,1.708,-1.111,1.977,1,0,0,0,1,0,0,0,1,follower1,1.0,good,-0.00276,mission
3,6.5,2,1.662,-1.097,1.957,1,0,0,0,1,0,0,0,1,follower2,5.15,burst,0.00098,mission
3,6.6,0,1.616,-1.085,1.937,1,0,0,0,1,0,0,0,1,leader,2.88,good,0.0015,mission
3,6.7,1,1.569,-1.074,1.917,1,0,0,0,1,0,0,0,1,follower1,4.88,burst,0.00046,mission
3,6.8,2,1.522,-1.063,1.898,1,0,0,0,1,0,0,0,1,follower2,2.24,good,-0.00243,mission
3,6.9,0,1.475,-1.054,1.879,1,0,0,0,1,0,0,0,1,leader,1.91,good,0.00046,mission
3,7.0,1,1.428,-1.045,1.86,1,0,0,0,1,0,0,0,1,follower1,2.58,good,-0.00091,mission
3,7.1,2,1.381,-1.037,1.841,1,0,0,0,1,0,0,0,1,follower2,3.93,good,0.00289,mission
3,7.2,0,1.333,-1.03,1.823,1,0,0,0,1,0,0,0,1,leader,4.06,good,0.00196,mission
3,7.3,1,1.285,-1.025,1.805,1,0,0,0,1,0,0,0,1,follower1,3.12,good,0.00072,mission
3,7.4,2,1.238,-1.02,1.788,1,0,0,0,1,0,0,0,1,follower2,4.85,burst,0.00703,mission
3,7.5,0,1.19,-1.016,1.771,1,0,0,0,1,0,0,0,1,leader,8.39,good,0.0028,mission
3,7.6,1,1.142,-1.013,1.755,1,0,0,0,1,0,0,0,1,follower1,1.4,burst,0.0068,mission
3,7.7,2,1.094,-1.011,1.74,1,0,0,0,1,0,0,0,1,follower2,7.09,good,0.00128,mission
3,7.8,0,1.046,-1.01,1.725,1,0,0,0,1,0,0,0,1,leader,3.38,good,0.00151,mission
3,7.9,1,0.998,-1.01,1.711,1,0,0,0,1,0,0,0,1,follower1,2.51,good,-0.00311,mission
3,8.0,2,0.95,-1.011,1.697,1,0,0,0,1,0,0,0,1,follower2,5.65,good,-0.00388,mission
3,8.1,0,0.902,-1.013,1.685,1,0,0,0,1,0,0,0,1,leader,5.02,good,-0.00459,mission
3,8.2,1,0.854,-1.016,1.673,1,0,0,0,1,0,0,0,1,follower1,0.28,burst,-0.00438,mission
3,8.3,2,0.806,-1.02,1.662,1,0,0,0,1,0,0,0,1,follower2,6.31,good,-0.00617,mission
3,8.4,0,0.758,-1.024,1.651,1,0,0,0,1,0,0,0,1,leader,3.95,burst,0.00056,mission
3,8.5,1,0.711,-1.03,1.642,1,0,0,0,1,0,0,0,1,follower1,3.84,good,-0.0001,mission
3,8.6,2,0.663,-1.037,1.634,1,0,0,0,1,0,0,0,1,follower2,3.93,good,0.00229,mission
3,8.7,0,0.616,-1.044,1.626,1,0,0,0,1,0,0,0,1,leader,4.15,burst,0.00448,mission
3,8.8,1,0.569,-1.053,1.619,1,0,0,0,1,0,0,0,1,follower1,6.9,good,0.00105,mission
3,8.9,2,0.522,-1.062,1.614,1,0,0,0,1,0,0,0,1,follower2,6.27,good,0.00556,mission
3,9.0,0,0.475,-1.073,1.609,1,0,0,0,1,0,0,0,1,leader,3.0,good,0.00398,mission
3,9.1,1,0.428,-1.084,1.605,1,0,0,0,1,0,0,0,1,follower1,1.21,good,0.00197,mission
3,9.2,2,0.382,-1.096,1.603,1,0,0,0,1,0,0,0,1,follower2,6.42,good,0.00227,mission
3,9.3,0,0.336,-1.11,1.601,1,0,0,0,1,0,0,0,1,leader,2.66,burst,0.00315,mission
3,9.4,1,0.29,-1.124,1.6,1,0,0,0,1,0,0,0,1,follower1,4.92,burst,-0.00636,mission
3,9.5,2,0.244,-1.139,1.6,1,0,0,0,1,0,0,0,1,follower2,4.26,good,-0.0039,mission
3,9.6,0,0.199,-1.155,1.602,1,0,0,0,1,0,0,0,1,leader,0.03,burst,0.00223,mission
3,9.7,1,0.154,-1.172,1.604,1,0,0,0,1,0,0,0,1,follower1,2.47,burst,-0.00581,mission
3,9.8,2,0.109,-1.189,1.607,1,0,0,0,1,0,0,0,1,follower2,4.37,good,-0.00014,mission
3,9.9,0,0.065,-1.208,1.611,1,0,0,0,1,0,0,0,1,leader,5.18,good,0.00167,mission
3,10.0,1,0.021,-1.228,1.616,1,0,0,0,1,0,0,0,1,follower1,7.83,good,0.00288,mission
3,10.1,2,-0.022,-1.248,1.623,1,0,0,0,1,0,0,0,1,follower2,4.93,good,-0.00525,mission
3,10.2,0,-0.065,-1.269,1.63,1,0,0,0,1,0,0,0,1,leader,7.84,good,-7e-05,mission
3,10.3,1,-0.108,-1.292,1.638,1,0,0,0,1,0,0,0,1,follower1,5.12,burst,0.00107,mission
3,10.4,2,-0.15,-1.314,1.647,1,0,0,0,1,0,0,0,1,follower2,6.8,good,0.00722,mission
3,10.5,0,-0.192,-1.338,1.656,1,0,0,0,1,0,0,0,1,leader,5.03,good,0.00135,mission
3,10.6,1,-0.233,-1.363,1.667,1,0,0,0,1,0,0,0,1,follower1,6.25,good,-0.0,mission
3,10.7,2,-0.274,-1.388,1.679,1,0,0,0,1,0,0,0,1,follower2,5.62,good,0.00244,mission
3,10.8,0,-0.314,-1.415,1.691,1,0,0,0,1,0,0,0,1,leader,2.31,good,0.00671,mission
3,10.9,1,-0.353,-1.442,1.704,1,0,0,0,1,0,0,0,1,follower1,2.4,good,0.00073,mission
3,11.0,2,-0.392,-1.47,1.718,1,0,0,0,1,0,0,0,1,follower2,2.41,good,-0.00293,mission
3,11.1,0,-0.431,-1.498,1.732,1,0,0,0,1,0,0,0,1,leader,4.44,good,-0.00293,mission
3,11.2,1,-0.469,-1.528,1.747,1,0,0,0,1,0,0,0,1,follower1,6.55,good,-0.00866,mission
3,11.3,2,-0.506,-1.558,1.763,1,0,0,0,1,0,0,0,1,follower2,8.84,burst,-0.00769,mission
3,11.4,0,-0.543,-1.589,1.78,1,0,0,0,1,0,0,0,1,leader,7.24,good,0.00796,mission
3,11.5,1,-0.579,-1.62,1.797,1,0,0,0,1,0,0,0,1,follower1,5.98,good,-0.00025,mission
3,11.6,2,-0.615,-1.653,1.814,1,0,0,0,1,0,0,0,1,follower2,5.35,good,0.00141,mission
3,11.7,0,-0.649,-1.686,1.832,1,0,0,0,1,0,0,0,1,leader,3.04,good,-0.00338,mission
3,11.8,1,-0.684,-1.719,1.85,1,0,0,0,1,0,0,0,1,follower1,0.41,good,-0.00124,mission
3,11.9,2,-0.717,-1.754,1.869,1,0,0,0,1,0,0,0,1,follower2,4.26,good,0.00035,mission
3,12.0,0,-0.75,-1.789,1.888,1,0,0,0,1,0,0,0,1,leader,2.75,burst,0.0052,mission
3,12.1,1,-0.782,-1.825,1.908,1,0,0,0,1,0,0,0,1,follower1,2.53,burst,0.00091,mission
3,12.2,2,-0.813,-1.861,1.927,1,0,0,0,1,0,0,0,1,follower2,4.78,good,0.00444,mission
3,12.3,0,-0.844,-1.898,1.947,1,0,0,0,1,0,0,0,1,leader,4.3,good,0.00446,mission
3,12.4,1,-0.874,-1.936,1.967,1,0,0,0,1,0,0,0,1,follower1,3.74,good,0.00071,mission
3,12.5,2,-0.903,-1.974,1.987,1,0,0,0,1,0,0,0,1,follower2,4.04,good,-0.00328,mission
3,12.6,0,-0.931,-2.012,2.007,1,0,0,0,1,0,0,0,1,leader,2.02,good,0.0108,mission
3,12.7,1,-0.959,-2.052,2.027,1,0,0,0,1,0,0,0,1,follower1,3.81,good,-0.00085,mission
3,12.8,2,-0.985,-2.092,2.047,1,0,0,0,1,0,0,0,1,follower2,3.52,good,-0.00537,mission
3,12.9,0,-1.011,-2.132,2.066,1,0,0,0,1,0,0,0,1,leader,1.53,burst,0.00051,mission
3,13.0,1,-1.037,-2.173,2.086,1,0,0,0,1,0,0,0,1,follower1,4.23,good,0.00368,mission
3,13.1,2,-1.061,-2.214,2.105,1,0,0,0,1,0,0,0,1,follower2,7.82,good,-0.00036,mission
3,13.2,0,-1.084,-2.256,2.125,1,0,0,0,1,0,0,0,1,leader,5.28,good,-0.00309,mission
3,13.3,1,-1.107,-2.298,2.143,1,0,0,0,1,0,0,0,1,follower1,1.51,good,-0.00029,mission
3,13.4,2,-1.129,-2.341,2.162,1,0,0,0,1,0,0,0,1,follower2,3.67,good,-0.00291,mission
3,13.5,0,-1.15,-2.384,2.18,1,0,0,0,1,0,0,0,1,leader,5.95,burst,-0.00113,mission
3,13.6,1,-1.17,-2.428,2.198,1,0,0,0,1,0,0,0,1,follower1,5.29,good,-0.00403,mission
3,13.7,2,-1.189,-2.472,2.215,1,0,0,0,1,0,0,0,1,follower2,4.99,good,9e-05,mission
3,13.8,0,-1.207,-2.516,2.231,1,0,0,0,1,0,0,0,1,leader,4.05,good,0.00476,mission
3,13.9,1,-1.225,-2.561,2.247,1,0,0,0,1,0,0,0,1,follower1,6.42,burst,0.00735,mission
3,14.0,2,-1.241,-2.606,2.263,1,0,0,0,1,0,0,0,1,follower2,6.15,good,0.00188,mission
3,14.1,0,-1.257,-2.651,2.278,1,0,0,0,1,0,0,0,1,leader,3.76,good,0.00155,mission
3,14.2,1,-1.272,-2.697,2.292,1,0,0,0,1,0,0,0,1,follower1,6.25,burst,-0.00286,mission
3,14.3,2,-1.285,-2.743,2.305,1,0,0,0,1,0,0,0,1,follower2,5.05,good,0.00335,mission
3,14.4,0,-1.298,-2.789,2.317,1,0,0,0,1,0,0,0,1,leader,3.23,burst,0.0017,mission
3,14.5,1,-1.31,-2.836,2.329,1,0,0,0,1,0,0,0,1,follower1,4.88,good,-0.00039,mission
3,14.6,2,-1.321,-2.883,2.34,1,0,0,0,1,0,0,0,1,follower2,5.09,good,-0.00784,mission
3,14.7,0,-1.331,-2.929,2.35,1,0,0,0,1,0,0,0,1,leader,3.14,good,0.00889,mission
3,14.8,1,-1.341,-2.977,2.359,1,0,0,0,1,0,0,0,1,follower1,5.02,good,0.00198,mission
3,14.9,2,-1.349,-3.024,2.368,1,0,0,0,1,0,0,0,1,follower2,1.25,good,-0.00726,mission
3,15.0,0,-1.356,-3.071,2.375,1,0,0,0,1,0,0,0,1,leader,2.07,good,0.00202,mission
3,15.1,1,-1.362,-3.119,2.382,1,0,0,0,1,0,0,0,1,follower1,3.9,good,-0.00071,mission
3,15.2,2,-1.368,-3.167,2.387,1,0,0,0,1,0,0,0,1,follower2,2.71,burst,-0.00592,mission
3,15.3,0,-1.372,-3.214,2.392,1,0,0,0,1,0,0,0,1,leader,1.59,good,0.00299,mission
3,15.4,1,-1.375,-3.262,2.395,1,0,0,0,1,0,0,0,1,follower1,6.78,burst,0.00402,mission
3,15.5,2,-1.378,-3.31,2.398,1,0,0,0,1,0,0,0,1,follower2,6.44,burst,0.00413,mission
3,15.6,0,-1.379,-3.358,2.399,1,0,0,0,1,0,0,0,1,leader,4.9,good,0.00713,mission
3,15.7,1,-1.38,-3.406,2.4,1,0,0,0,1,0,0,0,1,follower1,2.91,good,-0.00605,mission
3,15.8,2,-1.38,-3.454,2.4,1,0,0,0,1,0,0,0,1,follower2,5.73,good,0.00229,mission
3,15.9,0,-1.378,-3.502,2.398,1,0,0,0,1,0,0,0,1,leader,2.88,good,0.0054,mission
3,16.0,1,-1.376,-3.55,2.396,1,0,0,0,1,0,0,0,1,follower1,5.54,good,-0.00046,mission
3,16.1,2,-1.373,-3.598,2.392,1,0,0,0,1,0,0,0,1,follower2,6.13,good,-0.00258,mission
3,16.2,0,-1.368,-3.646,2.388,1,0,0,0,1,0,0,0,1,leader,4.41,burst,0.00332,mission
3,16.3,1,-1.363,-3.694,2.383,1,0,0,0,1,0,0,0,1,follower1,4.25,good,-0.00209,mission
3,16.4,2,-1.357,-3.741,2.376,1,0,0,0,1,0,0,0,1,follower2,2.51,good,0.00182,mission
3,16.5,0,-1.35,-3.789,2.369,1,0,0,0,1,0,0,0,1,leader,9.35,burst,0.00154,mission
3,16.6,1,-1.342,-3.836,2.361,1,0,0,0,1,0,0,0,1,follower1,5.36,burst,-0.00085,mission
3,16.7,2,-1.333,-3.883,2.352,1,0,0,0,1,0,0,0,1,follower2,5.42,burst,0.00091,mission
3,16.8,0,-1.323,-3.93,2.342,1,0,0,0,1,0,0,0,1,leader,3.45,good,0.00223,mission
3,16.9,1,-1.312,-3.977,2.331,1,0,0,0,1,0,0,0,1,follower1,3.38,good,-0.0089,mission
3,17.0,2,-1.3,-4.023,2.319,1,0,0,0,1,0,0,0,1,follower2,4.03,good,-0.00685,mission
3,17.1,0,-1.288,-4.07,2.307,1,0,0,0,1,0,0,0,1,leader,9.17,good,0.00375,mission
3,17.2,1,-1.274,-4.116,2.294,1,0,0,0,1,0,0,0,1,follower1,3.74,good,0.0004,mission
3,17.3,2,-1.259,-4.161,2.28,1,0,0,0,1,0,0,0,1,follower2,5.14,good,-0.00823,mission
3,17.4,0,-1.244,-4.207,2.265,1,0,0,0,1,0,0,0,1,leader,3.0,burst,-0.00149,mission
3,17.5,1,-1.227,-4.252,2.25,1,0,0,0,1,0,0,0,1,follower1,3.56,good,-0.00036,mission
3,17.6,2,-1.21,-4.297,2.234,1,0,0,0,1,0,0,0,1,follower2,1.12,burst,-0.00562,mission
3,17.7,0,-1.192,-4.341,2.217,1,0,0,0,1,0,0,0,1,leader,3.24,good,0.00294,mission
3,17.8,1,-1.173,-4.385,2.2,1,0,0,0,1,0,0,0,1,follower1,2.52,good,0.0046,mission
3,17.9,2,-1.153,-4.429,2.183,1,0,0,0,1,0,0,0,1,follower2,3.98,good,0.00519,mission
3,18.0,0,-1.132,-4.472,2.165,1,0,0,0,1,0,0,0,1,leader,5.63,good,-0.00439,mission
3,18.1,1,-1.111,-4.515,2.146,1,0,0,0,1,0,0,0,1,follower1,4.73,good,0.00944,mission
3,18.2,2,-1.088,-4.557,2.128,1,0,0,0,1,0,0,0,1,follower2,4.92,burst,0.0018,mission
3,18.3,0,-1.065,-4.599,2.109,1,0,0,0,1,0,0,0,1,leader,3.61,good,0.00111,mission
3,18.4,1,-1.04,-4.641,2.089,1,0,0,0,1,0,0,0,1,follower1,5.1,burst,-0.00496,mission
3,18.5,2,-1.015,-4.682,2.07,1,0,0,0,1,0,0,0,1,follower2,4.1,good,-0.00425,mission
3,18.6,0,-0.99,-4.722,2.05,1,0,0,0,1,0,0,0,1,leader,1.53,good,-0.00123,mission
3,18.7,1,-0.963,-4.762,2.03,1,0,0,0,1,0,0,0,1,follower1,3.43,good,0.00522,mission
3,18.8,2,-0.936,-4.801,2.01,1,0,0,0,1,0,0,0,1,follower2,5.2,good,0.00045,mission
3,18.9,0,-0.907,-4.84,1.99,1,0,0,0,1,0,0,0,1,leader,4.77,burst,0.0014,mission
3,19.0,1,-0.878,-4.878,1.97,1,0,0,0,1,0,0,0,1,follower1,3.88,good,0.00345,mission
3,19.1,2,-0.849,-4.916,1.95,1,0,0,0,1,0,0,0,1,follower2,5.04,good,0.0006,mission
3,19.2,0,-0.818,-4.953,1.93,1,0,0,0,1,0,0,0,1,leader,1.41,good,-0.0038,mission
3,19.3,1,-0.787,-4.99,1.911,1,0,0,0,1,0,0,0,1,follower1,5.76,good,-0.0017,mission
3,19.4,2,-0.755,-5.025,1.891,1,0,0,0,1,0,0,0,1,follower2,3.4,good,0.00145,mission
3,19.5,0,-0.722,-5.061,1.872,1,0,0,0,1,0,0,0,1,leader,5.47,burst,0.00063,mission
3,19.6,1,-0.689,-5.095,1.853,1,0,0,0,1,0,0,0,1,follower1,3.92,good,-0.0069,mission
3,19.7,2,-0.655,-5.129,1.835,1,0,0,0,1,0,0,0,1,follower2,5.76,good,-0.00113,mission
3,19.8,0,-0.62,-5.162,1.817,1,0,0,0,1,0,0,0,1,leader,8.35,good,-0.00074,mission
3,19.9,1,-0.585,-5.195,1.799,1,0,0,0,1,0,0,0,1,follower1,3.07,good,-0.00052,mission
3,20.0,2,-0.549,-5.226,1.782,1,0,0,0,1,0,0,0,1,follower2,0.65,good,0.00367,mission
3,20.1,0,-0.512,-5.257,1.766,1,0,0,0,1,0,0,0,1,leader,6.47,good,-0.00323,mission
3,20.2,1,-0.475,-5.288,1.75,1,0,0,0,1,0,0,0,1,follower1,3.12,good,-0.00232,mission
3,20.3,2,-0.437,-5.317,1.735,1,0,0,0,1,0,0,0,1,follower2,7.35,good,0.00724,mission
3,20.4,0,-0.399,-5.346,1.72,1,0,0,0,1,0,0,0,1,leader,2.3,good,-0.00153,mission
3,20.5,1,-0.36,-5.374,1.706,1,0,0,0,1,0,0,0,1,follower1,3.39,burst,0.00104,mission
3,20.6,2,-0.32,-5.401,1.693,1,0,0,0,1,0,0,0,1,follower2,4.87,good,0.00439,mission
3,20.7,0,-0.28,-5.427,1.68,1,0,0,0,1,0,0,0,1,leader,4.65,good,-0.00783,mission
3,20.8,1,-0.239,-5.453,1.669,1,0,0,0,1,0,0,0,1,follower1,6.26,good,-0.00685,mission
3,20.9,2,-0.198,-5.478,1.658,1,0,0,0,1,0,0,0,1,follower2,2.29,burst,-0.00365,mission
3,21.0,0,-0.157,-5.502,1.648,1,0,0,0,1,0,0,0,1,leader,6.69,good,-0.00279,mission
3,21.1,1,-0.115,-5.525,1.639,1,0,0,0,1,0,0,0,1,follower1,6.06,good,-0.00118,mission
3,21.2,2,-0.072,-5.547,1.631,1,0,0,0,1,0,0,0,1,follower2,5.45,good,0.00402,mission
3,21.3,0,-0.029,-5.569,1.624,1,0,0,0,1,0,0,0,1,leader,2.1,good,-0.00175,mission
3,21.4,1,0.014,-5.589,1.617,1,0,0,0,1,0,0,0,1,follower1,3.64,burst,0.0007,mission
3,21.5,2,0.058,-5.609,1.612,1,0,0,0,1,0,0,0,1,follower2,4.13,good,-0.00094,mission
3,21.6,0,0.102,-5.628,1.608,1,0,0,0,1,0,0,0,1,leader,7.49,good,-0.00483,mission
3,21.7,1,0.147,-5.646,1.604,1,0,0,0,1,0,0,0,1,follower1,5.85,burst,0.00372,mission
3,21.8,2,0.192,-5.663,1.602,1,0,0,0,1,0,0,0,1,follower2,8.05,good,-0.00196,mission
3,21.9,0,0.237,-5.679,1.6,1,0,0,0,1,0,0,0,1,leader,4.02,good,-0.00482,mission
3,22.0,1,0.282,-5.694,1.6,1,0,0,0,1,0,0,0,1,follower1,3.7,good,-0.00668,mission
3,22.1,2,0.328,-5.708,1.601,1,0,0,0,1,0,0,0,1,follower2,2.77,burst,-0.00793,mission
3,22.2,0,0.374,-5.722,1.602,1,0,0,0,1,0,0,0,1,leader,3.88,good,0.00608,mission
3,22.3,1,0.421,-5.734,1.605,1,0,0,0,1,0,0,0,1,follower1,3.42,good,0.00114,mission
3,22.4,2,0.467,-5.745,1.608,1,0,0,0,1,0,0,0,1,follower2,4.3,burst,-0.0038,mission
3,22.5,0,0.514,-5.756,1.613,1,0,0,0,1,0,0,0,1,leader,3.29,good,0.00593,mission
3,22.6,1,0.561,-5.766,1.618,1,0,0,0,1,0,0,0,1,follower1,3.26,good,0.00531,mission
3,22.7,2,0.608,-5.774,1.625,1,0,0,0,1,0,0,0,1,follower2,2.32,burst,0.00815,mission
3,22.8,0,0.656,-5.782,1.632,1,0,0,0,1,0,0,0,1,leader,3.35,burst,0.00013,mission
3,22.9,1,0.703,-5.789,1.641,1,0,0,0,1,0,0,0,1,follower1,1.1,good,-0.00069,mission
3,23.0,2,0.751,-5.795,1.65,1,0,0,0,1,0,0,0,1,follower2,6.55,good,-0.00785,mission
3,23.1,0,0.799,-5.8,1.66,1,0,0,0,1,0,0,0,1,leader,1.74,good,-0.00362,mission
3,23.2,1,0.846,-5.804,1.671,1,0,0,0,1,0,0,0,1,follower1,5.1,good,0.00197,mission
3,23.3,2,0.894,-5.807,1.683,1,0,0,0,1,0,0,0,1,follower2,0.52,good,0.0022,mission
3,23.4,0,0.942,-5.809,1.695,1,0,0,0,1,0,0,0,1,leader,4.09,good,-0.00025,mission
3,23.5,1,0.99,-5.81,1.709,1,0,0,0,1,0,0,0,1,follower1,4.86,burst,0.00035,mission
3,23.6,2,1.038,-5.81,1.723,1,0,0,0,1,0,0,0,1,follower2,5.08,good,-0.00042,mission
3,23.7,0,1.086,-5.809,1.737,1,0,0,0,1,0,0,0,1,leader,3.71,burst,0.00356,mission
3,23.8,1,1.134,-5.807,1.753,1,0,0,0,1,0,0,0,1,follower1,3.54,good,-0.00102,mission
3,23.9,2,1.182,-5.805,1.769,1,0,0,0,1,0,0,0,1,follower2,1.11,good,-0.00302,mission
3,24.0,0,1.23,-5.801,1.785,1,0,0,0,1,0,0,0,1,leader,2.6,good,-0.00356,mission
3,24.1,1,1.278,-5.796,1.803,1,0,0,0,1,0,0,0,1,follower1,0.19,good,0.00233,mission
3,24.2,2,1.325,-5.79,1.82,1,0,0,0,1,0,0,0,1,follower2,8.71,good,-0.00248,mission
3,24.3,0,1.373,-5.784,1.838,1,0,0,0,1,0,0,0,1,leader,1.48,good,0.00328,mission
3,24.4,1,1.42,-5.776,1.857,1,0,0,0,1,0,0,0,1,follower1,3.2,good,-0.0011,mission
3,24.5,2,1.468,-5.768,1.876,1,0,0,0,1,0,0,0,1,follower2,0.97,good,0.00298,mission
3,24.6,0,1.515,-5.758,1.895,1,0,0,0,1,0,0,0,1,leader,4.56,good,-0.00662,mission
3,24.7,1,1.562,-5.748,1.914,1,0,0,0,1,0,0,0,1,follower1,4.15,good,0.00059,mission
3,24.8,2,1.608,-5.737,1.934,1,0,0,0,1,0,0,0,1,follower2,3.47,good,-0.00206,mission
3,24.9,0,1.655,-5.725,1.954,1,0,0,0,1,0,0,0,1,leader,1.59,good,0.00105,mission
3,25.0,1,1.701,-5.711,1.973,1,0,0,0,1,0,0,0,1,follower1,0.08,good,0.00299,mission
3,25.1,2,1.747,-5.697,1.993,1,0,0,0,1,0,0,0,1,follower2,4.58,good,-0.0047,mission
3,25.2,0,1.792,-5.682,2.013,1,0,0,0,1,0,0,0,1,leader,2.05,good,-0.00487,mission
3,25.3,1,1.838,-5.666,2.033,1,0,0,0,1,0,0,0,1,follower1,3.2,good,0.00503,mission
3,25.4,2,1.883,-5.65,2.053,1,0,0,0,1,0,0,0,1,follower2,3.23,good,0.00012,mission
3,25.5,0,1.927,-5.632,2.073,1,0,0,0,1,0,0,0,1,leader,3.9,good,0.00655,mission
3,25.6,1,1.971,-5.613,2.093,1,0,0,0,1,0,0,0,1,follower1,0.92,good,-0.00536,mission
3,25.7,2,2.015,-5.594,2.112,1,0,0,0,1,0,0,0,1,follower2,2.98,burst,0.00356,mission
3,25.8,0,2.059,-5.574,2.131,1,0,0,0,1,0,0,0,1,leader,7.91,burst,0.00156,mission
3,25.9,1,2.102,-5.552,2.15,1,0,0,0,1,0,0,0,1,follower1,4.26,good,0.00851,mission
3,26.0,2,2.144,-5.53,2.168,1,0,0,0,1,0,0,0,1,follower2,2.9,good,-0.00591,mission
3,26.1,0,2.187,-5.507,2.186,1,0,0,0,1,0,0,0,1,leader,3.68,good,0.00431,mission
3,26.2,1,2.228,-5.484,2.203,1,0,0,0,1,0,0,0,1,follower1,3.34,good,0.00051,mission
3,26.3,2,2.27,-5.459,2.22,1,0,0,0,1,0,0,0,1,follower2,3.88,good,-7e-05,mission
3,26.4,0,2.31,-5.434,2.237,1,0,0,0,1,0,0,0,1,leader,2.4,good,-0.00619,mission
3,26.5,1,2.35,-5.407,2.253,1,0,0,0,1,0,0,0,1,follower1,6.92,good,-0.00365,mission
3,26.6,2,2.39,-5.38,2.268,1,0,0,0,1,0,0,0,1,follower2,4.19,burst,-0.00389,mission
3,26.7,0,2.429,-5.353,2.282,1,0,0,0,1,0,0,0,1,leader,3.24,good,0.00059,mission
3,26.8,1,2.468,-5.324,2.296,1,0,0,0,1,0,0,0,1,follower1,0.13,good,0.00417,mission
3,26.9,2,2.506,-5.295,2.309,1,0,0,0,1,0,0,0,1,follower2,3.36,burst,-0.00838,mission
3,27.0,0,2.543,-5.265,2.322,1,0,0,0,1,0,0,0,1,leader,6.62,good,-0.00043,mission
3,27.1,1,2.58,-5.234,2.333,1,0,0,0,1,0,0,0,1,follower1,3.17,good,0.00515,mission
3,27.2,2,2.616,-5.202,2.344,1,0,0,0,1,0,0,0,1,follower2,1.77,good,0.00154,mission
3,27.3,0,2.652,-5.17,2.353,1,0,0,0,1,0,0,0,1,leader,3.96,good,0.00984,mission
3,27.4,1,2.687,-5.137,2.362,1,0,0,0,1,0,0,0,1,follower1,2.02,good,-0.00088,mission
3,27.5,2,2.721,-5.103,2.37,1,0,0,0,1,0,0,0,1,follower2,6.72,burst,0.00522,mission
3,27.6,0,2.754,-5.069,2.377,1,0,0,0,1,0,0,0,1,leader,2.1,burst,0.00049,mission
3,27.7,1,2.787,-5.034,2.384,1,0,0,0,1,0,0,0,1,follower1,3.01,good,0.00377,mission
3,27.8,2,2.819,-4.998,2.389,1,0,0,0,1,0,0,0,1,follower2,6.22,good,-0.00176,mission
3,27.9,0,2.851,-4.962,2.393,1,0,0,0,1,0,0,0,1,leader,4.67,burst,-0.0002,mission
3,28.0,1,2.881,-4.925,2.396,1,0,0,0,1,0,0,0,1,follower1,5.14,good,0.00353,mission
3,28.1,2,2.911,-4.888,2.398,1,0,0,0,1,0,0,0,1,follower2,0.13,good,0.00089,mission
3,28.2,0,2.94,-4.849,2.4,1,0,0,0,1,0,0,0,1,leader,6.34,good,0.00578,mission
3,28.3,1,2.969,-4.811,2.4,1,0,0,0,1,0,0,0,1,follower1,3.75,good,0.0024,mission
3,28.4,2,2.996,-4.771,2.399,1,0,0,0,1,0,0,0,1,follower2,8.22,burst,0.00075,mission
3,28.5,0,3.023,-4.732,2.397,1,0,0,0,1,0,0,0,1,leader,4.67,good,0.00704,mission
3,28.6,1,3.049,-4.691,2.395,1,0,0,0,1,0,0,0,1,follower1,5.4,good,-0.00148,mission
3,28.7,2,3.075,-4.65,2.391,1,0,0,0,1,0,0,0,1,follower2,5.63,burst,-0.00482,mission
3,28.8,0,3.099,-4.609,2.386,1,0,0,0,1,0,0,0,1,leader,5.41,burst,-0.00411,mission
3,28.9,1,3.123,-4.567,2.381,1,0,0,0,1,0,0,0,1,follower1,8.3,good,-0.00048,mission
3,29.0,2,3.145,-4.525,2.374,1,0,0,0,1,0,0,0,1,follower2,3.15,burst,0.00184,mission
3,29.1,0,3.167,-4.482,2.366,1,0,0,0,1,0,0,0,1,leader,3.12,good,0.00447,mission
3,29.2,1,3.188,-4.439,2.358,1,0,0,0,1,0,0,0,1,follower1,4.58,good,0.00512,mission
3,29.3,2,3.208,-4.396,2.349,1,0,0,0,1,0,0,0,1,follower2,2.23,burst,-0.00546,mission
3,29.4,0,3.228,-4.352,2.338,1,0,0,0,1,0,0,0,1,leader,4.6,good,0.00545,mission
3,29.5,1,3.246,-4.307,2.327,1,0,0,0,1,0,0,0,1,follower1,0.89,good,-0.00113,mission
3,29.6,2,3.263,-4.263,2.315,1,0,0,0,1,0,0,0,1,follower2,4.25,good,0.00093,mission
3,29.7,0,3.28,-4.218,2.303,1,0,0,0,1,0,0,0,1,leader,0.28,burst,-0.00144,mission
3,29.8,1,3.296,-4.172,2.289,1,0,0,0,1,0,0,0,1,follower1,5.56,good,0.00213,mission
3,29.9,2,3.311,-4.127,2.275,1,0,0,0,1,0,0,0,1,follower2,6.94,good,-0.00249,mission
3,30.0,0,3.324,-4.081,2.26,1,0,0,0,1,0,0,0,1,leader,4.33,good,-0.00057,mission
3,30.1,1,3.337,-4.034,2.245,1,0,0,0,1,0,0,0,1,follower1,2.21,good,0.00237,mission
3,30.2,2,3.349,-3.988,2.228,1,0,0,0,1,0,0,0,1,follower2,3.12,good,-0.0015,mission
3,30.3,0,3.36,-3.941,2.212,1,0,0,0,1,0,0,0,1,leader,3.07,good,-0.00032,mission
3,30.4,1,3.371,-3.894,2.195,1,0,0,0,1,0,0,0,1,follower1,3.35,good,-0.00281,mission
3,30.5,2,3.38,-3.847,2.177,1,0,0,0,1,0,0,0,1,follower2,3.6,good,-0.00408,mission
3,30.6,0,3.388,-3.8,2.159,1,0,0,0,1,0,0,0,1,leader,4.83,good,0.00201,mission
3,30.7,1,3.395,-3.752,2.14,1,0,0,0,1,0,0,0,1,follower1,5.35,good,0.00102,mission
3,30.8,2,3.402,-3.705,2.121,1,0,0,0,1,0,0,0,1,follower2,0.76,burst,0.00212,mission
3,30.9,0,3.407,-3.657,2.102,1,0,0,0,1,0,0,0,1,leader,5.13,good,-0.00173,mission
3,31.0,1,3.412,-3.609,2.083,1,0,0,0,1,0,0,0,1,follower1,4.43,burst,-0.00329,mission
3,31.1,2,3.415,-3.562,2.063,1,0,0,0,1,0,0,0,1,follower2,1.74,burst,-0.00904,mission
3,31.2,0,3.418,-3.514,2.043,1,0,0,0,1,0,0,0,1,leader,9.11,good,-0.00065,mission
3,31.3,1,3.419,-3.466,2.023,1,0,0,0,1,0,0,0,1,follower1,4.39,good,0.00172,mission
3,31.4,2,3.42,-3.418,2.003,1,0,0,0,1,0,0,0,1,follower2,1.2,good,0.00173,mission
3,31.5,0,3.42,-3.37,1.983,1,0,0,0,1,0,0,0,1,leader,5.37,good,-0.00396,mission
3,31.6,1,3.418,-3.322,1.963,1,0,0,0,1,0,0,0,1,follower1,9.22,good,-0.00098,mission
3,31.7,2,3.416,-3.274,1.943,1,0,0,0,1,0,0,0,1,follower2,6.3,good,0.00519,mission
3,31.8,0,3.413,-3.226,1.924,1,0,0,0,1,0,0,0,1,leader,4.84,good,0.00499,mission
3,31.9,1,3.409,-3.178,1.904,1,0,0,0,1,0,0,0,1,follower1,2.71,burst,0.00088,mission
3,32.0,2,3.404,-3.13,1.885,1,0,0,0,1,0,0,0,1,follower2,5.75,good,0.00741,mission
3,32.1,0,3.398,-3.083,1.866,1,0,0,0,1,0,0,0,1,leader,4.29,burst,0.00219,mission
3,32.2,1,3.391,-3.035,1.847,1,0,0,0,1,0,0,0,1,follower1,1.24,good,-0.00029,mission
3,32.3,2,3.383,-2.988,1.829,1,0,0,0,1,0,0,0,1,follower2,2.96,good,-0.00804,mission
3,32.4,0,3.374,-2.941,1.811,1,0,0,0,1,0,0,0,1,leader,5.6,good,-0.00113,mission
3,32.5,1,3.364,-2.894,1.794,1,0,0,0,1,0,0,0,1,follower1,5.66,burst,-0.00173,mission
3,32.6,2,3.353,-2.847,1.777,1,0,0,0,1,0,0,0,1,follower2,1.95,good,0.00462,mission
3,32.7,0,3.341,-2.8,1.76,1,0,0,0,1,0,0,0,1,leader,0.36,good,-0.00373,mission
3,32.8,1,3.329,-2.754,1.745,1,0,0,0,1,0,0,0,1,follower1,5.01,good,-0.00313,mission
3,32.9,2,3.315,-2.708,1.73,1,0,0,0,1,0,0,0,1,follower2,3.27,good,-0.00212,mission
3,33.0,0,3.301,-2.662,1.715,1,0,0,0,1,0,0,0,1,leader,3.5,good,0.00219,mission
3,33.1,1,3.285,-2.617,1.702,1,0,0,0,1,0,0,0,1,follower1,5.8,burst,0.00034,mission
3,33.2,2,3.269,-2.572,1.689,1,0,0,0,1,0,0,0,1,follower2,4.24,burst,0.00789,mission
3,33.3,0,3.252,-2.527,1.676,1,0,0,0,1,0,0,0,1,leader,6.42,burst,-0.00168,mission
3,33.4,1,3.234,-2.482,1.665,1,0,0,0,1,0,0,0,1,follower1,8.04,good,0.00032,mission
3,33.5,2,3.215,-2.438,1.655,1,0,0,0,1,0,0,0,1,follower2,6.13,good,-0.00052,mission
3,33.6,0,3.195,-2.395,1.645,1,0,0,0,1,0,0,0,1,leader,4.7,good,-0.0033,mission
3,33.7,1,3.174,-2.351,1.636,1,0,0,0,1,0,0,0,1,follower1,0.79,good,0.00307,mission
3,33.8,2,3.152,-2.309,1.628,1,0,0,0,1,0,0,0,1,follower2,5.99,good,0.00493,mission
3,33.9,0,3.13,-2.266,1.621,1,0,0,0,1,0,0,0,1,leader,4.73,good,-0.00434,mission
3,34.0,1,3.107,-2.224,1.615,1,0,0,0,1,0,0,0,1,follower1,5.75,good,-0.00413,mission
3,34.1,2,3.082,-2.183,1.61,1,0,0,0,1,0,0,0,1,follower2,7.8,burst,0.00208,mission
3,34.2,0,3.057,-2.142,1.606,1,0,0,0,1,0,0,0,1,leader,5.52,good,0.00716,mission
3,34.3,1,3.032,-2.101,1.603,1,0,0,0,1,0,0,0,1,follower1,2.67,good,0.00069,mission
3,34.4,2,3.005,-2.061,1.601,1,0,0,0,1,0,0,0,1,follower2,3.31,burst,0.00541,mission
3,34.5,0,2.978,-2.022,1.6,1,0,0,0,1,0,0,0,1,leader,7.28,good,-0.00166,mission
3,34.6,1,2.95,-1.983,1.6,1,0,0,0,1,0,0,0,1,follower1,2.02,good,0.00502,mission
3,34.7,2,2.921,-1.945,1.601,1,0,0,0,1,0,0,0,1,follower2,0.86,good,0.00327,mission
3,34.8,0,2.891,-1.907,1.603,1,0,0,0,1,0,0,0,1,leader,6.34,good,0.00085,mission
3,34.9,1,2.861,-1.87,1.606,1,0,0,0,1,0,0,0,1,follower1,5.08,good,0.00603,mission
3,35.0,2,2.829,-1.833,1.61,1,0,0,0,1,0,0,0,1,follower2,4.43,good,-0.0008,mission
3,35.1,0,2.797,-1.797,1.615,1,0,0,0,1,0,0,0,1,leader,6.61,burst,-0.00267,mission
3,35.2,1,2.765,-1.762,1.62,1,0,0,0,1,0,0,0,1,follower1,5.6,good,0.00698,mission
3,35.3,2,2.732,-1.728,1.627,1,0,0,0,1,0,0,0,1,follower2,6.21,good,-0.00132,mission
3,35.4,0,2.698,-1.694,1.635,1,0,0,0,1,0,0,0,1,leader,4.0,good,0.01209,mission
3,35.5,1,2.663,-1.66,1.644,1,0,0,0,1,0,0,0,1,follower1,3.76,burst,-0.0067,mission
3,35.6,2,2.628,-1.628,1.653,1,0,0,0,1,0,0,0,1,follower2,1.09,good,-0.00537,mission
3,35.7,0,2.592,-1.596,1.664,1,0,0,0,1,0,0,0,1,leader,3.72,good,0.00226,mission
3,35.8,1,2.555,-1.565,1.675,1,0,0,0,1,0,0,0,1,follower1,2.73,good,-0.00088,mission
3,35.9,2,2.518,-1.535,1.687,1,0,0,0,1,0,0,0,1,follower2,0.47,good,-0.00179,mission
3,36.0,0,2.48,-1.505,1.7,1,0,0,0,1,0,0,0,1,leader,5.31,good,-0.00122,mission
3,36.1,1,2.442,-1.476,1.713,1,0,0,0,1,0,0,0,1,follower1,3.16,good,0.00119,mission
3,36.2,2,2.403,-1.448,1.727,1,0,0,0,1,0,0,0,1,follower2,5.6,burst,-0.00193,mission
3,36.3,0,2.363,-1.421,1.742,1,0,0,0,1,0,0,0,1,leader,5.8,burst,-0.00221,mission
3,36.4,1,2.323,-1.395,1.758,1,0,0,0,1,0,0,0,1,follower1,1.98,good,-0.00042,mission
3,36.5,2,2.283,-1.369,1.774,1,0,0,0,1,0,0,0,1,follower2,2.3,good,-0.0,mission
3,36.6,0,2.242,-1.344,1.791,1,0,0,0,1,0,0,0,1,leader,5.43,good,0.00084,mission
3,36.7,1,2.2,-1.32,1.808,1,0,0,0,1,0,0,0,1,follower1,3.43,burst,0.00206,mission
3,36.8,2,2.158,-1.297,1.826,1,0,0,0,1,0,0,0,1,follower2,6.07,good,0.00033,mission
3,36.9,0,2.115,-1.275,1.844,1,0,0,0,1,0,0,0,1,leader,4.96,good,-0.00149,mission
3,37.0,1,2.073,-1.253,1.863,1,0,0,0,1,0,0,0,1,follower1,3.72,burst,-0.00027,mission
3,37.1,2,2.029,-1.232,1.882,1,0,0,0,1,0,0,0,1,follower2,4.23,good,0.00659,mission
3,37.2,0,1.985,-1.213,1.901,1,0,0,0,1,0,0,0,1,leader,4.11,good,-0.0025,mission
3,37.3,1,1.941,-1.194,1.921,1,0,0,0,1,0,0,0,1,follower1,3.89,good,-0.00109,mission
3,37.4,2,1.897,-1.176,1.94,1,0,0,0,1,0,0,0,1,follower2,3.51,good,-0.00504,mission
3,37.5,0,1.852,-1.159,1.96,1,0,0,0,1,0,0,0,1,leader,4.76,good,-0.00487,mission
3,37.6,1,1.807,-1.143,1.98,1,0,0,0,1,0,0,0,1,follower1,7.14,burst,0.00135,mission
3,37.7,2,1.761,-1.127,2.0,1,0,0,0,1,0,0,0,1,follower2,5.27,burst,-0.00355,mission
3,37.8,0,1.715,-1.113,2.02,1,0,0,0,1,0,0,0,1,leader,2.62,good,-0.00193,mission
3,37.9,1,1.669,-1.1,2.04,1,0,0,0,1,0,0,0,1,follower1,2.81,burst,-0.00204,mission
3,38.0,2,1.623,-1.087,2.06,1,0,0,0,1,0,0,0,1,follower2,8.04,burst,-0.00224,mission
3,38.1,0,1.576,-1.075,2.08,1,0,0,0,1,0,0,0,1,leader,3.67,good,-0.00612,mission
3,38.2,1,1.53,-1.065,2.099,1,0,0,0,1,0,0,0,1,follower1,8.45,good,-0.00436,mission
3,38.3,2,1.483,-1.055,2.118,1,0,0,0,1,0,0,0,1,follower2,5.8,burst,0.00209,mission
3,38.4,0,1.435,-1.046,2.137,1,0,0,0,1,0,0,0,1,leader,3.96,good,-0.00348,mission
3,38.5,1,1.388,-1.038,2.156,1,0,0,0,1,0,0,0,1,follower1,10.31,good,0.01066,mission
3,38.6,2,1.341,-1.032,2.174,1,0,0,0,1,0,0,0,1,follower2,2.33,good,-0.00488,mission
3,38.7,0,1.293,-1.026,2.192,1,0,0,0,1,0,0,0,1,leader,2.64,good,-0.00085,mission
3,38.8,1,1.245,-1.021,2.209,1,0,0,0,1,0,0,0,1,follower1,6.44,good,-0.00148,mission
3,38.9,2,1.197,-1.017,2.226,1,0,0,0,1,0,0,0,1,follower2,7.46,good,0.00049,mission
3,39.0,0,1.149,-1.013,2.242,1,0,0,0,1,0,0,0,1,leader,6.03,good,-0.00055,mission
3,39.1,1,1.102,-1.011,2.258,1,0,0,0,1,0,0,0,1,follower1,4.01,good,-0.00696,mission
3,39.2,2,1.054,-1.01,2.273,1,0,0,0,1,0,0,0,1,follower2,6.28,good,-0.00137,mission
3,39.3,0,1.006,-1.01,2.287,1,0,0,0,1,0,0,0,1,leader,2.6,good,-0.00237,mission
3,39.4,1,0.958,-1.011,2.301,1,0,0,0,1,0,0,0,1,follower1,4.31,burst,-0.00899,mission
3,39.5,2,0.91,-1.013,2.313,1,0,0,0,1,0,0,0,1,follower2,3.11,good,-0.00052,mission
3,39.6,0,0.862,-1.015,2.325,1,0,0,0,1,0,0,0,1,leader,2.11,good,-0.00089,mission
3,39.7,1,0.814,-1.019,2.337,1,0,0,0,1,0,0,0,1,follower1,6.32,good,0.00635,mission
3,39.8,2,0.766,-1.023,2.347,1,0,0,0,1,0,0,0,1,follower2,4.57,burst,-0.00167,mission
3,39.9,0,0.718,-1.029,2.357,1,0,0,0,1,0,0,0,1,leader,5.76,good,-0.0036,mission
3,40.0,1,0.671,-1.036,2.365,1,0,0,0,1,0,0,0,1,follower1,5.27,good,-0.00533,mission
3,40.1,2,0.623,-1.043,2.373,1,0,0,0,1,0,0,0,1,follower2,1.05,good,0.00711,mission
3,40.2,0,0.576,-1.051,2.38,1,0,0,0,1,0,0,0,1,leader,7.32,good,0.00282,mission
3,40.3,1,0.529,-1.061,2.385,1,0,0,0,1,0,0,0,1,follower1,4.4,burst,0.00272,mission
3,40.4,2,0.482,-1.071,2.39,1,0,0,0,1,0,0,0,1,follower2,4.46,good,-0.0016,mission
3,40.5,0,0.435,-1.082,2.394,1,0,0,0,1,0,0,0,1,leader,4.03,burst,-0.00237,mission
3,40.6,1,0.389,-1.094,2.397,1,0,0,0,1,0,0,0,1,follower1,2.99,burst,0.00176,mission
3,40.7,2,0.343,-1.108,2.399,1,0,0,0,1,0,0,0,1,follower2,6.74,good,0.00253,mission
3,40.8,0,0.297,-1.122,2.4,1,0,0,0,1,0,0,0,1,leader,2.33,good,-0.00275,mission
3,40.9,1,0.251,-1.136,2.4,1,0,0,0,1,0,0,0,1,follower1,5.01,good,-0.00104,mission
3,41.0,2,0.206,-1.152,2.399,1,0,0,0,1,0,0,0,1,follower2,1.63,good,0.00646,mission
3,41.1,0,0.161,-1.169,2.397,1,0,0,0,1,0,0,0,1,leader,7.6,good,-0.00272,mission
3,41.2,1,0.116,-1.187,2.394,1,0,0,0,1,0,0,0,1,follower1,3.44,burst,0.00164,mission
3,41.3,2,0.072,-1.205,2.389,1,0,0,0,1,0,0,0,1,follower2,3.83,good,-0.00292,mission
3,41.4,0,0.028,-1.225,2.384,1,0,0,0,1,0,0,0,1,leader,3.66,good,0.00044,mission
3,41.5,1,-0.015,-1.245,2.378,1,0,0,0,1,0,0,0,1,follower1,6.57,burst,0.00474,mission
3,41.6,2,-0.058,-1.266,2.372,1,0,0,0,1,0,0,0,1,follower2,8.6,good,0.00283,mission
3,41.7,0,-0.101,-1.288,2.364,1,0,0,0,1,0,0,0,1,leader,4.27,burst,0.00255,mission
3,41.8,1,-0.143,-1.311,2.355,1,0,0,0,1,0,0,0,1,follower1,4.64,good,-0.00303,mission
3,41.9,2,-0.185,-1.334,2.345,1,0,0,0,1,0,0,0,1,follower2,6.93,burst,0.00152,mission
3,42.0,0,-0.226,-1.359,2.335,1,0,0,0,1,0,0,0,1,leader,6.33,good,-0.00143,mission
3,42.1,1,-0.267,-1.384,2.323,1,0,0,0,1,0,0,0,1,follower1,3.55,good,-0.00085,mission
3,42.2,2,-0.307,-1.41,2.311,1,0,0,0,1,0,0,0,1,follower2,5.66,good,-0.0024,mission
3,42.3,0,-0.347,-1.437,2.298,1,0,0,0,1,0,0,0,1,leader,2.81,good,-0.00541,mission
3,42.4,1,-0.386,-1.465,2.284,1,0,0,0,1,0,0,0,1,follower1,0.72,good,0.00941,mission
3,42.5,2,-0.425,-1.494,2.27,1,0,0,0,1,0,0,0,1,follower2,3.93,good,-0.00254,mission
3,42.6,0,-0.463,-1.523,2.255,1,0,0,0,1,0,0,0,1,leader,5.53,good,-0.00315,mission
3,42.7,1,-0.5,-1.553,2.239,1,0,0,0,1,0,0,0,1,follower1,4.44,good,-0.00034,mission
3,42.8,2,-0.537,-1.584,2.223,1,0,0,0,1,0,0,0,1,follower2,8.23,burst,0.00078,mission
3,42.9,0,-0.573,-1.615,2.206,1,0,0,0,1,0,0,0,1,leader,5.06,good,0.00297,mission
3,43.0,1,-0.609,-1.647,2.189,1,0,0,0,1,0,0,0,1,follower1,0.58,good,0.00313,mission
3,43.1,2,-0.644,-1.68,2.171,1,0,0,0,1,0,0,0,1,follower2,3.36,good,-0.00402,mission
3,43.2,0,-0.678,-1.714,2.153,1,0,0,0,1,0,0,0,1,leader,6.09,good,-0.00096,mission
3,43.3,1,-0.712,-1.748,2.134,1,0,0,0,1,0,0,0,1,follower1,2.07,good,-0.00228,mission
3,43.4,2,-0.745,-1.783,2.115,1,0,0,0,1,0,0,0,1,follower2,4.61,good,0.00588,mission
3,43.5,0,-0.777,-1.819,2.096,1,0,0,0,1,0,0,0,1,leader,1.64,good,0.0074,mission
3,43.6,1,-0.808,-1.855,2.076,1,0,0,0,1,0,0,0,1,follower1,5.5,good,0.00018,mission
3,43.7,2,-0.839,-1.892,2.056,1,0,0,0,1,0,0,0,1,follower2,2.76,burst,-0.00366,mission
3,43.8,0,-0.869,-1.929,2.036,1,0,0,0,1,0,0,0,1,leader,3.93,good,0.00338,mission
3,43.9,1,-0.898,-1.968,2.016,1,0,0,0,1,0,0,0,1,follower1,3.41,good,0.00205,mission
3,44.0,2,-0.927,-2.006,1.996,1,0,0,0,1,0,0,0,1,follower2,5.95,burst,-0.00845,mission
3,44.1,0,-0.954,-2.045,1.976,1,0,0,0,1,0,0,0,1,leader,6.39,good,-0.00402,mission
3,44.2,1,-0.981,-2.085,1.957,1,0,0,0,1,0,0,0,1,follower1,0.5,good,0.00157,mission
3,44.3,2,-1.007,-2.125,1.937,1,0,0,0,1,0,0,0,1,follower2,3.45,good,0.00179,mission
3,44.4,0,-1.033,-2.166,1.917,1,0,0,0,1,0,0,0,1,leader,2.71,good,-0.00902,mission
3,44.5,1,-1.057,-2.208,1.898,1,0,0,0,1,0,0,0,1,follower1,2.66,good,0.00523,mission
3,44.6,2,-1.081,-2.249,1.878,1,0,0,0,1,0,0,0,1,follower2,4.95,good,-0.00421,mission
3,44.7,0,-1.103,-2.292,1.86,1,0,0,0,1,0,0,0,1,leader,2.55,good,-0.00141,mission
3,44.8,1,-1.125,-2.334,1.841,1,0,0,0,1,0,0,0,1,follower1,3.73,good,0.00145,mission
3,44.9,2,-1.146,-2.377,1.823,1,0,0,0,1,0,0,0,1,follower2,3.43,good,-0.00995,mission
3,45.0,0,-1.167,-2.421,1.805,1,0,0,0,1,0,0,0,1,leader,6.66,burst,0.00774,mission
3,45.1,1,-1.186,-2.465,1.788,1,0,0,0,1,0,0,0,1,follower1,3.08,good,0.0025,mission
3,45.2,2,-1.205,-2.509,1.771,1,0,0,0,1,0,0,0,1,follower2,3.69,good,-0.00092,mission
3,45.3,0,-1.222,-2.554,1.755,1,0,0,0,1,0,0,0,1,leader,3.91,good,0.00115,mission
3,45.4,1,-1.239,-2.599,1.74,1,0,0,0,1,0,0,0,1,follower1,5.38,good,1e-05,mission
3,45.5,2,-1.255,-2.644,1.725,1,0,0,0,1,0,0,0,1,follower2,0.64,burst,-0.00222,mission
3,45.6,0,-1.269,-2.69,1.711,1,0,0,0,1,0,0,0,1,leader,0.95,good,-0.00032,mission
3,45.7,1,-1.283,-2.736,1.697,1,0,0,0,1,0,0,0,1,follower1,3.46,burst,-0.00071,mission
3,45.8,2,-1.296,-2.782,1.684,1,0,0,0,1,0,0,0,1,follower2,3.9,good,0.00234,mission
3,45.9,0,-1.308,-2.828,1.673,1,0,0,0,1,0,0,0,1,leader,2.67,good,0.00078,mission
3,46.0,1,-1.32,-2.875,1.662,1,0,0,0,1,0,0,0,1,follower1,4.13,good,0.00188,mission
3,46.1,2,-1.33,-2.922,1.651,1,0,0,0,1,0,0,0,1,follower2,4.5,burst,0.00018,mission
3,46.2,0,-1.339,-2.969,1.642,1,0,0,0,1,0,0,0,1,leader,6.4,good,-0.00336,mission
3,46.3,1,-1.347,-3.016,1.633,1,0,0,0,1,0,0,0,1,follower1,6.32,good,-0.00046,mission
3,46.4,2,-1.355,-3.064,1.626,1,0,0,0,1,0,0,0,1,follower2,1.2,good,-0.00479,mission
3,46.5,0,-1.361,-3.111,1.619,1,0,0,0,1,0,0,0,1,leader,2.24,burst,0.00276,mission
3,46.6,1,-1.367,-3.159,1.614,1,0,0,0,1,0,0,0,1,follower1,7.71,good,-0.00014,mission
3,46.7,2,-1.371,-3.207,1.609,1,0,0,0,1,0,0,0,1,follower2,4.19,good,-0.00317,mission
3,46.8,0,-1.375,-3.255,1.605,1,0,0,0,1,0,0,0,1,leader,5.57,good,0.00119,mission
3,46.9,1,-1.378,-3.303,1.603,1,0,0,0,1,0,0,0,1,follower1,7.21,good,0.00114,mission
3,47.0,2,-1.379,-3.351,1.601,1,0,0,0,1,0,0,0,1,follower2,4.9,good,-0.00465,mission
3,47.1,0,-1.38,-3.399,1.6,1,0,0,0,1,0,0,0,1,leader,3.77,good,-0.00467,mission
3,47.2,1,-1.38,-3.447,1.6,1,0,0,0,1,0,0,0,1,follower1,0.4,good,0.00237,mission
3,47.3,2,-1.379,-3.495,1.602,1,0,0,0,1,0,0,0,1,follower2,3.81,good,0.00243,mission
3,47.4,0,-1.376,-3.542,1.604,1,0,0,0,1,0,0,0,1,leader,5.36,good,-0.00016,mission
3,47.5,1,-1.373,-3.59,1.607,1,0,0,0,1,0,0,0,1,follower1,3.58,good,0.00119,mission
3,47.6,2,-1.369,-3.638,1.611,1,0,0,0,1,0,0,0,1,follower2,4.98,good,0.00251,mission
3,47.7,0,-1.364,-3.686,1.616,1,0,0,0,1,0,0,0,1,leader,5.65,good,-0.00306,mission
3,47.8,1,-1.358,-3.734,1.623,1,0,0,0,1,0,0,0,1,follower1,3.18,good,-0.00652,mission
3,47.9,2,-1.351,-3.781,1.63,1,0,0,0,1,0,0,0,1,follower2,3.2,good,-0.00339,mission
3,48.0,0,-1.343,-3.828,1.638,1,0,0,0,1,0,0,0,1,leader,3.29,good,-0.00036,mission
3,48.1,1,-1.334,-3.876,1.647,1,0,0,0,1,0,0,0,1,follower1,5.06,good,-0.00629,mission
3,48.2,2,-1.325,-3.923,1.657,1,0,0,0,1,0,0,0,1,follower2,3.75,good,-0.00098,mission
3,48.3,0,-1.314,-3.969,1.667,1,0,0,0,1,0,0,0,1,leader,6.89,good,-0.00379,mission
3,48.4,1,-1.302,-4.016,1.679,1,0,0,0,1,0,0,0,1,follower1,4.18,burst,0.00464,mission
3,48.5,2,-1.29,-4.062,1.691,1,0,0,0,1,0,0,0,1,follower2,2.6,good,0.00014,mission
3,48.6,0,-1.276,-4.108,1.704,1,0,0,0,1,0,0,0,1,leader,7.67,good,0.00914,mission
3,48.7,1,-1.262,-4.154,1.718,1,0,0,0,1,0,0,0,1,follower1,8.86,burst,-0.00582,mission
3,48.8,2,-1.246,-4.2,1.732,1,0,0,0,1,0,0,0,1,follower2,7.2,burst,-0.00019,mission
3,48.9,0,-1.23,-4.245,1.748,1,0,0,0,1,0,0,0,1,leader,5.66,good,-0.0039,mission
3,49.0,1,-1.213,-4.29,1.763,1,0,0,0,1,0,0,0,1,follower1,0.23,good,-0.00118,mission
3,49.1,2,-1.195,-4.334,1.78,1,0,0,0,1,0,0,0,1,follower2,6.62,good,-0.0005,mission
3,49.2,0,-1.176,-4.378,1.797,1,0,0,0,1,0,0,0,1,leader,7.39,burst,0.00181,mission
3,49.3,1,-1.156,-4.422,1.814,1,0,0,0,1,0,0,0,1,follower1,4.33,good,-0.00253,mission
3,49.4,2,-1.136,-4.465,1.832,1,0,0,0,1,0,0,0,1,follower2,3.83,good,-0.00327,mission
3,49.5,0,-1.114,-4.508,1.851,1,0,0,0,1,0,0,0,1,leader,6.66,good,-0.00495,mission
3,49.6,1,-1.092,-4.551,1.869,1,0,0,0,1,0,0,0,1,follower1,0.47,burst,-0.004,mission
3,49.7,2,-1.068,-4.593,1.888,1,0,0,0,1,0,0,0,1,follower2,3.0,good,0.00478,mission
3,49.8,0,-1.044,-4.634,1.908,1,0,0,0,1,0,0,0,1,leader,5.07,good,0.00514,mission
3,49.9,1,-1.019,-4.675,1.927,1,0,0,0,1,0,0,0,1,follower1,1.95,good,0.00072,mission
3,50.0,2,-0.994,-4.716,1.947,1,0,0,0,1,0,0,0,1,follower2,2.7,burst,0.00457,mission
3,50.1,0,-0.967,-4.756,1.967,1,0,0,0,1,0,0,0,1,leader,3.07,good,0.00225,mission
3,50.2,1,-0.94,-4.795,1.987,1,0,0,0,1,0,0,0,1,follower1,4.49,burst,0.00268,mission
3,50.3,2,-0.912,-4.834,2.007,1,0,0,0,1,0,0,0,1,follower2,4.82,burst,4e-05,mission
3,50.4,0,-0.883,-4.872,2.027,1,0,0,0,1,0,0,0,1,leader,4.37,good,0.00196,mission
3,50.5,1,-0.853,-4.91,2.047,1,0,0,0,1,0,0,0,1,follower1,1.33,burst,-0.00016,mission
3,50.6,2,-0.823,-4.947,2.067,1,0,0,0,1,0,0,0,1,follower2,2.83,burst,0.00735,mission
3,50.7,0,-0.792,-4.984,2.086,1,0,0,0,1,0,0,0,1,leader,4.47,good,-0.00045,mission
3,50.8,1,-0.76,-5.02,2.106,1,0,0,0,1,0,0,0,1,follower1,5.31,good,-0.00182,mission
3,50.9,2,-0.727,-5.055,2.125,1,0,0,0,1,0,0,0,1,follower2,5.59,good,0.00138,mission
3,51.0,0,-0.694,-5.09,2.144,1,0,0,0,1,0,0,0,1,leader,6.18,burst,-0.00638,mission
3,51.1,1,-0.66,-5.124,2.162,1,0,0,0,1,0,0,0,1,follower1,4.12,good,0.00066,mission
3,51.2,2,-0.626,-5.157,2.18,1,0,0,0,1,0,0,0,1,follower2,7.27,good,-0.00554,mission
3,51.3,0,-0.59,-5.189,2.198,1,0,0,0,1,0,0,0,1,leader,7.08,good,0.00242,mission
3,51.4,1,-0.555,-5.221,2.215,1,0,0,0,1,0,0,0,1,follower1,1.9,good,-0.0037,mission
3,51.5,2,-0.518,-5.252,2.232,1,0,0,0,1,0,0,0,1,follower2,5.18,good,0.00068,mission
3,51.6,0,-0.481,-5.283,2.248,1,0,0,0,1,0,0,0,1,leader,5.13,burst,0.00383,mission
3,51.7,1,-0.443,-5.312,2.263,1,0,0,0,1,0,0,0,1,follower1,6.6,good,-0.00058,mission
3,51.8,2,-0.405,-5.341,2.278,1,0,0,0,1,0,0,0,1,follower2,4.6,good,0.00082,mission
3,51.9,0,-0.366,-5.369,2.292,1,0,0,0,1,0,0,0,1,leader,7.61,good,0.0061,mission
3,52.0,1,-0.326,-5.397,2.305,1,0,0,0,1,0,0,0,1,follower1,6.06,good,-0.00301,mission
3,52.1,2,-0.286,-5.423,2.318,1,0,0,0,1,0,0,0,1,follower2,6.09,good,0.00353,mission
3,52.2,0,-0.246,-5.449,2.329,1,0,0,0,1,0,0,0,1,leader,3.11,good,0.00259,mission
3,52.3,1,-0.205,-5.474,2.34,1,0,0,0,1,0,0,0,1,follower1,4.69,good,0.00537,mission
3,52.4,2,-0.163,-5.498,2.35,1,0,0,0,1,0,0,0,1,follower2,4.77,burst,-0.00765,mission
3,52.5,0,-0.121,-5.521,2.36,1,0,0,0,1,0,0,0,1,leader,7.24,good,-0.00796,mission
3,52.6,1,-0.079,-5.544,2.368,1,0,0,0,1,0,0,0,1,follower1,4.23,good,0.00968,mission
3,52.7,2,-0.036,-5.565,2.375,1,0,0,0,1,0,0,0,1,follower2,3.52,burst,-0.00142,mission
3,52.8,0,0.007,-5.586,2.382,1,0,0,0,1,0,0,0,1,leader,1.43,good,0.00038,mission
3,52.9,1,0.051,-5.606,2.387,1,0,0,0,1,0,0,0,1,follower1,6.5,good,0.00471,mission
3,53.0,2,0.095,-5.625,2.392,1,0,0,0,1,0,0,0,1,follower2,1.41,good,-0.00182,mission
3,53.1,0,0.14,-5.643,2.395,1,0,0,0,1,0,0,0,1,leader,6.16,burst,0.00461,mission
3,53.2,1,0.184,-5.66,2.398,1,0,0,0,1,0,0,0,1,follower1,1.98,good,-0.00368,mission
3,53.3,2,0.23,-5.676,2.399,1,0,0,0,1,0,0,0,1,follower2,3.37,burst,0.00247,mission
3,53.4,0,0.275,-5.691,2.4,1,0,0,0,1,0,0,0,1,leader,3.73,good,-0.00771,mission
3,53.5,1,0.321,-5.706,2.4,1,0,0,0,1,0,0,0,1,follower1,4.99,good,0.00576,mission
3,53.6,2,0.367,-5.719,2.398,1,0,0,0,1,0,0,0,1,follower2,2.56,good,0.00337,mission
3,53.7,0,0.413,-5.732,2.396,1,0,0,0,1,0,0,0,1,leader,3.61,good,-0.00602,mission
3,53.8,1,0.46,-5.744,2.392,1,0,0,0,1,0,0,0,1,follower1,6.32,good,-0.0022,mission
3,53.9,2,0.507,-5.754,2.388,1,0,0,0,1,0,0,0,1,follower2,4.38,good,0.00272,mission
3,54.0,0,0.554,-5.764,2.383,1,0,0,0,1,0,0,0,1,leader,7.37,burst,0.00074,mission
3,54.1,1,0.601,-5.773,2.376,1,0,0,0,1,0,0,0,1,follower1,0.08,good,0.00138,mission
3,54.2,2,0.648,-5.781,2.369,1,0,0,0,1,0,0,0,1,follower2,3.93,good,-0.00353,mission
3,54.3,0,0.696,-5.788,2.361,1,0,0,0,1,0,0,0,1,leader,0.04,good,-0.00156,mission
3,54.4,1,0.743,-5.794,2.352,1,0,0,0,1,0,0,0,1,follower1,5.73,good,-0.00347,mission
3,54.5,2,0.791,-5.799,2.342,1,0,0,0,1,0,0,0,1,follower2,6.93,burst,0.0058,mission
3,54.6,0,0.839,-5.803,2.331,1,0,0,0,1,0,0,0,1,leader,2.46,good,0.00044,mission
3,54.7,1,0.887,-5.806,2.319,1,0,0,0,1,0,0,0,1,follower1,1.59,burst,-0.0041,mission
3,54.8,2,0.935,-5.808,2.307,1,0,0,0,1,0,0,0,1,follower2,0.77,good,-0.00017,mission
3,54.9,0,0.983,-5.81,2.294,1,0,0,0,1,0,0,0,1,leader,3.57,good,-0.00307,mission
3,55.0,1,1.031,-5.81,2.28,1,0,0,0,1,0,0,0,1,follower1,0.9,good,-9e-05,mission
3,55.1,2,1.079,-5.809,2.265,1,0,0,0,1,0,0,0,1,follower2,3.31,good,0.00717,mission
3,55.2,0,1.127,-5.808,2.25,1,0,0,0,1,0,0,0,1,leader,5.78,good,-0.00345,mission
3,55.3,1,1.175,-5.805,2.234,1,0,0,0,1,0,0,0,1,follower1,2.45,good,0.00732,mission
3,55.4,2,1.222,-5.801,2.217,1,0,0,0,1,0,0,0,1,follower2,8.67,good,0.00051,mission
3,55.5,0,1.27,-5.797,2.2,1,0,0,0,1,0,0,0,1,leader,0.34,good,-0.00124,mission
3,55.6,1,1.318,-5.791,2.183,1,0,0,0,1,0,0,0,1,follower1,4.24,good,0.00545,mission
3,55.7,2,1.365,-5.785,2.165,1,0,0,0,1,0,0,0,1,follower2,2.96,good,0.0035,mission
3,55.8,0,1.413,-5.778,2.146,1,0,0,0,1,0,0,0,1,leader,0.72,good,-0.00299,mission
3,55.9,1,1.46,-5.769,2.127,1,0,0,0,1,0,0,0,1,follower1,2.8,good,0.00108,mission
3,56.0,2,1.507,-5.76,2.108,1,0,0,0,1,0,0,0,1,follower2,4.19,burst,0.00278,mission
3,56.1,0,1.554,-5.75,2.089,1,0,0,0,1,0,0,0,1,leader,5.85,good,0.00763,mission
3,56.2,1,1.601,-5.739,2.069,1,0,0,0,1,0,0,0,1,follower1,6.49,good,0.00518,mission
3,56.3,2,1.647,-5.727,2.05,1,0,0,0,1,0,0,0,1,follower2,4.4,burst,0.00267,mission
3,56.4,0,1.693,-5.714,2.03,1,0,0,0,1,0,0,0,1,leader,3.03,good,-0.00587,mission
3,56.5,1,1.739,-5.7,2.01,1,0,0,0,1,0,0,0,1,follower1,5.16,burst,0.0017,mission
3,56.6,2,1.785,-5.685,1.99,1,0,0,0,1,0,0,0,1,follower2,5.26,good,-0.00295,mission
3,56.7,0,1.83,-5.669,1.97,1,0,0,0,1,0,0,0,1,leader,5.9,good,0.00257,mission
3,56.8,1,1.875,-5.652,1.95,1,0,0,0,1,0,0,0,1,follower1,6.41,burst,-0.00485,mission
3,56.9,2,1.92,-5.635,1.93,1,0,0,0,1,0,0,0,1,follower2,5.7,burst,-0.00951,mission
3,57.0,0,1.964,-5.616,1.91,1,0,0,0,1,0,0,0,1,leader,7.23,good,-0.00255,mission
3,57.1,1,2.008,-5.597,1.891,1,0,0,0,1,0,0,0,1,follower1,4.71,good,-0.00624,mission
3,57.2,2,2.052,-5.577,1.872,1,0,0,0,1,0,0,0,1,follower2,6.77,good,-0.01037,mission
3,57.3,0,2.095,-5.556,1.853,1,0,0,0,1,0,0,0,1,leader,6.53,burst,0.00563,mission
3,57.4,1,2.138,-5.534,1.835,1,0,0,0,1,0,0,0,1,follower1,3.74,good,0.00065,mission
3,57.5,2,2.18,-5.511,1.817,1,0,0,0,1,0,0,0,1,follower2,2.64,good,0.00176,mission
3,57.6,0,2.222,-5.487,1.799,1,0,0,0,1,0,0,0,1,leader,7.73,good,0.0032,mission
3,57.7,1,2.263,-5.463,1.782,1,0,0,0,1,0,0,0,1,follower1,3.79,good,-0.00035,mission
3,57.8,2,2.304,-5.438,1.766,1,0,0,0,1,0,0,0,1,follower2,6.04,good,0.00064,mission
3,57.9,0,2.344,-5.412,1.75,1,0,0,0,1,0,0,0,1,leader,7.05,good,-0.00179,mission
3,58.0,1,2.384,-5.385,1.735,1,0,0,0,1,0,0,0,1,follower1,6.73,good,-0.0017,mission
3,58.1,2,2.423,-5.357,1.72,1,0,0,0,1,0,0,0,1,follower2,3.98,good,-3e-05,mission
3,58.2,0,2.462,-5.329,1.706,1,0,0,0,1,0,0,0,1,leader,1.79,good,0.00248,mission
3,58.3,1,2.5,-5.299,1.693,1,0,0,0,1,0,0,0,1,follower1,2.02,burst,-0.00462,mission
3,58.4,2,2.537,-5.269,1.68,1,0,0,0,1,0,0,0,1,follower2,5.32,good,0.00139,mission
3,58.5,0,2.574,-5.239,1.669,1,0,0,0,1,0,0,0,1,leader,4.74,good,-0.00587,mission
3,58.6,1,2.61,-5.207,1.658,1,0,0,0,1,0,0,0,1,follower1,4.26,good,0.00118,mission
3,58.7,2,2.646,-5.175,1.648,1,0,0,0,1,0,0,0,1,follower2,4.37,good,0.00171,mission
3,58.8,0,2.681,-5.142,1.639,1,0,0,0,1,0,0,0,1,leader,6.26,good,0.0005,mission
3,58.9,1,2.715,-5.109,1.631,1,0,0,0,1,0,0,0,1,follower1,7.96,burst,0.00229,mission
3,59.0,2,2.749,-5.074,1.624,1,0,0,0,1,0,0,0,1,follower2,3.42,good,-0.00194,mission
3,59.1,0,2.782,-5.04,1.617,1,0,0,0,1,0,0,0,1,leader,6.35,good,0.00523,mission
3,59.2,1,2.814,-5.004,1.612,1,0,0,0,1,0,0,0,1,follower1,3.03,good,0.00612,mission
3,59.3,2,2.846,-4.968,1.608,1,0,0,0,1,0,0,0,1,follower2,7.87,good,0.0019,mission
3,59.4,0,2.877,-4.931,1.604,1,0,0,0,1,0,0,0,1,leader,4.35,burst,0.00116,mission
3,59.5,1,2.907,-4.894,1.602,1,0,0,0,1,0,0,0,1,follower1,2.39,good,-0.00611,mission
3,59.6,2,2.936,-4.856,1.6,1,0,0,0,1,0,0,0,1,follower2,6.91,good,0.00346,mission
3,59.7,0,2.964,-4.817,1.6,1,0,0,0,1,0,0,0,1,leader,3.92,burst,-0.01043,mission
3,59.8,1,2.992,-4.778,1.601,1,0,0,0,1,0,0,0,1,follower1,7.79,burst,0.00843,mission
3,59.9,2,3.019,-4.738,1.602,1,0,0,0,1,0,0,0,1,follower2,6.94,good,-0.00538,rtl
4,0.0,0,3.42,-3.41,2.0,1,0,0,0,1,0,0,0,1,leader,4.5,good,1.00323,takeoff
4,0.1,1,3.42,-3.362,2.02,1,0,0,0,1,0,0,0,1,follower1,4.85,good,0.61737,mission
4,0.2,2,3.418,-3.314,2.04,1,0,0,0,1,0,0,0,1,follower2,5.84,good,0.37446,mission
4,0.3,0,3.416,-3.266,2.06,1,0,0,0,1,0,0,0,1,leader,3.87,good,0.23089,mission
4,0.4,1,3.412,-3.218,2.079,1,0,0,0,1,0,0,0,1,follower1,2.59,good,0.13814,mission
4,0.5,2,3.408,-3.17,2.099,1,0,0,0,1,0,0,0,1,follower2,3.06,good,0.08647,mission
4,0.6,0,3.403,-3.123,2.118,1,0,0,0,1,0,0,0,1,leader,9.44,good,0.05143,mission
4,0.7,1,3.397,-3.075,2.137,1,0,0,0,1,0,0,0,1,follower1,1.31,good,0.02963,mission
4,0.8,2,3.389,-3.028,2.156,1,0,0,0,1,0,0,0,1,follower2,1.06,burst,0.0117,mission
4,0.9,0,3.381,-2.98,2.174,1,0,0,0,1,0,0,0,1,leader,7.21,good,0.01473,mission
4,1.0,1,3.372,-2.933,2.192,1,0,0,0,1,0,0,0,1,follower1,4.45,burst,0.00317,mission
4,1.1,2,3.362,-2.886,2.209,1,0,0,0,1,0,0,0,1,follower2,7.09,good,0.00545,mission
4,1.2,0,3.351,-2.84,2.226,1,0,0,0,1,0,0,0,1,leader,5.64,good,-0.00616,mission
4,1.3,1,3.339,-2.793,2.242,1,0,0,0,1,0,0,0,1,follower1,4.87,good,-0.00045,mission
4,1.4,2,3.327,-2.747,2.258,1,0,0,0,1,0,0,0,1,follower2,3.98,good,0.00148,mission
4,1.5,0,3.313,-2.701,2.273,1,0,0,0,1,0,0,0,1,leader,8.37,good,0.00028,mission
4,1.6,1,3.298,-2.655,2.287,1,0,0,0,1,0,0,0,1,follower1,3.86,good,0.00475,mission
4,1.7,2,3.283,-2.61,2.301,1,0,0,0,1,0,0,0,1,follower2,2.38,burst,0.0009,mission
4,1.8,0,3.266,-2.565,2.313,1,0,0,0,1,0,0,0,1,leader,6.97,good,-0.00517,mission
4,1.9,1,3.249,-2.52,2.325,1,0,0,0,1,0,0,0,1,follower1,3.18,good,0.007,mission
4,2.0,2,3.231,-2.475,2.337,1,0,0,0,1,0,0,0,1,follower2,5.05,burst,0.00049,mission
4,2.1,0,3.211,-2.431,2.347,1,0,0,0,1,0,0,0,1,leader,9.73,good,-0.00416,mission
4,2.2,1,3.191,-2.388,2.356,1,0,0,0,1,0,0,0,1,follower1,7.73,good,-0.0048,mission
4,2.3,2,3.171,-2.345,2.365,1,0,0,0,1,0,0,0,1,follower2,6.43,good,0.00247,mission
4,2.4,0,3.149,-2.302,2.373,1,0,0,0,1,0,0,0,1,leader,6.42,good,-0.00794,mission
4,2.5,1,3.126,-2.259,2.38,1,0,0,0,1,0,0,0,1,follower1,2.63,burst,0.00069,mission
4,2.6,2,3.103,-2.217,2.385,1,0,0,0,1,0,0,0,1,follower2,3.99,burst,0.00262,mission
4,2.7,0,3.079,-2.176,2.39,1,0,0,0,1,0,0,0,1,leader,5.13,good,0.00028,mission
4,2.8,1,3.053,-2.135,2.394,1,0,0,0,1,0,0,0,1,follower1,4.55,good,-5e-05,mission
4,2.9,2,3.028,-2.095,2.397,1,0,0,0,1,0,0,0,1,follower2,3.28,good,0.00182,mission
4,3.0,0,3.001,-2.055,2.399,1,0,0,0,1,0,0,0,1,leader,4.1,burst,-0.00205,mission
4,3.1,1,2.973,-2.016,2.4,1,0,0,0,1,0,0,0,1,follower1,4.68,good,0.00675,mission
4,3.2,2,2.945,-1.977,2.4,1,0,0,0,1,0,0,0,1,follower2,3.73,good,-0.0013,mission
4,3.3,0,2.916,-1.939,2.399,1,0,0,0,1,0,0,0,1,leader,0.36,good,0.00259,mission
4,3.4,1,2.886,-1.901,2.397,1,0,0,0,1,0,0,0,1,follower1,2.5,burst,-0.0013,mission
4,3.5,2,2.856,-1.864,2.394,1,0,0,0,1,0,0,0,1,follower2,6.4,burst,-0.0006,mission
4,3.6,0,2.824,-1.827,2.39,1,0,0,0,1,0,0,0,1,leader,5.6,good,-0.00573,mission
4,3.7,1,2.792,-1.792,2.385,1,0,0,0,1,0,0,0,1,follower1,0.74,good,-0.00319,mission
4,3.8,2,2.76,-1.757,2.379,1,0,0,0,1,0,0,0,1,follower2,4.98,good,-0.00219,mission
4,3.9,0,2.726,-1.722,2.372,1,0,0,0,1,0,0,0,1,leader,3.26,good,0.00479,mission
4,4.0,1,2.692,-1.688,2.364,1,0,0,0,1,0,0,0,1,follower1,7.71,good,0.0024,mission
4,4.1,2,2.657,-1.655,2.355,1,0,0,0,1,0,0,0,1,follower2,5.74,good,-0.00483,mission
4,4.2,0,2.622,-1.623,2.345,1,0,0,0,1,0,0,0,1,leader,3.22,good,-0.00314,mission
4,4.3,1,2.586,-1.591,2.335,1,0,0,0,1,0,0,0,1,follower1,5.68,good,0.0016,mission
4,4.4,2,2.549,-1.56,2.323,1,0,0,0,1,0,0,0,1,follower2,5.85,burst,-0.00583,mission
4,4.5,0,2.512,-1.53,2.311,1,0,0,0,1,0,0,0,1,leader,4.14,good,0.00354,mission
4,4.6,1,2.474,-1.501,2.298,1,0,0,0,1,0,0,0,1,follower1,8.04,good,0.00905,mission
4,4.7,2,2.435,-1.472,2.285,1,0,0,0,1,0,0,0,1,follower2,4.98,good,-0.00357,mission
4,4.8,0,2.396,-1.444,2.27,1,0,0,0,1,0,0,0,1,leader,2.48,good,0.0068,mission
4,4.9,1,2.357,-1.417,2.255,1,0,0,0,1,0,0,0,1,follower1,3.35,burst,0.001,mission
4,5.0,2,2.317,-1.39,2.239,1,0,0,0,1,0,0,0,1,follower2,1.42,good,0.00512,mission
4,5.1,0,2.276,-1.365,2.223,1,0,0,0,1,0,0,0,1,leader,4.68,good,0.00096,mission
4,5.2,1,2.235,-1.34,2.206,1,0,0,0,1,0,0,0,1,follower1,7.24,good,-0.00154,mission
4,5.3,2,2.193,-1.316,2.189,1,0,0,0,1,0,0,0,1,follower2,0.02,burst,0.0053,mission
4,5.4,0,2.151,-1.293,2.171,1,0,0,0,1,0,0,0,1,leader,2.98,good,0.0025,mission
4,5.5,1,2.109,-1.271,2.153,1,0,0,0,1,0,0,0,1,follower1,3.63,good,0.00393,mission
4,5.6,2,2.066,-1.25,2.134,1,0,0,0,1,0,0,0,1,follower2,2.19,good,-0.0014,mission
4,5.7,0,2.022,-1.229,2.115,1,0,0,0,1,0,0,0,1,leader,5.51,good,-0.00161,mission
4,5.8,1,1.978,-1.21,2.096,1,0,0,0,1,0,0,0,1,follower1,5.97,good,-0.0035,mission
4,5.9,2,1.934,-1.191,2.076,1,0,0,0,1,0,0,0,1,follower2,3.86,good,0.00548,mission
4,6.0,0,1.89,-1.173,2.056,1,0,0,0,1,0,0,0,1,leader,3.68,good,-0.0015,mission
4,6.1,1,1.845,-1.156,2.037,1,0,0,0,1,0,0,0,1,follower1,4.1,good,-0.00347,mission
4,6.2,2,1.8,-1.14,2.017,1,0,0,0,1,0,0,0,1,follower2,9.57,good,0.00206,mission
4,6.3,0,1.754,-1.125,1.997,1,0,0,0,1,0,0,0,1,leader,0.96,good,0.00406,mission
4,6.4,1,1.708,-1.111,1.977,1,0,0,0,1,0,0,0,1,follower1,3.35,good,-0.00596,mission
4,6.5,2,1.662,-1.097,1.957,1,0,0,0,1,0,0,0,1,follower2,1.34,good,0.00373,mission
4,6.6,0,1.616,-1.085,1.937,1,0,0,0,1,0,0,0,1,leader,2.94,good,0.00501,mission
4,6.7,1,1.569,-1.074,1.917,1,0,0,0,1,0,0,0,1,follower1,5.31,good,-0.00083,mission
4,6.8,2,1.522,-1.063,1.898,1,0,0,0,1,0,0,0,1,follower2,5.66,good,0.00136,mission
4,6.9,0,1.475,-1.054,1.879,1,0,0,0,1,0,0,0,1,leader,6.07,good,-0.00186,mission
4,7.0,1,1.428,-1.045,1.86,1,0,0,0,1,0,0,0,1,follower1,8.4,burst,0.00047,mission
4,7.1,2,1.381,-1.037,1.841,1,0,0,0,1,0,0,0,1,follower2,5.06,burst,-0.00465,mission
4,7.2,0,1.333,-1.03,1.823,1,0,0,0,1,0,0,0,1,leader,3.2,good,0.00728,mission
4,7.3,1,1.285,-1.025,1.805,1,0,0,0,1,0,0,0,1,follower1,3.97,good,-0.00278,mission
4,7.4,2,1.238,-1.02,1.788,1,0,0,0,1,0,0,0,1,follower2,3.35,good,-0.00046,mission
4,7.5,0,1.19,-1.016,1.771,1,0,0,0,1,0,0,0,1,leader,0.96,good,0.00435,mission
4,7.6,1,1.142,-1.013,1.755,1,0,0,0,1,0,0,0,1,follower1,5.56,good,-0.0028,mission
4,7.7,2,1.094,-1.011,1.74,1,0,0,0,1,0,0,0,1,follower2,2.22,burst,-0.00258,mission
4,7.8,0,1.046,-1.01,1.725,1,0,0,0,1,0,0,0,1,leader,4.81,good,-0.00479,mission
4,7.9,1,0.998,-1.01,1.711,1,0,0,0,1,0,0,0,1,follower1,6.85,good,-0.00232,mission
4,8.0,2,0.95,-1.011,1.697,1,0,0,0,1,0,0,0,1,follower2,8.57,good,-0.00665,mission
4,8.1,0,0.902,-1.013,1.685,1,0,0,0,1,0,0,0,1,leader,4.67,good,0.00347,mission
4,8.2,1,0.854,-1.016,1.673,1,0,0,0,1,0,0,0,1,follower1,3.82,good,0.00787,mission
4,8.3,2,0.806,-1.02,1.662,1,0,0,0,1,0,0,0,1,follower2,3.59,good,-0.00511,mission
4,8.4,0,0.758,-1.024,1.651,1,0,0,0,1,0,0,0,1,leader,3.96,good,0.00115,mission
4,8.5,1,0.711,-1.03,1.642,1,0,0,0,1,0,0,0,1,follower1,1.6,good,-0.00174,mission
4,8.6,2,0.663,-1.037,1.634,1,0,0,0,1,0,0,0,1,follower2,4.46,good,0.00413,mission
4,8.7,0,0.616,-1.044,1.626,1,0,0,0,1,0,0,0,1,leader,6.22,burst,0.00079,mission
4,8.8,1,0.569,-1.053,1.619,1,0,0,0,1,0,0,0,1,follower1,3.58,good,0.0019,mission
4,8.9,2,0.522,-1.062,1.614,1,0,0,0,1,0,0,0,1,follower2,8.47,good,-0.01036,mission
4,9.0,0,0.475,-1.073,1.609,1,0,0,0,1,0,0,0,1,leader,6.69,good,-0.00192,mission
4,9.1,1,0.428,-1.084,1.605,1,0,0,0,1,0,0,0,1,follower1,2.36,good,-0.00325,mission
4,9.2,2,0.382,-1.096,1.603,1,0,0,0,1,0,0,0,1,follower2,6.07,good,0.00319,mission
4,9.3,0,0.336,-1.11,1.601,1,0,0,0,1,0,0,0,1,leader,2.69,burst,0.00511,mission
4,9.4,1,0.29,-1.124,1.6,1,0,0,0,1,0,0,0,1,follower1,2.35,good,-0.00693,mission
4,9.5,2,0.244,-1.139,1.6,1,0,0,0,1,0,0,0,1,follower2,2.42,burst,0.00244,mission
4,9.6,0,0.199,-1.155,1.602,1,0,0,0,1,0,0,0,1,leader,4.06,good,0.00214,mission
4,9.7,1,0.154,-1.172,1.604,1,0,0,0,1,0,0,0,1,follower1,5.47,good,0.00235,mission
4,9.8,2,0.109,-1.189,1.607,1,0,0,0,1,0,0,0,1,follower2,0.53,good,-0.00374,mission
4,9.9,0,0.065,-1.208,1.611,1,0,0,0,1,0,0,0,1,leader,3.56,good,-0.00062,mission
4,10.0,1,0.021,-1.228,1.616,1,0,0,0,1,0,0,0,1,follower1,3.02,good,0.00342,mission
4,10.1,2,-0.022,-1.248,1.623,1,0,0,0,1,0,0,0,1,follower2,5.93,good,0.0005,mission
4,10.2,0,-0.065,-1.269,1.63,1,0,0,0,1,0,0,0,1,leader,5.62,good,-0.00045,mission
4,10.3,1,-0.108,-1.292,1.638,1,0,0,0,1,0,0,0,1,follower1,4.29,good,0.00176,mission
4,10.4,2,-0.15,-1.314,1.647,1,0,0,0,1,0,0,0,1,follower2,4.35,good,0.00405,mission
4,10.5,0,-0.192,-1.338,1.656,1,0,0,0,1,0,0,0,1,leader,3.98,good,-0.00521,mission
4,10.6,1,-0.233,-1.363,1.667,1,0,0,0,1,0,0,0,1,follower1,5.23,good,0.00533,mission
4,10.7,2,-0.274,-1.388,1.679,1,0,0,0,1,0,0,0,1,follower2,2.15,good,-0.003,mission
4,10.8,0,-0.314,-1.415,1.691,1,0,0,0,1,0,0,0,1,leader,0.13,burst,-0.00283,mission
4,10.9,1,-0.353,-1.442,1.704,1,0,0,0,1,0,0,0,1,follower1,6.37,burst,-0.00412,mission
4,11.0,2,-0.392,-1.47,1.718,1,0,0,0,1,0,0,0,1,follower2,1.49,burst,0.0022,mission
4,11.1,0,-0.431,-1.498,1.732,1,0,0,0,1,0,0,0,1,leader,5.5,burst,0.00595,mission
4,11.2,1,-0.469,-1.528,1.747,1,0,0,0,1,0,0,0,1,follower1,6.25,good,-0.00305,mission
4,11.3,2,-0.506,-1.558,1.763,1,0,0,0,1,0,0,0,1,follower2,5.26,good,-0.00521,mission
4,11.4,0,-0.543,-1.589,1.78,1,0,0,0,1,0,0,0,1,leader,3.4,good,-0.00424,mission
4,11.5,1,-0.579,-1.62,1.797,1,0,0,0,1,0,0,0,1,follower1,6.16,good,0.00015,mission
4,11.6,2,-0.615,-1.653,1.814,1,0,0,0,1,0,0,0,1,follower2,2.41,good,0.0077,mission
4,11.7,0,-0.649,-1.686,1.832,1,0,0,0,1,0,0,0,1,leader,3.93,burst,-0.00419,mission
4,11.8,1,-0.684,-1.719,1.85,1,0,0,0,1,0,0,0,1,follower1,1.72,good,-0.0015,mission
4,11.9,2,-0.717,-1.754,1.869,1,0,0,0,1,0,0,0,1,follower2,2.86,good,0.00117,mission
4,12.0,0,-0.75,-1.789,1.888,1,0,0,0,1,0,0,0,1,leader,3.22,good,0.00436,mission
4,12.1,1,-0.782,-1.825,1.908,1,0,0,0,1,0,0,0,1,follower1,4.8,good,0.00343,mission
4,12.2,2,-0.813,-1.861,1.927,1,0,0,0,1,0,0,0,1,follower2,5.48,good,-0.00728,mission
4,12.3,0,-0.844,-1.898,1.947,1,0,0,0,1,0,0,0,1,leader,3.47,good,-0.00457,mission
4,12.4,1,-0.874,-1.936,1.967,1,0,0,0,1,0,0,0,1,follower1,2.12,good,0.0009,mission
4,12.5,2,-0.903,-1.974,1.987,1,0,0,0,1,0,0,0,1,follower2,5.96,good,-0.00107,mission
4,12.6,0,-0.931,-2.012,2.007,1,0,0,0,1,0,0,0,1,leader,5.81,burst,0.0016,mission
4,12.7,1,-0.959,-2.052,2.027,1,0,0,0,1,0,0,0,1,follower1,10.39,burst,0.00224,mission
4,12.8,2,-0.985,-2.092,2.047,1,0,0,0,1,0,0,0,1,follower2,3.49,good,0.00572,mission
4,12.9,0,-1.011,-2.132,2.066,1,0,0,0,1,0,0,0,1,leader,0.63,good,-0.00397,mission
4,13.0,1,-1.037,-2.173,2.086,1,0,0,0,1,0,0,0,1,follower1,3.62,good,-0.00188,mission
4,13.1,2,-1.061,-2.214,2.105,1,0,0,0,1,0,0,0,1,follower2,6.45,burst,-0.00092,mission
4,13.2,0,-1.084,-2.256,2.125,1,0,0,0,1,0,0,0,1,leader,1.06,burst,-0.00095,mission
4,13.3,1,-1.107,-2.298,2.143,1,0,0,0,1,0,0,0,1,follower1,7.9,burst,-0.00383,mission
4,13.4,2,-1.129,-2.341,2.162,1,0,0,0,1,0,0,0,1,follower2,4.03,good,0.00053,mission
4,13.5,0,-1.15,-2.384,2.18,1,0,0,0,1,0,0,0,1,leader,4.64,good,-0.00132,mission
4,13.6,1,-1.17,-2.428,2.198,1,0,0,0,1,0,0,0,1,follower1,7.55,good,0.00579,mission
4,13.7,2,-1.189,-2.472,2.215,1,0,0,0,1,0,0,0,1,follower2,9.12,good,-0.00032,mission
4,13.8,0,-1.207,-2.516,2.231,1,0,0,0,1,0,0,0,1,leader,3.05,good,0.0022,mission
4,13.9,1,-1.225,-2.561,2.247,1,0,0,0,1,0,0,0,1,follower1,9.69,good,0.00182,mission
4,14.0,2,-1.241,-2.606,2.263,1,0,0,0,1,0,0,0,1,follower2,2.52,good,0.00365,mission
4,14.1,0,-1.257,-2.651,2.278,1,0,0,0,1,0,0,0,1,leader,6.76,good,-0.00287,mission
4,14.2,1,-1.272,-2.697,2.292,1,0,0,0,1,0,0,0,1,follower1,6.15,good,-0.0039,mission
4,14.3,2,-1.285,-2.743,2.305,1,0,0,0,1,0,0,0,1,follower2,6.09,good,0.00923,mission
4,14.4,0,-1.298,-2.789,2.317,1,0,0,0,1,0,0,0,1,leader,4.41,good,0.00654,mission
4,14.5,1,-1.31,-2.836,2.329,1,0,0,0,1,0,0,0,1,follower1,7.16,good,0.00087,mission
4,14.6,2,-1.321,-2.883,2.34,1,0,0,0,1,0,0,0,1,follower2,4.79,burst,0.00603,mission
4,14.7,0,-1.331,-2.929,2.35,1,0,0,0,1,0,0,0,1,leader,5.67,good,-0.00342,mission
4,14.8,1,-1.341,-2.977,2.359,1,0,0,0,1,0,0,0,1,follower1,8.51,good,-0.00298,mission
4,14.9,2,-1.349,-3.024,2.368,1,0,0,0,1,0,0,0,1,follower2,3.13,good,0.00291,mission
4,15.0,0,-1.356,-3.071,2.375,1,0,0,0,1,0,0,0,1,leader,5.38,burst,-4e-05,mission
4,15.1,1,-1.362,-3.119,2.382,1,0,0,0,1,0,0,0,1,follower1,4.48,good,-0.00342,mission
4,15.2,2,-1.368,-3.167,2.387,1,0,0,0,1,0,0,0,1,follower2,3.8,good,0.00332,mission
4,15.3,0,-1.372,-3.214,2.392,1,0,0,0,1,0,0,0,1,leader,1.84,good,0.00664,mission
4,15.4,1,-1.375,-3.262,2.395,1,0,0,0,1,0,0,0,1,follower1,1.66,good,0.0069,mission
4,15.5,2,-1.378,-3.31,2.398,1,0,0,0,1,0,0,0,1,follower2,5.95,good,0.00042,mission
4,15.6,0,-1.379,-3.358,2.399,1,0,0,0,1,0,0,0,1,leader,0.72,good,-0.00257,mission
4,15.7,1,-1.38,-3.406,2.4,1,0,0,0,1,0,0,0,1,follower1,1.29,good,0.01227,mission
4,15.8,2,-1.38,-3.454,2.4,1,0,0,0,1,0,0,0,1,follower2,9.34,good,0.00614,mission
4,15.9,0,-1.378,-3.502,2.398,1,0,0,0,1,0,0,0,1,leader,3.56,good,-0.00742,mission
4,16.0,1,-1.376,-3.55,2.396,1,0,0,0,1,0,0,0,1,follower1,0.69,good,-0.00059,mission
4,16.1,2,-1.373,-3.598,2.392,1,0,0,0,1,0,0,0,1,follower2,4.89,burst,-0.00296,mission
4,16.2,0,-1.368,-3.646,2.388,1,0,0,0,1,0,0,0,1,leader,5.22,good,-0.00559,mission
4,16.3,1,-1.363,-3.694,2.383,1,0,0,0,1,0,0,0,1,follower1,4.76,good,0.00162,mission
4,16.4,2,-1.357,-3.741,2.376,1,0,0,0,1,0,0,0,1,follower2,6.4,burst,0.00166,mission
4,16.5,0,-1.35,-3.789,2.369,1,0,0,0,1,0,0,0,1,leader,5.36,good,-0.00335,mission
4,16.6,1,-1.342,-3.836,2.361,1,0,0,0,1,0,0,0,1,follower1,4.46,good,-0.00193,mission
4,16.7,2,-1.333,-3.883,2.352,1,0,0,0,1,0,0,0,1,follower2,3.88,good,0.00201,mission
4,16.8,0,-1.323,-3.93,2.342,1,0,0,0,1,0,0,0,1,leader,4.9,good,0.00505,mission
4,16.9,1,-1.312,-3.977,2.331,1,0,0,0,1,0,0,0,1,follower1,4.42,good,0.0074,mission
4,17.0,2,-1.3,-4.023,2.319,1,0,0,0,1,0,0,0,1,follower2,9.66,burst,-0.00242,mission
4,17.1,0,-1.288,-4.07,2.307,1,0,0,0,1,0,0,0,1,leader,6.84,good,0.00129,mission
4,17.2,1,-1.274,-4.116,2.294,1,0,0,0,1,0,0,0,1,follower1,2.9,good,-0.00104,mission
4,17.3,2,-1.259,-4.161,2.28,1,0,0,0,1,0,0,0,1,follower2,3.07,good,0.00827,mission
4,17.4,0,-1.244,-4.207,2.265,1,0,0,0,1,0,0,0,1,leader,2.2,burst,0.0029,mission
4,17.5,1,-1.227,-4.252,2.25,1,0,0,0,1,0,0,0,1,follower1,2.99,good,0.0026,mission
4,17.6,2,-1.21,-4.297,2.234,1,0,0,0,1,0,0,0,1,follower2,4.78,good,0.00324,mission
4,17.7,0,-1.192,-4.341,2.217,1,0,0,0,1,0,0,0,1,leader,4.54,good,-0.00615,mission
4,17.8,1,-1.173,-4.385,2.2,1,0,0,0,1,0,0,0,1,follower1,4.6,good,0.00062,mission
4,17.9,2,-1.153,-4.429,2.183,1,0,0,0,1,0,0,0,1,follower2,4.7,good,-0.00203,mission
4,18.0,0,-1.132,-4.472,2.165,1,0,0,0,1,0,0,0,1,leader,7.73,good,-0.00174,mission
4,18.1,1,-1.111,-4.515,2.146,1,0,0,0,1,0,0,0,1,follower1,4.34,burst,0.00341,mission
4,18.2,2,-1.088,-4.557,2.128,1,0,0,0,1,0,0,0,1,follower2,5.55,good,0.00462,mission
4,18.3,0,-1.065,-4.599,2.109,1,0,0,0,1,0,0,0,1,leader,2.97,good,-0.00837,mission
4,18.4,1,-1.04,-4.641,2.089,1,0,0,0,1,0,0,0,1,follower1,5.51,good,-0.00273,mission
4,18.5,2,-1.015,-4.682,2.07,1,0,0,0,1,0,0,0,1,follower2,3.17,burst,0.00591,mission
4,18.6,0,-0.99,-4.722,2.05,1,0,0,0,1,0,0,0,1,leader,5.67,good,-0.00235,mission
4,18.7,1,-0.963,-4.762,2.03,1,0,0,0,1,0,0,0,1,follower1,3.38,good,-0.00096,mission
4,18.8,2,-0.936,-4.801,2.01,1,0,0,0,1,0,0,0,1,follower2,0.29,good,0.0047,mission
4,18.9,0,-0.907,-4.84,1.99,1,0,0,0,1,0,0,0,1,leader,4.25,good,-0.00621,mission
4,19.0,1,-0.878,-4.878,1.97,1,0,0,0,1,0,0,0,1,follower1,4.06,good,0.00019,mission
4,19.1,2,-0.849,-4.916,1.95,1,0,0,0,1,0,0,0,1,follower2,6.5,good,-4e-05,mission
4,19.2,0,-0.818,-4.953,1.93,1,0,0,0,1,0,0,0,1,leader,1.92,good,0.00147,mission
4,19.3,1,-0.787,-4.99,1.911,1,0,0,0,1,0,0,0,1,follower1,5.24,good,-0.00049,mission
4,19.4,2,-0.755,-5.025,1.891,1,0,0,0,1,0,0,0,1,follower2,5.07,good,-0.00296,mission
4,19.5,0,-0.722,-5.061,1.872,1,0,0,0,1,0,0,0,1,leader,4.83,burst,0.00232,mission
4,19.6,1,-0.689,-5.095,1.853,1,0,0,0,1,0,0,0,1,follower1,6.58,good,-0.00629,mission
4,19.7,2,-0.655,-5.129,1.835,1,0,0,0,1,0,0,0,1,follower2,2.92,good,-0.00054,mission
4,19.8,0,-0.62,-5.162,1.817,1,0,0,0,1,0,0,0,1,leader,3.8,good,0.00018,mission
4,19.9,1,-0.585,-5.195,1.799,1,0,0,0,1,0,0,0,1,follower1,0.93,good,-0.00484,mission
4,20.0,2,-0.549,-5.226,1.782,1,0,0,0,1,0,0,0,1,follower2,4.61,good,-0.00233,mission
4,20.1,0,-0.512,-5.257,1.766,1,0,0,0,1,0,0,0,1,leader,1.75,burst,-0.00668,mission
4,20.2,1,-0.475,-5.288,1.75,1,0,0,0,1,0,0,0,1,follower1,5.7,good,-0.00241,mission
4,20.3,2,-0.437,-5.317,1.735,1,0,0,0,1,0,0,0,1,follower2,9.07,burst,-0.004,mission
4,20.4,0,-0.399,-5.346,1.72,1,0,0,0,1,0,0,0,1,leader,1.06,burst,0.00564,mission
4,20.5,1,-0.36,-5.374,1.706,1,0,0,0,1,0,0,0,1,follower1,3.18,good,-0.00169,mission
4,20.6,2,-0.32,-5.401,1.693,1,0,0,0,1,0,0,0,1,follower2,3.2,good,-0.00358,mission
4,20.7,0,-0.28,-5.427,1.68,1,0,0,0,1,0,0,0,1,leader,4.75,good,0.00344,mission
4,20.8,1,-0.239,-5.453,1.669,1,0,0,0,1,0,0,0,1,follower1,3.93,good,0.00198,mission
4,20.9,2,-0.198,-5.478,1.658,1,0,0,0,1,0,0,0,1,follower2,1.51,good,0.00015,mission
4,21.0,0,-0.157,-5.502,1.648,1,0,0,0,1,0,0,0,1,leader,3.94,good,-0.00054,mission
4,21.1,1,-0.115,-5.525,1.639,1,0,0,0,1,0,0,0,1,follower1,2.67,good,0.00875,mission
4,21.2,2,-0.072,-5.547,1.631,1,0,0,0,1,0,0,0,1,follower2,9.24,burst,0.00871,mission
4,21.3,0,-0.029,-5.569,1.624,1,0,0,0,1,0,0,0,1,leader,4.98,good,-0.007,mission
4,21.4,1,0.014,-5.589,1.617,1,0,0,0,1,0,0,0,1,follower1,7.82,good,-0.00134,mission
4,21.5,2,0.058,-5.609,1.612,1,0,0,0,1,0,0,0,1,follower2,3.01,good,-0.00145,mission
4,21.6,0,0.102,-5.628,1.608,1,0,0,0,1,0,0,0,1,leader,5.03,good,-0.00254,mission
4,21.7,1,0.147,-5.646,1.604,1,0,0,0,1,0,0,0,1,follower1,2.53,burst,0.00204,mission
4,21.8,2,0.192,-5.663,1.602,1,0,0,0,1,0,0,0,1,follower2,5.66,burst,-0.00114,mission
4,21.9,0,0.237,-5.679,1.6,1,0,0,0,1,0,0,0,1,leader,4.15,good,-0.00165,mission
4,22.0,1,0.282,-5.694,1.6,1,0,0,0,1,0,0,0,1,follower1,0.97,good,-0.00262,mission
4,22.1,2,0.328,-5.708,1.601,1,0,0,0,1,0,0,0,1,follower2,6.15,burst,-0.00539,mission
4,22.2,0,0.374,-5.722,1.602,1,0,0,0,1,0,0,0,1,leader,1.66,good,-0.00077,mission
4,22.3,1,0.421,-5.734,1.605,1,0,0,0,1,0,0,0,1,follower1,0.84,burst,-0.00043,mission
4,22.4,2,0.467,-5.745,1.608,1,0,0,0,1,0,0,0,1,follower2,4.74,good,0.00249,mission
4,22.5,0,0.514,-5.756,1.613,1,0,0,0,1,0,0,0,1,leader,4.17,burst,-0.00222,mission
4,22.6,1,0.561,-5.766,1.618,1,0,0,0,1,0,0,0,1,follower1,4.88,good,-0.00479,mission
4,22.7,2,0.608,-5.774,1.625,1,0,0,0,1,0,0,0,1,follower2,2.96,good,-0.00452,mission
4,22.8,0,0.656,-5.782,1.632,1,0,0,0,1,0,0,0,1,leader,3.28,good,0.00338,mission
4,22.9,1,0.703,-5.789,1.641,1,0,0,0,1,0,0,0,1,follower1,4.61,burst,-0.0001,mission
4,23.0,2,0.751,-5.795,1.65,1,0,0,0,1,0,0,0,1,follower2,4.34,good,-0.0076,mission
4,23.1,0,0.799,-5.8,1.66,1,0,0,0,1,0,0,0,1,leader,5.35,burst,0.0051,mission
4,23.2,1,0.846,-5.804,1.671,1,0,0,0,1,0,0,0,1,follower1,1.95,burst,0.00235,mission
4,23.3,2,0.894,-5.807,1.683,1,0,0,0,1,0,0,0,1,follower2,5.79,good,0.00319,mission
4,23.4,0,0.942,-5.809,1.695,1,0,0,0,1,0,0,0,1,leader,4.69,good,-0.00348,mission
4,23.5,1,0.99,-5.81,1.709,1,0,0,0,1,0,0,0,1,follower1,5.57,burst,-0.00163,mission
4,23.6,2,1.038,-5.81,1.723,1,0,0,0,1,0,0,0,1,follower2,3.09,good,0.00215,mission
4,23.7,0,1.086,-5.809,1.737,1,0,0,0,1,0,0,0,1,leader,2.77,good,0.00189,mission
4,23.8,1,1.134,-5.807,1.753,1,0,0,0,1,0,0,0,1,follower1,2.42,burst,-0.0024,mission
4,23.9,2,1.182,-5.805,1.769,1,0,0,0,1,0,0,0,1,follower2,5.68,good,-0.00131,mission
4,24.0,0,1.23,-5.801,1.785,1,0,0,0,1,0,0,0,1,leader,5.45,good,0.0049,mission
4,24.1,1,1.278,-5.796,1.803,1,0,0,0,1,0,0,0,1,follower1,4.08,good,0.00691,mission
4,24.2,2,1.325,-5.79,1.82,1,0,0,0,1,0,0,0,1,follower2,4.3,good,-0.00209,mission
4,24.3,0,1.373,-5.784,1.838,1,0,0,0,1,0,0,0,1,leader,0.12,good,-0.00284,mission
4,24.4,1,1.42,-5.776,1.857,1,0,0,0,1,0,0,0,1,follower1,8.77,good,0.00765,mission
4,24.5,2,1.468,-5.768,1.876,1,0,0,0,1,0,0,0,1,follower2,5.73,burst,0.00938,mission
4,24.6,0,1.515,-5.758,1.895,1,0,0,0,1,0,0,0,1,leader,7.69,good,-0.00407,mission
4,24.7,1,1.562,-5.748,1.914,1,0,0,0,1,0,0,0,1,follower1,3.68,burst,0.00235,mission
4,24.8,2,1.608,-5.737,1.934,1,0,0,0,1,0,0,0,1,follower2,5.01,good,0.00259,mission
4,24.9,0,1.655,-5.725,1.954,1,0,0,0,1,0,0,0,1,leader,5.13,good,0.00828,mission
4,25.0,1,1.701,-5.711,1.973,1,0,0,0,1,0,0,0,1,follower1,4.38,good,0.00183,mission
4,25.1,2,1.747,-5.697,1.993,1,0,0,0,1,0,0,0,1,follower2,6.11,good,-0.00703,mission
4,25.2,0,1.792,-5.682,2.013,1,0,0,0,1,0,0,0,1,leader,4.08,good,-0.00338,mission
4,25.3,1,1.838,-5.666,2.033,1,0,0,0,1,0,0,0,1,follower1,4.53,burst,-0.00101,mission
4,25.4,2,1.883,-5.65,2.053,1,0,0,0,1,0,0,0,1,follower2,4.83,good,-0.00242,mission
4,25.5,0,1.927,-5.632,2.073,1,0,0,0,1,0,0,0,1,leader,1.34,burst,0.00162,mission
4,25.6,1,1.971,-5.613,2.093,1,0,0,0,1,0,0,0,1,follower1,7.68,burst,0.00694,mission
4,25.7,2,2.015,-5.594,2.112,1,0,0,0,1,0,0,0,1,follower2,7.17,good,-0.0063,mission
4,25.8,0,2.059,-5.574,2.131,1,0,0,0,1,0,0,0,1,leader,4.41,burst,-0.00191,mission
4,25.9,1,2.102,-5.552,2.15,1,0,0,0,1,0,0,0,1,follower1,8.86,good,0.00106,mission
4,26.0,2,2.144,-5.53,2.168,1,0,0,0,1,0,0,0,1,follower2,5.47,good,0.00296,mission
4,26.1,0,2.187,-5.507,2.186,1,0,0,0,1,0,0,0,1,leader,5.22,burst,0.00123,mission
4,26.2,1,2.228,-5.484,2.203,1,0,0,0,1,0,0,0,1,follower1,1.21,good,0.00336,mission
4,26.3,2,2.27,-5.459,2.22,1,0,0,0,1,0,0,0,1,follower2,6.16,good,0.00105,mission
4,26.4,0,2.31,-5.434,2.237,1,0,0,0,1,0,0,0,1,leader,5.3,good,-0.00342,mission
4,26.5,1,2.35,-5.407,2.253,1,0,0,0,1,0,0,0,1,follower1,7.34,good,0.00575,mission
4,26.6,2,2.39,-5.38,2.268,1,0,0,0,1,0,0,0,1,follower2,5.43,good,-0.00248,mission
4,26.7,0,2.429,-5.353,2.282,1,0,0,0,1,0,0,0,1,leader,4.84,good,0.0011,mission
4,26.8,1,2.468,-5.324,2.296,1,0,0,0,1,0,0,0,1,follower1,0.64,good,-0.00218,mission
4,26.9,2,2.506,-5.295,2.309,1,0,0,0,1,0,0,0,1,follower2,4.44,good,-0.00672,mission
4,27.0,0,2.543,-5.265,2.322,1,0,0,0,1,0,0,0,1,leader,1.97,burst,0.00846,mission
4,27.1,1,2.58,-5.234,2.333,1,0,0,0,1,0,0,0,1,follower1,4.8,burst,0.00172,mission
4,27.2,2,2.616,-5.202,2.344,1,0,0,0,1,0,0,0,1,follower2,4.37,good,5e-05,mission
4,27.3,0,2.652,-5.17,2.353,1,0,0,0,1,0,0,0,1,leader,0.37,burst,-0.00406,mission
4,27.4,1,2.687,-5.137,2.362,1,0,0,0,1,0,0,0,1,follower1,2.03,good,-0.00019,mission
4,27.5,2,2.721,-5.103,2.37,1,0,0,0,1,0,0,0,1,follower2,5.07,burst,0.00589,mission
4,27.6,0,2.754,-5.069,2.377,1,0,0,0,1,0,0,0,1,leader,5.76,good,0.00064,mission
4,27.7,1,2.787,-5.034,2.384,1,0,0,0,1,0,0,0,1,follower1,4.49,good,0.00217,mission
4,27.8,2,2.819,-4.998,2.389,1,0,0,0,1,0,0,0,1,follower2,0.61,good,-0.00077,mission
4,27.9,0,2.851,-4.962,2.393,1,0,0,0,1,0,0,0,1,leader,4.27,good,0.0052,mission
4,28.0,1,2.881,-4.925,2.396,1,0,0,0,1,0,0,0,1,follower1,7.1,good,0.00034,mission
4,28.1,2,2.911,-4.888,2.398,1,0,0,0,1,0,0,0,1,follower2,5.84,good,-0.00637,mission
4,28.2,0,2.94,-4.849,2.4,1,0,0,0,1,0,0,0,1,leader,4.24,good,2e-05,mission
4,28.3,1,2.969,-4.811,2.4,1,0,0,0,1,0,0,0,1,follower1,3.33,good,-0.00567,mission
4,28.4,2,2.996,-4.771,2.399,1,0,0,0,1,0,0,0,1,follower2,2.76,good,-0.0006,mission
4,28.5,0,3.023,-4.732,2.397,1,0,0,0,1,0,0,0,1,leader,2.94,good,0.00059,mission
4,28.6,1,3.049,-4.691,2.395,1,0,0,0,1,0,0,0,1,follower1,5.34,burst,-0.00493,mission
4,28.7,2,3.075,-4.65,2.391,1,0,0,0,1,0,0,0,1,follower2,3.39,good,-0.00264,mission
4,28.8,0,3.099,-4.609,2.386,1,0,0,0,1,0,0,0,1,leader,5.76,good,-0.00907,mission
4,28.9,1,3.123,-4.567,2.381,1,0,0,0,1,0,0,0,1,follower1,5.64,good,0.00408,mission
4,29.0,2,3.145,-4.525,2.374,1,0,0,0,1,0,0,0,1,follower2,2.73,good,0.00631,mission
4,29.1,0,3.167,-4.482,2.366,1,0,0,0,1,0,0,0,1,leader,7.05,good,-0.0005,mission
4,29.2,1,3.188,-4.439,2.358,1,0,0,0,1,0,0,0,1,follower1,0.33,burst,0.00358,mission
4,29.3,2,3.208,-4.396,2.349,1,0,0,0,1,0,0,0,1,follower2,7.39,good,0.00015,mission
4,29.4,0,3.228,-4.352,2.338,1,0,0,0,1,0,0,0,1,leader,2.86,burst,-0.00647,mission
4,29.5,1,3.246,-4.307,2.327,1,0,0,0,1,0,0,0,1,follower1,0.8,good,0.00295,mission
4,29.6,2,3.263,-4.263,2.315,1,0,0,0,1,0,0,0,1,follower2,6.47,burst,0.00219,mission
4,29.7,0,3.28,-4.218,2.303,1,0,0,0,1,0,0,0,1,leader,6.23,good,4e-05,mission
4,29.8,1,3.296,-4.172,2.289,1,0,0,0,1,0,0,0,1,follower1,0.27,good,-0.00178,mission
4,29.9,2,3.311,-4.127,2.275,1,0,0,0,1,0,0,0,1,follower2,3.88,burst,0.00164,mission
4,30.0,0,3.324,-4.081,2.26,1,0,0,0,1,0,0,0,1,leader,6.34,good,-0.00866,mission
4,30.1,1,3.337,-4.034,2.245,1,0,0,0,1,0,0,0,1,follower1,3.42,good,-0.00362,mission
4,30.2,2,3.349,-3.988,2.228,1,0,0,0,1,0,0,0,1,follower2,5.09,good,0.0066,mission
4,30.3,0,3.36,-3.941,2.212,1,0,0,0,1,0,0,0,1,leader,5.89,burst,-0.00036,mission
4,30.4,1,3.371,-3.894,2.195,1,0,0,0,1,0,0,0,1,follower1,5.88,good,0.00691,mission
4,30.5,2,3.38,-3.847,2.177,1,0,0,0,1,0,0,0,1,follower2,7.11,good,0.0008,mission
4,30.6,0,3.388,-3.8,2.159,1,0,0,0,1,0,0,0,1,leader,3.88,burst,0.00303,mission
4,30.7,1,3.395,-3.752,2.14,1,0,0,0,1,0,0,0,1,follower1,2.92,burst,0.0088,mission
4,30.8,2,3.402,-3.705,2.121,1,0,0,0,1,0,0,0,1,follower2,5.9,good,0.00309,mission
4,30.9,0,3.407,-3.657,2.102,1,0,0,0,1,0,0,0,1,leader,6.73,good,0.00099,mission
4,31.0,1,3.412,-3.609,2.083,1,0,0,0,1,0,0,0,1,follower1,4.42,good,-0.0028,mission
4,31.1,2,3.415,-3.562,2.063,1,0,0,0,1,0,0,0,1,follower2,2.39,good,0.00345,mission
4,31.2,0,3.418,-3.514,2.043,1,0,0,0,1,0,0,0,1,leader,6.69,good,-0.00054,mission
4,31.3,1,3.419,-3.466,2.023,1,0,0,0,1,0,0,0,1,follower1,2.0,good,-0.00069,mission
4,31.4,2,3.42,-3.418,2.003,1,0,0,0,1,0,0,0,1,follower2,3.12,burst,0.00203,mission
4,31.5,0,3.42,-3.37,1.983,1,0,0,0,1,0,0,0,1,leader,2.68,good,0.00467,mission
4,31.6,1,3.418,-3.322,1.963,1,0,0,0,1,0,0,0,1,follower1,4.75,burst,0.00104,mission
4,31.7,2,3.416,-3.274,1.943,1,0,0,0,1,0,0,0,1,follower2,4.27,good,0.00657,mission
4,31.8,0,3.413,-3.226,1.924,1,0,0,0,1,0,0,0,1,leader,3.52,good,-0.00371,mission
4,31.9,1,3.409,-3.178,1.904,1,0,0,0,1,0,0,0,1,follower1,4.15,good,0.00508,mission
4,32.0,2,3.404,-3.13,1.885,1,0,0,0,1,0,0,0,1,follower2,1.85,good,0.00412,mission
4,32.1,0,3.398,-3.083,1.866,1,0,0,0,1,0,0,0,1,leader,5.73,good,0.00891,mission
4,32.2,1,3.391,-3.035,1.847,1,0,0,0,1,0,0,0,1,follower1,3.21,good,0.00612,mission
4,32.3,2,3.383,-2.988,1.829,1,0,0,0,1,0,0,0,1,follower2,4.04,good,-0.00708,mission
4,32.4,0,3.374,-2.941,1.811,1,0,0,0,1,0,0,0,1,leader,4.13,good,-0.00282,mission
4,32.5,1,3.364,-2.894,1.794,1,0,0,0,1,0,0,0,1,follower1,3.26,good,0.00769,mission
4,32.6,2,3.353,-2.847,1.777,1,0,0,0,1,0,0,0,1,follower2,2.97,good,0.00235,mission
4,32.7,0,3.341,-2.8,1.76,1,0,0,0,1,0,0,0,1,leader,6.42,good,-0.00064,mission
4,32.8,1,3.329,-2.754,1.745,1,0,0,0,1,0,0,0,1,follower1,8.57,good,0.00375,mission
4,32.9,2,3.315,-2.708,1.73,1,0,0,0,1,0,0,0,1,follower2,5.61,good,0.00101,mission
4,33.0,0,3.301,-2.662,1.715,1,0,0,0,1,0,0,0,1,leader,6.42,good,-0.00172,mission
4,33.1,1,3.285,-2.617,1.702,1,0,0,0,1,0,0,0,1,follower1,2.87,good,-0.003,mission
4,33.2,2,3.269,-2.572,1.689,1,0,0,0,1,0,0,0,1,follower2,4.12,good,0.00366,mission
4,33.3,0,3.252,-2.527,1.676,1,0,0,0,1,0,0,0,1,leader,4.39,good,-0.00619,mission
4,33.4,1,3.234,-2.482,1.665,1,0,0,0,1,0,0,0,1,follower1,6.1,good,-0.00319,mission
4,33.5,2,3.215,-2.438,1.655,1,0,0,0,1,0,0,0,1,follower2,3.83,good,-0.00235,mission
4,33.6,0,3.195,-2.395,1.645,1,0,0,0,1,0,0,0,1,leader,1.05,good,0.00072,mission
4,33.7,1,3.174,-2.351,1.636,1,0,0,0,1,0,0,0,1,follower1,5.96,good,-0.00512,mission
4,33.8,2,3.152,-2.309,1.628,1,0,0,0,1,0,0,0,1,follower2,2.64,good,0.00526,mission
4,33.9,0,3.13,-2.266,1.621,1,0,0,0,1,0,0,0,1,leader,3.45,good,0.00593,mission
4,34.0,1,3.107,-2.224,1.615,1,0,0,0,1,0,0,0,1,follower1,2.33,burst,-0.00329,mission
4,34.1,2,3.082,-2.183,1.61,1,0,0,0,1,0,0,0,1,follower2,5.76,burst,-0.00669,mission
4,34.2,0,3.057,-2.142,1.606,1,0,0,0,1,0,0,0,1,leader,3.26,burst,0.00262,mission
4,34.3,1,3.032,-2.101,1.603,1,0,0,0,1,0,0,0,1,follower1,5.57,good,0.00328,mission
4,34.4,2,3.005,-2.061,1.601,1,0,0,0,1,0,0,0,1,follower2,4.4,good,0.00756,mission
4,34.5,0,2.978,-2.022,1.6,1,0,0,0,1,0,0,0,1,leader,4.95,good,-0.00845,mission
4,34.6,1,2.95,-1.983,1.6,1,0,0,0,1,0,0,0,1,follower1,1.75,good,-0.00132,mission
4,34.7,2,2.921,-1.945,1.601,1,0,0,0,1,0,0,0,1,follower2,1.28,good,0.00492,mission
4,34.8,0,2.891,-1.907,1.603,1,0,0,0,1,0,0,0,1,leader,0.5,good,0.00225,mission
4,34.9,1,2.861,-1.87,1.606,1,0,0,0,1,0,0,0,1,follower1,6.44,good,0.00844,mission
4,35.0,2,2.829,-1.833,1.61,1,0,0,0,1,0,0,0,1,follower2,2.33,good,-0.00584,mission
4,35.1,0,2.797,-1.797,1.615,1,0,0,0,1,0,0,0,1,leader,3.27,good,-0.00467,mission
4,35.2,1,2.765,-1.762,1.62,1,0,0,0,1,0,0,0,1,follower1,5.25,burst,-0.00052,mission
4,35.3,2,2.732,-1.728,1.627,1,0,0,0,1,0,0,0,1,follower2,7.87,good,-0.00473,mission
4,35.4,0,2.698,-1.694,1.635,1,0,0,0,1,0,0,0,1,leader,5.57,good,-0.0007,mission
4,35.5,1,2.663,-1.66,1.644,1,0,0,0,1,0,0,0,1,follower1,9.42,good,0.00242,mission
4,35.6,2,2.628,-1.628,1.653,1,0,0,0,1,0,0,0,1,follower2,4.44,good,-0.00292,mission
4,35.7,0,2.592,-1.596,1.664,1,0,0,0,1,0,0,0,1,leader,1.27,burst,-0.00071,mission
4,35.8,1,2.555,-1.565,1.675,1,0,0,0,1,0,0,0,1,follower1,3.1,good,0.00123,mission
4,35.9,2,2.518,-1.535,1.687,1,0,0,0,1,0,0,0,1,follower2,6.48,good,0.00244,mission
4,36.0,0,2.48,-1.505,1.7,1,0,0,0,1,0,0,0,1,leader,1.68,burst,0.00464,mission
4,36.1,1,2.442,-1.476,1.713,1,0,0,0,1,0,0,0,1,follower1,5.11,good,0.0002,mission
4,36.2,2,2.403,-1.448,1.727,1,0,0,0,1,0,0,0,1,follower2,4.01,good,0.00314,mission
4,36.3,0,2.363,-1.421,1.742,1,0,0,0,1,0,0,0,1,leader,7.8,burst,0.00222,mission
4,36.4,1,2.323,-1.395,1.758,1,0,0,0,1,0,0,0,1,follower1,6.11,burst,0.00441,mission
4,36.5,2,2.283,-1.369,1.774,1,0,0,0,1,0,0,0,1,follower2,5.54,burst,-0.00251,mission
4,36.6,0,2.242,-1.344,1.791,1,0,0,0,1,0,0,0,1,leader,4.6,good,0.00431,mission
4,36.7,1,2.2,-1.32,1.808,1,0,0,0,1,0,0,0,1,follower1,2.1,good,-0.00854,mission
4,36.8,2,2.158,-1.297,1.826,1,0,0,0,1,0,0,0,1,follower2,3.26,good,-3e-05,mission
4,36.9,0,2.115,-1.275,1.844,1,0,0,0,1,0,0,0,1,leader,4.16,burst,0.00196,mission
4,37.0,1,2.073,-1.253,1.863,1,0,0,0,1,0,0,0,1,follower1,3.45,good,0.0025,mission
4,37.1,2,2.029,-1.232,1.882,1,0,0,0,1,0,0,0,1,follower2,6.4,good,-0.00126,mission
4,37.2,0,1.985,-1.213,1.901,1,0,0,0,1,0,0,0,1,leader,6.73,good,-0.00309,mission
4,37.3,1,1.941,-1.194,1.921,1,0,0,0,1,0,0,0,1,follower1,3.84,good,-0.0032,mission
4,37.4,2,1.897,-1.176,1.94,1,0,0,0,1,0,0,0,1,follower2,3.18,good,0.00092,mission
4,37.5,0,1.852,-1.159,1.96,1,0,0,0,1,0,0,0,1,leader,3.12,burst,-0.00508,mission
4,37.6,1,1.807,-1.143,1.98,1,0,0,0,1,0,0,0,1,follower1,4.32,good,-0.00452,mission
4,37.7,2,1.761,-1.127,2.0,1,0,0,0,1,0,0,0,1,follower2,5.29,good,0.00562,mission
4,37.8,0,1.715,-1.113,2.02,1,0,0,0,1,0,0,0,1,leader,0.35,good,0.00455,mission
4,37.9,1,1.669,-1.1,2.04,1,0,0,0,1,0,0,0,1,follower1,2.1,good,0.00253,mission
4,38.0,2,1.623,-1.087,2.06,1,0,0,0,1,0,0,0,1,follower2,1.76,good,-0.0015,mission
4,38.1,0,1.576,-1.075,2.08,1,0,0,0,1,0,0,0,1,leader,2.46,good,0.0043,mission
4,38.2,1,1.53,-1.065,2.099,1,0,0,0,1,0,0,0,1,follower1,2.61,good,-0.00981,mission
4,38.3,2,1.483,-1.055,2.118,1,0,0,0,1,0,0,0,1,follower2,5.18,good,-0.00319,mission
4,38.4,0,1.435,-1.046,2.137,1,0,0,0,1,0,0,0,1,leader,4.36,good,0.00422,mission
4,38.5,1,1.388,-1.038,2.156,1,0,0,0,1,0,0,0,1,follower1,2.33,burst,0.00442,mission
4,38.6,2,1.341,-1.032,2.174,1,0,0,0,1,0,0,0,1,follower2,4.1,good,-0.0013,mission
4,38.7,0,1.293,-1.026,2.192,1,0,0,0,1,0,0,0,1,leader,7.41,good,0.0027,mission
4,38.8,1,1.245,-1.021,2.209,1,0,0,0,1,0,0,0,1,follower1,3.5,good,0.01023,mission
4,38.9,2,1.197,-1.017,2.226,1,0,0,0,1,0,0,0,1,follower2,3.67,good,-0.00027,mission
4,39.0,0,1.149,-1.013,2.242,1,0,0,0,1,0,0,0,1,leader,2.0,good,0.00454,mission
4,39.1,1,1.102,-1.011,2.258,1,0,0,0,1,0,0,0,1,follower1,5.51,good,0.00029,mission
4,39.2,2,1.054,-1.01,2.273,1,0,0,0,1,0,0,0,1,follower2,5.45,good,-0.00299,mission
4,39.3,0,1.006,-1.01,2.287,1,0,0,0,1,0,0,0,1,leader,2.11,good,-0.00542,mission
4,39.4,1,0.958,-1.011,2.301,1,0,0,0,1,0,0,0,1,follower1,2.16,good,0.00466,mission
4,39.5,2,0.91,-1.013,2.313,1,0,0,0,1,0,0,0,1,follower2,6.46,good,0.00495,mission
4,39.6,0,0.862,-1.015,2.325,1,0,0,0,1,0,0,0,1,leader,4.26,good,0.00464,mission
4,39.7,1,0.814,-1.019,2.337,1,0,0,0,1,0,0,0,1,follower1,2.91,burst,0.00051,mission
4,39.8,2,0.766,-1.023,2.347,1,0,0,0,1,0,0,0,1,follower2,4.54,good,-0.00224,mission
4,39.9,0,0.718,-1.029,2.357,1,0,0,0,1,0,0,0,1,leader,5.13,good,-0.0029,mission
4,40.0,1,0.671,-1.036,2.365,1,0,0,0,1,0,0,0,1,follower1,5.36,good,-0.00162,mission
4,40.1,2,0.623,-1.043,2.373,1,0,0,0,1,0,0,0,1,follower2,6.9,good,0.00267,mission
4,40.2,0,0.576,-1.051,2.38,1,0,0,0,1,0,0,0,1,leader,0.33,good,4e-05,mission
4,40.3,1,0.529,-1.061,2.385,1,0,0,0,1,0,0,0,1,follower1,4.64,good,0.00298,mission
4,40.4,2,0.482,-1.071,2.39,1,0,0,0,1,0,0,0,1,follower2,4.49,good,-0.00686,mission
4,40.5,0,0.435,-1.082,2.394,1,0,0,0,1,0,0,0,1,leader,2.87,good,-0.00236,mission
4,40.6,1,0.389,-1.094,2.397,1,0,0,0,1,0,0,0,1,follower1,3.2,good,-0.00335,mission
4,40.7,2,0.343,-1.108,2.399,1,0,0,0,1,0,0,0,1,follower2,4.15,good,-0.00377,mission
4,40.8,0,0.297,-1.122,2.4,1,0,0,0,1,0,0,0,1,leader,1.65,good,0.00397,mission
4,40.9,1,0.251,-1.136,2.4,1,0,0,0,1,0,0,0,1,follower1,5.33,good,-0.00088,mission
4,41.0,2,0.206,-1.152,2.399,1,0,0,0,1,0,0,0,1,follower2,2.84,good,-0.00773,mission
4,41.1,0,0.161,-1.169,2.397,1,0,0,0,1,0,0,0,1,leader,5.03,good,0.00374,mission
4,41.2,1,0.116,-1.187,2.394,1,0,0,0,1,0,0,0,1,follower1,1.95,good,0.00205,mission
4,41.3,2,0.072,-1.205,2.389,1,0,0,0,1,0,0,0,1,follower2,6.26,good,0.00184,mission
4,41.4,0,0.028,-1.225,2.384,1,0,0,0,1,0,0,0,1,leader,2.7,good,-0.00197,mission
4,41.5,1,-0.015,-1.245,2.378,1,0,0,0,1,0,0,0,1,follower1,3.55,good,-0.00091,mission
4,41.6,2,-0.058,-1.266,2.372,1,0,0,0,1,0,0,0,1,follower2,7.82,good,0.00081,mission
4,41.7,0,-0.101,-1.288,2.364,1,0,0,0,1,0,0,0,1,leader,6.86,good,-0.00169,mission
4,41.8,1,-0.143,-1.311,2.355,1,0,0,0,1,0,0,0,1,follower1,3.67,good,0.00139,mission
4,41.9,2,-0.185,-1.334,2.345,1,0,0,0,1,0,0,0,1,follower2,5.69,good,0.00332,mission
4,42.0,0,-0.226,-1.359,2.335,1,0,0,0,1,0,0,0,1,leader,5.96,good,0.00625,mission
4,42.1,1,-0.267,-1.384,2.323,1,0,0,0,1,0,0,0,1,follower1,1.11,good,0.00643,mission
4,42.2,2,-0.307,-1.41,2.311,1,0,0,0,1,0,0,0,1,follower2,7.17,burst,-0.00654,mission
4,42.3,0,-0.347,-1.437,2.298,1,0,0,0,1,0,0,0,1,leader,2.51,good,-0.00086,mission
4,42.4,1,-0.386,-1.465,2.284,1,0,0,0,1,0,0,0,1,follower1,4.38,good,-0.00386,mission
4,42.5,2,-0.425,-1.494,2.27,1,0,0,0,1,0,0,0,1,follower2,3.74,good,-0.00049,mission
4,42.6,0,-0.463,-1.523,2.255,1,0,0,0,1,0,0,0,1,leader,4.65,good,-0.00283,mission
4,42.7,1,-0.5,-1.553,2.239,1,0,0,0,1,0,0,0,1,follower1,4.97,good,-0.0086,mission
4,42.8,2,-0.537,-1.584,2.223,1,0,0,0,1,0,0,0,1,follower2,5.32,good,-0.00367,mission
4,42.9,0,-0.573,-1.615,2.206,1,0,0,0,1,0,0,0,1,leader,4.46,good,0.0071,mission
4,43.0,1,-0.609,-1.647,2.189,1,0,0,0,1,0,0,0,1,follower1,9.74,burst,-0.00419,mission
4,43.1,2,-0.644,-1.68,2.171,1,0,0,0,1,0,0,0,1,follower2,4.07,good,0.0056,mission
4,43.2,0,-0.678,-1.714,2.153,1,0,0,0,1,0,0,0,1,leader,7.77,good,0.00512,mission
4,43.3,1,-0.712,-1.748,2.134,1,0,0,0,1,0,0,0,1,follower1,6.01,good,-0.00073,mission
4,43.4,2,-0.745,-1.783,2.115,1,0,0,0,1,0,0,0,1,follower2,5.74,burst,0.00365,mission
4,43.5,0,-0.777,-1.819,2.096,1,0,0,0,1,0,0,0,1,leader,5.15,burst,0.00396,mission
4,43.6,1,-0.808,-1.855,2.076,1,0,0,0,1,0,0,0,1,follower1,6.37,good,-0.00224,mission
4,43.7,2,-0.839,-1.892,2.056,1,0,0,0,1,0,0,0,1,follower2,0.03,good,0.0016,mission
4,43.8,0,-0.869,-1.929,2.036,1,0,0,0,1,0,0,0,1,leader,4.3,good,0.00277,mission
4,43.9,1,-0.898,-1.968,2.016,1,0,0,0,1,0,0,0,1,follower1,0.41,good,-0.00499,mission
4,44.0,2,-0.927,-2.006,1.996,1,0,0,0,1,0,0,0,1,follower2,2.15,good,0.00232,mission
4,44.1,0,-0.954,-2.045,1.976,1,0,0,0,1,0,0,0,1,leader,4.08,burst,-0.00216,mission
4,44.2,1,-0.981,-2.085,1.957,1,0,0,0,1,0,0,0,1,follower1,1.66,good,-0.00995,mission
4,44.3,2,-1.007,-2.125,1.937,1,0,0,0,1,0,0,0,1,follower2,5.88,good,-0.00091,mission
4,44.4,0,-1.033,-2.166,1.917,1,0,0,0,1,0,0,0,1,leader,1.18,good,5e-05,mission
4,44.5,1,-1.057,-2.208,1.898,1,0,0,0,1,0,0,0,1,follower1,5.54,good,0.00217,mission
4,44.6,2,-1.081,-2.249,1.878,1,0,0,0,1,0,0,0,1,follower2,1.66,good,-0.007,mission
4,44.7,0,-1.103,-2.292,1.86,1,0,0,0,1,0,0,0,1,leader,7.21,good,-0.00165,mission
4,44.8,1,-1.125,-2.334,1.841,1,0,0,0,1,0,0,0,1,follower1,7.4,good,-0.00214,mission
4,44.9,2,-1.146,-2.377,1.823,1,0,0,0,1,0,0,0,1,follower2,5.61,good,0.00198,mission
4,45.0,0,-1.167,-2.421,1.805,1,0,0,0,1,0,0,0,1,leader,1.86,burst,-0.00017,mission
4,45.1,1,-1.186,-2.465,1.788,1,0,0,0,1,0,0,0,1,follower1,2.65,good,-0.0013,mission
4,45.2,2,-1.205,-2.509,1.771,1,0,0,0,1,0,0,0,1,follower2,6.1,burst,-0.00873,mission
4,45.3,0,-1.222,-2.554,1.755,1,0,0,0,1,0,0,0,1,leader,5.01,good,0.001,mission
4,45.4,1,-1.239,-2.599,1.74,1,0,0,0,1,0,0,0,1,follower1,3.31,good,-0.0,mission
4,45.5,2,-1.255,-2.644,1.725,1,0,0,0,1,0,0,0,1,follower2,1.77,good,-0.00114,mission
4,45.6,0,-1.269,-2.69,1.711,1,0,0,0,1,0,0,0,1,leader,4.58,burst,3e-05,mission
4,45.7,1,-1.283,-2.736,1.697,1,0,0,0,1,0,0,0,1,follower1,3.11,good,-0.00045,mission
4,45.8,2,-1.296,-2.782,1.684,1,0,0,0,1,0,0,0,1,follower2,7.35,good,-0.0018,mission
4,45.9,0,-1.308,-2.828,1.673,1,0,0,0,1,0,0,0,1,leader,6.68,good,-0.00064,mission
4,46.0,1,-1.32,-2.875,1.662,1,0,0,0,1,0,0,0,1,follower1,2.6,burst,0.00273,mission
4,46.1,2,-1.33,-2.922,1.651,1,0,0,0,1,0,0,0,1,follower2,9.28,burst,-0.00232,mission
4,46.2,0,-1.339,-2.969,1.642,1,0,0,0,1,0,0,0,1,leader,2.21,good,-0.0074,mission
4,46.3,1,-1.347,-3.016,1.633,1,0,0,0,1,0,0,0,1,follower1,4.88,burst,-0.00259,mission
4,46.4,2,-1.355,-3.064,1.626,1,0,0,0,1,0,0,0,1,follower2,6.54,good,0.00542,mission
4,46.5,0,-1.361,-3.111,1.619,1,0,0,0,1,0,0,0,1,leader,4.84,good,0.00327,mission
4,46.6,1,-1.367,-3.159,1.614,1,0,0,0,1,0,0,0,1,follower1,5.46,good,-0.00826,mission
4,46.7,2,-1.371,-3.207,1.609,1,0,0,0,1,0,0,0,1,follower2,7.43,burst,-0.0022,mission
4,46.8,0,-1.375,-3.255,1.605,1,0,0,0,1,0,0,0,1,leader,3.61,good,-0.00246,mission
4,46.9,1,-1.378,-3.303,1.603,1,0,0,0,1,0,0,0,1,follower1,4.71,good,0.00219,mission
4,47.0,2,-1.379,-3.351,1.601,1,0,0,0,1,0,0,0,1,follower2,5.58,good,0.00346,mission
4,47.1,0,-1.38,-3.399,1.6,1,0,0,0,1,0,0,0,1,leader,4.57,burst,0.00058,mission
4,47.2,1,-1.38,-3.447,1.6,1,0,0,0,1,0,0,0,1,follower1,0.21,good,0.00293,mission
4,47.3,2,-1.379,-3.495,1.602,1,0,0,0,1,0,0,0,1,follower2,3.97,good,-0.00135,mission
4,47.4,0,-1.376,-3.542,1.604,1,0,0,0,1,0,0,0,1,leader,5.89,good,-0.00473,mission
4,47.5,1,-1.373,-3.59,1.607,1,0,0,0,1,0,0,0,1,follower1,2.8,good,0.00174,mission
4,47.6,2,-1.369,-3.638,1.611,1,0,0,0,1,0,0,0,1,follower2,4.33,good,-0.00598,mission
4,47.7,0,-1.364,-3.686,1.616,1,0,0,0,1,0,0,0,1,leader,5.65,burst,-0.00204,mission
4,47.8,1,-1.358,-3.734,1.623,1,0,0,0,1,0,0,0,1,follower1,5.49,good,0.00449,mission
4,47.9,2,-1.351,-3.781,1.63,1,0,0,0,1,0,0,0,1,follower2,4.42,good,-0.00036,mission
4,48.0,0,-1.343,-3.828,1.638,1,0,0,0,1,0,0,0,1,leader,5.0,good,0.00015,mission
4,48.1,1,-1.334,-3.876,1.647,1,0,0,0,1,0,0,0,1,follower1,8.75,good,0.00037,mission
4,48.2,2,-1.325,-3.923,1.657,1,0,0,0,1,0,0,0,1,follower2,5.76,good,0.00093,mission
4,48.3,0,-1.314,-3.969,1.667,1,0,0,0,1,0,0,0,1,leader,3.15,good,0.00435,mission
4,48.4,1,-1.302,-4.016,1.679,1,0,0,0,1,0,0,0,1,follower1,2.82,burst,-0.00131,mission
4,48.5,2,-1.29,-4.062,1.691,1,0,0,0,1,0,0,0,1,follower2,2.25,good,-0.00255,mission
4,48.6,0,-1.276,-4.108,1.704,1,0,0,0,1,0,0,0,1,leader,2.2,good,-0.00085,mission
4,48.7,1,-1.262,-4.154,1.718,1,0,0,0,1,0,0,0,1,follower1,3.14,good,-0.00169,mission
4,48.8,2,-1.246,-4.2,1.732,1,0,0,0,1,0,0,0,1,follower2,4.07,good,-0.00489,mission
4,48.9,0,-1.23,-4.245,1.748,1,0,0,0,1,0,0,0,1,leader,7.22,good,-0.00127,mission
4,49.0,1,-1.213,-4.29,1.763,1,0,0,0,1,0,0,0,1,follower1,1.07,good,-0.00016,mission
4,49.1,2,-1.195,-4.334,1.78,1,0,0,0,1,0,0,0,1,follower2,4.26,good,0.00319,mission
4,49.2,0,-1.176,-4.378,1.797,1,0,0,0,1,0,0,0,1,leader,4.2,good,0.00132,mission
4,49.3,1,-1.156,-4.422,1.814,1,0,0,0,1,0,0,0,1,follower1,0.7,good,-0.00372,mission
4,49.4,2,-1.136,-4.465,1.832,1,0,0,0,1,0,0,0,1,follower2,6.35,good,0.00448,mission
4,49.5,0,-1.114,-4.508,1.851,1,0,0,0,1,0,0,0,1,leader,5.72,good,0.00018,mission
4,49.6,1,-1.092,-4.551,1.869,1,0,0,0,1,0,0,0,1,follower1,0.36,good,-0.00324,mission
4,49.7,2,-1.068,-4.593,1.888,1,0,0,0,1,0,0,0,1,follower2,2.67,burst,0.00839,mission
4,49.8,0,-1.044,-4.634,1.908,1,0,0,0,1,0,0,0,1,leader,4.11,good,0.00226,mission
4,49.9,1,-1.019,-4.675,1.927,1,0,0,0,1,0,0,0,1,follower1,9.87,burst,-0.00027,mission
4,50.0,2,-0.994,-4.716,1.947,1,0,0,0,1,0,0,0,1,follower2,4.03,burst,0.00656,mission
4,50.1,0,-0.967,-4.756,1.967,1,0,0,0,1,0,0,0,1,leader,2.68,good,0.00218,mission
4,50.2,1,-0.94,-4.795,1.987,1,0,0,0,1,0,0,0,1,follower1,3.07,good,0.00353,mission
4,50.3,2,-0.912,-4.834,2.007,1,0,0,0,1,0,0,0,1,follower2,3.74,good,0.00716,mission
4,50.4,0,-0.883,-4.872,2.027,1,0,0,0,1,0,0,0,1,leader,2.91,good,-0.00182,mission
4,50.5,1,-0.853,-4.91,2.047,1,0,0,0,1,0,0,0,1,follower1,2.59,good,-0.00177,mission
4,50.6,2,-0.823,-4.947,2.067,1,0,0,0,1,0,0,0,1,follower2,5.34,good,-0.00204,mission
4,50.7,0,-0.792,-4.984,2.086,1,0,0,0,1,0,0,0,1,leader,4.27,burst,0.00284,mission
4,50.8,1,-0.76,-5.02,2.106,1,0,0,0,1,0,0,0,1,follower1,2.9,good,-0.00336,mission
4,50.9,2,-0.727,-5.055,2.125,1,0,0,0,1,0,0,0,1,follower2,3.5,good,-0.00608,mission
4,51.0,0,-0.694,-5.09,2.144,1,0,0,0,1,0,0,0,1,leader,3.28,good,-0.00564,mission
4,51.1,1,-0.66,-5.124,2.162,1,0,0,0,1,0,0,0,1,follower1,3.63,good,-0.0008,mission
4,51.2,2,-0.626,-5.157,2.18,1,0,0,0,1,0,0,0,1,follower2,6.04,good,0.00184,mission
4,51.3,0,-0.59,-5.189,2.198,1,0,0,0,1,0,0,0,1,leader,4.13,good,0.00067,mission
4,51.4,1,-0.555,-5.221,2.215,1,0,0,0,1,0,0,0,1,follower1,2.78,burst,0.00044,mission
4,51.5,2,-0.518,-5.252,2.232,1,0,0,0,1,0,0,0,1,follower2,3.98,burst,-0.00084,mission
4,51.6,0,-0.481,-5.283,2.248,1,0,0,0,1,0,0,0,1,leader,1.52,burst,-0.00483,mission
4,51.7,1,-0.443,-5.312,2.263,1,0,0,0,1,0,0,0,1,follower1,6.78,good,0.00412,mission
4,51.8,2,-0.405,-5.341,2.278,1,0,0,0,1,0,0,0,1,follower2,3.52,good,-0.00227,mission
4,51.9,0,-0.366,-5.369,2.292,1,0,0,0,1,0,0,0,1,leader,0.97,burst,0.00243,mission
4,52.0,1,-0.326,-5.397,2.305,1,0,0,0,1,0,0,0,1,follower1,0.66,burst,-0.0007,mission
4,52.1,2,-0.286,-5.423,2.318,1,0,0,0,1,0,0,0,1,follower2,5.56,good,0.0021,mission
4,52.2,0,-0.246,-5.449,2.329,1,0,0,0,1,0,0,0,1,leader,6.54,good,0.00632,mission
4,52.3,1,-0.205,-5.474,2.34,1,0,0,0,1,0,0,0,1,follower1,6.22,burst,-0.00661,mission
4,52.4,2,-0.163,-5.498,2.35,1,0,0,0,1,0,0,0,1,follower2,2.49,good,-0.00489,mission
4,52.5,0,-0.121,-5.521,2.36,1,0,0,0,1,0,0,0,1,leader,5.68,good,-0.00553,mission
4,52.6,1,-0.079,-5.544,2.368,1,0,0,0,1,0,0,0,1,follower1,2.32,good,-0.00301,mission
4,52.7,2,-0.036,-5.565,2.375,1,0,0,0,1,0,0,0,1,follower2,5.03,good,-0.00035,mission
4,52.8,0,0.007,-5.586,2.382,1,0,0,0,1,0,0,0,1,leader,4.5,good,-0.00273,mission
4,52.9,1,0.051,-5.606,2.387,1,0,0,0,1,0,0,0,1,follower1,6.5,good,0.00153,mission
4,53.0,2,0.095,-5.625,2.392,1,0,0,0,1,0,0,0,1,follower2,1.42,burst,-0.00197,mission
4,53.1,0,0.14,-5.643,2.395,1,0,0,0,1,0,0,0,1,leader,5.94,good,-0.00658,mission
4,53.2,1,0.184,-5.66,2.398,1,0,0,0,1,0,0,0,1,follower1,6.31,good,-0.00892,mission
4,53.3,2,0.23,-5.676,2.399,1,0,0,0,1,0,0,0,1,follower2,8.21,good,0.00127,mission
4,53.4,0,0.275,-5.691,2.4,1,0,0,0,1,0,0,0,1,leader,4.65,burst,-0.00076,mission
4,53.5,1,0.321,-5.706,2.4,1,0,0,0,1,0,0,0,1,follower1,4.3,good,-0.00236,mission
4,53.6,2,0.367,-5.719,2.398,1,0,0,0,1,0,0,0,1,follower2,4.52,good,-0.00269,mission
4,53.7,0,0.413,-5.732,2.396,1,0,0,0,1,0,0,0,1,leader,4.87,good,0.00464,mission
4,53.8,1,0.46,-5.744,2.392,1,0,0,0,1,0,0,0,1,follower1,6.18,burst,-0.0031,mission
4,53.9,2,0.507,-5.754,2.388,1,0,0,0,1,0,0,0,1,follower2,6.49,good,0.00392,mission
4,54.0,0,0.554,-5.764,2.383,1,0,0,0,1,0,0,0,1,leader,6.14,good,0.00707,mission
4,54.1,1,0.601,-5.773,2.376,1,0,0,0,1,0,0,0,1,follower1,3.7,good,0.00078,mission
4,54.2,2,0.648,-5.781,2.369,1,0,0,0,1,0,0,0,1,follower2,4.55,good,-0.00524,mission
4,54.3,0,0.696,-5.788,2.361,1,0,0,0,1,0,0,0,1,leader,4.89,good,-0.00365,mission
4,54.4,1,0.743,-5.794,2.352,1,0,0,0,1,0,0,0,1,follower1,6.34,good,-0.01027,mission
4,54.5,2,0.791,-5.799,2.342,1,0,0,0,1,0,0,0,1,follower2,2.98,good,0.00505,mission
4,54.6,0,0.839,-5.803,2.331,1,0,0,0,1,0,0,0,1,leader,4.62,burst,-0.00051,mission
4,54.7,1,0.887,-5.806,2.319,1,0,0,0,1,0,0,0,1,follower1,3.13,good,-0.00549,mission
4,54.8,2,0.935,-5.808,2.307,1,0,0,0,1,0,0,0,1,follower2,2.42,burst,-0.002,mission
4,54.9,0,0.983,-5.81,2.294,1,0,0,0,1,0,0,0,1,leader,3.33,burst,-0.00417,mission
4,55.0,1,1.031,-5.81,2.28,1,0,0,0,1,0,0,0,1,follower1,6.1,burst,0.00931,mission
4,55.1,2,1.079,-5.809,2.265,1,0,0,0,1,0,0,0,1,follower2,4.16,good,-0.00569,mission
4,55.2,0,1.127,-5.808,2.25,1,0,0,0,1,0,0,0,1,leader,3.43,burst,0.00285,mission
4,55.3,1,1.175,-5.805,2.234,1,0,0,0,1,0,0,0,1,follower1,2.47,good,-0.00115,mission
4,55.4,2,1.222,-5.801,2.217,1,0,0,0,1,0,0,0,1,follower2,4.04,good,0.0046,mission
4,55.5,0,1.27,-5.797,2.2,1,0,0,0,1,0,0,0,1,leader,1.94,good,0.00326,mission
4,55.6,1,1.318,-5.791,2.183,1,0,0,0,1,0,0,0,1,follower1,6.59,good,-0.00136,mission
4,55.7,2,1.365,-5.785,2.165,1,0,0,0,1,0,0,0,1,follower2,6.35,good,0.00084,mission
4,55.8,0,1.413,-5.778,2.146,1,0,0,0,1,0,0,0,1,leader,4.86,good,0.00489,mission
4,55.9,1,1.46,-5.769,2.127,1,0,0,0,1,0,0,0,1,follower1,5.52,good,0.00234,mission
4,56.0,2,1.507,-5.76,2.108,1,0,0,0,1,0,0,0,1,follower2,6.6,good,-0.01034,mission
4,56.1,0,1.554,-5.75,2.089,1,0,0,0,1,0,0,0,1,leader,3.37,good,-0.00154,mission
4,56.2,1,1.601,-5.739,2.069,1,0,0,0,1,0,0,0,1,follower1,4.43,good,0.00801,mission
4,56.3,2,1.647,-5.727,2.05,1,0,0,0,1,0,0,0,1,follower2,3.92,good,0.00528,mission
4,56.4,0,1.693,-5.714,2.03,1,0,0,0,1,0,0,0,1,leader,2.62,good,-0.00283,mission
4,56.5,1,1.739,-5.7,2.01,1,0,0,0,1,0,0,0,1,follower1,3.74,burst,0.00328,mission
4,56.6,2,1.785,-5.685,1.99,1,0,0,0,1,0,0,0,1,follower2,1.76,good,0.00578,mission
4,56.7,0,1.83,-5.669,1.97,1,0,0,0,1,0,0,0,1,leader,5.38,good,-0.00342,mission
4,56.8,1,1.875,-5.652,1.95,1,0,0,0,1,0,0,0,1,follower1,3.23,burst,-0.00545,mission
4,56.9,2,1.92,-5.635,1.93,1,0,0,0,1,0,0,0,1,follower2,2.37,good,0.00054,mission
4,57.0,0,1.964,-5.616,1.91,1,0,0,0,1,0,0,0,1,leader,3.5,good,0.0026,mission
4,57.1,1,2.008,-5.597,1.891,1,0,0,0,1,0,0,0,1,follower1,2.86,good,-0.00357,mission
4,57.2,2,2.052,-5.577,1.872,1,0,0,0,1,0,0,0,1,follower2,4.93,burst,-0.00227,mission
4,57.3,0,2.095,-5.556,1.853,1,0,0,0,1,0,0,0,1,leader,9.75,good,-0.00086,mission
4,57.4,1,2.138,-5.534,1.835,1,0,0,0,1,0,0,0,1,follower1,0.58,good,0.00277,mission
4,57.5,2,2.18,-5.511,1.817,1,0,0,0,1,0,0,0,1,follower2,3.01,burst,0.00313,mission
4,57.6,0,2.222,-5.487,1.799,1,0,0,0,1,0,0,0,1,leader,6.69,burst,-0.00511,mission
4,57.7,1,2.263,-5.463,1.782,1,0,0,0,1,0,0,0,1,follower1,1.28,good,0.00164,mission
4,57.8,2,2.304,-5.438,1.766,1,0,0,0,1,0,0,0,1,follower2,4.69,burst,-0.00146,mission
4,57.9,0,2.344,-5.412,1.75,1,0,0,0,1,0,0,0,1,leader,4.58,good,0.00267,mission
4,58.0,1,2.384,-5.385,1.735,1,0,0,0,1,0,0,0,1,follower1,2.03,burst,0.00202,mission
4,58.1,2,2.423,-5.357,1.72,1,0,0,0,1,0,0,0,1,follower2,4.81,burst,-0.00333,mission
4,58.2,0,2.462,-5.329,1.706,1,0,0,0,1,0,0,0,1,leader,5.11,good,0.0011,mission
4,58.3,1,2.5,-5.299,1.693,1,0,0,0,1,0,0,0,1,follower1,2.39,burst,0.00419,mission
4,58.4,2,2.537,-5.269,1.68,1,0,0,0,1,0,0,0,1,follower2,3.66,good,-0.00443,mission
4,58.5,0,2.574,-5.239,1.669,1,0,0,0,1,0,0,0,1,leader,7.45,good,-0.00134,mission
4,58.6,1,2.61,-5.207,1.658,1,0,0,0,1,0,0,0,1,follower1,3.64,burst,0.00593,mission
4,58.7,2,2.646,-5.175,1.648,1,0,0,0,1,0,0,0,1,follower2,0.24,burst,-0.00593,mission
4,58.8,0,2.681,-5.142,1.639,1,0,0,0,1,0,0,0,1,leader,2.61,good,-0.00032,mission
4,58.9,1,2.715,-5.109,1.631,1,0,0,0,1,0,0,0,1,follower1,3.12,good,0.00565,mission
4,59.0,2,2.749,-5.074,1.624,1,0,0,0,1,0,0,0,1,follower2,4.25,good,0.00261,mission
4,59.1,0,2.782,-5.04,1.617,1,0,0,0,1,0,0,0,1,leader,0.0,good,0.00062,mission
4,59.2,1,2.814,-5.004,1.612,1,0,0,0,1,0,0,0,1,follower1,5.09,good,0.00845,mission
4,59.3,2,2.846,-4.968,1.608,1,0,0,0,1,0,0,0,1,follower2,6.25,good,-0.00394,mission
4,59.4,0,2.877,-4.931,1.604,1,0,0,0,1,0,0,0,1,leader,3.48,good,0.00445,mission
4,59.5,1,2.907,-4.894,1.602,1,0,0,0,1,0,0,0,1,follower1,2.31,good,0.0019,mission
4,59.6,2,2.936,-4.856,1.6,1,0,0,0,1,0,0,0,1,follower2,4.42,good,0.00355,mission
4,59.7,0,2.964,-4.817,1.6,1,0,0,0,1,0,0,0,1,leader,3.13,good,0.00288,mission
4,59.8,1,2.992,-4.778,1.601,1,0,0,0,1,0,0,0,1,follower1,4.13,good,0.00432,mission
4,59.9,2,3.019,-4.738,1.602,1,0,0,0,1,0,0,0,1,follower2,3.41,good,-0.00166,rtl
5,0.0,0,3.42,-3.41,2.0,1,0,0,0,1,0,0,0,1,leader,6.73,burst,0.99852,takeoff
5,0.1,1,3.42,-3.362,2.02,1,0,0,0,1,0,0,0,1,follower1,6.02,burst,0.61568,mission
5,0.2,2,3.418,-3.314,2.04,1,0,0,0,1,0,0,0,1,follower2,3.47,good,0.3729,mission
5,0.3,0,3.416,-3.266,2.06,1,0,0,0,1,0,0,0,1,leader,7.17,good,0.2271,mission
5,0.4,1,3.412,-3.218,2.079,1,0,0,0,1,0,0,0,1,follower1,3.56,good,0.14521,mission
5,0.5,2,3.408,-3.17,2.099,1,0,0,0,1,0,0,0,1,follower2,2.93,good,0.08546,mission
5,0.6,0,3.403,-3.123,2.118,1,0,0,0,1,0,0,0,1,leader,3.27,good,0.05539,mission
5,0.7,1,3.397,-3.075,2.137,1,0,0,0,1,0,0,0,1,follower1,2.82,good,0.02765,mission
5,0.8,2,3.389,-3.028,2.156,1,0,0,0,1,0,0,0,1,follower2,2.88,good,0.01658,mission
5,0.9,0,3.381,-2.98,2.174,1,0,0,0,1,0,0,0,1,leader,1.88,good,0.00919,mission
5,1.0,1,3.372,-2.933,2.192,1,0,0,0,1,0,0,0,1,follower1,4.94,burst,0.00163,mission
5,1.1,2,3.362,-2.886,2.209,1,0,0,0,1,0,0,0,1,follower2,5.75,good,0.00569,mission
5,1.2,0,3.351,-2.84,2.226,1,0,0,0,1,0,0,0,1,leader,2.72,good,0.00362,mission
5,1.3,1,3.339,-2.793,2.242,1,0,0,0,1,0,0,0,1,follower1,3.01,good,-0.00608,mission
5,1.4,2,3.327,-2.747,2.258,1,0,0,0,1,0,0,0,1,follower2,5.77,good,0.00532,mission
5,1.5,0,3.313,-2.701,2.273,1,0,0,0,1,0,0,0,1,leader,6.49,good,-0.00207,mission
5,1.6,1,3.298,-2.655,2.287,1,0,0,0,1,0,0,0,1,follower1,5.74,good,-0.00554,mission
5,1.7,2,3.283,-2.61,2.301,1,0,0,0,1,0,0,0,1,follower2,5.88,good,0.0028,mission
5,1.8,0,3.266,-2.565,2.313,1,0,0,0,1,0,0,0,1,leader,4.04,burst,-0.00238,mission
5,1.9,1,3.249,-2.52,2.325,1,0,0,0,1,0,0,0,1,follower1,3.17,good,0.00503,mission
5,2.0,2,3.231,-2.475,2.337,1,0,0,0,1,0,0,0,1,follower2,5.42,burst,-0.00313,mission
5,2.1,0,3.211,-2.431,2.347,1,0,0,0,1,0,0,0,1,leader,5.9,burst,-0.00036,mission
5,2.2,1,3.191,-2.388,2.356,1,0,0,0,1,0,0,0,1,follower1,2.36,good,2e-05,mission
5,2.3,2,3.171,-2.345,2.365,1,0,0,0,1,0,0,0,1,follower2,6.53,burst,0.00101,mission
5,2.4,0,3.149,-2.302,2.373,1,0,0,0,1,0,0,0,1,leader,5.75,good,-0.00484,mission
5,2.5,1,3.126,-2.259,2.38,1,0,0,0,1,0,0,0,1,follower1,4.72,good,0.00471,mission
5,2.6,2,3.103,-2.217,2.385,1,0,0,0,1,0,0,0,1,follower2,5.12,good,0.00122,mission
5,2.7,0,3.079,-2.176,2.39,1,0,0,0,1,0,0,0,1,leader,7.12,burst,-0.00145,mission
5,2.8,1,3.053,-2.135,2.394,1,0,0,0,1,0,0,0,1,follower1,3.8,good,-0.00247,mission
5,2.9,2,3.028,-2.095,2.397,1,0,0,0,1,0,0,0,1,follower2,6.01,good,-0.00174,mission
5,3.0,0,3.001,-2.055,2.399,1,0,0,0,1,0,0,0,1,leader,3.79,burst,0.00049,mission
5,3.1,1,2.973,-2.016,2.4,1,0,0,0,1,0,0,0,1,follower1,6.36,good,-0.00428,mission
5,3.2,2,2.945,-1.977,2.4,1,0,0,0,1,0,0,0,1,follower2,4.74,good,0.00635,mission
5,3.3,0,2.916,-1.939,2.399,1,0,0,0,1,0,0,0,1,leader,2.81,burst,0.0021,mission
5,3.4,1,2.886,-1.901,2.397,1,0,0,0,1,0,0,0,1,follower1,8.17,good,0.00796,mission
5,3.5,2,2.856,-1.864,2.394,1,0,0,0,1,0,0,0,1,follower2,0.42,good,0.0022,mission
5,3.6,0,2.824,-1.827,2.39,1,0,0,0,1,0,0,0,1,leader,4.64,good,-0.00174,mission
5,3.7,1,2.792,-1.792,2.385,1,0,0,0,1,0,0,0,1,follower1,1.93,good,0.00781,mission
5,3.8,2,2.76,-1.757,2.379,1,0,0,0,1,0,0,0,1,follower2,4.71,good,-0.00325,mission
5,3.9,0,2.726,-1.722,2.372,1,0,0,0,1,0,0,0,1,leader,6.51,burst,0.00558,mission
5,4.0,1,2.692,-1.688,2.364,1,0,0,0,1,0,0,0,1,follower1,2.31,burst,0.00088,mission
5,4.1,2,2.657,-1.655,2.355,1,0,0,0,1,0,0,0,1,follower2,5.06,good,-0.0006,mission
5,4.2,0,2.622,-1.623,2.345,1,0,0,0,1,0,0,0,1,leader,4.22,good,0.00319,mission
5,4.3,1,2.586,-1.591,2.335,1,0,0,0,1,0,0,0,1,follower1,1.63,good,-0.00328,mission
5,4.4,2,2.549,-1.56,2.323,1,0,0,0,1,0,0,0,1,follower2,5.3,good,0.00012,mission
5,4.5,0,2.512,-1.53,2.311,1,0,0,0,1,0,0,0,1,leader,7.09,burst,0.00282,mission
5,4.6,1,2.474,-1.501,2.298,1,0,0,0,1,0,0,0,1,follower1,4.62,burst,-0.00296,mission
5,4.7,2,2.435,-1.472,2.285,1,0,0,0,1,0,0,0,1,follower2,3.32,burst,-0.00223,mission
5,4.8,0,2.396,-1.444,2.27,1,0,0,0,1,0,0,0,1,leader,5.64,good,0.00082,mission
5,4.9,1,2.357,-1.417,2.255,1,0,0,0,1,0,0,0,1,follower1,4.95,good,-0.006,mission
5,5.0,2,2.317,-1.39,2.239,1,0,0,0,1,0,0,0,1,follower2,2.01,good,-0.00365,mission
5,5.1,0,2.276,-1.365,2.223,1,0,0,0,1,0,0,0,1,leader,2.5,good,0.0004,mission
5,5.2,1,2.235,-1.34,2.206,1,0,0,0,1,0,0,0,1,follower1,5.06,good,-0.00233,mission
5,5.3,2,2.193,-1.316,2.189,1,0,0,0,1,0,0,0,1,follower2,5.05,burst,1e-05,mission
5,5.4,0,2.151,-1.293,2.171,1,0,0,0,1,0,0,0,1,leader,1.81,burst,0.00306,mission
5,5.5,1,2.109,-1.271,2.153,1,0,0,0,1,0,0,0,1,follower1,1.34,good,-0.00471,mission
5,5.6,2,2.066,-1.25,2.134,1,0,0,0,1,0,0,0,1,follower2,4.49,good,0.00283,mission
5,5.7,0,2.022,-1.229,2.115,1,0,0,0,1,0,0,0,1,leader,4.49,good,-0.00751,mission
5,5.8,1,1.978,-1.21,2.096,1,0,0,0,1,0,0,0,1,follower1,6.77,burst,0.00428,mission
5,5.9,2,1.934,-1.191,2.076,1,0,0,0,1,0,0,0,1,follower2,4.59,good,0.0003,mission
5,6.0,0,1.89,-1.173,2.056,1,0,0,0,1,0,0,0,1,leader,1.32,good,-0.00333,mission
5,6.1,1,1.845,-1.156,2.037,1,0,0,0,1,0,0,0,1,follower1,5.3,burst,0.00151,mission
5,6.2,2,1.8,-1.14,2.017,1,0,0,0,1,0,0,0,1,follower2,0.29,good,0.00464,mission
5,6.3,0,1.754,-1.125,1.997,1,0,0,0,1,0,0,0,1,leader,7.23,good,0.00502,mission
5,6.4,1,1.708,-1.111,1.977,1,0,0,0,1,0,0,0,1,follower1,2.68,good,-0.00694,mission
5,6.5,2,1.662,-1.097,1.957,1,0,0,0,1,0,0,0,1,follower2,6.4,good,0.00369,mission
5,6.6,0,1.616,-1.085,1.937,1,0,0,0,1,0,0,0,1,leader,4.14,good,-0.00505,mission
5,6.7,1,1.569,-1.074,1.917,1,0,0,0,1,0,0,0,1,follower1,5.17,burst,-0.00013,mission
5,6.8,2,1.522,-1.063,1.898,1,0,0,0,1,0,0,0,1,follower2,7.84,good,0.00188,mission
5,6.9,0,1.475,-1.054,1.879,1,0,0,0,1,0,0,0,1,leader,3.34,good,-0.00145,mission
5,7.0,1,1.428,-1.045,1.86,1,0,0,0,1,0,0,0,1,follower1,3.28,good,0.00791,mission
5,7.1,2,1.381,-1.037,1.841,1,0,0,0,1,0,0,0,1,follower2,0.44,good,0.00397,mission
5,7.2,0,1.333,-1.03,1.823,1,0,0,0,1,0,0,0,1,leader,5.05,burst,0.0042,mission
5,7.3,1,1.285,-1.025,1.805,1,0,0,0,1,0,0,0,1,follower1,3.9,good,-0.00243,mission
5,7.4,2,1.238,-1.02,1.788,1,0,0,0,1,0,0,0,1,follower2,2.19,good,-0.00254,mission
5,7.5,0,1.19,-1.016,1.771,1,0,0,0,1,0,0,0,1,leader,4.07,burst,-0.00251,mission
5,7.6,1,1.142,-1.013,1.755,1,0,0,0,1,0,0,0,1,follower1,2.64,good,-0.00127,mission
5,7.7,2,1.094,-1.011,1.74,1,0,0,0,1,0,0,0,1,follower2,6.72,good,0.00364,mission
5,7.8,0,1.046,-1.01,1.725,1,0,0,0,1,0,0,0,1,leader,6.22,good,-0.00093,mission
5,7.9,1,0.998,-1.01,1.711,1,0,0,0,1,0,0,0,1,follower1,4.6,good,-0.00487,mission
5,8.0,2,0.95,-1.011,1.697,1,0,0,0,1,0,0,0,1,follower2,2.27,good,0.00618,mission
5,8.1,0,0.902,-1.013,1.685,1,0,0,0,1,0,0,0,1,leader,5.4,burst,-0.00048,mission
5,8.2,1,0.854,-1.016,1.673,1,0,0,0,1,0,0,0,1,follower1,2.94,good,0.00402,mission
5,8.3,2,0.806,-1.02,1.662,1,0,0,0,1,0,0,0,1,follower2,5.17,good,0.00191,mission
5,8.4,0,0.758,-1.024,1.651,1,0,0,0,1,0,0,0,1,leader,4.5,burst,-0.00036,mission
5,8.5,1,0.711,-1.03,1.642,1,0,0,0,1,0,0,0,1,follower1,1.69,good,-0.0069,mission
5,8.6,2,0.663,-1.037,1.634,1,0,0,0,1,0,0,0,1,follower2,5.15,burst,-0.00105,mission
5,8.7,0,0.616,-1.044,1.626,1,0,0,0,1,0,0,0,1,leader,3.41,good,-0.00288,mission
5,8.8,1,0.569,-1.053,1.619,1,0,0,0,1,0,0,0,1,follower1,3.89,good,-0.00429,mission
5,8.9,2,0.522,-1.062,1.614,1,0,0,0,1,0,0,0,1,follower2,4.97,good,-0.0046,mission
5,9.0,0,0.475,-1.073,1.609,1,0,0,0,1,0,0,0,1,leader,5.3,good,-0.00273,mission
5,9.1,1,0.428,-1.084,1.605,1,0,0,0,1,0,0,0,1,follower1,6.06,burst,-0.00421,mission
5,9.2,2,0.382,-1.096,1.603,1,0,0,0,1,0,0,0,1,follower2,4.5,burst,0.00121,mission
5,9.3,0,0.336,-1.11,1.601,1,0,0,0,1,0,0,0,1,leader,7.33,burst,0.00135,mission
5,9.4,1,0.29,-1.124,1.6,1,0,0,0,1,0,0,0,1,follower1,4.9,good,-0.00636,mission
5,9.5,2,0.244,-1.139,1.6,1,0,0,0,1,0,0,0,1,follower2,2.57,good,-0.00276,mission
5,9.6,0,0.199,-1.155,1.602,1,0,0,0,1,0,0,0,1,leader,3.99,good,-0.00413,mission
5,9.7,1,0.154,-1.172,1.604,1,0,0,0,1,0,0,0,1,follower1,5.22,good,0.00144,mission
5,9.8,2,0.109,-1.189,1.607,1,0,0,0,1,0,0,0,1,follower2,3.87,good,-0.00508,mission
5,9.9,0,0.065,-1.208,1.611,1,0,0,0,1,0,0,0,1,leader,7.23,good,0.00183,mission
5,10.0,1,0.021,-1.228,1.616,1,0,0,0,1,0,0,0,1,follower1,4.1,good,-0.00289,mission
5,10.1,2,-0.022,-1.248,1.623,1,0,0,0,1,0,0,0,1,follower2,3.56,burst,-0.00051,mission
5,10.2,0,-0.065,-1.269,1.63,1,0,0,0,1,0,0,0,1,leader,4.96,good,0.00438,mission
5,10.3,1,-0.108,-1.292,1.638,1,0,0,0,1,0,0,0,1,follower1,3.97,good,0.00368,mission
5,10.4,2,-0.15,-1.314,1.647,1,0,0,0,1,0,0,0,1,follower2,6.01,burst,-0.0018,mission
5,10.5,0,-0.192,-1.338,1.656,1,0,0,0,1,0,0,0,1,leader,4.07,good,0.00229,mission
5,10.6,1,-0.233,-1.363,1.667,1,0,0,0,1,0,0,0,1,follower1,2.59,good,0.00063,mission
5,10.7,2,-0.274,-1.388,1.679,1,0,0,0,1,0,0,0,1,follower2,6.77,burst,-0.0004,mission
5,10.8,0,-0.314,-1.415,1.691,1,0,0,0,1,0,0,0,1,leader,2.91,good,-0.00369,mission
5,10.9,1,-0.353,-1.442,1.704,1,0,0,0,1,0,0,0,1,follower1,4.43,burst,-0.00301,mission
5,11.0,2,-0.392,-1.47,1.718,1,0,0,0,1,0,0,0,1,follower2,3.57,good,-0.0038,mission
5,11.1,0,-0.431,-1.498,1.732,1,0,0,0,1,0,0,0,1,leader,6.02,burst,-0.00016,mission
5,11.2,1,-0.469,-1.528,1.747,1,0,0,0,1,0,0,0,1,follower1,3.68,good,0.00152,mission
5,11.3,2,-0.506,-1.558,1.763,1,0,0,0,1,0,0,0,1,follower2,5.45,burst,-0.01611,mission
5,11.4,0,-0.543,-1.589,1.78,1,0,0,0,1,0,0,0,1,leader,5.69,good,0.00412,mission
5,11.5,1,-0.579,-1.62,1.797,1,0,0,0,1,0,0,0,1,follower1,5.06,good,-0.00787,mission
5,11.6,2,-0.615,-1.653,1.814,1,0,0,0,1,0,0,0,1,follower2,3.78,good,-0.00281,mission
5,11.7,0,-0.649,-1.686,1.832,1,0,0,0,1,0,0,0,1,leader,2.69,good,0.00192,mission
5,11.8,1,-0.684,-1.719,1.85,1,0,0,0,1,0,0,0,1,follower1,3.48,good,-0.00437,mission
5,11.9,2,-0.717,-1.754,1.869,1,0,0,0,1,0,0,0,1,follower2,4.44,good,0.00037,mission
5,12.0,0,-0.75,-1.789,1.888,1,0,0,0,1,0,0,0,1,leader,6.69,good,0.00426,mission
5,12.1,1,-0.782,-1.825,1.908,1,0,0,0,1,0,0,0,1,follower1,6.72,good,0.00328,mission
5,12.2,2,-0.813,-1.861,1.927,1,0,0,0,1,0,0,0,1,follower2,2.43,burst,0.00348,mission
5,12.3,0,-0.844,-1.898,1.947,1,0,0,0,1,0,0,0,1,leader,0.64,good,-0.00339,mission
5,12.4,1,-0.874,-1.936,1.967,1,0,0,0,1,0,0,0,1,follower1,4.07,burst,-0.00018,mission
5,12.5,2,-0.903,-1.974,1.987,1,0,0,0,1,0,0,0,1,follower2,4.64,burst,0.00744,mission
5,12.6,0,-0.931,-2.012,2.007,1,0,0,0,1,0,0,0,1,leader,3.83,burst,-0.00474,mission
5,12.7,1,-0.959,-2.052,2.027,1,0,0,0,1,0,0,0,1,follower1,7.72,good,-0.00247,mission
5,12.8,2,-0.985,-2.092,2.047,1,0,0,0,1,0,0,0,1,follower2,5.99,good,0.00335,mission
5,12.9,0,-1.011,-2.132,2.066,1,0,0,0,1,0,0,0,1,leader,6.36,good,-0.00047,mission
5,13.0,1,-1.037,-2.173,2.086,1,0,0,0,1,0,0,0,1,follower1,2.68,good,0.00566,mission
5,13.1,2,-1.061,-2.214,2.105,1,0,0,0,1,0,0,0,1,follower2,2.72,good,0.00031,mission
5,13.2,0,-1.084,-2.256,2.125,1,0,0,0,1,0,0,0,1,leader,4.56,burst,-0.0026,mission
5,13.3,1,-1.107,-2.298,2.143,1,0,0,0,1,0,0,0,1,follower1,4.39,good,-0.00375,mission
5,13.4,2,-1.129,-2.341,2.162,1,0,0,0,1,0,0,0,1,follower2,4.9,good,-0.00509,mission
5,13.5,0,-1.15,-2.384,2.18,1,0,0,0,1,0,0,0,1,leader,3.03,good,0.00208,mission
5,13.6,1,-1.17,-2.428,2.198,1,0,0,0,1,0,0,0,1,follower1,5.71,good,-0.00234,mission
5,13.7,2,-1.189,-2.472,2.215,1,0,0,0,1,0,0,0,1,follower2,3.9,good,-0.00549,mission
5,13.8,0,-1.207,-2.516,2.231,1,0,0,0,1,0,0,0,1,leader,4.13,good,-0.0004,mission
5,13.9,1,-1.225,-2.561,2.247,1,0,0,0,1,0,0,0,1,follower1,4.99,good,0.00261,mission
5,14.0,2,-1.241,-2.606,2.263,1,0,0,0,1,0,0,0,1,follower2,4.58,good,0.00316,mission
5,14.1,0,-1.257,-2.651,2.278,1,0,0,0,1,0,0,0,1,leader,2.51,good,-0.0097,mission
5,14.2,1,-1.272,-2.697,2.292,1,0,0,0,1,0,0,0,1,follower1,8.19,burst,-2e-05,mission
5,14.3,2,-1.285,-2.743,2.305,1,0,0,0,1,0,0,0,1,follower2,6.77,burst,-0.00993,mission
5,14.4,0,-1.298,-2.789,2.317,1,0,0,0,1,0,0,0,1,leader,2.1,good,-0.00746,mission
5,14.5,1,-1.31,-2.836,2.329,1,0,0,0,1,0,0,0,1,follower1,4.73,good,0.006,mission
5,14.6,2,-1.321,-2.883,2.34,1,0,0,0,1,0,0,0,1,follower2,3.29,good,0.0077,mission
5,14.7,0,-1.331,-2.929,2.35,1,0,0,0,1,0,0,0,1,leader,5.05,good,0.00441,mission
5,14.8,1,-1.341,-2.977,2.359,1,0,0,0,1,0,0,0,1,follower1,4.33,burst,0.00077,mission
5,14.9,2,-1.349,-3.024,2.368,1,0,0,0,1,0,0,0,1,follower2,3.93,good,0.00054,mission
5,15.0,0,-1.356,-3.071,2.375,1,0,0,0,1,0,0,0,1,leader,4.45,burst,-0.00151,mission
5,15.1,1,-1.362,-3.119,2.382,1,0,0,0,1,0,0,0,1,follower1,2.83,good,-0.00417,mission
5,15.2,2,-1.368,-3.167,2.387,1,0,0,0,1,0,0,0,1,follower2,5.32,good,-0.0003,mission
5,15.3,0,-1.372,-3.214,2.392,1,0,0,0,1,0,0,0,1,leader,4.11,burst,-0.0023,mission
5,15.4,1,-1.375,-3.262,2.395,1,0,0,0,1,0,0,0,1,follower1,4.63,burst,0.00277,mission
5,15.5,2,-1.378,-3.31,2.398,1,0,0,0,1,0,0,0,1,follower2,6.24,good,0.00381,mission
5,15.6,0,-1.379,-3.358,2.399,1,0,0,0,1,0,0,0,1,leader,4.25,good,0.00204,mission
5,15.7,1,-1.38,-3.406,2.4,1,0,0,0,1,0,0,0,1,follower1,4.36,good,-0.00491,mission
5,15.8,2,-1.38,-3.454,2.4,1,0,0,0,1,0,0,0,1,follower2,3.49,burst,0.00066,mission
5,15.9,0,-1.378,-3.502,2.398,1,0,0,0,1,0,0,0,1,leader,3.55,good,-0.00188,mission
5,16.0,1,-1.376,-3.55,2.396,1,0,0,0,1,0,0,0,1,follower1,8.64,good,-0.00338,mission
5,16.1,2,-1.373,-3.598,2.392,1,0,0,0,1,0,0,0,1,follower2,5.56,good,0.00033,mission
5,16.2,0,-1.368,-3.646,2.388,1,0,0,0,1,0,0,0,1,leader,5.71,burst,-0.0061,mission
5,16.3,1,-1.363,-3.694,2.383,1,0,0,0,1,0,0,0,1,follower1,0.53,good,-0.00413,mission
5,16.4,2,-1.357,-3.741,2.376,1,0,0,0,1,0,0,0,1,follower2,1.95,good,-0.00282,mission
5,16.5,0,-1.35,-3.789,2.369,1,0,0,0,1,0,0,0,1,leader,3.84,good,0.00555,mission
5,16.6,1,-1.342,-3.836,2.361,1,0,0,0,1,0,0,0,1,follower1,1.97,good,-0.00265,mission
5,16.7,2,-1.333,-3.883,2.352,1,0,0,0,1,0,0,0,1,follower2,1.02,good,-0.00058,mission
5,16.8,0,-1.323,-3.93,2.342,1,0,0,0,1,0,0,0,1,leader,3.92,burst,-0.005,mission
5,16.9,1,-1.312,-3.977,2.331,1,0,0,0,1,0,0,0,1,follower1,5.31,good,0.00281,mission
5,17.0,2,-1.3,-4.023,2.319,1,0,0,0,1,0,0,0,1,follower2,1.37,burst,0.005,mission
5,17.1,0,-1.288,-4.07,2.307,1,0,0,0,1,0,0,0,1,leader,4.57,good,-0.00143,mission
5,17.2,1,-1.274,-4.116,2.294,1,0,0,0,1,0,0,0,1,follower1,3.38,good,0.00136,mission
5,17.3,2,-1.259,-4.161,2.28,1,0,0,0,1,0,0,0,1,follower2,7.87,good,0.00927,mission
5,17.4,0,-1.244,-4.207,2.265,1,0,0,0,1,0,0,0,1,leader,4.7,good,-0.00179,mission
5,17.5,1,-1.227,-4.252,2.25,1,0,0,0,1,0,0,0,1,follower1,3.47,good,-0.00096,mission
5,17.6,2,-1.21,-4.297,2.234,1,0,0,0,1,0,0,0,1,follower2,2.97,burst,-0.00231,mission
5,17.7,0,-1.192,-4.341,2.217,1,0,0,0,1,0,0,0,1,leader,3.22,burst,-0.00367,mission
5,17.8,1,-1.173,-4.385,2.2,1,0,0,0,1,0,0,0,1,follower1,8.94,good,0.00298,mission
5,17.9,2,-1.153,-4.429,2.183,1,0,0,0,1,0,0,0,1,follower2,7.39,good,-0.00108,mission
5,18.0,0,-1.132,-4.472,2.165,1,0,0,0,1,0,0,0,1,leader,7.26,good,0.00381,mission
5,18.1,1,-1.111,-4.515,2.146,1,0,0,0,1,0,0,0,1,follower1,1.93,good,-0.00018,mission
5,18.2,2,-1.088,-4.557,2.128,1,0,0,0,1,0,0,0,1,follower2,3.96,good,0.00108,mission
5,18.3,0,-1.065,-4.599,2.109,1,0,0,0,1,0,0,0,1,leader,4.07,burst,0.00011,mission
5,18.4,1,-1.04,-4.641,2.089,1,0,0,0,1,0,0,0,1,follower1,3.77,good,-0.0055,mission
5,18.5,2,-1.015,-4.682,2.07,1,0,0,0,1,0,0,0,1,follower2,6.92,good,-0.00264,mission
5,18.6,0,-0.99,-4.722,2.05,1,0,0,0,1,0,0,0,1,leader,1.43,good,0.00531,mission
5,18.7,1,-0.963,-4.762,2.03,1,0,0,0,1,0,0,0,1,follower1,5.31,good,-0.00448,mission
5,18.8,2,-0.936,-4.801,2.01,1,0,0,0,1,0,0,0,1,follower2,9.35,good,0.00173,mission
5,18.9,0,-0.907,-4.84,1.99,1,0,0,0,1,0,0,0,1,leader,4.71,burst,-0.00283,mission
5,19.0,1,-0.878,-4.878,1.97,1,0,0,0,1,0,0,0,1,follower1,3.33,good,-0.00435,mission
5,19.1,2,-0.849,-4.916,1.95,1,0,0,0,1,0,0,0,1,follower2,7.38,good,0.00341,mission
5,19.2,0,-0.818,-4.953,1.93,1,0,0,0,1,0,0,0,1,leader,4.25,burst,-2e-05,mission
5,19.3,1,-0.787,-4.99,1.911,1,0,0,0,1,0,0,0,1,follower1,7.76,good,0.00468,mission
5,19.4,2,-0.755,-5.025,1.891,1,0,0,0,1,0,0,0,1,follower2,5.61,burst,0.0038,mission
5,19.5,0,-0.722,-5.061,1.872,1,0,0,0,1,0,0,0,1,leader,1.12,good,-0.00389,mission
5,19.6,1,-0.689,-5.095,1.853,1,0,0,0,1,0,0,0,1,follower1,4.65,burst,-0.0033,mission
5,19.7,2,-0.655,-5.129,1.835,1,0,0,0,1,0,0,0,1,follower2,6.36,good,0.00313,mission
5,19.8,0,-0.62,-5.162,1.817,1,0,0,0,1,0,0,0,1,leader,8.32,good,0.00011,mission
5,19.9,1,-0.585,-5.195,1.799,1,0,0,0,1,0,0,0,1,follower1,3.43,burst,-4e-05,mission
5,20.0,2,-0.549,-5.226,1.782,1,0,0,0,1,0,0,0,1,follower2,2.59,good,-0.00125,mission
5,20.1,0,-0.512,-5.257,1.766,1,0,0,0,1,0,0,0,1,leader,3.66,burst,-0.00517,mission
5,20.2,1,-0.475,-5.288,1.75,1,0,0,0,1,0,0,0,1,follower1,5.57,burst,0.00494,mission
5,20.3,2,-0.437,-5.317,1.735,1,0,0,0,1,0,0,0,1,follower2,4.45,burst,-0.00431,mission
5,20.4,0,-0.399,-5.346,1.72,1,0,0,0,1,0,0,0,1,leader,2.93,good,5e-05,mission
5,20.5,1,-0.36,-5.374,1.706,1,0,0,0,1,0,0,0,1,follower1,1.87,good,-0.00538,mission
5,20.6,2,-0.32,-5.401,1.693,1,0,0,0,1,0,0,0,1,follower2,5.59,good,-0.00254,mission
5,20.7,0,-0.28,-5.427,1.68,1,0,0,0,1,0,0,0,1,leader,4.86,good,0.00213,mission
5,20.8,1,-0.239,-5.453,1.669,1,0,0,0,1,0,0,0,1,follower1,5.33,good,-0.00517,mission
5,20.9,2,-0.198,-5.478,1.658,1,0,0,0,1,0,0,0,1,follower2,3.6,burst,-0.00414,mission
5,21.0,0,-0.157,-5.502,1.648,1,0,0,0,1,0,0,0,1,leader,5.65,good,-0.00263,mission
5,21.1,1,-0.115,-5.525,1.639,1,0,0,0,1,0,0,0,1,follower1,7.74,good,0.00148,mission
5,21.2,2,-0.072,-5.547,1.631,1,0,0,0,1,0,0,0,1,follower2,3.48,good,0.00669,mission
5,21.3,0,-0.029,-5.569,1.624,1,0,0,0,1,0,0,0,1,leader,4.31,good,0.00348,mission
5,21.4,1,0.014,-5.589,1.617,1,0,0,0,1,0,0,0,1,follower1,3.87,burst,0.00077,mission
5,21.5,2,0.058,-5.609,1.612,1,0,0,0,1,0,0,0,1,follower2,3.3,good,-0.0002,mission
5,21.6,0,0.102,-5.628,1.608,1,0,0,0,1,0,0,0,1,leader,5.15,good,0.00126,mission
5,21.7,1,0.147,-5.646,1.604,1,0,0,0,1,0,0,0,1,follower1,7.44,good,0.00033,mission
5,21.8,2,0.192,-5.663,1.602,1,0,0,0,1,0,0,0,1,follower2,3.43,good,-0.00189,mission
5,21.9,0,0.237,-5.679,1.6,1,0,0,0,1,0,0,0,1,leader,2.75,good,0.00048,mission
5,22.0,1,0.282,-5.694,1.6,1,0,0,0,1,0,0,0,1,follower1,6.32,good,-0.00351,mission
5,22.1,2,0.328,-5.708,1.601,1,0,0,0,1,0,0,0,1,follower2,6.68,good,0.00636,mission
5,22.2,0,0.374,-5.722,1.602,1,0,0,0,1,0,0,0,1,leader,5.47,burst,-0.0048,mission
5,22.3,1,0.421,-5.734,1.605,1,0,0,0,1,0,0,0,1,follower1,3.93,burst,0.00123,mission
5,22.4,2,0.467,-5.745,1.608,1,0,0,0,1,0,0,0,1,follower2,1.77,good,-0.00642,mission
5,22.5,0,0.514,-5.756,1.613,1,0,0,0,1,0,0,0,1,leader,4.4,burst,0.00486,mission
5,22.6,1,0.561,-5.766,1.618,1,0,0,0,1,0,0,0,1,follower1,3.86,good,-0.00492,mission
5,22.7,2,0.608,-5.774,1.625,1,0,0,0,1,0,0,0,1,follower2,9.56,good,-0.00201,mission
5,22.8,0,0.656,-5.782,1.632,1,0,0,0,1,0,0,0,1,leader,2.06,good,-0.00022,mission
5,22.9,1,0.703,-5.789,1.641,1,0,0,0,1,0,0,0,1,follower1,2.65,burst,-0.00324,mission
5,23.0,2,0.751,-5.795,1.65,1,0,0,0,1,0,0,0,1,follower2,8.12,burst,0.00072,mission
5,23.1,0,0.799,-5.8,1.66,1,0,0,0,1,0,0,0,1,leader,4.03,good,-0.00685,mission
5,23.2,1,0.846,-5.804,1.671,1,0,0,0,1,0,0,0,1,follower1,7.03,good,-0.00313,mission
5,23.3,2,0.894,-5.807,1.683,1,0,0,0,1,0,0,0,1,follower2,1.13,good,0.00561,mission
5,23.4,0,0.942,-5.809,1.695,1,0,0,0,1,0,0,0,1,leader,1.76,good,0.00302,mission
5,23.5,1,0.99,-5.81,1.709,1,0,0,0,1,0,0,0,1,follower1,5.34,good,-0.00592,mission
5,23.6,2,1.038,-5.81,1.723,1,0,0,0,1,0,0,0,1,follower2,6.18,good,-0.00274,mission
5,23.7,0,1.086,-5.809,1.737,1,0,0,0,1,0,0,0,1,leader,0.76,good,0.00075,mission
5,23.8,1,1.134,-5.807,1.753,1,0,0,0,1,0,0,0,1,follower1,3.41,burst,-0.00568,mission
5,23.9,2,1.182,-5.805,1.769,1,0,0,0,1,0,0,0,1,follower2,4.4,good,-0.00536,mission
5,24.0,0,1.23,-5.801,1.785,1,0,0,0,1,0,0,0,1,leader,4.41,burst,-0.00013,mission
5,24.1,1,1.278,-5.796,1.803,1,0,0,0,1,0,0,0,1,follower1,1.1,good,-0.00026,mission
5,24.2,2,1.325,-5.79,1.82,1,0,0,0,1,0,0,0,1,follower2,3.52,burst,-0.00195,mission
5,24.3,0,1.373,-5.784,1.838,1,0,0,0,1,0,0,0,1,leader,8.42,good,-0.00048,mission
5,24.4,1,1.42,-5.776,1.857,1,0,0,0,1,0,0,0,1,follower1,5.09,good,-0.00435,mission
5,24.5,2,1.468,-5.768,1.876,1,0,0,0,1,0,0,0,1,follower2,3.33,good,0.00524,mission
5,24.6,0,1.515,-5.758,1.895,1,0,0,0,1,0,0,0,1,leader,4.85,good,-0.00061,mission
5,24.7,1,1.562,-5.748,1.914,1,0,0,0,1,0,0,0,1,follower1,2.94,burst,-0.00125,mission
5,24.8,2,1.608,-5.737,1.934,1,0,0,0,1,0,0,0,1,follower2,2.72,good,0.00122,mission
5,24.9,0,1.655,-5.725,1.954,1,0,0,0,1,0,0,0,1,leader,2.83,good,0.01255,mission
5,25.0,1,1.701,-5.711,1.973,1,0,0,0,1,0,0,0,1,follower1,5.97,good,2e-05,mission
5,25.1,2,1.747,-5.697,1.993,1,0,0,0,1,0,0,0,1,follower2,2.19,good,-0.00024,mission
5,25.2,0,1.792,-5.682,2.013,1,0,0,0,1,0,0,0,1,leader,4.32,good,0.00717,mission
5,25.3,1,1.838,-5.666,2.033,1,0,0,0,1,0,0,0,1,follower1,6.81,good,0.00655,mission
5,25.4,2,1.883,-5.65,2.053,1,0,0,0,1,0,0,0,1,follower2,2.47,good,0.01025,mission
5,25.5,0,1.927,-5.632,2.073,1,0,0,0,1,0,0,0,1,leader,4.02,burst,0.00056,mission
5,25.6,1,1.971,-5.613,2.093,1,0,0,0,1,0,0,0,1,follower1,0.83,good,0.00956,mission
5,25.7,2,2.015,-5.594,2.112,1,0,0,0,1,0,0,0,1,follower2,1.14,burst,0.00052,mission
5,25.8,0,2.059,-5.574,2.131,1,0,0,0,1,0,0,0,1,leader,1.44,good,-0.00568,mission
5,25.9,1,2.102,-5.552,2.15,1,0,0,0,1,0,0,0,1,follower1,4.3,good,-0.00558,mission
5,26.0,2,2.144,-5.53,2.168,1,0,0,0,1,0,0,0,1,follower2,5.43,burst,-0.00055,mission
5,26.1,0,2.187,-5.507,2.186,1,0,0,0,1,0,0,0,1,leader,0.84,good,0.0026,mission
5,26.2,1,2.228,-5.484,2.203,1,0,0,0,1,0,0,0,1,follower1,3.22,good,-0.00083,mission
5,26.3,2,2.27,-5.459,2.22,1,0,0,0,1,0,0,0,1,follower2,2.84,good,-0.00084,mission
5,26.4,0,2.31,-5.434,2.237,1,0,0,0,1,0,0,0,1,leader,6.93,good,0.00155,mission
5,26.5,1,2.35,-5.407,2.253,1,0,0,0,1,0,0,0,1,follower1,0.8,burst,-0.00272,mission
5,26.6,2,2.39,-5.38,2.268,1,0,0,0,1,0,0,0,1,follower2,7.14,good,-0.00931,mission
5,26.7,0,2.429,-5.353,2.282,1,0,0,0,1,0,0,0,1,leader,3.3,burst,0.00596,mission
5,26.8,1,2.468,-5.324,2.296,1,0,0,0,1,0,0,0,1,follower1,3.91,good,0.00281,mission
5,26.9,2,2.506,-5.295,2.309,1,0,0,0,1,0,0,0,1,follower2,1.99,good,-0.00161,mission
5,27.0,0,2.543,-5.265,2.322,1,0,0,0,1,0,0,0,1,leader,3.6,good,-0.00612,mission
5,27.1,1,2.58,-5.234,2.333,1,0,0,0,1,0,0,0,1,follower1,2.54,good,0.00155,mission
5,27.2,2,2.616,-5.202,2.344,1,0,0,0,1,0,0,0,1,follower2,5.98,burst,-0.00247,mission
5,27.3,0,2.652,-5.17,2.353,1,0,0,0,1,0,0,0,1,leader,4.22,good,0.0014,mission
5,27.4,1,2.687,-5.137,2.362,1,0,0,0,1,0,0,0,1,follower1,6.47,good,0.00274,mission
5,27.5,2,2.721,-5.103,2.37,1,0,0,0,1,0,0,0,1,follower2,5.3,burst,0.00692,mission
5,27.6,0,2.754,-5.069,2.377,1,0,0,0,1,0,0,0,1,leader,3.15,burst,0.0005,mission
5,27.7,1,2.787,-5.034,2.384,1,0,0,0,1,0,0,0,1,follower1,2.14,good,0.00544,mission
5,27.8,2,2.819,-4.998,2.389,1,0,0,0,1,0,0,0,1,follower2,3.76,good,0.00185,mission
5,27.9,0,2.851,-4.962,2.393,1,0,0,0,1,0,0,0,1,leader,4.96,burst,-0.00069,mission
5,28.0,1,2.881,-4.925,2.396,1,0,0,0,1,0,0,0,1,follower1,0.09,good,0.00051,mission
5,28.1,2,2.911,-4.888,2.398,1,0,0,0,1,0,0,0,1,follower2,2.89,burst,0.00016,mission
5,28.2,0,2.94,-4.849,2.4,1,0,0,0,1,0,0,0,1,leader,1.49,good,0.005,mission
5,28.3,1,2.969,-4.811,2.4,1,0,0,0,1,0,0,0,1,follower1,3.96,good,-0.00225,mission
5,28.4,2,2.996,-4.771,2.399,1,0,0,0,1,0,0,0,1,follower2,5.14,good,-0.00285,mission
5,28.5,0,3.023,-4.732,2.397,1,0,0,0,1,0,0,0,1,leader,8.14,good,0.00433,mission
5,28.6,1,3.049,-4.691,2.395,1,0,0,0,1,0,0,0,1,follower1,2.82,burst,0.00588,mission
5,28.7,2,3.075,-4.65,2.391,1,0,0,0,1,0,0,0,1,follower2,5.54,burst,-0.00144,mission
5,28.8,0,3.099,-4.609,2.386,1,0,0,0,1,0,0,0,1,leader,5.0,good,-0.00059,mission
5,28.9,1,3.123,-4.567,2.381,1,0,0,0,1,0,0,0,1,follower1,3.95,burst,0.00118,mission
5,29.0,2,3.145,-4.525,2.374,1,0,0,0,1,0,0,0,1,follower2,4.15,good,-0.00039,mission
5,29.1,0,3.167,-4.482,2.366,1,0,0,0,1,0,0,0,1,leader,6.43,good,-0.00577,mission
5,29.2,1,3.188,-4.439,2.358,1,0,0,0,1,0,0,0,1,follower1,3.36,burst,-0.00338,mission
5,29.3,2,3.208,-4.396,2.349,1,0,0,0,1,0,0,0,1,follower2,7.78,burst,0.0028,mission
5,29.4,0,3.228,-4.352,2.338,1,0,0,0,1,0,0,0,1,leader,8.18,good,0.00251,mission
5,29.5,1,3.246,-4.307,2.327,1,0,0,0,1,0,0,0,1,follower1,4.52,good,0.00703,mission
5,29.6,2,3.263,-4.263,2.315,1,0,0,0,1,0,0,0,1,follower2,6.62,good,0.0025,mission
5,29.7,0,3.28,-4.218,2.303,1,0,0,0,1,0,0,0,1,leader,2.54,good,0.00564,mission
5,29.8,1,3.296,-4.172,2.289,1,0,0,0,1,0,0,0,1,follower1,4.41,good,0.00478,mission
5,29.9,2,3.311,-4.127,2.275,1,0,0,0,1,0,0,0,1,follower2,10.28,good,0.00273,mission
5,30.0,0,3.324,-4.081,2.26,1,0,0,0,1,0,0,0,1,leader,5.37,good,-0.00322,mission
5,30.1,1,3.337,-4.034,2.245,1,0,0,0,1,0,0,0,1,follower1,4.65,good,0.00026,mission
5,30.2,2,3.349,-3.988,2.228,1,0,0,0,1,0,0,0,1,follower2,6.03,good,0.00395,mission
5,30.3,0,3.36,-3.941,2.212,1,0,0,0,1,0,0,0,1,leader,3.63,good,-0.00057,mission
5,30.4,1,3.371,-3.894,2.195,1,0,0,0,1,0,0,0,1,follower1,4.55,good,-0.00329,mission
5,30.5,2,3.38,-3.847,2.177,1,0,0,0,1,0,0,0,1,follower2,2.31,good,0.00238,mission
5,30.6,0,3.388,-3.8,2.159,1,0,0,0,1,0,0,0,1,leader,7.53,burst,-0.00193,mission
5,30.7,1,3.395,-3.752,2.14,1,0,0,0,1,0,0,0,1,follower1,4.24,good,-0.00378,mission
5,30.8,2,3.402,-3.705,2.121,1,0,0,0,1,0,0,0,1,follower2,3.17,burst,-0.00872,mission
5,30.9,0,3.407,-3.657,2.102,1,0,0,0,1,0,0,0,1,leader,5.56,burst,-0.00508,mission
5,31.0,1,3.412,-3.609,2.083,1,0,0,0,1,0,0,0,1,follower1,5.48,good,0.00537,mission
5,31.1,2,3.415,-3.562,2.063,1,0,0,0,1,0,0,0,1,follower2,5.51,good,0.00139,mission
5,31.2,0,3.418,-3.514,2.043,1,0,0,0,1,0,0,0,1,leader,3.78,burst,0.00545,mission
5,31.3,1,3.419,-3.466,2.023,1,0,0,0,1,0,0,0,1,follower1,6.11,good,-0.00671,mission
5,31.4,2,3.42,-3.418,2.003,1,0,0,0,1,0,0,0,1,follower2,3.68,burst,0.0015,mission
5,31.5,0,3.42,-3.37,1.983,1,0,0,0,1,0,0,0,1,leader,2.92,good,-0.00188,mission
5,31.6,1,3.418,-3.322,1.963,1,0,0,0,1,0,0,0,1,follower1,4.16,good,0.00589,mission
5,31.7,2,3.416,-3.274,1.943,1,0,0,0,1,0,0,0,1,follower2,5.77,burst,0.00484,mission
5,31.8,0,3.413,-3.226,1.924,1,0,0,0,1,0,0,0,1,leader,2.44,good,-0.0032,mission
5,31.9,1,3.409,-3.178,1.904,1,0,0,0,1,0,0,0,1,follower1,3.78,good,-0.00076,mission
5,32.0,2,3.404,-3.13,1.885,1,0,0,0,1,0,0,0,1,follower2,4.78,good,0.00502,mission
5,32.1,0,3.398,-3.083,1.866,1,0,0,0,1,0,0,0,1,leader,5.83,good,-0.00062,mission
5,32.2,1,3.391,-3.035,1.847,1,0,0,0,1,0,0,0,1,follower1,2.54,good,-0.00017,mission
5,32.3,2,3.383,-2.988,1.829,1,0,0,0,1,0,0,0,1,follower2,5.55,good,0.00793,mission
5,32.4,0,3.374,-2.941,1.811,1,0,0,0,1,0,0,0,1,leader,2.75,good,0.00167,mission
5,32.5,1,3.364,-2.894,1.794,1,0,0,0,1,0,0,0,1,follower1,5.23,burst,-0.00609,mission
5,32.6,2,3.353,-2.847,1.777,1,0,0,0,1,0,0,0,1,follower2,2.05,good,-0.00406,mission
5,32.7,0,3.341,-2.8,1.76,1,0,0,0,1,0,0,0,1,leader,4.83,good,-0.00138,mission
5,32.8,1,3.329,-2.754,1.745,1,0,0,0,1,0,0,0,1,follower1,2.5,good,-0.00276,mission
5,32.9,2,3.315,-2.708,1.73,1,0,0,0,1,0,0,0,1,follower2,5.63,good,0.00042,mission
5,33.0,0,3.301,-2.662,1.715,1,0,0,0,1,0,0,0,1,leader,4.53,good,0.00436,mission
5,33.1,1,3.285,-2.617,1.702,1,0,0,0,1,0,0,0,1,follower1,3.58,good,-0.0004,mission
5,33.2,2,3.269,-2.572,1.689,1,0,0,0,1,0,0,0,1,follower2,6.44,good,0.00095,mission
5,33.3,0,3.252,-2.527,1.676,1,0,0,0,1,0,0,0,1,leader,5.59,burst,0.00604,mission
5,33.4,1,3.234,-2.482,1.665,1,0,0,0,1,0,0,0,1,follower1,1.17,good,0.00732,mission
5,33.5,2,3.215,-2.438,1.655,1,0,0,0,1,0,0,0,1,follower2,3.6,good,-0.00097,mission
5,33.6,0,3.195,-2.395,1.645,1,0,0,0,1,0,0,0,1,leader,5.58,good,0.0005,mission
5,33.7,1,3.174,-2.351,1.636,1,0,0,0,1,0,0,0,1,follower1,1.46,good,0.00763,mission
5,33.8,2,3.152,-2.309,1.628,1,0,0,0,1,0,0,0,1,follower2,4.65,good,0.00122,mission
5,33.9,0,3.13,-2.266,1.621,1,0,0,0,1,0,0,0,1,leader,2.45,good,0.00171,mission
5,34.0,1,3.107,-2.224,1.615,1,0,0,0,1,0,0,0,1,follower1,5.7,good,-0.00473,mission
5,34.1,2,3.082,-2.183,1.61,1,0,0,0,1,0,0,0,1,follower2,4.79,good,0.00581,mission
5,34.2,0,3.057,-2.142,1.606,1,0,0,0,1,0,0,0,1,leader,5.85,good,0.0008,mission
5,34.3,1,3.032,-2.101,1.603,1,0,0,0,1,0,0,0,1,follower1,6.02,burst,-0.0032,mission
5,34.4,2,3.005,-2.061,1.601,1,0,0,0,1,0,0,0,1,follower2,2.43,burst,0.00361,mission
5,34.5,0,2.978,-2.022,1.6,1,0,0,0,1,0,0,0,1,leader,5.32,good,-9e-05,mission
5,34.6,1,2.95,-1.983,1.6,1,0,0,0,1,0,0,0,1,follower1,6.6,burst,-0.00405,mission
5,34.7,2,2.921,-1.945,1.601,1,0,0,0,1,0,0,0,1,follower2,6.18,good,0.00119,mission
5,34.8,0,2.891,-1.907,1.603,1,0,0,0,1,0,0,0,1,leader,2.38,burst,0.00019,mission
5,34.9,1,2.861,-1.87,1.606,1,0,0,0,1,0,0,0,1,follower1,8.14,good,0.00533,mission
5,35.0,2,2.829,-1.833,1.61,1,0,0,0,1,0,0,0,1,follower2,6.0,good,0.00541,mission
5,35.1,0,2.797,-1.797,1.615,1,0,0,0,1,0,0,0,1,leader,8.08,good,2e-05,mission
5,35.2,1,2.765,-1.762,1.62,1,0,0,0,1,0,0,0,1,follower1,5.44,burst,0.00238,mission
5,35.3,2,2.732,-1.728,1.627,1,0,0,0,1,0,0,0,1,follower2,4.02,good,-0.00127,mission
5,35.4,0,2.698,-1.694,1.635,1,0,0,0,1,0,0,0,1,leader,2.34,burst,0.00212,mission
5,35.5,1,2.663,-1.66,1.644,1,0,0,0,1,0,0,0,1,follower1,5.18,good,0.00339,mission
5,35.6,2,2.628,-1.628,1.653,1,0,0,0,1,0,0,0,1,follower2,4.05,burst,0.0029,mission
5,35.7,0,2.592,-1.596,1.664,1,0,0,0,1,0,0,0,1,leader,8.89,good,-0.00339,mission
5,35.8,1,2.555,-1.565,1.675,1,0,0,0,1,0,0,0,1,follower1,1.63,good,-0.00358,mission
5,35.9,2,2.518,-1.535,1.687,1,0,0,0,1,0,0,0,1,follower2,3.73,burst,-0.00518,mission
5,36.0,0,2.48,-1.505,1.7,1,0,0,0,1,0,0,0,1,leader,8.91,good,0.00181,mission
5,36.1,1,2.442,-1.476,1.713,1,0,0,0,1,0,0,0,1,follower1,7.96,burst,-0.00104,mission
5,36.2,2,2.403,-1.448,1.727,1,0,0,0,1,0,0,0,1,follower2,4.98,good,-0.00413,mission
5,36.3,0,2.363,-1.421,1.742,1,0,0,0,1,0,0,0,1,leader,6.63,good,-0.00613,mission
5,36.4,1,2.323,-1.395,1.758,1,0,0,0,1,0,0,0,1,follower1,2.06,good,-0.00346,mission
5,36.5,2,2.283,-1.369,1.774,1,0,0,0,1,0,0,0,1,follower2,4.61,good,0.00208,mission
5,36.6,0,2.242,-1.344,1.791,1,0,0,0,1,0,0,0,1,leader,8.71,good,-0.00481,mission
5,36.7,1,2.2,-1.32,1.808,1,0,0,0,1,0,0,0,1,follower1,3.14,good,-0.00454,mission
5,36.8,2,2.158,-1.297,1.826,1,0,0,0,1,0,0,0,1,follower2,2.02,good,-0.00919,mission
5,36.9,0,2.115,-1.275,1.844,1,0,0,0,1,0,0,0,1,leader,3.07,good,0.00528,mission
5,37.0,1,2.073,-1.253,1.863,1,0,0,0,1,0,0,0,1,follower1,2.19,burst,-0.00369,mission
5,37.1,2,2.029,-1.232,1.882,1,0,0,0,1,0,0,0,1,follower2,3.92,burst,-0.00172,mission
5,37.2,0,1.985,-1.213,1.901,1,0,0,0,1,0,0,0,1,leader,4.02,good,0.00155,mission
5,37.3,1,1.941,-1.194,1.921,1,0,0,0,1,0,0,0,1,follower1,5.09,good,0.0027,mission
5,37.4,2,1.897,-1.176,1.94,1,0,0,0,1,0,0,0,1,follower2,3.2,burst,-0.00328,mission
5,37.5,0,1.852,-1.159,1.96,1,0,0,0,1,0,0,0,1,leader,4.92,good,0.00579,mission
5,37.6,1,1.807,-1.143,1.98,1,0,0,0,1,0,0,0,1,follower1,6.71,burst,-0.00069,mission
5,37.7,2,1.761,-1.127,2.0,1,0,0,0,1,0,0,0,1,follower2,2.33,burst,-0.00277,mission
5,37.8,0,1.715,-1.113,2.02,1,0,0,0,1,0,0,0,1,leader,4.44,burst,0.00533,mission
5,37.9,1,1.669,-1.1,2.04,1,0,0,0,1,0,0,0,1,follower1,7.09,good,-0.00205,mission
5,38.0,2,1.623,-1.087,2.06,1,0,0,0,1,0,0,0,1,follower2,3.47,burst,-0.00818,mission
5,38.1,0,1.576,-1.075,2.08,1,0,0,0,1,0,0,0,1,leader,5.01,good,0.00143,mission
5,38.2,1,1.53,-1.065,2.099,1,0,0,0,1,0,0,0,1,follower1,1.1,good,0.00099,mission
5,38.3,2,1.483,-1.055,2.118,1,0,0,0,1,0,0,0,1,follower2,0.09,good,0.00369,mission
5,38.4,0,1.435,-1.046,2.137,1,0,0,0,1,0,0,0,1,leader,4.31,good,-0.00724,mission
5,38.5,1,1.388,-1.038,2.156,1,0,0,0,1,0,0,0,1,follower1,6.82,good,0.00025,mission
5,38.6,2,1.341,-1.032,2.174,1,0,0,0,1,0,0,0,1,follower2,6.11,good,0.00325,mission
5,38.7,0,1.293,-1.026,2.192,1,0,0,0,1,0,0,0,1,leader,5.09,burst,0.00081,mission
5,38.8,1,1.245,-1.021,2.209,1,0,0,0,1,0,0,0,1,follower1,2.64,burst,-0.00619,mission
5,38.9,2,1.197,-1.017,2.226,1,0,0,0,1,0,0,0,1,follower2,0.66,burst,-0.00386,mission
5,39.0,0,1.149,-1.013,2.242,1,0,0,0,1,0,0,0,1,leader,5.78,good,0.00172,mission
5,39.1,1,1.102,-1.011,2.258,1,0,0,0,1,0,0,0,1,follower1,5.23,good,0.00842,mission
5,39.2,2,1.054,-1.01,2.273,1,0,0,0,1,0,0,0,1,follower2,8.13,good,0.00285,mission
5,39.3,0,1.006,-1.01,2.287,1,0,0,0,1,0,0,0,1,leader,3.66,good,0.0029,mission
5,39.4,1,0.958,-1.011,2.301,1,0,0,0,1,0,0,0,1,follower1,4.99,good,0.00107,mission
5,39.5,2,0.91,-1.013,2.313,1,0,0,0,1,0,0,0,1,follower2,1.8,good,-0.00491,mission
5,39.6,0,0.862,-1.015,2.325,1,0,0,0,1,0,0,0,1,leader,6.17,burst,-0.00374,mission
5,39.7,1,0.814,-1.019,2.337,1,0,0,0,1,0,0,0,1,follower1,3.57,good,-0.00047,mission
5,39.8,2,0.766,-1.023,2.347,1,0,0,0,1,0,0,0,1,follower2,4.37,good,0.0051,mission
5,39.9,0,0.718,-1.029,2.357,1,0,0,0,1,0,0,0,1,leader,3.13,good,0.00442,mission
5,40.0,1,0.671,-1.036,2.365,1,0,0,0,1,0,0,0,1,follower1,3.17,good,0.00139,mission
5,40.1,2,0.623,-1.043,2.373,1,0,0,0,1,0,0,0,1,follower2,4.86,burst,-0.00639,mission
5,40.2,0,0.576,-1.051,2.38,1,0,0,0,1,0,0,0,1,leader,3.49,good,-0.00707,mission
5,40.3,1,0.529,-1.061,2.385,1,0,0,0,1,0,0,0,1,follower1,4.11,good,0.00162,mission
5,40.4,2,0.482,-1.071,2.39,1,0,0,0,1,0,0,0,1,follower2,5.77,good,-9e-05,mission
5,40.5,0,0.435,-1.082,2.394,1,0,0,0,1,0,0,0,1,leader,5.83,good,0.00486,mission
5,40.6,1,0.389,-1.094,2.397,1,0,0,0,1,0,0,0,1,follower1,4.63,burst,-0.00467,mission
5,40.7,2,0.343,-1.108,2.399,1,0,0,0,1,0,0,0,1,follower2,4.98,good,0.00421,mission
5,40.8,0,0.297,-1.122,2.4,1,0,0,0,1,0,0,0,1,leader,4.14,good,-0.00743,mission
5,40.9,1,0.251,-1.136,2.4,1,0,0,0,1,0,0,0,1,follower1,4.89,good,-0.00047,mission
5,41.0,2,0.206,-1.152,2.399,1,0,0,0,1,0,0,0,1,follower2,0.48,good,0.00031,mission
5,41.1,0,0.161,-1.169,2.397,1,0,0,0,1,0,0,0,1,leader,2.23,good,-0.00249,mission
5,41.2,1,0.116,-1.187,2.394,1,0,0,0,1,0,0,0,1,follower1,9.19,good,0.001,mission
5,41.3,2,0.072,-1.205,2.389,1,0,0,0,1,0,0,0,1,follower2,7.21,good,-0.00183,mission
5,41.4,0,0.028,-1.225,2.384,1,0,0,0,1,0,0,0,1,leader,4.03,good,0.00015,mission
5,41.5,1,-0.015,-1.245,2.378,1,0,0,0,1,0,0,0,1,follower1,2.4,good,-0.0081,mission
5,41.6,2,-0.058,-1.266,2.372,1,0,0,0,1,0,0,0,1,follower2,2.56,good,0.00096,mission
5,41.7,0,-0.101,-1.288,2.364,1,0,0,0,1,0,0,0,1,leader,4.45,good,0.00541,mission
5,41.8,1,-0.143,-1.311,2.355,1,0,0,0,1,0,0,0,1,follower1,3.31,good,0.0039,mission
5,41.9,2,-0.185,-1.334,2.345,1,0,0,0,1,0,0,0,1,follower2,2.92,good,0.00297,mission
5,42.0,0,-0.226,-1.359,2.335,1,0,0,0,1,0,0,0,1,leader,5.13,good,-0.00061,mission
5,42.1,1,-0.267,-1.384,2.323,1,0,0,0,1,0,0,0,1,follower1,0.18,good,-0.00078,mission
5,42.2,2,-0.307,-1.41,2.311,1,0,0,0,1,0,0,0,1,follower2,3.82,good,0.00727,mission
5,42.3,0,-0.347,-1.437,2.298,1,0,0,0,1,0,0,0,1,leader,3.28,good,-0.00195,mission
5,42.4,1,-0.386,-1.465,2.284,1,0,0,0,1,0,0,0,1,follower1,5.94,good,-0.00929,mission
5,42.5,2,-0.425,-1.494,2.27,1,0,0,0,1,0,0,0,1,follower2,4.47,burst,-0.00489,mission
5,42.6,0,-0.463,-1.523,2.255,1,0,0,0,1,0,0,0,1,leader,10.17,good,-0.00422,mission
5,42.7,1,-0.5,-1.553,2.239,1,0,0,0,1,0,0,0,1,follower1,2.94,burst,-0.00224,mission
5,42.8,2,-0.537,-1.584,2.223,1,0,0,0,1,0,0,0,1,follower2,5.54,burst,-0.0019,mission
5,42.9,0,-0.573,-1.615,2.206,1,0,0,0,1,0,0,0,1,leader,7.33,good,0.00589,mission
5,43.0,1,-0.609,-1.647,2.189,1,0,0,0,1,0,0,0,1,follower1,4.86,burst,0.0018,mission
5,43.1,2,-0.644,-1.68,2.171,1,0,0,0,1,0,0,0,1,follower2,2.32,good,-0.00496,mission
5,43.2,0,-0.678,-1.714,2.153,1,0,0,0,1,0,0,0,1,leader,5.59,good,-0.00363,mission
5,43.3,1,-0.712,-1.748,2.134,1,0,0,0,1,0,0,0,1,follower1,4.37,good,-0.00072,mission
5,43.4,2,-0.745,-1.783,2.115,1,0,0,0,1,0,0,0,1,follower2,4.76,good,0.00287,mission
5,43.5,0,-0.777,-1.819,2.096,1,0,0,0,1,0,0,0,1,leader,4.5,good,8e-05,mission
5,43.6,1,-0.808,-1.855,2.076,1,0,0,0,1,0,0,0,1,follower1,4.23,good,0.00322,mission
5,43.7,2,-0.839,-1.892,2.056,1,0,0,0,1,0,0,0,1,follower2,6.37,good,0.00293,mission
5,43.8,0,-0.869,-1.929,2.036,1,0,0,0,1,0,0,0,1,leader,1.97,good,0.00044,mission
5,43.9,1,-0.898,-1.968,2.016,1,0,0,0,1,0,0,0,1,follower1,6.03,good,0.0061,mission
5,44.0,2,-0.927,-2.006,1.996,1,0,0,0,1,0,0,0,1,follower2,5.84,good,0.00348,mission
5,44.1,0,-0.954,-2.045,1.976,1,0,0,0,1,0,0,0,1,leader,7.25,good,-0.00072,mission
5,44.2,1,-0.981,-2.085,1.957,1,0,0,0,1,0,0,0,1,follower1,4.7,good,0.00242,mission
5,44.3,2,-1.007,-2.125,1.937,1,0,0,0,1,0,0,0,1,follower2,0.04,good,0.00034,mission
5,44.4,0,-1.033,-2.166,1.917,1,0,0,0,1,0,0,0,1,leader,7.97,good,-0.0038,mission
5,44.5,1,-1.057,-2.208,1.898,1,0,0,0,1,0,0,0,1,follower1,3.43,good,5e-05,mission
5,44.6,2,-1.081,-2.249,1.878,1,0,0,0,1,0,0,0,1,follower2,2.69,burst,0.00252,mission
5,44.7,0,-1.103,-2.292,1.86,1,0,0,0,1,0,0,0,1,leader,0.38,good,0.00212,mission
5,44.8,1,-1.125,-2.334,1.841,1,0,0,0,1,0,0,0,1,follower1,6.99,good,0.00186,mission
5,44.9,2,-1.146,-2.377,1.823,1,0,0,0,1,0,0,0,1,follower2,2.64,good,-0.00107,mission
5,45.0,0,-1.167,-2.421,1.805,1,0,0,0,1,0,0,0,1,leader,3.89,good,-0.00567,mission
5,45.1,1,-1.186,-2.465,1.788,1,0,0,0,1,0,0,0,1,follower1,1.16,good,0.00087,mission
5,45.2,2,-1.205,-2.509,1.771,1,0,0,0,1,0,0,0,1,follower2,6.52,good,0.0017,mission
5,45.3,0,-1.222,-2.554,1.755,1,0,0,0,1,0,0,0,1,leader,4.0,good,0.00376,mission
5,45.4,1,-1.239,-2.599,1.74,1,0,0,0,1,0,0,0,1,follower1,5.13,good,-0.00108,mission
5,45.5,2,-1.255,-2.644,1.725,1,0,0,0,1,0,0,0,1,follower2,9.65,good,-0.00056,mission
5,45.6,0,-1.269,-2.69,1.711,1,0,0,0,1,0,0,0,1,leader,6.32,good,-0.00265,mission
5,45.7,1,-1.283,-2.736,1.697,1,0,0,0,1,0,0,0,1,follower1,3.61,good,0.00185,mission
5,45.8,2,-1.296,-2.782,1.684,1,0,0,0,1,0,0,0,1,follower2,2.41,good,-0.00255,mission
5,45.9,0,-1.308,-2.828,1.673,1,0,0,0,1,0,0,0,1,leader,5.55,good,-0.00515,mission
5,46.0,1,-1.32,-2.875,1.662,1,0,0,0,1,0,0,0,1,follower1,4.12,burst,8e-05,mission
5,46.1,2,-1.33,-2.922,1.651,1,0,0,0,1,0,0,0,1,follower2,4.52,good,0.00037,mission
5,46.2,0,-1.339,-2.969,1.642,1,0,0,0,1,0,0,0,1,leader,3.86,good,0.00516,mission
5,46.3,1,-1.347,-3.016,1.633,1,0,0,0,1,0,0,0,1,follower1,3.07,good,-0.00048,mission
5,46.4,2,-1.355,-3.064,1.626,1,0,0,0,1,0,0,0,1,follower2,6.71,good,-0.00144,mission
5,46.5,0,-1.361,-3.111,1.619,1,0,0,0,1,0,0,0,1,leader,1.33,good,-0.00568,mission
5,46.6,1,-1.367,-3.159,1.614,1,0,0,0,1,0,0,0,1,follower1,4.79,good,-0.00749,mission
5,46.7,2,-1.371,-3.207,1.609,1,0,0,0,1,0,0,0,1,follower2,4.82,burst,0.00122,mission
5,46.8,0,-1.375,-3.255,1.605,1,0,0,0,1,0,0,0,1,leader,11.5,burst,-0.0044,mission
5,46.9,1,-1.378,-3.303,1.603,1,0,0,0,1,0,0,0,1,follower1,5.98,good,-0.00026,mission
5,47.0,2,-1.379,-3.351,1.601,1,0,0,0,1,0,0,0,1,follower2,4.13,burst,0.00351,mission
5,47.1,0,-1.38,-3.399,1.6,1,0,0,0,1,0,0,0,1,leader,4.16,good,-0.00159,mission
5,47.2,1,-1.38,-3.447,1.6,1,0,0,0,1,0,0,0,1,follower1,4.78,good,0.00096,mission
5,47.3,2,-1.379,-3.495,1.602,1,0,0,0,1,0,0,0,1,follower2,2.92,burst,0.00329,mission
5,47.4,0,-1.376,-3.542,1.604,1,0,0,0,1,0,0,0,1,leader,6.72,good,-0.00723,mission
5,47.5,1,-1.373,-3.59,1.607,1,0,0,0,1,0,0,0,1,follower1,2.5,good,0.00322,mission
5,47.6,2,-1.369,-3.638,1.611,1,0,0,0,1,0,0,0,1,follower2,3.7,good,0.00011,mission
5,47.7,0,-1.364,-3.686,1.616,1,0,0,0,1,0,0,0,1,leader,6.41,good,0.0033,mission
5,47.8,1,-1.358,-3.734,1.623,1,0,0,0,1,0,0,0,1,follower1,2.39,good,-0.00142,mission
5,47.9,2,-1.351,-3.781,1.63,1,0,0,0,1,0,0,0,1,follower2,3.83,good,-0.0019,mission
5,48.0,0,-1.343,-3.828,1.638,1,0,0,0,1,0,0,0,1,leader,1.78,good,-0.00163,mission
5,48.1,1,-1.334,-3.876,1.647,1,0,0,0,1,0,0,0,1,follower1,2.98,good,0.00358,mission
5,48.2,2,-1.325,-3.923,1.657,1,0,0,0,1,0,0,0,1,follower2,4.68,good,0.00199,mission
5,48.3,0,-1.314,-3.969,1.667,1,0,0,0,1,0,0,0,1,leader,7.03,burst,-0.00011,mission
5,48.4,1,-1.302,-4.016,1.679,1,0,0,0,1,0,0,0,1,follower1,3.81,burst,-0.0017,mission
5,48.5,2,-1.29,-4.062,1.691,1,0,0,0,1,0,0,0,1,follower2,6.01,good,0.00354,mission
5,48.6,0,-1.276,-4.108,1.704,1,0,0,0,1,0,0,0,1,leader,1.58,good,-0.00147,mission
5,48.7,1,-1.262,-4.154,1.718,1,0,0,0,1,0,0,0,1,follower1,1.86,good,0.00578,mission
5,48.8,2,-1.246,-4.2,1.732,1,0,0,0,1,0,0,0,1,follower2,6.38,good,0.00515,mission
5,48.9,0,-1.23,-4.245,1.748,1,0,0,0,1,0,0,0,1,leader,5.16,good,-0.00262,mission
5,49.0,1,-1.213,-4.29,1.763,1,0,0,0,1,0,0,0,1,follower1,3.4,good,-0.00569,mission
5,49.1,2,-1.195,-4.334,1.78,1,0,0,0,1,0,0,0,1,follower2,4.44,burst,0.00364,mission
5,49.2,0,-1.176,-4.378,1.797,1,0,0,0,1,0,0,0,1,leader,2.61,good,-0.00056,mission
5,49.3,1,-1.156,-4.422,1.814,1,0,0,0,1,0,0,0,1,follower1,6.88,good,-0.0036,mission
5,49.4,2,-1.136,-4.465,1.832,1,0,0,0,1,0,0,0,1,follower2,2.58,good,-0.00119,mission
5,49.5,0,-1.114,-4.508,1.851,1,0,0,0,1,0,0,0,1,leader,5.33,burst,-0.00122,mission
5,49.6,1,-1.092,-4.551,1.869,1,0,0,0,1,0,0,0,1,follower1,7.77,good,-0.00441,mission
5,49.7,2,-1.068,-4.593,1.888,1,0,0,0,1,0,0,0,1,follower2,6.63,good,-0.00168,mission
5,49.8,0,-1.044,-4.634,1.908,1,0,0,0,1,0,0,0,1,leader,1.13,good,0.0008,mission
5,49.9,1,-1.019,-4.675,1.927,1,0,0,0,1,0,0,0,1,follower1,4.75,good,-0.00501,mission
5,50.0,2,-0.994,-4.716,1.947,1,0,0,0,1,0,0,0,1,follower2,4.4,good,0.00667,mission
5,50.1,0,-0.967,-4.756,1.967,1,0,0,0,1,0,0,0,1,leader,5.09,good,0.00551,mission
5,50.2,1,-0.94,-4.795,1.987,1,0,0,0,1,0,0,0,1,follower1,3.01,good,0.00437,mission
5,50.3,2,-0.912,-4.834,2.007,1,0,0,0,1,0,0,0,1,follower2,5.08,good,0.00122,mission
5,50.4,0,-0.883,-4.872,2.027,1,0,0,0,1,0,0,0,1,leader,4.81,good,-0.00549,mission
5,50.5,1,-0.853,-4.91,2.047,1,0,0,0,1,0,0,0,1,follower1,2.96,good,-0.00302,mission
5,50.6,2,-0.823,-4.947,2.067,1,0,0,0,1,0,0,0,1,follower2,5.12,good,-0.00204,mission
5,50.7,0,-0.792,-4.984,2.086,1,0,0,0,1,0,0,0,1,leader,6.47,good,0.00069,mission
5,50.8,1,-0.76,-5.02,2.106,1,0,0,0,1,0,0,0,1,follower1,3.54,good,0.00407,mission
5,50.9,2,-0.727,-5.055,2.125,1,0,0,0,1,0,0,0,1,follower2,1.78,good,-0.00228,mission
5,51.0,0,-0.694,-5.09,2.144,1,0,0,0,1,0,0,0,1,leader,3.64,burst,-0.00825,mission
5,51.1,1,-0.66,-5.124,2.162,1,0,0,0,1,0,0,0,1,follower1,3.28,good,0.00421,mission
5,51.2,2,-0.626,-5.157,2.18,1,0,0,0,1,0,0,0,1,follower2,5.38,good,-0.00078,mission
5,51.3,0,-0.59,-5.189,2.198,1,0,0,0,1,0,0,0,1,leader,3.6,burst,0.00021,mission
5,51.4,1,-0.555,-5.221,2.215,1,0,0,0,1,0,0,0,1,follower1,7.87,good,-0.00349,mission
5,51.5,2,-0.518,-5.252,2.232,1,0,0,0,1,0,0,0,1,follower2,3.92,good,-0.00141,mission
5,51.6,0,-0.481,-5.283,2.248,1,0,0,0,1,0,0,0,1,leader,5.02,good,-0.00126,mission
5,51.7,1,-0.443,-5.312,2.263,1,0,0,0,1,0,0,0,1,follower1,6.51,burst,-0.00312,mission
5,51.8,2,-0.405,-5.341,2.278,1,0,0,0,1,0,0,0,1,follower2,5.52,good,0.00128,mission
5,51.9,0,-0.366,-5.369,2.292,1,0,0,0,1,0,0,0,1,leader,4.34,good,0.00158,mission
5,52.0,1,-0.326,-5.397,2.305,1,0,0,0,1,0,0,0,1,follower1,2.33,good,0.00073,mission
5,52.1,2,-0.286,-5.423,2.318,1,0,0,0,1,0,0,0,1,follower2,3.2,good,0.00205,mission
5,52.2,0,-0.246,-5.449,2.329,1,0,0,0,1,0,0,0,1,leader,7.64,good,-0.00478,mission
5,52.3,1,-0.205,-5.474,2.34,1,0,0,0,1,0,0,0,1,follower1,5.55,good,0.00101,mission
5,52.4,2,-0.163,-5.498,2.35,1,0,0,0,1,0,0,0,1,follower2,5.22,good,0.00329,mission
5,52.5,0,-0.121,-5.521,2.36,1,0,0,0,1,0,0,0,1,leader,6.6,good,-0.00144,mission
5,52.6,1,-0.079,-5.544,2.368,1,0,0,0,1,0,0,0,1,follower1,6.58,good,-0.00144,mission
5,52.7,2,-0.036,-5.565,2.375,1,0,0,0,1,0,0,0,1,follower2,3.29,good,0.00172,mission
5,52.8,0,0.007,-5.586,2.382,1,0,0,0,1,0,0,0,1,leader,2.23,good,0.00297,mission
5,52.9,1,0.051,-5.606,2.387,1,0,0,0,1,0,0,0,1,follower1,3.77,good,0.00059,mission
5,53.0,2,0.095,-5.625,2.392,1,0,0,0,1,0,0,0,1,follower2,0.42,good,0.00337,mission
5,53.1,0,0.14,-5.643,2.395,1,0,0,0,1,0,0,0,1,leader,6.1,good,-0.00061,mission
5,53.2,1,0.184,-5.66,2.398,1,0,0,0,1,0,0,0,1,follower1,5.09,good,-0.00835,mission
5,53.3,2,0.23,-5.676,2.399,1,0,0,0,1,0,0,0,1,follower2,3.8,burst,0.00202,mission
5,53.4,0,0.275,-5.691,2.4,1,0,0,0,1,0,0,0,1,leader,5.19,good,0.00171,mission
5,53.5,1,0.321,-5.706,2.4,1,0,0,0,1,0,0,0,1,follower1,0.51,burst,0.0004,mission
5,53.6,2,0.367,-5.719,2.398,1,0,0,0,1,0,0,0,1,follower2,8.0,good,0.00158,mission
5,53.7,0,0.413,-5.732,2.396,1,0,0,0,1,0,0,0,1,leader,4.0,good,-0.00662,mission
5,53.8,1,0.46,-5.744,2.392,1,0,0,0,1,0,0,0,1,follower1,6.93,good,-0.00113,mission
5,53.9,2,0.507,-5.754,2.388,1,0,0,0,1,0,0,0,1,follower2,1.91,burst,-0.0008,mission
5,54.0,0,0.554,-5.764,2.383,1,0,0,0,1,0,0,0,1,leader,1.11,good,-0.00276,mission
5,54.1,1,0.601,-5.773,2.376,1,0,0,0,1,0,0,0,1,follower1,0.35,good,0.00034,mission
5,54.2,2,0.648,-5.781,2.369,1,0,0,0,1,0,0,0,1,follower2,3.04,good,-0.00342,mission
5,54.3,0,0.696,-5.788,2.361,1,0,0,0,1,0,0,0,1,leader,5.61,burst,0.00123,mission
5,54.4,1,0.743,-5.794,2.352,1,0,0,0,1,0,0,0,1,follower1,4.62,good,0.00173,mission
5,54.5,2,0.791,-5.799,2.342,1,0,0,0,1,0,0,0,1,follower2,3.51,good,0.00097,mission
5,54.6,0,0.839,-5.803,2.331,1,0,0,0,1,0,0,0,1,leader,5.78,good,0.00244,mission
5,54.7,1,0.887,-5.806,2.319,1,0,0,0,1,0,0,0,1,follower1,3.78,good,0.00605,mission
5,54.8,2,0.935,-5.808,2.307,1,0,0,0,1,0,0,0,1,follower2,1.16,good,0.00483,mission
5,54.9,0,0.983,-5.81,2.294,1,0,0,0,1,0,0,0,1,leader,4.59,burst,-0.00357,mission
5,55.0,1,1.031,-5.81,2.28,1,0,0,0,1,0,0,0,1,follower1,5.65,good,0.00037,mission
5,55.1,2,1.079,-5.809,2.265,1,0,0,0,1,0,0,0,1,follower2,5.35,good,-0.00301,mission
5,55.2,0,1.127,-5.808,2.25,1,0,0,0,1,0,0,0,1,leader,4.71,good,0.0035,mission
5,55.3,1,1.175,-5.805,2.234,1,0,0,0,1,0,0,0,1,follower1,1.52,good,-0.00053,mission
5,55.4,2,1.222,-5.801,2.217,1,0,0,0,1,0,0,0,1,follower2,1.91,good,-0.00694,mission
5,55.5,0,1.27,-5.797,2.2,1,0,0,0,1,0,0,0,1,leader,2.76,burst,-0.00715,mission
5,55.6,1,1.318,-5.791,2.183,1,0,0,0,1,0,0,0,1,follower1,4.97,burst,-0.00788,mission
5,55.7,2,1.365,-5.785,2.165,1,0,0,0,1,0,0,0,1,follower2,4.83,burst,-0.00117,mission
5,55.8,0,1.413,-5.778,2.146,1,0,0,0,1,0,0,0,1,leader,3.92,good,-0.00078,mission
5,55.9,1,1.46,-5.769,2.127,1,0,0,0,1,0,0,0,1,follower1,2.91,good,0.00341,mission
5,56.0,2,1.507,-5.76,2.108,1,0,0,0,1,0,0,0,1,follower2,4.75,good,-0.00373,mission
5,56.1,0,1.554,-5.75,2.089,1,0,0,0,1,0,0,0,1,leader,3.65,good,-0.0013,mission
5,56.2,1,1.601,-5.739,2.069,1,0,0,0,1,0,0,0,1,follower1,1.16,good,0.0026,mission
5,56.3,2,1.647,-5.727,2.05,1,0,0,0,1,0,0,0,1,follower2,3.55,good,0.00679,mission
5,56.4,0,1.693,-5.714,2.03,1,0,0,0,1,0,0,0,1,leader,3.08,good,0.00649,mission
5,56.5,1,1.739,-5.7,2.01,1,0,0,0,1,0,0,0,1,follower1,7.84,good,-0.0007,mission
5,56.6,2,1.785,-5.685,1.99,1,0,0,0,1,0,0,0,1,follower2,0.62,burst,-0.00784,mission
5,56.7,0,1.83,-5.669,1.97,1,0,0,0,1,0,0,0,1,leader,0.62,good,-0.0015,mission
5,56.8,1,1.875,-5.652,1.95,1,0,0,0,1,0,0,0,1,follower1,3.11,good,-0.00648,mission
5,56.9,2,1.92,-5.635,1.93,1,0,0,0,1,0,0,0,1,follower2,3.42,good,0.00395,mission
5,57.0,0,1.964,-5.616,1.91,1,0,0,0,1,0,0,0,1,leader,3.85,burst,-0.0012,mission
5,57.1,1,2.008,-5.597,1.891,1,0,0,0,1,0,0,0,1,follower1,4.95,good,-0.00069,mission
5,57.2,2,2.052,-5.577,1.872,1,0,0,0,1,0,0,0,1,follower2,6.2,burst,-0.00699,mission
5,57.3,0,2.095,-5.556,1.853,1,0,0,0,1,0,0,0,1,leader,4.47,good,-0.0008,mission
5,57.4,1,2.138,-5.534,1.835,1,0,0,0,1,0,0,0,1,follower1,2.57,good,-0.00351,mission
5,57.5,2,2.18,-5.511,1.817,1,0,0,0,1,0,0,0,1,follower2,1.33,good,-0.00293,mission
5,57.6,0,2.222,-5.487,1.799,1,0,0,0,1,0,0,0,1,leader,4.04,good,0.00107,mission
5,57.7,1,2.263,-5.463,1.782,1,0,0,0,1,0,0,0,1,follower1,3.26,good,-0.00233,mission
5,57.8,2,2.304,-5.438,1.766,1,0,0,0,1,0,0,0,1,follower2,4.61,good,-0.00249,mission
5,57.9,0,2.344,-5.412,1.75,1,0,0,0,1,0,0,0,1,leader,5.64,good,-0.0017,mission
5,58.0,1,2.384,-5.385,1.735,1,0,0,0,1,0,0,0,1,follower1,4.5,good,0.00296,mission
5,58.1,2,2.423,-5.357,1.72,1,0,0,0,1,0,0,0,1,follower2,1.77,burst,0.00432,mission
5,58.2,0,2.462,-5.329,1.706,1,0,0,0,1,0,0,0,1,leader,3.65,good,-0.00028,mission
5,58.3,1,2.5,-5.299,1.693,1,0,0,0,1,0,0,0,1,follower1,9.42,burst,-0.00248,mission
5,58.4,2,2.537,-5.269,1.68,1,0,0,0,1,0,0,0,1,follower2,3.2,good,-0.00925,mission
5,58.5,0,2.574,-5.239,1.669,1,0,0,0,1,0,0,0,1,leader,6.22,good,0.00069,mission
5,58.6,1,2.61,-5.207,1.658,1,0,0,0,1,0,0,0,1,follower1,7.24,good,0.00116,mission
5,58.7,2,2.646,-5.175,1.648,1,0,0,0,1,0,0,0,1,follower2,3.28,good,0.00102,mission
5,58.8,0,2.681,-5.142,1.639,1,0,0,0,1,0,0,0,1,leader,6.84,burst,0.00051,mission
5,58.9,1,2.715,-5.109,1.631,1,0,0,0,1,0,0,0,1,follower1,5.01,good,-0.0063,mission
5,59.0,2,2.749,-5.074,1.624,1,0,0,0,1,0,0,0,1,follower2,8.49,good,5e-05,mission
5,59.1,0,2.782,-5.04,1.617,1,0,0,0,1,0,0,0,1,leader,9.21,good,-0.00327,mission
5,59.2,1,2.814,-5.004,1.612,1,0,0,0,1,0,0,0,1,follower1,2.26,good,0.00108,mission
5,59.3,2,2.846,-4.968,1.608,1,0,0,0,1,0,0,0,1,follower2,3.27,good,-0.00274,mission
5,59.4,0,2.877,-4.931,1.604,1,0,0,0,1,0,0,0,1,leader,8.32,burst,0.00472,mission
5,59.5,1,2.907,-4.894,1.602,1,0,0,0,1,0,0,0,1,follower1,3.05,good,0.00599,mission
5,59.6,2,2.936,-4.856,1.6,1,0,0,0,1,0,0,0,1,follower2,0.42,good,9e-05,mission
5,59.7,0,2.964,-4.817,1.6,1,0,0,0,1,0,0,0,1,leader,4.41,good,0.00183,mission
5,59.8,1,2.992,-4.778,1.601,1,0,0,0,1,0,0,0,1,follower1,5.35,good,0.00036,mission
5,59.9,2,3.019,-4.738,1.602,1,0,0,0,1,0,0,0,1,follower2,4.21,burst,-0.00555,rtl
