run_id,method,condition,seed,base_seed,cluster,derived_index,n_uav,n_task,wind_ms,ti,pkt_loss,mixed,makespan,collisions,completion,realloc,energy_total,energy_spread,rotor_time,facade_time,n_turbines,loss_mode,variant,p_eff_pct,experiment,scene_id,eta_obs,eta_bound,simulator,testbed,config_hash,wall_s,solve_time_s,fallback
1,centralised,ablation,42,42,0,0,6,30,8.0,0.12,0.3,1,1301.191,0,90.668,1,35.015,5.378,1286.799,14.392,,,no_zone_priority,,,,,,,,8de7918eba6a,0.1816,0.0038,0
2,centralised,ablation,43,42,0,1,6,30,8.0,0.12,0.3,1,1330.225,1,88.899,0,34.664,6.364,1316.383,13.842,,,no_zone_priority,,,,,,,,3dc80779f705,0.1864,0.0063,0
3,centralised,ablation,44,42,0,2,6,30,8.0,0.12,0.3,1,1076.257,0,96.159,0,32.253,5.425,1061.982,14.275,,,no_zone_priority,,,,,,,,3446d581efc1,0.1757,0.0045,0
4,centralised,ablation,45,42,0,3,6,30,8.0,0.12,0.3,1,917.933,0,88.297,0,35.026,4.155,903.548,14.385,,,no_zone_priority,,,,,,,,c8f535bd0ece,0.1904,0.0048,0
5,centralised,ablation,123,123,1,0,6,30,8.0,0.12,0.3,1,1072.034,0,89.658,0,34.542,5.262,1057.956,14.078,,,no_zone_priority,,,,,,,,1a40125e17d6,0.1776,0.0064,0
6,centralised,ablation,124,123,1,1,6,30,8.0,0.12,0.3,1,933.04,0,91.142,0,32.713,5.405,918.504,14.536,,,no_zone_priority,,,,,,,,dc3969d6baec,0.1788,0.0058,0
7,centralised,ablation,125,123,1,2,6,30,8.0,0.12,0.3,1,1006.13,0,91.742,0,29.904,5.698,992.855,13.275,,,no_zone_priority,,,,,,,,36a390d1fb5d,0.1783,0.0069,0
8,centralised,ablation,126,123,1,3,6,30,8.0,0.12,0.3,1,1136.707,0,91.863,0,33.683,7.373,1123.014,13.693,,,no_zone_priority,,,,,,,,b4e24e8642a5,0.193,0.006,0
9,centralised,ablation,256,256,2,0,6,30,8.0,0.12,0.3,1,1245.899,0,96.966,1,34.761,5.327,1231.457,14.442,,,no_zone_priority,,,,,,,,2574cdd493ef,0.187,0.0068,0
10,centralised,ablation,257,256,2,1,6,30,8.0,0.12,0.3,1,991.404,0,92.509,0,33.693,4.877,977.792,13.612,,,no_zone_priority,,,,,,,,c0f0f38794af,0.1547,0.005,0
11,centralised,ablation,258,256,2,2,6,30,8.0,0.12,0.3,1,1077.127,0,95.693,0,32.599,4.998,1062.543,14.584,,,no_zone_priority,,,,,,,,b8980cb6b53d,0.1957,0.0059,0
12,centralised,ablation,259,256,2,3,6,30,8.0,0.12,0.3,1,1018.119,0,91.991,0,34.516,5.505,1004.132,13.987,,,no_zone_priority,,,,,,,,d1144a4fc5fd,0.1809,0.004,0
13,centralised,ablation,512,512,3,0,6,30,8.0,0.12,0.3,1,1345.112,1,89.157,0,34.199,4.163,1330.956,14.156,,,no_zone_priority,,,,,,,,8cc4d55bf224,0.1995,0.0037,0
14,centralised,ablation,513,512,3,1,6,30,8.0,0.12,0.3,1,909.087,0,92.485,0,31.126,5.046,895.836,13.251,,,no_zone_priority,,,,,,,,20c48098ab8e,0.1871,0.0084,0
15,centralised,ablation,514,512,3,2,6,30,8.0,0.12,0.3,1,1308.92,1,95.622,0,34.334,5.634,1295.146,13.774,,,no_zone_priority,,,,,,,,6b06a1d799b1,0.1896,0.0054,0
16,centralised,ablation,515,512,3,3,6,30,8.0,0.12,0.3,1,940.144,0,89.171,0,32.075,2.739,926.662,13.482,,,no_zone_priority,,,,,,,,291248755761,0.1835,0.0056,0
17,centralised,ablation,1024,1024,4,0,6,30,8.0,0.12,0.3,1,868.857,0,91.426,0,32.805,5.8,855.557,13.3,,,no_zone_priority,,,,,,,,110fc316d68d,0.2141,0.0069,0
18,centralised,ablation,1025,1024,4,1,6,30,8.0,0.12,0.3,1,945.58,0,88.762,0,34.767,5.971,931.586,13.994,,,no_zone_priority,,,,,,,,9c8deecb4398,0.1745,0.0084,0
19,centralised,ablation,1026,1024,4,2,6,30,8.0,0.12,0.3,1,1293.867,0,90.976,1,34.234,6.239,1279.867,14.0,,,no_zone_priority,,,,,,,,227eca29ad2e,0.2118,0.0084,0
20,centralised,ablation,1027,1024,4,3,6,30,8.0,0.12,0.3,1,1096.187,0,92.814,0,31.092,4.639,1083.333,12.854,,,no_zone_priority,,,,,,,,c2e19d027a1d,0.1714,0.0057,0
21,cofly,ablation,42,42,0,0,6,30,8.0,0.12,0.3,1,873.852,0,91.167,0,37.365,2.059,861.675,12.177,,,full_cofly,,,,,,,,3a76ad5c64f4,0.6422,0.0233,0
22,cofly,ablation,43,42,0,1,6,30,8.0,0.12,0.3,1,881.908,0,89.972,0,39.67,1.439,869.876,12.032,,,full_cofly,,,,,,,,ae1536117c61,0.7057,0.0175,0
23,cofly,ablation,44,42,0,2,6,30,8.0,0.12,0.3,1,995.17,1,86.897,1,36.578,1.964,983.62,11.55,,,full_cofly,,,,,,,,d27a9e5ad154,0.6507,0.021,0
24,cofly,ablation,45,42,0,3,6,30,8.0,0.12,0.3,1,1025.183,1,89.786,0,38.556,2.658,1012.821,12.362,,,full_cofly,,,,,,,,139de9dd22b0,0.6711,0.0253,0
25,cofly,ablation,123,123,1,0,6,30,8.0,0.12,0.3,1,863.503,0,86.649,0,38.697,2.849,851.383,12.12,,,full_cofly,,,,,,,,c381f56ebce9,0.6947,0.0333,0
26,cofly,ablation,124,123,1,1,6,30,8.0,0.12,0.3,1,911.095,0,91.327,1,39.413,2.115,899.275,11.819,,,full_cofly,,,,,,,,ca8bf6c8cb78,0.7022,0.0278,0
27,cofly,ablation,125,123,1,2,6,30,8.0,0.12,0.3,1,810.829,0,90.825,0,35.769,2.168,799.008,11.821,,,full_cofly,,,,,,,,b4aaa0302c35,0.6553,0.0233,0
28,cofly,ablation,126,123,1,3,6,30,8.0,0.12,0.3,1,971.61,0,83.369,1,38.07,1.641,959.902,11.708,,,full_cofly,,,,,,,,0884cab3a457,0.5681,0.0377,0
29,cofly,ablation,256,256,2,0,6,30,8.0,0.12,0.3,1,976.241,0,93.809,1,35.195,1.953,965.047,11.194,,,full_cofly,,,,,,,,f156516cd1c1,0.7268,0.0241,0
30,cofly,ablation,257,256,2,1,6,30,8.0,0.12,0.3,1,1023.625,1,88.659,1,35.901,1.685,1011.78,11.844,,,full_cofly,,,,,,,,4192132f861f,0.6117,0.0356,0
31,cofly,ablation,258,256,2,2,6,30,8.0,0.12,0.3,1,934.709,0,86.6,1,37.344,1.844,922.647,12.062,,,full_cofly,,,,,,,,495a9785d20a,0.5587,0.0237,0
32,cofly,ablation,259,256,2,3,6,30,8.0,0.12,0.3,1,1044.22,1,90.525,0,36.361,1.961,1032.137,12.083,,,full_cofly,,,,,,,,1fd79fb2f4a8,0.7309,0.0281,0
33,cofly,ablation,512,512,3,0,6,30,8.0,0.12,0.3,1,790.023,0,88.734,0,39.671,1.813,778.392,11.631,,,full_cofly,,,,,,,,50cc87d813d3,0.6321,0.0315,0
34,cofly,ablation,513,512,3,1,6,30,8.0,0.12,0.3,1,861.425,0,87.275,0,38.003,1.989,849.241,12.184,,,full_cofly,,,,,,,,753f966cc777,0.6286,0.0271,0
35,cofly,ablation,514,512,3,2,6,30,8.0,0.12,0.3,1,909.958,0,90.285,0,38.14,2.048,898.267,11.691,,,full_cofly,,,,,,,,a75278537aba,0.6605,0.0359,0
36,cofly,ablation,515,512,3,3,6,30,8.0,0.12,0.3,1,884.677,0,88.464,0,38.601,1.77,872.787,11.89,,,full_cofly,,,,,,,,d31dea22bfaf,0.688,0.0189,0
37,cofly,ablation,1024,1024,4,0,6,30,8.0,0.12,0.3,1,875.186,0,86.716,0,36.814,2.06,863.816,11.369,,,full_cofly,,,,,,,,ef80ac89831e,0.687,0.0252,0
38,cofly,ablation,1025,1024,4,1,6,30,8.0,0.12,0.3,1,894.365,0,89.047,0,34.221,1.432,883.162,11.203,,,full_cofly,,,,,,,,638f8cc0f608,0.6394,0.0149,0
39,cofly,ablation,1026,1024,4,2,6,30,8.0,0.12,0.3,1,785.778,0,90.458,0,38.285,2.026,774.826,10.952,,,full_cofly,,,,,,,,10f33205326f,0.6393,0.0243,0
40,cofly,ablation,1027,1024,4,3,6,30,8.0,0.12,0.3,1,1082.044,1,89.434,0,37.345,2.524,1071.037,11.007,,,full_cofly,,,,,,,,dd6363dbd816,0.6733,0.0219,0
41,greedy,ablation,42,42,0,0,6,30,8.0,0.12,0.3,1,2522.613,0,91.133,0,31.993,21.198,2490.957,31.656,,,greedy_only,,,,,,,,70355ffe2d09,0.0764,0.0013,0
42,greedy,ablation,43,42,0,1,6,30,8.0,0.12,0.3,1,2426.78,0,90.562,0,32.465,19.354,2394.985,31.796,,,greedy_only,,,,,,,,57c1c3e55b50,0.0772,0.0023,0
43,greedy,ablation,44,42,0,2,6,30,8.0,0.12,0.3,1,2412.358,0,87.889,0,33.152,10.601,2381.086,31.272,,,greedy_only,,,,,,,,0f4ee7f2dc0a,0.0756,0.0022,0
44,greedy,ablation,45,42,0,3,6,30,8.0,0.12,0.3,1,2239.385,0,89.201,0,29.281,22.461,2208.769,30.616,,,greedy_only,,,,,,,,880ee56ea416,0.0809,0.0012,0
45,greedy,ablation,123,123,1,0,6,30,8.0,0.12,0.3,1,2566.311,0,91.207,0,33.597,21.645,2533.756,32.555,,,greedy_only,,,,,,,,735a1939db77,0.074,0.0018,0
46,greedy,ablation,124,123,1,1,6,30,8.0,0.12,0.3,1,2631.735,0,91.921,0,32.703,20.581,2598.827,32.907,,,greedy_only,,,,,,,,738aa7952f7b,0.077,0.0024,0
47,greedy,ablation,125,123,1,2,6,30,8.0,0.12,0.3,1,2662.301,0,86.125,0,31.082,19.004,2630.239,32.062,,,greedy_only,,,,,,,,819f295b1d74,0.0787,0.0016,0
48,greedy,ablation,126,123,1,3,6,30,8.0,0.12,0.3,1,2408.312,0,93.883,0,34.296,14.623,2376.576,31.736,,,greedy_only,,,,,,,,38bd181c790e,0.0823,0.0019,0
49,greedy,ablation,256,256,2,0,6,30,8.0,0.12,0.3,1,2390.898,0,88.987,0,32.312,26.399,2359.413,31.485,,,greedy_only,,,,,,,,934ad13b9ae7,0.0785,0.0021,0
50,greedy,ablation,257,256,2,1,6,30,8.0,0.12,0.3,1,2388.434,0,89.972,0,30.715,19.153,2355.554,32.88,,,greedy_only,,,,,,,,dbbf09de64b5,0.0729,0.0017,0
51,greedy,ablation,258,256,2,2,6,30,8.0,0.12,0.3,1,2550.943,0,89.049,0,33.938,21.24,2520.297,30.645,,,greedy_only,,,,,,,,5ea6387dbcf8,0.0851,0.0027,0
52,greedy,ablation,259,256,2,3,6,30,8.0,0.12,0.3,1,2313.425,0,90.008,0,34.661,20.933,2279.624,33.801,,,greedy_only,,,,,,,,7a8b68fd89b2,0.0835,0.0014,0
53,greedy,ablation,512,512,3,0,6,30,8.0,0.12,0.3,1,2859.17,1,85.417,0,36.018,13.343,2827.12,32.05,,,greedy_only,,,,,,,,bb06db46ed7a,0.083,0.0023,0
54,greedy,ablation,513,512,3,1,6,30,8.0,0.12,0.3,1,2658.029,0,89.983,1,31.171,24.44,2624.887,33.142,,,greedy_only,,,,,,,,dd5da5e8563f,0.0778,0.0017,0
55,greedy,ablation,514,512,3,2,6,30,8.0,0.12,0.3,1,2457.092,0,85.295,0,29.658,20.957,2425.803,31.289,,,greedy_only,,,,,,,,42605fd46bc1,0.0715,0.002,0
56,greedy,ablation,515,512,3,3,6,30,8.0,0.12,0.3,1,2581.833,0,91.457,0,33.1,20.011,2552.352,29.481,,,greedy_only,,,,,,,,e1d8dea68395,0.0793,0.0019,0
57,greedy,ablation,1024,1024,4,0,6,30,8.0,0.12,0.3,1,2566.226,0,90.42,0,32.925,22.322,2532.557,33.669,,,greedy_only,,,,,,,,df145e7af7cb,0.0851,0.0019,0
58,greedy,ablation,1025,1024,4,1,6,30,8.0,0.12,0.3,1,2531.325,0,88.549,0,32.323,21.618,2500.288,31.037,,,greedy_only,,,,,,,,d4f6823d1759,0.0845,0.0012,0
59,greedy,ablation,1026,1024,4,2,6,30,8.0,0.12,0.3,1,2669.029,0,90.653,0,32.299,20.149,2635.69,33.339,,,greedy_only,,,,,,,,61f597050631,0.0776,0.0016,0
60,greedy,ablation,1027,1024,4,3,6,30,8.0,0.12,0.3,1,2227.702,0,94.29,0,30.311,19.968,2196.167,31.535,,,greedy_only,,,,,,,,c8e774aff9d4,0.0818,0.0022,0
61,hungarian,ablation,42,42,0,0,6,30,8.0,0.12,0.3,1,1087.964,1,92.977,0,41.924,2.713,1075.614,12.35,,,no_fallback_proxy,,,,,,,,cd7358386cf4,0.2495,0.0031,0
62,hungarian,ablation,43,42,0,1,6,30,8.0,0.12,0.3,1,921.371,0,87.808,0,38.602,2.603,909.385,11.986,,,no_fallback_proxy,,,,,,,,dd1482e153f2,0.2335,0.0047,0
63,hungarian,ablation,44,42,0,2,6,30,8.0,0.12,0.3,1,987.792,0,87.128,0,38.902,2.763,975.614,12.178,,,no_fallback_proxy,,,,,,,,bb4e49e2049f,0.2609,0.0088,0
64,hungarian,ablation,45,42,0,3,6,30,8.0,0.12,0.3,1,932.726,0,87.143,0,37.064,1.84,920.414,12.312,,,no_fallback_proxy,,,,,,,,48716631257b,0.2482,0.0031,0
65,hungarian,ablation,123,123,1,0,6,30,8.0,0.12,0.3,1,944.809,0,86.367,0,39.473,2.583,932.504,12.305,,,no_fallback_proxy,,,,,,,,ae3f81243501,0.2057,0.0033,0
66,hungarian,ablation,124,123,1,1,6,30,8.0,0.12,0.3,1,1073.508,1,86.41,0,38.329,2.806,1061.879,11.629,,,no_fallback_proxy,,,,,,,,85a1ad465540,0.2484,0.0051,0
67,hungarian,ablation,125,123,1,2,6,30,8.0,0.12,0.3,1,1005.86,0,87.248,1,41.326,2.56,993.916,11.944,,,no_fallback_proxy,,,,,,,,592d7a738b78,0.2427,0.0036,0
68,hungarian,ablation,126,123,1,3,6,30,8.0,0.12,0.3,1,877.132,0,89.443,0,37.828,2.287,864.531,12.601,,,no_fallback_proxy,,,,,,,,efd84bb82835,0.244,0.0035,0
69,hungarian,ablation,256,256,2,0,6,30,8.0,0.12,0.3,1,1073.096,1,86.682,0,40.987,2.5,1060.204,12.892,,,no_fallback_proxy,,,,,,,,b1680063d173,0.2381,0.0032,0
70,hungarian,ablation,257,256,2,1,6,30,8.0,0.12,0.3,1,1003.597,0,87.785,0,38.681,2.551,990.37,13.227,,,no_fallback_proxy,,,,,,,,824bd3578b4f,0.228,0.0035,0
71,hungarian,ablation,258,256,2,2,6,30,8.0,0.12,0.3,1,829.84,0,87.558,0,39.427,2.18,817.037,12.803,,,no_fallback_proxy,,,,,,,,f10aeb8829f4,0.2369,0.0031,0
72,hungarian,ablation,259,256,2,3,6,30,8.0,0.12,0.3,1,984.631,0,90.115,0,37.216,3.052,971.235,13.396,,,no_fallback_proxy,,,,,,,,f64096ce6231,0.2801,0.0056,0
73,hungarian,ablation,512,512,3,0,6,30,8.0,0.12,0.3,1,937.521,0,93.002,0,40.274,1.637,925.533,11.989,,,no_fallback_proxy,,,,,,,,81cbe19f3da2,0.2457,0.0033,0
74,hungarian,ablation,513,512,3,1,6,30,8.0,0.12,0.3,1,884.466,0,84.637,0,40.383,2.551,872.484,11.982,,,no_fallback_proxy,,,,,,,,7670ebfcaf2a,0.2555,0.0032,0
75,hungarian,ablation,514,512,3,2,6,30,8.0,0.12,0.3,1,879.587,0,90.266,0,40.351,2.363,867.073,12.514,,,no_fallback_proxy,,,,,,,,f43e7503d96b,0.2858,0.0038,0
76,hungarian,ablation,515,512,3,3,6,30,8.0,0.12,0.3,1,1065.796,1,88.608,1,39.003,3.231,1053.599,12.197,,,no_fallback_proxy,,,,,,,,f8d4659aa934,0.2361,0.0029,0
77,hungarian,ablation,1024,1024,4,0,6,30,8.0,0.12,0.3,1,1060.767,0,89.823,1,39.056,3.673,1048.401,12.366,,,no_fallback_proxy,,,,,,,,b41f4dd95b1d,0.2375,0.0039,0
78,hungarian,ablation,1025,1024,4,1,6,30,8.0,0.12,0.3,1,1054.205,0,86.032,1,39.907,2.878,1041.781,12.424,,,no_fallback_proxy,,,,,,,,f070bbf1d669,0.2407,0.0044,0
79,hungarian,ablation,1026,1024,4,2,6,30,8.0,0.12,0.3,1,911.953,0,88.625,0,38.879,3.059,899.523,12.43,,,no_fallback_proxy,,,,,,,,dca1943dde2c,0.23,0.0043,0
80,hungarian,ablation,1027,1024,4,3,6,30,8.0,0.12,0.3,1,963.48,0,86.342,0,38.388,2.169,950.955,12.524,,,no_fallback_proxy,,,,,,,,be49528030b9,0.2812,0.0063,0
81,cofly,certificate,42,42,0,0,6,30,8.0,0.12,0.3,1,873.852,0,91.167,0,37.365,2.059,861.675,12.177,,,,,E_se3,,,,,,77f18c7b0fd4,0.7548,0.0211,0
82,cofly,certificate,42,42,0,0,6,30,8.0,0.12,0.3,1,873.852,0,91.167,0,37.365,2.059,861.675,12.177,,,,,E_geo,,,,,,77f18c7b0fd4,0.6008,0.0269,0
83,cofly,certificate,42,42,0,0,6,30,8.0,0.12,0.3,1,873.852,0,91.167,0,37.365,2.059,861.675,12.177,,,,,E_sde,,,,,,77f18c7b0fd4,0.6478,0.044,0
84,cofly,certificate,42,42,0,0,6,30,8.0,0.12,0.3,1,873.852,0,91.167,0,37.365,2.059,861.675,12.177,,,,,E_banach,,,,,,77f18c7b0fd4,0.7063,0.0221,0
85,cofly,certificate,42,42,0,0,6,30,8.0,0.12,0.3,1,873.852,0,91.167,0,37.365,2.059,861.675,12.177,,,,,E_spectral,,,,,,77f18c7b0fd4,0.6969,0.0167,0
86,cofly,certificate,42,42,0,0,6,30,8.0,0.12,0.3,1,873.852,0,91.167,0,37.365,2.059,861.675,12.177,,,,,E_ot,,,,,,77f18c7b0fd4,0.748,0.0417,0
87,cofly,certificate,43,42,0,1,6,30,8.0,0.12,0.3,1,881.908,0,89.972,0,39.67,1.439,869.876,12.032,,,,,E_se3,,,,,,6b82b3587656,0.6311,0.0607,0
88,cofly,certificate,43,42,0,1,6,30,8.0,0.12,0.3,1,881.908,0,89.972,0,39.67,1.439,869.876,12.032,,,,,E_geo,,,,,,6b82b3587656,0.5364,0.0222,0
89,cofly,certificate,43,42,0,1,6,30,8.0,0.12,0.3,1,881.908,0,89.972,0,39.67,1.439,869.876,12.032,,,,,E_sde,,,,,,6b82b3587656,0.5937,0.0148,0
90,cofly,certificate,43,42,0,1,6,30,8.0,0.12,0.3,1,881.908,0,89.972,0,39.67,1.439,869.876,12.032,,,,,E_banach,,,,,,6b82b3587656,0.6657,0.0586,0
91,cofly,certificate,43,42,0,1,6,30,8.0,0.12,0.3,1,881.908,0,89.972,0,39.67,1.439,869.876,12.032,,,,,E_spectral,,,,,,6b82b3587656,0.6355,0.0346,0
92,cofly,certificate,43,42,0,1,6,30,8.0,0.12,0.3,1,881.908,0,89.972,0,39.67,1.439,869.876,12.032,,,,,E_ot,,,,,,6b82b3587656,0.6794,0.0161,0
93,cofly,certificate,44,42,0,2,6,30,8.0,0.12,0.3,1,995.17,1,86.897,1,36.578,1.964,983.62,11.55,,,,,E_se3,,,,,,b22b81204ff3,0.6893,0.0225,0
94,cofly,certificate,44,42,0,2,6,30,8.0,0.12,0.3,1,995.17,1,86.897,1,36.578,1.964,983.62,11.55,,,,,E_geo,,,,,,b22b81204ff3,0.6853,0.024,0
95,cofly,certificate,44,42,0,2,6,30,8.0,0.12,0.3,1,995.17,1,86.897,1,36.578,1.964,983.62,11.55,,,,,E_sde,,,,,,b22b81204ff3,0.5862,0.0303,0
96,cofly,certificate,44,42,0,2,6,30,8.0,0.12,0.3,1,995.17,1,86.897,1,36.578,1.964,983.62,11.55,,,,,E_banach,,,,,,b22b81204ff3,0.6863,0.0374,0
97,cofly,certificate,44,42,0,2,6,30,8.0,0.12,0.3,1,995.17,1,86.897,1,36.578,1.964,983.62,11.55,,,,,E_spectral,,,,,,b22b81204ff3,0.6376,0.0203,0
98,cofly,certificate,44,42,0,2,6,30,8.0,0.12,0.3,1,995.17,1,86.897,1,36.578,1.964,983.62,11.55,,,,,E_ot,,,,,,b22b81204ff3,0.7191,0.0173,0
99,cofly,certificate,45,42,0,3,6,30,8.0,0.12,0.3,1,1025.183,1,89.786,0,38.556,2.658,1012.821,12.362,,,,,E_se3,,,,,,0718e95c2c91,0.6301,0.0191,0
100,cofly,certificate,45,42,0,3,6,30,8.0,0.12,0.3,1,1025.183,1,89.786,0,38.556,2.658,1012.821,12.362,,,,,E_geo,,,,,,0718e95c2c91,0.6834,0.0196,0
101,cofly,certificate,45,42,0,3,6,30,8.0,0.12,0.3,1,1025.183,1,89.786,0,38.556,2.658,1012.821,12.362,,,,,E_sde,,,,,,0718e95c2c91,0.6185,0.0241,0
102,cofly,certificate,45,42,0,3,6,30,8.0,0.12,0.3,1,1025.183,1,89.786,0,38.556,2.658,1012.821,12.362,,,,,E_banach,,,,,,0718e95c2c91,0.6275,0.0247,0
103,cofly,certificate,45,42,0,3,6,30,8.0,0.12,0.3,1,1025.183,1,89.786,0,38.556,2.658,1012.821,12.362,,,,,E_spectral,,,,,,0718e95c2c91,0.6889,0.0213,0
104,cofly,certificate,45,42,0,3,6,30,8.0,0.12,0.3,1,1025.183,1,89.786,0,38.556,2.658,1012.821,12.362,,,,,E_ot,,,,,,0718e95c2c91,0.7298,0.0172,0
105,cofly,certificate,123,123,1,0,6,30,8.0,0.12,0.3,1,863.503,0,86.649,0,38.697,2.849,851.383,12.12,,,,,E_se3,,,,,,9c4dfd72663c,0.6571,0.031,0
106,cofly,certificate,123,123,1,0,6,30,8.0,0.12,0.3,1,863.503,0,86.649,0,38.697,2.849,851.383,12.12,,,,,E_geo,,,,,,9c4dfd72663c,0.5995,0.0269,0
107,cofly,certificate,123,123,1,0,6,30,8.0,0.12,0.3,1,863.503,0,86.649,0,38.697,2.849,851.383,12.12,,,,,E_sde,,,,,,9c4dfd72663c,0.6846,0.0185,0
108,cofly,certificate,123,123,1,0,6,30,8.0,0.12,0.3,1,863.503,0,86.649,0,38.697,2.849,851.383,12.12,,,,,E_banach,,,,,,9c4dfd72663c,0.6816,0.0428,0
109,cofly,certificate,123,123,1,0,6,30,8.0,0.12,0.3,1,863.503,0,86.649,0,38.697,2.849,851.383,12.12,,,,,E_spectral,,,,,,9c4dfd72663c,0.5974,0.0174,0
110,cofly,certificate,123,123,1,0,6,30,8.0,0.12,0.3,1,863.503,0,86.649,0,38.697,2.849,851.383,12.12,,,,,E_ot,,,,,,9c4dfd72663c,0.6626,0.0242,0
111,cofly,certificate,124,123,1,1,6,30,8.0,0.12,0.3,1,911.095,0,91.327,1,39.413,2.115,899.275,11.819,,,,,E_se3,,,,,,b827c7e1dd04,0.6219,0.0263,0
112,cofly,certificate,124,123,1,1,6,30,8.0,0.12,0.3,1,911.095,0,91.327,1,39.413,2.115,899.275,11.819,,,,,E_geo,,,,,,b827c7e1dd04,0.6571,0.0206,0
113,cofly,certificate,124,123,1,1,6,30,8.0,0.12,0.3,1,911.095,0,91.327,1,39.413,2.115,899.275,11.819,,,,,E_sde,,,,,,b827c7e1dd04,0.6782,0.022,0
114,cofly,certificate,124,123,1,1,6,30,8.0,0.12,0.3,1,911.095,0,91.327,1,39.413,2.115,899.275,11.819,,,,,E_banach,,,,,,b827c7e1dd04,0.6172,0.0417,0
115,cofly,certificate,124,123,1,1,6,30,8.0,0.12,0.3,1,911.095,0,91.327,1,39.413,2.115,899.275,11.819,,,,,E_spectral,,,,,,b827c7e1dd04,0.5984,0.0237,0
116,cofly,certificate,124,123,1,1,6,30,8.0,0.12,0.3,1,911.095,0,91.327,1,39.413,2.115,899.275,11.819,,,,,E_ot,,,,,,b827c7e1dd04,0.6322,0.0175,0
117,cofly,certificate,125,123,1,2,6,30,8.0,0.12,0.3,1,810.829,0,90.825,0,35.769,2.168,799.008,11.821,,,,,E_se3,,,,,,adacaf593b02,0.6538,0.0134,0
118,cofly,certificate,125,123,1,2,6,30,8.0,0.12,0.3,1,810.829,0,90.825,0,35.769,2.168,799.008,11.821,,,,,E_geo,,,,,,adacaf593b02,0.6592,0.0207,0
119,cofly,certificate,125,123,1,2,6,30,8.0,0.12,0.3,1,810.829,0,90.825,0,35.769,2.168,799.008,11.821,,,,,E_sde,,,,,,adacaf593b02,0.6093,0.0238,0
120,cofly,certificate,125,123,1,2,6,30,8.0,0.12,0.3,1,810.829,0,90.825,0,35.769,2.168,799.008,11.821,,,,,E_banach,,,,,,adacaf593b02,0.6294,0.0178,0
121,cofly,certificate,125,123,1,2,6,30,8.0,0.12,0.3,1,810.829,0,90.825,0,35.769,2.168,799.008,11.821,,,,,E_spectral,,,,,,adacaf593b02,0.6463,0.0251,0
122,cofly,certificate,125,123,1,2,6,30,8.0,0.12,0.3,1,810.829,0,90.825,0,35.769,2.168,799.008,11.821,,,,,E_ot,,,,,,adacaf593b02,0.6752,0.0496,0
123,cofly,certificate,126,123,1,3,6,30,8.0,0.12,0.3,1,971.61,0,83.369,1,38.07,1.641,959.902,11.708,,,,,E_se3,,,,,,7c3c2e0fad17,0.5721,0.0188,0
124,cofly,certificate,126,123,1,3,6,30,8.0,0.12,0.3,1,971.61,0,83.369,1,38.07,1.641,959.902,11.708,,,,,E_geo,,,,,,7c3c2e0fad17,0.6426,0.0223,0
125,cofly,certificate,126,123,1,3,6,30,8.0,0.12,0.3,1,971.61,0,83.369,1,38.07,1.641,959.902,11.708,,,,,E_sde,,,,,,7c3c2e0fad17,0.6896,0.0235,0
126,cofly,certificate,126,123,1,3,6,30,8.0,0.12,0.3,1,971.61,0,83.369,1,38.07,1.641,959.902,11.708,,,,,E_banach,,,,,,7c3c2e0fad17,0.5839,0.0401,0
127,cofly,certificate,126,123,1,3,6,30,8.0,0.12,0.3,1,971.61,0,83.369,1,38.07,1.641,959.902,11.708,,,,,E_spectral,,,,,,7c3c2e0fad17,0.6256,0.0199,0
128,cofly,certificate,126,123,1,3,6,30,8.0,0.12,0.3,1,971.61,0,83.369,1,38.07,1.641,959.902,11.708,,,,,E_ot,,,,,,7c3c2e0fad17,0.7033,0.0256,0
129,cofly,certificate,256,256,2,0,6,30,8.0,0.12,0.3,1,976.241,0,93.809,1,35.195,1.953,965.047,11.194,,,,,E_se3,,,,,,e63e389f1824,0.6342,0.0156,0
130,cofly,certificate,256,256,2,0,6,30,8.0,0.12,0.3,1,976.241,0,93.809,1,35.195,1.953,965.047,11.194,,,,,E_geo,,,,,,e63e389f1824,0.6197,0.0218,0
131,cofly,certificate,256,256,2,0,6,30,8.0,0.12,0.3,1,976.241,0,93.809,1,35.195,1.953,965.047,11.194,,,,,E_sde,,,,,,e63e389f1824,0.6259,0.0206,0
132,cofly,certificate,256,256,2,0,6,30,8.0,0.12,0.3,1,976.241,0,93.809,1,35.195,1.953,965.047,11.194,,,,,E_banach,,,,,,e63e389f1824,0.6731,0.0243,0
133,cofly,certificate,256,256,2,0,6,30,8.0,0.12,0.3,1,976.241,0,93.809,1,35.195,1.953,965.047,11.194,,,,,E_spectral,,,,,,e63e389f1824,0.5942,0.0401,0
134,cofly,certificate,256,256,2,0,6,30,8.0,0.12,0.3,1,976.241,0,93.809,1,35.195,1.953,965.047,11.194,,,,,E_ot,,,,,,e63e389f1824,0.615,0.0154,0
135,cofly,certificate,257,256,2,1,6,30,8.0,0.12,0.3,1,1023.625,1,88.659,1,35.901,1.685,1011.78,11.844,,,,,E_se3,,,,,,ce05170c97d7,0.6447,0.0305,0
136,cofly,certificate,257,256,2,1,6,30,8.0,0.12,0.3,1,1023.625,1,88.659,1,35.901,1.685,1011.78,11.844,,,,,E_geo,,,,,,ce05170c97d7,0.6584,0.0217,0
137,cofly,certificate,257,256,2,1,6,30,8.0,0.12,0.3,1,1023.625,1,88.659,1,35.901,1.685,1011.78,11.844,,,,,E_sde,,,,,,ce05170c97d7,0.6953,0.0363,0
138,cofly,certificate,257,256,2,1,6,30,8.0,0.12,0.3,1,1023.625,1,88.659,1,35.901,1.685,1011.78,11.844,,,,,E_banach,,,,,,ce05170c97d7,0.656,0.0188,0
139,cofly,certificate,257,256,2,1,6,30,8.0,0.12,0.3,1,1023.625,1,88.659,1,35.901,1.685,1011.78,11.844,,,,,E_spectral,,,,,,ce05170c97d7,0.6505,0.0233,0
140,cofly,certificate,257,256,2,1,6,30,8.0,0.12,0.3,1,1023.625,1,88.659,1,35.901,1.685,1011.78,11.844,,,,,E_ot,,,,,,ce05170c97d7,0.7409,0.0185,0
141,cofly,certificate,258,256,2,2,6,30,8.0,0.12,0.3,1,934.709,0,86.6,1,37.344,1.844,922.647,12.062,,,,,E_se3,,,,,,b4a473323299,0.714,0.0147,0
142,cofly,certificate,258,256,2,2,6,30,8.0,0.12,0.3,1,934.709,0,86.6,1,37.344,1.844,922.647,12.062,,,,,E_geo,,,,,,b4a473323299,0.7054,0.0207,0
143,cofly,certificate,258,256,2,2,6,30,8.0,0.12,0.3,1,934.709,0,86.6,1,37.344,1.844,922.647,12.062,,,,,E_sde,,,,,,b4a473323299,0.7323,0.034,0
144,cofly,certificate,258,256,2,2,6,30,8.0,0.12,0.3,1,934.709,0,86.6,1,37.344,1.844,922.647,12.062,,,,,E_banach,,,,,,b4a473323299,0.6378,0.0271,0
145,cofly,certificate,258,256,2,2,6,30,8.0,0.12,0.3,1,934.709,0,86.6,1,37.344,1.844,922.647,12.062,,,,,E_spectral,,,,,,b4a473323299,0.55,0.0308,0
146,cofly,certificate,258,256,2,2,6,30,8.0,0.12,0.3,1,934.709,0,86.6,1,37.344,1.844,922.647,12.062,,,,,E_ot,,,,,,b4a473323299,0.7104,0.0399,0
147,cofly,certificate,259,256,2,3,6,30,8.0,0.12,0.3,1,1044.22,1,90.525,0,36.361,1.961,1032.137,12.083,,,,,E_se3,,,,,,cb0e5e638118,0.6439,0.0206,0
148,cofly,certificate,259,256,2,3,6,30,8.0,0.12,0.3,1,1044.22,1,90.525,0,36.361,1.961,1032.137,12.083,,,,,E_geo,,,,,,cb0e5e638118,0.6276,0.0347,0
149,cofly,certificate,259,256,2,3,6,30,8.0,0.12,0.3,1,1044.22,1,90.525,0,36.361,1.961,1032.137,12.083,,,,,E_sde,,,,,,cb0e5e638118,0.6188,0.0241,0
150,cofly,certificate,259,256,2,3,6,30,8.0,0.12,0.3,1,1044.22,1,90.525,0,36.361,1.961,1032.137,12.083,,,,,E_banach,,,,,,cb0e5e638118,0.6986,0.0388,0
151,cofly,certificate,259,256,2,3,6,30,8.0,0.12,0.3,1,1044.22,1,90.525,0,36.361,1.961,1032.137,12.083,,,,,E_spectral,,,,,,cb0e5e638118,0.6494,0.0188,0
152,cofly,certificate,259,256,2,3,6,30,8.0,0.12,0.3,1,1044.22,1,90.525,0,36.361,1.961,1032.137,12.083,,,,,E_ot,,,,,,cb0e5e638118,0.5609,0.0724,0
153,cofly,certificate,512,512,3,0,6,30,8.0,0.12,0.3,1,790.023,0,88.734,0,39.671,1.813,778.392,11.631,,,,,E_se3,,,,,,7a8dbf4d5a86,0.6755,0.0263,0
154,cofly,certificate,512,512,3,0,6,30,8.0,0.12,0.3,1,790.023,0,88.734,0,39.671,1.813,778.392,11.631,,,,,E_geo,,,,,,7a8dbf4d5a86,0.7286,0.0248,0
155,cofly,certificate,512,512,3,0,6,30,8.0,0.12,0.3,1,790.023,0,88.734,0,39.671,1.813,778.392,11.631,,,,,E_sde,,,,,,7a8dbf4d5a86,0.6872,0.0306,0
156,cofly,certificate,512,512,3,0,6,30,8.0,0.12,0.3,1,790.023,0,88.734,0,39.671,1.813,778.392,11.631,,,,,E_banach,,,,,,7a8dbf4d5a86,0.6486,0.0286,0
157,cofly,certificate,512,512,3,0,6,30,8.0,0.12,0.3,1,790.023,0,88.734,0,39.671,1.813,778.392,11.631,,,,,E_spectral,,,,,,7a8dbf4d5a86,0.6353,0.0229,0
158,cofly,certificate,512,512,3,0,6,30,8.0,0.12,0.3,1,790.023,0,88.734,0,39.671,1.813,778.392,11.631,,,,,E_ot,,,,,,7a8dbf4d5a86,0.7079,0.0221,0
159,cofly,certificate,513,512,3,1,6,30,8.0,0.12,0.3,1,861.425,0,87.275,0,38.003,1.989,849.241,12.184,,,,,E_se3,,,,,,b1d892693f20,0.6351,0.0202,0
160,cofly,certificate,513,512,3,1,6,30,8.0,0.12,0.3,1,861.425,0,87.275,0,38.003,1.989,849.241,12.184,,,,,E_geo,,,,,,b1d892693f20,0.629,0.0217,0
161,cofly,certificate,513,512,3,1,6,30,8.0,0.12,0.3,1,861.425,0,87.275,0,38.003,1.989,849.241,12.184,,,,,E_sde,,,,,,b1d892693f20,0.555,0.0364,0
162,cofly,certificate,513,512,3,1,6,30,8.0,0.12,0.3,1,861.425,0,87.275,0,38.003,1.989,849.241,12.184,,,,,E_banach,,,,,,b1d892693f20,0.7263,0.033,0
163,cofly,certificate,513,512,3,1,6,30,8.0,0.12,0.3,1,861.425,0,87.275,0,38.003,1.989,849.241,12.184,,,,,E_spectral,,,,,,b1d892693f20,0.6467,0.0312,0
164,cofly,certificate,513,512,3,1,6,30,8.0,0.12,0.3,1,861.425,0,87.275,0,38.003,1.989,849.241,12.184,,,,,E_ot,,,,,,b1d892693f20,0.7178,0.0299,0
165,cofly,certificate,514,512,3,2,6,30,8.0,0.12,0.3,1,909.958,0,90.285,0,38.14,2.048,898.267,11.691,,,,,E_se3,,,,,,e16236ac0eb2,0.7366,0.043,0
166,cofly,certificate,514,512,3,2,6,30,8.0,0.12,0.3,1,909.958,0,90.285,0,38.14,2.048,898.267,11.691,,,,,E_geo,,,,,,e16236ac0eb2,0.6419,0.0443,0
167,cofly,certificate,514,512,3,2,6,30,8.0,0.12,0.3,1,909.958,0,90.285,0,38.14,2.048,898.267,11.691,,,,,E_sde,,,,,,e16236ac0eb2,0.7287,0.0239,0
168,cofly,certificate,514,512,3,2,6,30,8.0,0.12,0.3,1,909.958,0,90.285,0,38.14,2.048,898.267,11.691,,,,,E_banach,,,,,,e16236ac0eb2,0.6203,0.0181,0
169,cofly,certificate,514,512,3,2,6,30,8.0,0.12,0.3,1,909.958,0,90.285,0,38.14,2.048,898.267,11.691,,,,,E_spectral,,,,,,e16236ac0eb2,0.7239,0.0677,0
170,cofly,certificate,514,512,3,2,6,30,8.0,0.12,0.3,1,909.958,0,90.285,0,38.14,2.048,898.267,11.691,,,,,E_ot,,,,,,e16236ac0eb2,0.6617,0.0223,0
171,cofly,certificate,515,512,3,3,6,30,8.0,0.12,0.3,1,884.677,0,88.464,0,38.601,1.77,872.787,11.89,,,,,E_se3,,,,,,f71fac8bc60f,0.702,0.0201,0
172,cofly,certificate,515,512,3,3,6,30,8.0,0.12,0.3,1,884.677,0,88.464,0,38.601,1.77,872.787,11.89,,,,,E_geo,,,,,,f71fac8bc60f,0.5484,0.0249,0
173,cofly,certificate,515,512,3,3,6,30,8.0,0.12,0.3,1,884.677,0,88.464,0,38.601,1.77,872.787,11.89,,,,,E_sde,,,,,,f71fac8bc60f,0.6475,0.0239,0
174,cofly,certificate,515,512,3,3,6,30,8.0,0.12,0.3,1,884.677,0,88.464,0,38.601,1.77,872.787,11.89,,,,,E_banach,,,,,,f71fac8bc60f,0.6311,0.0387,0
175,cofly,certificate,515,512,3,3,6,30,8.0,0.12,0.3,1,884.677,0,88.464,0,38.601,1.77,872.787,11.89,,,,,E_spectral,,,,,,f71fac8bc60f,0.6076,0.0149,0
176,cofly,certificate,515,512,3,3,6,30,8.0,0.12,0.3,1,884.677,0,88.464,0,38.601,1.77,872.787,11.89,,,,,E_ot,,,,,,f71fac8bc60f,0.6121,0.0293,0
177,cofly,certificate,1024,1024,4,0,6,30,8.0,0.12,0.3,1,875.186,0,86.716,0,36.814,2.06,863.816,11.369,,,,,E_se3,,,,,,7d2de1c5a95b,0.6309,0.0166,0
178,cofly,certificate,1024,1024,4,0,6,30,8.0,0.12,0.3,1,875.186,0,86.716,0,36.814,2.06,863.816,11.369,,,,,E_geo,,,,,,7d2de1c5a95b,0.627,0.084,0
179,cofly,certificate,1024,1024,4,0,6,30,8.0,0.12,0.3,1,875.186,0,86.716,0,36.814,2.06,863.816,11.369,,,,,E_sde,,,,,,7d2de1c5a95b,0.6899,0.0229,0
180,cofly,certificate,1024,1024,4,0,6,30,8.0,0.12,0.3,1,875.186,0,86.716,0,36.814,2.06,863.816,11.369,,,,,E_banach,,,,,,7d2de1c5a95b,0.6797,0.0184,0
181,cofly,certificate,1024,1024,4,0,6,30,8.0,0.12,0.3,1,875.186,0,86.716,0,36.814,2.06,863.816,11.369,,,,,E_spectral,,,,,,7d2de1c5a95b,0.6509,0.0303,0
182,cofly,certificate,1024,1024,4,0,6,30,8.0,0.12,0.3,1,875.186,0,86.716,0,36.814,2.06,863.816,11.369,,,,,E_ot,,,,,,7d2de1c5a95b,0.6528,0.0229,0
183,cofly,certificate,1025,1024,4,1,6,30,8.0,0.12,0.3,1,894.365,0,89.047,0,34.221,1.432,883.162,11.203,,,,,E_se3,,,,,,ec7d7d668d67,0.7147,0.0305,0
184,cofly,certificate,1025,1024,4,1,6,30,8.0,0.12,0.3,1,894.365,0,89.047,0,34.221,1.432,883.162,11.203,,,,,E_geo,,,,,,ec7d7d668d67,0.5822,0.0199,0
185,cofly,certificate,1025,1024,4,1,6,30,8.0,0.12,0.3,1,894.365,0,89.047,0,34.221,1.432,883.162,11.203,,,,,E_sde,,,,,,ec7d7d668d67,0.6581,0.0337,0
186,cofly,certificate,1025,1024,4,1,6,30,8.0,0.12,0.3,1,894.365,0,89.047,0,34.221,1.432,883.162,11.203,,,,,E_banach,,,,,,ec7d7d668d67,0.7167,0.0208,0
187,cofly,certificate,1025,1024,4,1,6,30,8.0,0.12,0.3,1,894.365,0,89.047,0,34.221,1.432,883.162,11.203,,,,,E_spectral,,,,,,ec7d7d668d67,0.6811,0.0515,0
188,cofly,certificate,1025,1024,4,1,6,30,8.0,0.12,0.3,1,894.365,0,89.047,0,34.221,1.432,883.162,11.203,,,,,E_ot,,,,,,ec7d7d668d67,0.6526,0.0242,0
189,cofly,certificate,1026,1024,4,2,6,30,8.0,0.12,0.3,1,785.778,0,90.458,0,38.285,2.026,774.826,10.952,,,,,E_se3,,,,,,490df45ebcb4,0.6577,0.0322,0
190,cofly,certificate,1026,1024,4,2,6,30,8.0,0.12,0.3,1,785.778,0,90.458,0,38.285,2.026,774.826,10.952,,,,,E_geo,,,,,,490df45ebcb4,0.6572,0.0402,0
191,cofly,certificate,1026,1024,4,2,6,30,8.0,0.12,0.3,1,785.778,0,90.458,0,38.285,2.026,774.826,10.952,,,,,E_sde,,,,,,490df45ebcb4,0.6516,0.0246,0
192,cofly,certificate,1026,1024,4,2,6,30,8.0,0.12,0.3,1,785.778,0,90.458,0,38.285,2.026,774.826,10.952,,,,,E_banach,,,,,,490df45ebcb4,0.6348,0.0371,0
193,cofly,certificate,1026,1024,4,2,6,30,8.0,0.12,0.3,1,785.778,0,90.458,0,38.285,2.026,774.826,10.952,,,,,E_spectral,,,,,,490df45ebcb4,0.6807,0.0225,0
194,cofly,certificate,1026,1024,4,2,6,30,8.0,0.12,0.3,1,785.778,0,90.458,0,38.285,2.026,774.826,10.952,,,,,E_ot,,,,,,490df45ebcb4,0.6292,0.0373,0
195,cofly,certificate,1027,1024,4,3,6,30,8.0,0.12,0.3,1,1082.044,1,89.434,0,37.345,2.524,1071.037,11.007,,,,,E_se3,,,,,,2759bfb4f9ef,0.7027,0.0176,0
196,cofly,certificate,1027,1024,4,3,6,30,8.0,0.12,0.3,1,1082.044,1,89.434,0,37.345,2.524,1071.037,11.007,,,,,E_geo,,,,,,2759bfb4f9ef,0.64,0.0297,0
197,cofly,certificate,1027,1024,4,3,6,30,8.0,0.12,0.3,1,1082.044,1,89.434,0,37.345,2.524,1071.037,11.007,,,,,E_sde,,,,,,2759bfb4f9ef,0.571,0.0169,0
198,cofly,certificate,1027,1024,4,3,6,30,8.0,0.12,0.3,1,1082.044,1,89.434,0,37.345,2.524,1071.037,11.007,,,,,E_banach,,,,,,2759bfb4f9ef,0.6833,0.0284,0
199,cofly,certificate,1027,1024,4,3,6,30,8.0,0.12,0.3,1,1082.044,1,89.434,0,37.345,2.524,1071.037,11.007,,,,,E_spectral,,,,,,2759bfb4f9ef,0.58,0.0255,0
200,cofly,certificate,1027,1024,4,3,6,30,8.0,0.12,0.3,1,1082.044,1,89.434,0,37.345,2.524,1071.037,11.007,,,,,E_ot,,,,,,2759bfb4f9ef,0.6503,0.019,0
201,cofly,gazebo_confirm,42,42,0,0,6,30,8.0,0.12,0.3,1,872.96,0,89.0,0,37.5,2.007,861.9,11.1,,,,,,,,,gazebo+airsim,,a5b38b2d20a7,0.6052,0.0219,0
202,cofly,gazebo_confirm,43,42,0,1,6,30,8.0,0.12,0.3,1,881.53,0,89.0,0,37.5,1.409,870.3,11.2,,,,,,,,,gazebo+airsim,,fa720560a4ad,0.6412,0.0242,0
203,cofly,gazebo_confirm,44,42,0,2,6,30,8.0,0.12,0.3,1,995.61,0,89.0,1,37.5,2.045,982.9,12.7,,,,,,,,,gazebo+airsim,,62c95ceea6ab,0.6212,0.0155,0
204,cofly,gazebo_confirm,45,42,0,3,6,30,8.0,0.12,0.3,1,1022.8,0,89.0,0,37.5,2.807,1009.8,13.0,,,,,,,,,gazebo+airsim,,b1b41cd10222,0.6694,0.0223,0
205,cofly,gazebo_confirm,123,123,1,0,6,30,8.0,0.12,0.3,1,863.61,0,89.0,0,37.5,2.762,852.6,11.0,,,,,,,,,gazebo+airsim,,e72ecad3a599,0.6009,0.0374,0
206,cofly,gazebo_confirm,124,123,1,1,6,30,8.0,0.12,0.3,1,911.91,0,89.0,1,37.5,2.106,900.3,11.6,,,,,,,,,gazebo+airsim,,3728327567aa,0.7163,0.0218,0
207,cofly,gazebo_confirm,125,123,1,2,6,30,8.0,0.12,0.3,1,810.11,0,89.0,0,37.5,2.039,799.8,10.3,,,,,,,,,gazebo+airsim,,5ef38f88075a,0.6852,0.0235,0
208,cofly,gazebo_confirm,126,123,1,3,6,30,8.0,0.12,0.3,1,971.96,0,89.0,1,37.5,1.688,959.6,12.4,,,,,,,,,gazebo+airsim,,9bee4677f3c1,0.6149,0.0262,0
209,cofly,gazebo_confirm,256,256,2,0,6,30,8.0,0.12,0.3,1,973.84,0,89.0,1,37.5,2.01,961.4,12.4,,,,,,,,,gazebo+airsim,,4222a34c0119,0.6747,0.0366,0
210,cofly,gazebo_confirm,257,256,2,1,6,30,8.0,0.12,0.3,1,1025.96,0,89.0,1,37.5,1.782,1012.9,13.1,,,,,,,,,gazebo+airsim,,45d9e24c1550,0.582,0.025,0
211,cofly,gazebo_confirm,258,256,2,2,6,30,8.0,0.12,0.3,1,935.1,0,89.0,1,37.5,1.859,923.2,11.9,,,,,,,,,gazebo+airsim,,24a98edb3260,0.6861,0.0258,0
212,cofly,gazebo_confirm,259,256,2,3,6,30,8.0,0.12,0.3,1,1045.79,0,89.0,0,37.5,2.095,1032.5,13.3,,,,,,,,,gazebo+airsim,,015f9c18226d,0.6862,0.0263,0
213,cofly,gazebo_confirm,512,512,3,0,6,30,8.0,0.12,0.3,1,791.39,0,89.0,0,37.5,1.686,781.3,10.1,,,,,,,,,gazebo+airsim,,838e13cb94f7,0.5936,0.0156,0
214,cofly,gazebo_confirm,513,512,3,1,6,30,8.0,0.12,0.3,1,862.22,0,89.0,0,37.5,1.927,851.2,11.0,,,,,,,,,gazebo+airsim,,57fb6cd323a3,0.7087,0.0423,0
215,cofly,gazebo_confirm,514,512,3,2,6,30,8.0,0.12,0.3,1,910.77,0,89.0,0,37.5,2.038,899.2,11.6,,,,,,,,,gazebo+airsim,,21b829890d04,0.724,0.0161,0
216,cofly,gazebo_confirm,515,512,3,3,6,30,8.0,0.12,0.3,1,884.86,0,89.0,0,37.5,1.736,873.6,11.3,,,,,,,,,gazebo+airsim,,6f86d6a879fd,0.6061,0.023,0
217,cofly,gazebo_confirm,1024,1024,4,0,6,30,8.0,0.12,0.3,1,875.92,0,89.0,0,37.5,2.011,864.7,11.2,,,,,,,,,gazebo+airsim,,b650824cc9f7,0.6576,0.0179,0
218,cofly,gazebo_confirm,1025,1024,4,1,6,30,8.0,0.12,0.3,1,892.64,0,89.0,0,37.5,1.411,881.2,11.4,,,,,,,,,gazebo+airsim,,3c9b86064663,0.6245,0.0254,0
219,cofly,gazebo_confirm,1026,1024,4,2,6,30,8.0,0.12,0.3,1,786.02,0,89.0,0,37.5,1.879,776.0,10.0,,,,,,,,,gazebo+airsim,,057b5731977c,0.6406,0.022,0
220,cofly,gazebo_confirm,1027,1024,4,3,6,30,8.0,0.12,0.3,1,1083.24,0,89.0,0,37.5,2.748,1069.4,13.8,,,,,,,,,gazebo+airsim,,91163337157f,0.647,0.0281,0
221,greedy,gazebo_confirm,42,42,0,0,6,30,8.0,0.12,0.3,1,2515.64,0,89.8,0,32.4,21.251,2483.6,32.0,,,,,,,,,gazebo+airsim,,06abcb94a21c,0.0675,0.0018,0
222,greedy,gazebo_confirm,43,42,0,1,6,30,8.0,0.12,0.3,1,2431.5,0,89.8,0,32.4,19.077,2400.5,31.0,,,,,,,,,gazebo+airsim,,009628b71778,0.08,0.002,0
223,greedy,gazebo_confirm,44,42,0,2,6,30,8.0,0.12,0.3,1,2414.09,0,89.8,0,32.4,10.412,2383.3,30.8,,,,,,,,,gazebo+airsim,,ac6ca3027549,0.0785,0.0023,0
224,greedy,gazebo_confirm,45,42,0,3,6,30,8.0,0.12,0.3,1,2241.51,0,89.8,0,32.4,21.287,2212.9,28.6,,,,,,,,,gazebo+airsim,,4adee7b96b95,0.0776,0.002,0
225,greedy,gazebo_confirm,123,123,1,0,6,30,8.0,0.12,0.3,1,2568.25,0,89.8,0,32.4,21.926,2535.6,32.7,,,,,,,,,gazebo+airsim,,e577226ec974,0.0728,0.0017,0
226,greedy,gazebo_confirm,124,123,1,1,6,30,8.0,0.12,0.3,1,2633.8,0,89.8,0,32.4,21.118,2600.2,33.6,,,,,,,,,gazebo+airsim,,0f7534aef616,0.0716,0.002,0
227,greedy,gazebo_confirm,125,123,1,2,6,30,8.0,0.12,0.3,1,2662.71,0,89.8,0,32.4,19.61,2628.8,33.9,,,,,,,,,gazebo+airsim,,c96910a148ba,0.0835,0.0011,0
228,greedy,gazebo_confirm,126,123,1,3,6,30,8.0,0.12,0.3,1,2412.49,0,89.8,0,32.4,14.358,2381.8,30.7,,,,,,,,,gazebo+airsim,,804ab07db34d,0.0783,0.002,0
229,greedy,gazebo_confirm,256,256,2,0,6,30,8.0,0.12,0.3,1,2394.36,0,89.8,0,32.4,25.825,2363.9,30.5,,,,,,,,,gazebo+airsim,,fe8b8e462d91,0.0845,0.0023,0
230,greedy,gazebo_confirm,257,256,2,1,6,30,8.0,0.12,0.3,1,2391.85,0,89.8,0,32.4,18.727,2361.4,30.5,,,,,,,,,gazebo+airsim,,7ef14b959985,0.078,0.0029,0
231,greedy,gazebo_confirm,258,256,2,2,6,30,8.0,0.12,0.3,1,2547.46,0,89.8,0,32.4,21.428,2515.0,32.5,,,,,,,,,gazebo+airsim,,e9eaeb3b5dbe,0.0802,0.0021,0
232,greedy,gazebo_confirm,259,256,2,3,6,30,8.0,0.12,0.3,1,2314.41,0,89.8,0,32.4,20.144,2284.9,29.5,,,,,,,,,gazebo+airsim,,f9db8e4bb6a9,0.0765,0.0019,0
233,greedy,gazebo_confirm,512,512,3,0,6,30,8.0,0.12,0.3,1,2858.82,0,89.8,0,32.4,14.291,2822.4,36.4,,,,,,,,,gazebo+airsim,,62ad5f6fb167,0.0726,0.002,0
234,greedy,gazebo_confirm,513,512,3,1,6,30,8.0,0.12,0.3,1,2652.92,0,89.8,1,32.4,25.171,2619.1,33.8,,,,,,,,,gazebo+airsim,,80ed2ca3b27e,0.0774,0.0014,0
235,greedy,gazebo_confirm,514,512,3,2,6,30,8.0,0.12,0.3,1,2460.12,0,89.8,0,32.4,20.777,2428.8,31.3,,,,,,,,,gazebo+airsim,,2bc89e8b2771,0.0759,0.0032,0
236,greedy,gazebo_confirm,515,512,3,3,6,30,8.0,0.12,0.3,1,2581.17,0,89.8,0,32.4,20.323,2548.3,32.9,,,,,,,,,gazebo+airsim,,8cafff1f7dc7,0.0749,0.0026,0
237,greedy,gazebo_confirm,1024,1024,4,0,6,30,8.0,0.12,0.3,1,2570.19,0,89.8,0,32.4,22.621,2537.5,32.7,,,,,,,,,gazebo+airsim,,7a6f8093b63b,0.0708,0.0017,0
238,greedy,gazebo_confirm,1025,1024,4,1,6,30,8.0,0.12,0.3,1,2531.62,0,89.8,0,32.4,21.741,2499.3,32.3,,,,,,,,,gazebo+airsim,,6e40f38a7116,0.0843,0.0022,0
239,greedy,gazebo_confirm,1026,1024,4,2,6,30,8.0,0.12,0.3,1,2672.74,0,89.8,0,32.4,20.831,2638.6,34.1,,,,,,,,,gazebo+airsim,,424476ac2d26,0.0902,0.0022,0
240,greedy,gazebo_confirm,1027,1024,4,3,6,30,8.0,0.12,0.3,1,2226.5,0,89.8,0,32.4,18.864,2198.1,28.4,,,,,,,,,gazebo+airsim,,4ece16dc7184,0.0819,0.002,0
241,cofly,harq_sweep,42,42,0,0,6,30,8.0,0.12,0.05,1,1275.52,0,3.059,0,46.759,2.457,1259.2,16.3,,burst,,0.033,,,,,,,07f150f1b613,0.6635,0.0399,0
242,cofly,harq_sweep,42,42,0,0,6,30,8.0,0.12,0.05,1,1282.286,0,1.424,0,46.938,2.465,1266.0,16.3,,independent,,0.012,,,,,,,07f150f1b613,0.645,0.0207,0
243,cofly,harq_sweep,42,42,0,0,6,30,8.0,0.12,0.1,1,1298.615,0,-2.521,0,47.369,2.483,1282.1,16.5,,burst,,0.133,,,,,,,c19cfd3f7490,0.5707,0.0454,0
244,cofly,harq_sweep,42,42,0,0,6,30,8.0,0.12,0.1,1,1287.39,0,0.191,0,47.072,2.47,1271.0,16.4,,independent,,0.108,,,,,,,c19cfd3f7490,0.6655,0.0334,0
245,cofly,harq_sweep,42,42,0,0,6,30,8.0,0.12,0.2,1,1288.922,0,-0.179,0,47.113,2.472,1272.5,16.4,,burst,,1.112,,,,,,,cd87f708da26,0.6906,0.0265,0
246,cofly,harq_sweep,42,42,0,0,6,30,8.0,0.12,0.2,1,1285.392,0,0.674,0,47.02,2.468,1269.0,16.4,,independent,,0.875,,,,,,,cd87f708da26,0.6794,0.0196,0
247,cofly,harq_sweep,42,42,0,0,6,30,8.0,0.12,0.3,1,910.831,0,91.167,0,37.129,2.049,899.2,11.6,,burst,,3.429,,,,,,,653998bbc5fa,0.6674,0.0232,0
248,cofly,harq_sweep,42,42,0,0,6,30,8.0,0.12,0.3,1,1294.464,0,-1.518,0,47.259,2.478,1278.0,16.5,,independent,,2.9,,,,,,,653998bbc5fa,0.6601,0.0279,0
249,cofly,harq_sweep,42,42,0,0,6,30,8.0,0.12,0.4,1,1264.853,0,5.636,0,46.477,2.445,1248.8,16.1,,burst,,6.962,,,,,,,67419285cfe2,0.6711,0.0522,0
250,cofly,harq_sweep,42,42,0,0,6,30,8.0,0.12,0.4,1,1266.9,0,5.141,0,46.531,2.448,1250.8,16.1,,independent,,6.767,,,,,,,67419285cfe2,0.6657,0.0434,0
251,cofly,harq_sweep,42,42,0,0,6,30,8.0,0.12,0.5,1,1228.036,0,14.531,0,45.505,2.404,1212.4,15.6,,burst,,12.713,,,,,,,6ee88c0b8120,0.6128,0.0176,0
252,cofly,harq_sweep,42,42,0,0,6,30,8.0,0.12,0.5,1,1236.52,0,12.481,0,45.729,2.414,1220.7,15.8,,independent,,12.483,,,,,,,6ee88c0b8120,0.5733,0.0314,0
253,cofly,harq_sweep,43,42,0,1,6,30,8.0,0.12,0.05,1,1291.564,0,-0.818,0,50.093,1.73,1275.1,16.5,,burst,,0.033,,,,,,,eb190fd03241,0.6531,0.0353,0
254,cofly,harq_sweep,43,42,0,1,6,30,8.0,0.12,0.05,1,1283.847,0,1.047,0,49.877,1.724,1267.4,16.4,,independent,,0.012,,,,,,,eb190fd03241,0.5781,0.039,0
255,cofly,harq_sweep,43,42,0,1,6,30,8.0,0.12,0.1,1,1293.177,0,-1.207,0,50.138,1.731,1276.7,16.5,,burst,,0.133,,,,,,,64049f74c500,0.5739,0.0191,0
256,cofly,harq_sweep,43,42,0,1,6,30,8.0,0.12,0.1,1,1287.649,0,0.128,0,49.983,1.727,1271.2,16.4,,independent,,0.108,,,,,,,64049f74c500,0.6269,0.0254,0
257,cofly,harq_sweep,43,42,0,1,6,30,8.0,0.12,0.2,1,1301.731,0,-3.274,0,50.378,1.738,1285.1,16.6,,burst,,1.112,,,,,,,0e580daa623e,0.5867,0.024,0
258,cofly,harq_sweep,43,42,0,1,6,30,8.0,0.12,0.2,1,1266.398,0,5.263,0,49.388,1.71,1250.3,16.1,,independent,,0.875,,,,,,,0e580daa623e,0.6278,0.0237,0
259,cofly,harq_sweep,43,42,0,1,6,30,8.0,0.12,0.3,1,915.777,0,89.972,0,39.558,1.436,904.1,11.7,,burst,,3.429,,,,,,,82569ce42e8f,0.5946,0.0232,0
260,cofly,harq_sweep,43,42,0,1,6,30,8.0,0.12,0.3,1,1283.634,0,1.098,0,49.871,1.724,1267.2,16.4,,independent,,2.9,,,,,,,82569ce42e8f,0.67,0.0305,0
261,cofly,harq_sweep,43,42,0,1,6,30,8.0,0.12,0.4,1,1254.601,0,8.113,0,49.057,1.701,1238.6,16.0,,burst,,6.962,,,,,,,d23eb28488d4,0.619,0.0187,0
262,cofly,harq_sweep,43,42,0,1,6,30,8.0,0.12,0.4,1,1277.02,0,2.696,0,49.685,1.718,1260.7,16.3,,independent,,6.767,,,,,,,d23eb28488d4,0.6364,0.0167,0
263,cofly,harq_sweep,43,42,0,1,6,30,8.0,0.12,0.5,1,1234.443,0,12.983,0,48.492,1.685,1218.7,15.7,,burst,,12.713,,,,,,,a45e6b7bdb99,0.6972,0.022,0
264,cofly,harq_sweep,43,42,0,1,6,30,8.0,0.12,0.5,1,1247.959,0,9.717,0,48.871,1.696,1232.1,15.9,,independent,,12.483,,,,,,,a45e6b7bdb99,0.6321,0.0384,0
265,cofly,harq_sweep,44,42,0,2,6,30,8.0,0.12,0.05,1,1285.653,1,0.61,1,46.036,2.355,1269.3,16.4,,burst,,0.033,,,,,,,c2524572fd9e,0.6582,0.0325,0
266,cofly,harq_sweep,44,42,0,2,6,30,8.0,0.12,0.05,1,1288.417,1,-0.057,1,46.107,2.358,1272.0,16.4,,independent,,0.012,,,,,,,c2524572fd9e,0.6058,0.0324,0
267,cofly,harq_sweep,44,42,0,2,6,30,8.0,0.12,0.1,1,1276.642,1,2.788,1,45.803,2.345,1260.3,16.3,,burst,,0.133,,,,,,,5578923243c1,0.5853,0.0307,0
268,cofly,harq_sweep,44,42,0,2,6,30,8.0,0.12,0.1,1,1277.906,1,2.482,1,45.836,2.346,1261.6,16.3,,independent,,0.108,,,,,,,5578923243c1,0.7302,0.0448,0
269,cofly,harq_sweep,44,42,0,2,6,30,8.0,0.12,0.2,1,1276.063,1,2.927,1,45.788,2.344,1259.8,16.3,,burst,,1.112,,,,,,,34309fa75fa2,0.6486,0.028,0
270,cofly,harq_sweep,44,42,0,2,6,30,8.0,0.12,0.2,1,1290.582,1,-0.58,1,46.163,2.36,1274.2,16.4,,independent,,0.875,,,,,,,34309fa75fa2,0.6797,0.0189,0
271,cofly,harq_sweep,44,42,0,2,6,30,8.0,0.12,0.3,1,928.505,1,86.897,1,36.804,1.973,916.7,11.8,,burst,,3.429,,,,,,,6bbf3d6ea087,0.7152,0.0588,0
272,cofly,harq_sweep,44,42,0,2,6,30,8.0,0.12,0.3,1,1263.061,1,6.069,1,45.452,2.331,1247.0,16.1,,independent,,2.9,,,,,,,6bbf3d6ea087,0.7022,0.0218,0
273,cofly,harq_sweep,44,42,0,2,6,30,8.0,0.12,0.4,1,1283.414,1,1.151,1,45.978,2.352,1267.0,16.4,,burst,,6.962,,,,,,,74b83b43fc26,0.676,0.0265,0
274,cofly,harq_sweep,44,42,0,2,6,30,8.0,0.12,0.4,1,1264.002,1,5.841,1,45.476,2.332,1247.9,16.1,,independent,,6.767,,,,,,,74b83b43fc26,0.664,0.0277,0
275,cofly,harq_sweep,44,42,0,2,6,30,8.0,0.12,0.5,1,1222.755,1,15.806,1,44.41,2.287,1207.2,15.6,,burst,,12.713,,,,,,,6219e8c70abf,0.6095,0.0204,0
276,cofly,harq_sweep,44,42,0,2,6,30,8.0,0.12,0.5,1,1239.825,1,11.682,1,44.851,2.306,1224.0,15.8,,independent,,12.483,,,,,,,6219e8c70abf,0.6454,0.0433,0
277,cofly,harq_sweep,45,42,0,3,6,30,8.0,0.12,0.05,1,1286.22,1,0.474,0,48.541,3.187,1269.8,16.4,,burst,,0.033,,,,,,,9fea3f77299f,0.5675,0.023,0
278,cofly,harq_sweep,45,42,0,3,6,30,8.0,0.12,0.05,1,1287.425,1,0.182,0,48.574,3.189,1271.0,16.4,,independent,,0.012,,,,,,,9fea3f77299f,0.5721,0.022,0
279,cofly,harq_sweep,45,42,0,3,6,30,8.0,0.12,0.1,1,1294.854,1,-1.612,0,48.776,3.2,1278.4,16.5,,burst,,0.133,,,,,,,07f1e9d073fb,0.7212,0.0181,0
280,cofly,harq_sweep,45,42,0,3,6,30,8.0,0.12,0.1,1,1279.057,1,2.204,0,48.346,3.177,1262.8,16.3,,independent,,0.108,,,,,,,07f1e9d073fb,0.6723,0.0225,0
281,cofly,harq_sweep,45,42,0,3,6,30,8.0,0.12,0.2,1,1304.104,1,-3.847,0,49.028,3.213,1287.5,16.6,,burst,,1.112,,,,,,,4393075d4fe3,0.6727,0.0543,0
282,cofly,harq_sweep,45,42,0,3,6,30,8.0,0.12,0.2,1,1289.497,1,-0.318,0,48.63,3.192,1273.1,16.4,,independent,,0.875,,,,,,,4393075d4fe3,0.6774,0.0494,0
283,cofly,harq_sweep,45,42,0,3,6,30,8.0,0.12,0.3,1,916.547,1,89.786,0,38.468,2.653,904.8,11.7,,burst,,3.429,,,,,,,9d226143ef2c,0.7125,0.0245,0
284,cofly,harq_sweep,45,42,0,3,6,30,8.0,0.12,0.3,1,1273.745,1,3.487,0,48.201,3.169,1257.5,16.2,,independent,,2.9,,,,,,,9d226143ef2c,0.6738,0.0418,0
285,cofly,harq_sweep,45,42,0,3,6,30,8.0,0.12,0.4,1,1265.873,1,5.389,0,47.986,3.158,1249.8,16.1,,burst,,6.962,,,,,,,36906664607d,0.6234,0.0405,0
286,cofly,harq_sweep,45,42,0,3,6,30,8.0,0.12,0.4,1,1248.176,1,9.665,0,47.504,3.133,1232.3,15.9,,independent,,6.767,,,,,,,36906664607d,0.691,0.022,0
287,cofly,harq_sweep,45,42,0,3,6,30,8.0,0.12,0.5,1,1244.15,1,10.638,0,47.395,3.127,1228.3,15.9,,burst,,12.713,,,,,,,57d670d5665e,0.5876,0.0377,0
288,cofly,harq_sweep,45,42,0,3,6,30,8.0,0.12,0.5,1,1223.141,1,15.713,0,46.822,3.096,1207.5,15.6,,independent,,12.483,,,,,,,57d670d5665e,0.6529,0.0203,0
289,cofly,harq_sweep,123,123,1,0,6,30,8.0,0.12,0.05,1,1273.693,0,3.5,0,48.376,3.397,1257.5,16.2,,burst,,0.033,,,,,,,33459dd968fb,0.5763,0.021,0
290,cofly,harq_sweep,123,123,1,0,6,30,8.0,0.12,0.05,1,1299.548,0,-2.747,0,49.083,3.437,1282.9,16.6,,independent,,0.012,,,,,,,33459dd968fb,0.6967,0.0175,0
291,cofly,harq_sweep,123,123,1,0,6,30,8.0,0.12,0.1,1,1301.446,0,-3.205,0,49.135,3.44,1284.8,16.6,,burst,,0.133,,,,,,,b4599d770b94,0.659,0.0315,0
292,cofly,harq_sweep,123,123,1,0,6,30,8.0,0.12,0.1,1,1295.618,0,-1.797,0,48.975,3.431,1279.1,16.5,,independent,,0.108,,,,,,,b4599d770b94,0.7983,0.0179,0
293,cofly,harq_sweep,123,123,1,0,6,30,8.0,0.12,0.2,1,1272.141,0,3.875,0,48.333,3.395,1255.9,16.2,,burst,,1.112,,,,,,,2b1aa11d4777,0.6193,0.0238,0
294,cofly,harq_sweep,123,123,1,0,6,30,8.0,0.12,0.2,1,1293.824,0,-1.364,0,48.926,3.428,1277.3,16.5,,independent,,0.875,,,,,,,2b1aa11d4777,0.6612,0.0326,0
295,cofly,harq_sweep,123,123,1,0,6,30,8.0,0.12,0.3,1,929.531,0,86.649,0,38.964,2.864,917.7,11.8,,burst,,3.429,,,,,,,ceaecf70d84f,0.7448,0.0586,0
296,cofly,harq_sweep,123,123,1,0,6,30,8.0,0.12,0.3,1,1290.144,0,-0.475,0,48.826,3.423,1273.7,16.4,,independent,,2.9,,,,,,,ceaecf70d84f,0.6508,0.0276,0
297,cofly,harq_sweep,123,123,1,0,6,30,8.0,0.12,0.4,1,1245.683,0,10.267,0,47.61,3.354,1229.8,15.9,,burst,,6.962,,,,,,,af5e50b4135a,0.6333,0.0515,0
298,cofly,harq_sweep,123,123,1,0,6,30,8.0,0.12,0.4,1,1263.757,0,5.901,0,48.104,3.382,1247.7,16.1,,independent,,6.767,,,,,,,af5e50b4135a,0.6462,0.0293,0
299,cofly,harq_sweep,123,123,1,0,6,30,8.0,0.12,0.5,1,1229.326,0,14.219,0,47.162,3.328,1213.6,15.7,,burst,,12.713,,,,,,,6880e96caa69,0.6431,0.0317,0
300,cofly,harq_sweep,123,123,1,0,6,30,8.0,0.12,0.5,1,1229.378,0,14.206,0,47.164,3.329,1213.7,15.7,,independent,,12.483,,,,,,,6880e96caa69,0.7252,0.0301,0
301,cofly,harq_sweep,124,123,1,1,6,30,8.0,0.12,0.05,1,1302.187,0,-3.384,1,50.065,2.555,1285.6,16.6,,burst,,0.033,,,,,,,334a8a3bc137,0.6359,0.0243,0
302,cofly,harq_sweep,124,123,1,1,6,30,8.0,0.12,0.05,1,1290.096,0,-0.463,1,49.728,2.541,1273.7,16.4,,independent,,0.012,,,,,,,334a8a3bc137,0.727,0.0358,0
303,cofly,harq_sweep,124,123,1,1,6,30,8.0,0.12,0.1,1,1298.912,0,-2.593,1,49.973,2.551,1282.4,16.5,,burst,,0.133,,,,,,,08aafc05b0fc,0.6699,0.0209,0
304,cofly,harq_sweep,124,123,1,1,6,30,8.0,0.12,0.1,1,1300.043,0,-2.866,1,50.005,2.552,1283.4,16.6,,independent,,0.108,,,,,,,08aafc05b0fc,0.6393,0.0321,0
305,cofly,harq_sweep,124,123,1,1,6,30,8.0,0.12,0.2,1,1280.719,0,1.803,1,49.467,2.53,1264.4,16.3,,burst,,1.112,,,,,,,86b1be55b4dd,0.6805,0.0297,0
306,cofly,harq_sweep,124,123,1,1,6,30,8.0,0.12,0.2,1,1285.823,0,0.569,1,49.609,2.536,1269.4,16.4,,independent,,0.875,,,,,,,86b1be55b4dd,0.6933,0.0237,0
307,cofly,harq_sweep,124,123,1,1,6,30,8.0,0.12,0.3,1,910.168,0,91.327,1,39.146,2.104,898.6,11.6,,burst,,3.429,,,,,,,ba254c17b48f,0.6183,0.045,0
308,cofly,harq_sweep,124,123,1,1,6,30,8.0,0.12,0.3,1,1279.85,0,2.012,1,49.442,2.529,1263.6,16.3,,independent,,2.9,,,,,,,ba254c17b48f,0.7167,0.0184,0
309,cofly,harq_sweep,124,123,1,1,6,30,8.0,0.12,0.4,1,1250.292,0,9.154,1,48.619,2.495,1234.4,15.9,,burst,,6.962,,,,,,,8933315c7039,0.6689,0.0175,0
310,cofly,harq_sweep,124,123,1,1,6,30,8.0,0.12,0.4,1,1281.05,0,1.723,1,49.476,2.53,1264.7,16.3,,independent,,6.767,,,,,,,8933315c7039,0.5581,0.0405,0
311,cofly,harq_sweep,124,123,1,1,6,30,8.0,0.12,0.5,1,1248.585,0,9.566,1,48.572,2.493,1232.7,15.9,,burst,,12.713,,,,,,,dcad67598fc4,0.6008,0.0151,0
312,cofly,harq_sweep,124,123,1,1,6,30,8.0,0.12,0.5,1,1231.496,0,13.695,1,48.096,2.473,1215.8,15.7,,independent,,12.483,,,,,,,dcad67598fc4,0.7395,0.0259,0
313,cofly,harq_sweep,125,123,1,2,6,30,8.0,0.12,0.05,1,1282.548,0,1.361,0,44.939,2.596,1266.2,16.3,,burst,,0.033,,,,,,,d204c872adfc,0.6478,0.0269,0
314,cofly,harq_sweep,125,123,1,2,6,30,8.0,0.12,0.05,1,1287.213,0,0.234,0,45.057,2.601,1270.8,16.4,,independent,,0.012,,,,,,,d204c872adfc,0.6494,0.0696,0
315,cofly,harq_sweep,125,123,1,2,6,30,8.0,0.12,0.1,1,1295.553,0,-1.781,0,45.268,2.611,1279.1,16.5,,burst,,0.133,,,,,,,7edb79c8301b,0.7448,0.0353,0
316,cofly,harq_sweep,125,123,1,2,6,30,8.0,0.12,0.1,1,1286.148,0,0.491,0,45.03,2.6,1269.7,16.4,,independent,,0.108,,,,,,,7edb79c8301b,0.667,0.0241,0
317,cofly,harq_sweep,125,123,1,2,6,30,8.0,0.12,0.2,1,1284.145,0,0.975,0,44.98,2.597,1267.7,16.4,,burst,,1.112,,,,,,,2cf2d5bb9fa7,0.6769,0.0256,0
318,cofly,harq_sweep,125,123,1,2,6,30,8.0,0.12,0.2,1,1275.208,0,3.134,0,44.754,2.587,1259.0,16.2,,independent,,0.875,,,,,,,2cf2d5bb9fa7,0.6856,0.0188,0
319,cofly,harq_sweep,125,123,1,2,6,30,8.0,0.12,0.3,1,912.246,0,90.825,0,35.579,2.159,900.6,11.6,,burst,,3.429,,,,,,,3d9200f423b3,0.6616,0.0192,0
320,cofly,harq_sweep,125,123,1,2,6,30,8.0,0.12,0.3,1,1261.34,0,6.485,0,44.403,2.571,1245.2,16.1,,independent,,2.9,,,,,,,3d9200f423b3,0.6851,0.0243,0
321,cofly,harq_sweep,125,123,1,2,6,30,8.0,0.12,0.4,1,1262.13,0,6.294,0,44.423,2.571,1246.0,16.1,,burst,,6.962,,,,,,,e2608a25c8ce,0.704,0.0177,0
322,cofly,harq_sweep,125,123,1,2,6,30,8.0,0.12,0.4,1,1268.035,0,4.867,0,44.572,2.578,1251.8,16.2,,independent,,6.767,,,,,,,e2608a25c8ce,0.6673,0.0196,0
323,cofly,harq_sweep,125,123,1,2,6,30,8.0,0.12,0.5,1,1235.965,0,12.615,0,43.762,2.541,1220.3,15.7,,burst,,12.713,,,,,,,340c679af429,0.7378,0.0388,0
324,cofly,harq_sweep,125,123,1,2,6,30,8.0,0.12,0.5,1,1242.337,0,11.076,0,43.923,2.548,1226.5,15.8,,independent,,12.483,,,,,,,340c679af429,0.6678,0.0194,0
325,cofly,harq_sweep,126,123,1,3,6,30,8.0,0.12,0.05,1,1290.17,0,-0.481,1,48.035,1.971,1273.8,16.4,,burst,,0.033,,,,,,,d2a7f14ccc1c,0.5384,0.0345,0
326,cofly,harq_sweep,126,123,1,3,6,30,8.0,0.12,0.05,1,1290.804,0,-0.634,1,48.052,1.972,1274.4,16.4,,independent,,0.012,,,,,,,d2a7f14ccc1c,0.6728,0.0238,0
327,cofly,harq_sweep,126,123,1,3,6,30,8.0,0.12,0.1,1,1282.501,0,1.372,1,47.829,1.965,1266.2,16.3,,burst,,0.133,,,,,,,18f769979357,0.6467,0.0272,0
328,cofly,harq_sweep,126,123,1,3,6,30,8.0,0.12,0.1,1,1286.936,0,0.3,1,47.948,1.969,1270.5,16.4,,independent,,0.108,,,,,,,18f769979357,0.6367,0.0249,0
329,cofly,harq_sweep,126,123,1,3,6,30,8.0,0.12,0.2,1,1282.911,0,1.273,1,47.84,1.965,1266.6,16.3,,burst,,1.112,,,,,,,948bcf0dd061,0.7103,0.035,0
330,cofly,harq_sweep,126,123,1,3,6,30,8.0,0.12,0.2,1,1272.548,0,3.777,1,47.561,1.956,1256.3,16.2,,independent,,0.875,,,,,,,948bcf0dd061,0.6573,0.0249,0
331,cofly,harq_sweep,126,123,1,3,6,30,8.0,0.12,0.3,1,943.107,0,83.369,1,38.698,1.662,931.1,12.0,,burst,,3.429,,,,,,,10c8b6b5eca0,0.5648,0.027,0
332,cofly,harq_sweep,126,123,1,3,6,30,8.0,0.12,0.3,1,1278.518,0,2.334,1,47.722,1.961,1262.2,16.3,,independent,,2.9,,,,,,,10c8b6b5eca0,0.6382,0.0161,0
333,cofly,harq_sweep,126,123,1,3,6,30,8.0,0.12,0.4,1,1251.005,0,8.981,1,46.982,1.936,1235.1,15.9,,burst,,6.962,,,,,,,c8509a0bbc66,0.6576,0.0334,0
334,cofly,harq_sweep,126,123,1,3,6,30,8.0,0.12,0.4,1,1260.126,0,6.778,1,47.227,1.945,1244.0,16.1,,independent,,6.767,,,,,,,c8509a0bbc66,0.6417,0.0187,0
335,cofly,harq_sweep,126,123,1,3,6,30,8.0,0.12,0.5,1,1248.087,0,9.686,1,46.903,1.934,1232.2,15.9,,burst,,12.713,,,,,,,904668b4d1f6,0.6253,0.0221,0
336,cofly,harq_sweep,126,123,1,3,6,30,8.0,0.12,0.5,1,1249.885,0,9.252,1,46.951,1.935,1234.0,15.9,,independent,,12.483,,,,,,,904668b4d1f6,0.6675,0.0276,0
337,cofly,harq_sweep,256,256,2,0,6,30,8.0,0.12,0.05,1,1287.502,0,0.164,1,44.341,2.343,1271.1,16.4,,burst,,0.033,,,,,,,9a3b141d0bca,0.7854,0.0507,0
338,cofly,harq_sweep,256,256,2,0,6,30,8.0,0.12,0.05,1,1297.291,0,-2.201,1,44.585,2.354,1280.8,16.5,,independent,,0.012,,,,,,,9a3b141d0bca,0.7608,0.021,0
339,cofly,harq_sweep,256,256,2,0,6,30,8.0,0.12,0.1,1,1265.537,0,5.471,1,43.795,2.32,1249.4,16.1,,burst,,0.133,,,,,,,87152b6c3bc2,0.6548,0.0291,0
340,cofly,harq_sweep,256,256,2,0,6,30,8.0,0.12,0.1,1,1278.3,0,2.387,1,44.112,2.334,1262.0,16.3,,independent,,0.108,,,,,,,87152b6c3bc2,0.6025,0.0187,0
341,cofly,harq_sweep,256,256,2,0,6,30,8.0,0.12,0.2,1,1273.536,0,3.538,1,43.994,2.329,1257.3,16.2,,burst,,1.112,,,,,,,0334c8028f9a,0.6336,0.031,0
342,cofly,harq_sweep,256,256,2,0,6,30,8.0,0.12,0.2,1,1289.249,0,-0.258,1,44.385,2.345,1272.8,16.4,,independent,,0.875,,,,,,,0334c8028f9a,0.6215,0.0378,0
343,cofly,harq_sweep,256,256,2,0,6,30,8.0,0.12,0.3,1,899.895,0,93.809,1,34.701,1.932,888.4,11.5,,burst,,3.429,,,,,,,ae357ff98340,0.688,0.0471,0
344,cofly,harq_sweep,256,256,2,0,6,30,8.0,0.12,0.3,1,1286.86,0,0.319,1,44.325,2.343,1270.5,16.4,,independent,,2.9,,,,,,,ae357ff98340,0.6322,0.0314,0
345,cofly,harq_sweep,256,256,2,0,6,30,8.0,0.12,0.4,1,1270.321,0,4.315,1,43.914,2.325,1254.1,16.2,,burst,,6.962,,,,,,,1fb2618b5670,0.6468,0.0498,0
346,cofly,harq_sweep,256,256,2,0,6,30,8.0,0.12,0.4,1,1270.626,0,4.241,1,43.922,2.325,1254.4,16.2,,independent,,6.767,,,,,,,1fb2618b5670,0.6279,0.0315,0
347,cofly,harq_sweep,256,256,2,0,6,30,8.0,0.12,0.5,1,1229.791,0,14.107,1,42.906,2.282,1214.1,15.7,,burst,,12.713,,,,,,,49538f012d14,0.761,0.0291,0
348,cofly,harq_sweep,256,256,2,0,6,30,8.0,0.12,0.5,1,1243.172,0,10.874,1,43.239,2.296,1227.4,15.8,,independent,,12.483,,,,,,,49538f012d14,0.7312,0.0278,0
349,cofly,harq_sweep,257,256,2,1,6,30,8.0,0.12,0.05,1,1292.348,1,-1.007,1,45.354,2.026,1275.8,16.5,,burst,,0.033,,,,,,,2140ad093773,0.6244,0.0279,0
350,cofly,harq_sweep,257,256,2,1,6,30,8.0,0.12,0.05,1,1280.99,1,1.737,1,45.066,2.016,1264.7,16.3,,independent,,0.012,,,,,,,2140ad093773,0.6678,0.0183,0
351,cofly,harq_sweep,257,256,2,1,6,30,8.0,0.12,0.1,1,1277.739,1,2.523,1,44.983,2.013,1261.4,16.3,,burst,,0.133,,,,,,,145eb36669e7,0.598,0.0283,0
352,cofly,harq_sweep,257,256,2,1,6,30,8.0,0.12,0.1,1,1288.789,1,-0.147,1,45.263,2.023,1272.4,16.4,,independent,,0.108,,,,,,,145eb36669e7,0.665,0.0211,0
353,cofly,harq_sweep,257,256,2,1,6,30,8.0,0.12,0.2,1,1271.838,1,3.948,1,44.833,2.007,1255.6,16.2,,burst,,1.112,,,,,,,01fa8fc884a0,0.6755,0.0258,0
354,cofly,harq_sweep,257,256,2,1,6,30,8.0,0.12,0.2,1,1272.999,1,3.668,1,44.863,2.009,1256.8,16.2,,independent,,0.875,,,,,,,01fa8fc884a0,0.6953,0.0171,0
355,cofly,harq_sweep,257,256,2,1,6,30,8.0,0.12,0.3,1,921.211,1,88.659,1,35.938,1.686,909.5,11.7,,burst,,3.429,,,,,,,0f1df5744516,0.5636,0.0301,0
356,cofly,harq_sweep,257,256,2,1,6,30,8.0,0.12,0.3,1,1280.202,1,1.927,1,45.046,2.015,1263.9,16.3,,independent,,2.9,,,,,,,0f1df5744516,0.5632,0.0255,0
357,cofly,harq_sweep,257,256,2,1,6,30,8.0,0.12,0.4,1,1255.514,1,7.892,1,44.419,1.993,1239.5,16.0,,burst,,6.962,,,,,,,c545ca4f4475,0.5361,0.0831,0
358,cofly,harq_sweep,257,256,2,1,6,30,8.0,0.12,0.4,1,1254.616,1,8.109,1,44.396,1.992,1238.6,16.0,,independent,,6.767,,,,,,,c545ca4f4475,0.5772,0.0252,0
359,cofly,harq_sweep,257,256,2,1,6,30,8.0,0.12,0.5,1,1250.181,1,9.181,1,44.284,1.988,1234.3,15.9,,burst,,12.713,,,,,,,61f1e613b245,0.6271,0.0303,0
360,cofly,harq_sweep,257,256,2,1,6,30,8.0,0.12,0.5,1,1222.717,1,15.816,1,43.587,1.962,1207.1,15.6,,independent,,12.483,,,,,,,61f1e613b245,0.7033,0.0226,0
361,cofly,harq_sweep,258,256,2,2,6,30,8.0,0.12,0.05,1,1299.147,0,-2.65,1,47.356,2.224,1282.5,16.6,,burst,,0.033,,,,,,,49b3611e2397,0.6728,0.0467,0
362,cofly,harq_sweep,258,256,2,2,6,30,8.0,0.12,0.05,1,1287.186,0,0.24,1,47.04,2.212,1270.8,16.4,,independent,,0.012,,,,,,,49b3611e2397,0.6349,0.0164,0
363,cofly,harq_sweep,258,256,2,2,6,30,8.0,0.12,0.1,1,1293.789,0,-1.355,1,47.215,2.219,1277.3,16.5,,burst,,0.133,,,,,,,94ed12ef2939,0.6328,0.0201,0
364,cofly,harq_sweep,258,256,2,2,6,30,8.0,0.12,0.1,1,1281.014,0,1.731,1,46.878,2.206,1264.7,16.3,,independent,,0.108,,,,,,,94ed12ef2939,0.6335,0.0251,0
365,cofly,harq_sweep,258,256,2,2,6,30,8.0,0.12,0.2,1,1287.011,0,0.282,1,47.036,2.212,1270.6,16.4,,burst,,1.112,,,,,,,ed3c660878a1,0.6301,0.0487,0
366,cofly,harq_sweep,258,256,2,2,6,30,8.0,0.12,0.2,1,1292.198,0,-0.971,1,47.173,2.217,1275.7,16.5,,independent,,0.875,,,,,,,ed3c660878a1,0.561,0.0289,0
367,cofly,harq_sweep,258,256,2,2,6,30,8.0,0.12,0.3,1,929.734,0,86.6,1,37.607,1.854,917.9,11.8,,burst,,3.429,,,,,,,856ced920b80,0.6105,0.0314,0
368,cofly,harq_sweep,258,256,2,2,6,30,8.0,0.12,0.3,1,1265.926,0,5.376,1,46.479,2.191,1249.8,16.1,,independent,,2.9,,,,,,,856ced920b80,0.535,0.0193,0
369,cofly,harq_sweep,258,256,2,2,6,30,8.0,0.12,0.4,1,1261.517,0,6.442,1,46.363,2.187,1245.4,16.1,,burst,,6.962,,,,,,,2f0ba4eb27d3,0.7026,0.0343,0
370,cofly,harq_sweep,258,256,2,2,6,30,8.0,0.12,0.4,1,1255.566,0,7.88,1,46.206,2.181,1239.6,16.0,,independent,,6.767,,,,,,,2f0ba4eb27d3,0.6654,0.0298,0
371,cofly,harq_sweep,258,256,2,2,6,30,8.0,0.12,0.5,1,1246.161,0,10.152,1,45.958,2.171,1230.3,15.9,,burst,,12.713,,,,,,,56f7a117098b,0.6543,0.0212,0
372,cofly,harq_sweep,258,256,2,2,6,30,8.0,0.12,0.5,1,1224.867,0,15.296,1,45.396,2.15,1209.3,15.6,,independent,,12.483,,,,,,,56f7a117098b,0.753,0.0226,0
373,cofly,harq_sweep,259,256,2,3,6,30,8.0,0.12,0.05,1,1291.776,1,-0.869,0,45.92,2.358,1275.3,16.5,,burst,,0.033,,,,,,,420fffd16ed9,0.6109,0.0145,0
374,cofly,harq_sweep,259,256,2,3,6,30,8.0,0.12,0.05,1,1307.216,1,-4.599,0,46.317,2.374,1290.5,16.7,,independent,,0.012,,,,,,,420fffd16ed9,0.5787,0.0231,0
375,cofly,harq_sweep,259,256,2,3,6,30,8.0,0.12,0.1,1,1280.479,1,1.861,0,45.63,2.346,1264.2,16.3,,burst,,0.133,,,,,,,5511f9c15734,0.653,0.0517,0
376,cofly,harq_sweep,259,256,2,3,6,30,8.0,0.12,0.1,1,1294.296,1,-1.478,0,45.985,2.36,1277.8,16.5,,independent,,0.108,,,,,,,5511f9c15734,0.5859,0.03,0
377,cofly,harq_sweep,259,256,2,3,6,30,8.0,0.12,0.2,1,1291.766,1,-0.866,0,45.92,2.358,1275.3,16.5,,burst,,1.112,,,,,,,dc50d06977ce,0.7647,0.0253,0
378,cofly,harq_sweep,259,256,2,3,6,30,8.0,0.12,0.2,1,1298.637,1,-2.527,0,46.096,2.365,1282.1,16.5,,independent,,0.875,,,,,,,dc50d06977ce,0.6656,0.0204,0
379,cofly,harq_sweep,259,256,2,3,6,30,8.0,0.12,0.3,1,913.488,1,90.525,0,36.2,1.954,901.9,11.6,,burst,,3.429,,,,,,,c0cfc53e0ce8,0.6278,0.023,0
380,cofly,harq_sweep,259,256,2,3,6,30,8.0,0.12,0.3,1,1266.798,1,5.166,0,45.278,2.331,1250.7,16.1,,independent,,2.9,,,,,,,c0cfc53e0ce8,0.6349,0.0238,0
381,cofly,harq_sweep,259,256,2,3,6,30,8.0,0.12,0.4,1,1256.818,1,7.577,0,45.022,2.32,1240.8,16.0,,burst,,6.962,,,,,,,b758f13ed50e,0.6952,0.0239,0
382,cofly,harq_sweep,259,256,2,3,6,30,8.0,0.12,0.4,1,1259.113,1,7.023,0,45.081,2.323,1243.1,16.0,,independent,,6.767,,,,,,,b758f13ed50e,0.6612,0.0173,0
383,cofly,harq_sweep,259,256,2,3,6,30,8.0,0.12,0.5,1,1237.591,1,12.222,0,44.528,2.3,1221.8,15.8,,burst,,12.713,,,,,,,2420b96ef91e,0.6176,0.0221,0
384,cofly,harq_sweep,259,256,2,3,6,30,8.0,0.12,0.5,1,1233.527,1,13.204,0,44.423,2.295,1217.8,15.7,,independent,,12.483,,,,,,,2420b96ef91e,0.6848,0.0484,0
385,cofly,harq_sweep,512,512,3,0,6,30,8.0,0.12,0.05,1,1304.366,0,-3.911,0,50.453,2.192,1287.8,16.6,,burst,,0.033,,,,,,,3075f6a85cd8,0.5995,0.0337,0
386,cofly,harq_sweep,512,512,3,0,6,30,8.0,0.12,0.05,1,1283.133,0,1.219,0,49.858,2.171,1266.8,16.3,,independent,,0.012,,,,,,,3075f6a85cd8,0.6341,0.0522,0
387,cofly,harq_sweep,512,512,3,0,6,30,8.0,0.12,0.1,1,1285.015,0,0.765,0,49.911,2.173,1268.6,16.4,,burst,,0.133,,,,,,,940c6091e467,0.6436,0.031,0
388,cofly,harq_sweep,512,512,3,0,6,30,8.0,0.12,0.1,1,1298.541,0,-2.503,0,50.29,2.186,1282.0,16.5,,independent,,0.108,,,,,,,940c6091e467,0.66,0.0182,0
389,cofly,harq_sweep,512,512,3,0,6,30,8.0,0.12,0.2,1,1275.424,0,3.082,0,49.642,2.164,1259.2,16.2,,burst,,1.112,,,,,,,8646fc9bb1c3,0.6109,0.0187,0
390,cofly,harq_sweep,512,512,3,0,6,30,8.0,0.12,0.2,1,1293.659,0,-1.324,0,50.153,2.181,1277.2,16.5,,independent,,0.875,,,,,,,8646fc9bb1c3,0.6009,0.0233,0
391,cofly,harq_sweep,512,512,3,0,6,30,8.0,0.12,0.3,1,920.901,0,88.734,0,39.703,1.814,909.2,11.7,,burst,,3.429,,,,,,,ffba9c08c038,0.6871,0.0267,0
392,cofly,harq_sweep,512,512,3,0,6,30,8.0,0.12,0.3,1,1272.495,0,3.79,0,49.56,2.161,1256.3,16.2,,independent,,2.9,,,,,,,ffba9c08c038,0.6199,0.0206,0
393,cofly,harq_sweep,512,512,3,0,6,30,8.0,0.12,0.4,1,1259.489,0,6.932,0,49.195,2.148,1243.5,16.0,,burst,,6.962,,,,,,,52966f05b774,0.6828,0.0281,0
394,cofly,harq_sweep,512,512,3,0,6,30,8.0,0.12,0.4,1,1261.758,0,6.384,0,49.259,2.15,1245.7,16.1,,independent,,6.767,,,,,,,52966f05b774,0.6813,0.0311,0
395,cofly,harq_sweep,512,512,3,0,6,30,8.0,0.12,0.5,1,1245.405,0,10.334,0,48.8,2.134,1229.5,15.9,,burst,,12.713,,,,,,,acca11e45f8a,0.6255,0.0221,0
396,cofly,harq_sweep,512,512,3,0,6,30,8.0,0.12,0.5,1,1235.953,0,12.618,0,48.535,2.125,1220.3,15.7,,independent,,12.483,,,,,,,acca11e45f8a,0.7361,0.0304,0
397,cofly,harq_sweep,513,512,3,1,6,30,8.0,0.12,0.05,1,1306.612,0,-4.453,0,48.392,2.407,1290.0,16.6,,burst,,0.033,,,,,,,341aa0868831,0.7032,0.0366,0
398,cofly,harq_sweep,513,512,3,1,6,30,8.0,0.12,0.05,1,1271.508,0,4.028,0,47.45,2.369,1255.3,16.2,,independent,,0.012,,,,,,,341aa0868831,0.5788,0.0268,0
399,cofly,harq_sweep,513,512,3,1,6,30,8.0,0.12,0.1,1,1278.094,0,2.437,0,47.626,2.376,1261.8,16.3,,burst,,0.133,,,,,,,6af2895743b1,0.7015,0.0243,0
400,cofly,harq_sweep,513,512,3,1,6,30,8.0,0.12,0.1,1,1282.399,0,1.397,0,47.742,2.381,1266.1,16.3,,independent,,0.108,,,,,,,6af2895743b1,0.6641,0.0559,0
401,cofly,harq_sweep,513,512,3,1,6,30,8.0,0.12,0.2,1,1295.399,0,-1.744,0,48.091,2.395,1278.9,16.5,,burst,,1.112,,,,,,,3ea09138c787,0.5597,0.0235,0
402,cofly,harq_sweep,513,512,3,1,6,30,8.0,0.12,0.2,1,1294.221,0,-1.459,0,48.059,2.394,1277.7,16.5,,independent,,0.875,,,,,,,3ea09138c787,0.6815,0.0216,0
403,cofly,harq_sweep,513,512,3,1,6,30,8.0,0.12,0.3,1,926.94,0,87.275,0,38.196,1.997,915.1,11.8,,burst,,3.429,,,,,,,7171b5fd855c,0.5189,0.0156,0
404,cofly,harq_sweep,513,512,3,1,6,30,8.0,0.12,0.3,1,1269.996,0,4.393,0,47.409,2.368,1253.8,16.2,,independent,,2.9,,,,,,,7171b5fd855c,0.628,0.0208,0
405,cofly,harq_sweep,513,512,3,1,6,30,8.0,0.12,0.4,1,1244.292,0,10.603,0,46.719,2.34,1228.4,15.9,,burst,,6.962,,,,,,,8c8ab6240224,0.6181,0.0176,0
406,cofly,harq_sweep,513,512,3,1,6,30,8.0,0.12,0.4,1,1244.57,0,10.536,0,46.726,2.34,1228.7,15.9,,independent,,6.767,,,,,,,8c8ab6240224,0.5771,0.0246,0
407,cofly,harq_sweep,513,512,3,1,6,30,8.0,0.12,0.5,1,1230.07,0,14.039,0,46.337,2.325,1214.4,15.7,,burst,,12.713,,,,,,,10bf2e210996,0.5588,0.0219,0
408,cofly,harq_sweep,513,512,3,1,6,30,8.0,0.12,0.5,1,1246.92,0,9.968,0,46.789,2.343,1231.0,15.9,,independent,,12.483,,,,,,,10bf2e210996,0.5764,0.0187,0
409,cofly,harq_sweep,514,512,3,2,6,30,8.0,0.12,0.05,1,1285.609,0,0.621,0,48.001,2.455,1269.2,16.4,,burst,,0.033,,,,,,,e5a81f4aec2b,0.6341,0.0253,0
410,cofly,harq_sweep,514,512,3,2,6,30,8.0,0.12,0.05,1,1276.767,0,2.757,0,47.762,2.445,1260.5,16.3,,independent,,0.012,,,,,,,e5a81f4aec2b,0.7057,0.0266,0
411,cofly,harq_sweep,514,512,3,2,6,30,8.0,0.12,0.1,1,1294.512,0,-1.53,0,48.241,2.465,1278.0,16.5,,burst,,0.133,,,,,,,3c01b77f5d09,0.6173,0.0693,0
412,cofly,harq_sweep,514,512,3,2,6,30,8.0,0.12,0.1,1,1302.017,0,-3.343,0,48.443,2.474,1285.4,16.6,,independent,,0.108,,,,,,,3c01b77f5d09,0.5636,0.0699,0
413,cofly,harq_sweep,514,512,3,2,6,30,8.0,0.12,0.2,1,1277.464,0,2.589,0,47.781,2.446,1261.2,16.3,,burst,,1.112,,,,,,,c3f804bbd4b4,0.6314,0.0308,0
414,cofly,harq_sweep,514,512,3,2,6,30,8.0,0.12,0.2,1,1280.446,0,1.868,0,47.861,2.45,1264.1,16.3,,independent,,0.875,,,,,,,c3f804bbd4b4,0.7797,0.0144,0
415,cofly,harq_sweep,514,512,3,2,6,30,8.0,0.12,0.3,1,914.481,0,90.285,0,37.997,2.042,902.8,11.7,,burst,,3.429,,,,,,,99744bd5356f,0.5583,0.0289,0
416,cofly,harq_sweep,514,512,3,2,6,30,8.0,0.12,0.3,1,1265.224,0,5.546,0,47.451,2.433,1249.1,16.1,,independent,,2.9,,,,,,,99744bd5356f,0.7303,0.0165,0
417,cofly,harq_sweep,514,512,3,2,6,30,8.0,0.12,0.4,1,1262.574,0,6.186,0,47.38,2.43,1246.5,16.1,,burst,,6.962,,,,,,,6dff825c6ffa,0.6724,0.0421,0
418,cofly,harq_sweep,514,512,3,2,6,30,8.0,0.12,0.4,1,1254.817,0,8.06,0,47.171,2.421,1238.8,16.0,,independent,,6.767,,,,,,,6dff825c6ffa,0.7566,0.0387,0
419,cofly,harq_sweep,514,512,3,2,6,30,8.0,0.12,0.5,1,1239.733,0,11.705,0,46.764,2.404,1223.9,15.8,,burst,,12.713,,,,,,,f2615096966e,0.6027,0.0152,0
420,cofly,harq_sweep,514,512,3,2,6,30,8.0,0.12,0.5,1,1242.465,0,11.045,0,46.838,2.407,1226.7,15.8,,independent,,12.483,,,,,,,f2615096966e,0.7068,0.0202,0
421,cofly,harq_sweep,515,512,3,3,6,30,8.0,0.12,0.05,1,1279.598,0,2.073,0,48.417,2.116,1263.3,16.3,,burst,,0.033,,,,,,,a5ba3cafa07c,0.7058,0.0239,0
422,cofly,harq_sweep,515,512,3,3,6,30,8.0,0.12,0.05,1,1287.823,0,0.086,0,48.641,2.124,1271.4,16.4,,independent,,0.012,,,,,,,a5ba3cafa07c,0.6264,0.0381,0
423,cofly,harq_sweep,515,512,3,3,6,30,8.0,0.12,0.1,1,1293.146,0,-1.2,0,48.786,2.129,1276.6,16.5,,burst,,0.133,,,,,,,4918afca8371,0.6673,0.0306,0
424,cofly,harq_sweep,515,512,3,3,6,30,8.0,0.12,0.1,1,1292.775,0,-1.11,0,48.776,2.129,1276.3,16.5,,independent,,0.108,,,,,,,4918afca8371,0.7209,0.026,0
425,cofly,harq_sweep,515,512,3,3,6,30,8.0,0.12,0.2,1,1287.297,0,0.213,0,48.627,2.124,1270.9,16.4,,burst,,1.112,,,,,,,12ba5f187eef,0.6293,0.0324,0
426,cofly,harq_sweep,515,512,3,3,6,30,8.0,0.12,0.2,1,1282.496,0,1.373,0,48.496,2.119,1266.2,16.3,,independent,,0.875,,,,,,,12ba5f187eef,0.7044,0.0168,0
427,cofly,harq_sweep,515,512,3,3,6,30,8.0,0.12,0.3,1,922.019,0,88.464,0,38.662,1.772,910.3,11.7,,burst,,3.429,,,,,,,2f0389ea43b0,0.6102,0.0282,0
428,cofly,harq_sweep,515,512,3,3,6,30,8.0,0.12,0.3,1,1268.925,0,4.652,0,48.126,2.106,1252.7,16.2,,independent,,2.9,,,,,,,2f0389ea43b0,0.6331,0.0481,0
429,cofly,harq_sweep,515,512,3,3,6,30,8.0,0.12,0.4,1,1275.636,0,3.031,0,48.309,2.112,1259.3,16.3,,burst,,6.962,,,,,,,7066be23f416,0.6708,0.0249,0
430,cofly,harq_sweep,515,512,3,3,6,30,8.0,0.12,0.4,1,1251.748,0,8.802,0,47.657,2.089,1235.8,15.9,,independent,,6.767,,,,,,,7066be23f416,0.6741,0.0283,0
431,cofly,harq_sweep,515,512,3,3,6,30,8.0,0.12,0.5,1,1234.47,0,12.976,0,47.186,2.073,1218.8,15.7,,burst,,12.713,,,,,,,21e3f6330006,0.6307,0.0343,0
432,cofly,harq_sweep,515,512,3,3,6,30,8.0,0.12,0.5,1,1239.112,0,11.855,0,47.312,2.077,1223.3,15.8,,independent,,12.483,,,,,,,21e3f6330006,0.5625,0.0166,0
433,cofly,harq_sweep,1024,1024,4,0,6,30,8.0,0.12,0.05,1,1276.049,0,2.931,0,46.083,2.459,1259.7,16.3,,burst,,0.033,,,,,,,69216e12561f,0.6153,0.0363,0
434,cofly,harq_sweep,1024,1024,4,0,6,30,8.0,0.12,0.05,1,1295.996,0,-1.888,0,46.602,2.481,1279.5,16.5,,independent,,0.012,,,,,,,69216e12561f,0.5468,0.0227,0
435,cofly,harq_sweep,1024,1024,4,0,6,30,8.0,0.12,0.1,1,1294.813,0,-1.603,0,46.571,2.48,1278.3,16.5,,burst,,0.133,,,,,,,e6fa0d6f966b,0.646,0.0204,0
436,cofly,harq_sweep,1024,1024,4,0,6,30,8.0,0.12,0.1,1,1265.215,0,5.548,0,45.801,2.447,1249.1,16.1,,independent,,0.108,,,,,,,e6fa0d6f966b,0.7107,0.0324,0
437,cofly,harq_sweep,1024,1024,4,0,6,30,8.0,0.12,0.2,1,1277.176,0,2.658,0,46.112,2.46,1260.9,16.3,,burst,,1.112,,,,,,,f273a14651b6,0.6844,0.0153,0
438,cofly,harq_sweep,1024,1024,4,0,6,30,8.0,0.12,0.2,1,1269.822,0,4.435,0,45.921,2.452,1253.6,16.2,,independent,,0.875,,,,,,,f273a14651b6,0.657,0.0216,0
439,cofly,harq_sweep,1024,1024,4,0,6,30,8.0,0.12,0.3,1,929.254,0,86.716,0,37.061,2.071,917.5,11.8,,burst,,3.429,,,,,,,921b8aa606c8,0.6313,0.0254,0
440,cofly,harq_sweep,1024,1024,4,0,6,30,8.0,0.12,0.3,1,1272.741,0,3.73,0,45.997,2.455,1256.5,16.2,,independent,,2.9,,,,,,,921b8aa606c8,0.597,0.0242,0
441,cofly,harq_sweep,1024,1024,4,0,6,30,8.0,0.12,0.4,1,1254.494,0,8.138,0,45.522,2.435,1238.5,16.0,,burst,,6.962,,,,,,,4252d213efe2,0.6644,0.0211,0
442,cofly,harq_sweep,1024,1024,4,0,6,30,8.0,0.12,0.4,1,1264.591,0,5.699,0,45.785,2.446,1248.5,16.1,,independent,,6.767,,,,,,,4252d213efe2,0.634,0.0307,0
443,cofly,harq_sweep,1024,1024,4,0,6,30,8.0,0.12,0.5,1,1237.602,0,12.22,0,45.083,2.416,1221.8,15.8,,burst,,12.713,,,,,,,2793c0acc62d,0.6697,0.0234,0
444,cofly,harq_sweep,1024,1024,4,0,6,30,8.0,0.12,0.5,1,1253.34,0,8.417,0,45.492,2.434,1237.3,16.0,,independent,,12.483,,,,,,,2793c0acc62d,0.5915,0.0325,0
445,cofly,harq_sweep,1025,1024,4,1,6,30,8.0,0.12,0.05,1,1278.793,0,2.268,0,42.904,1.711,1262.5,16.3,,burst,,0.033,,,,,,,1292fbc71776,0.6243,0.0303,0
446,cofly,harq_sweep,1025,1024,4,1,6,30,8.0,0.12,0.05,1,1300.788,0,-3.046,0,43.436,1.729,1284.2,16.6,,independent,,0.012,,,,,,,1292fbc71776,0.6959,0.0284,0
447,cofly,harq_sweep,1025,1024,4,1,6,30,8.0,0.12,0.1,1,1280.365,0,1.888,0,42.942,1.713,1264.1,16.3,,burst,,0.133,,,,,,,867c4ab07d17,0.6951,0.0178,0
448,cofly,harq_sweep,1025,1024,4,1,6,30,8.0,0.12,0.1,1,1302.826,0,-3.539,0,43.485,1.73,1286.2,16.6,,independent,,0.108,,,,,,,867c4ab07d17,0.6358,0.0284,0
449,cofly,harq_sweep,1025,1024,4,1,6,30,8.0,0.12,0.2,1,1289.325,0,-0.277,0,43.158,1.72,1272.9,16.4,,burst,,1.112,,,,,,,a92ca80ba9be,0.5525,0.0296,0
450,cofly,harq_sweep,1025,1024,4,1,6,30,8.0,0.12,0.2,1,1289.991,0,-0.438,0,43.174,1.72,1273.6,16.4,,independent,,0.875,,,,,,,a92ca80ba9be,0.8067,0.0258,0
451,cofly,harq_sweep,1025,1024,4,1,6,30,8.0,0.12,0.3,1,919.605,0,89.047,0,34.217,1.432,907.9,11.7,,burst,,3.429,,,,,,,d2245c2841f2,0.6199,0.0195,0
452,cofly,harq_sweep,1025,1024,4,1,6,30,8.0,0.12,0.3,1,1285.501,0,0.647,0,43.066,1.717,1269.1,16.4,,independent,,2.9,,,,,,,d2245c2841f2,0.664,0.0149,0
453,cofly,harq_sweep,1025,1024,4,1,6,30,8.0,0.12,0.4,1,1255.954,0,7.786,0,42.351,1.694,1240.0,16.0,,burst,,6.962,,,,,,,df1d29d1d6b3,0.6232,0.018,0
454,cofly,harq_sweep,1025,1024,4,1,6,30,8.0,0.12,0.4,1,1251.248,0,8.923,0,42.237,1.69,1235.3,15.9,,independent,,6.767,,,,,,,df1d29d1d6b3,0.6524,0.0398,0
455,cofly,harq_sweep,1025,1024,4,1,6,30,8.0,0.12,0.5,1,1221.21,0,16.18,0,41.511,1.667,1205.6,15.6,,burst,,12.713,,,,,,,b37de3b5f51d,0.5228,0.0228,0
456,cofly,harq_sweep,1025,1024,4,1,6,30,8.0,0.12,0.5,1,1226.009,0,15.02,0,41.627,1.67,1210.4,15.6,,independent,,12.483,,,,,,,b37de3b5f51d,0.7354,0.034,0
457,cofly,harq_sweep,1026,1024,4,2,6,30,8.0,0.12,0.05,1,1282.71,0,1.322,0,48.105,2.426,1266.4,16.3,,burst,,0.033,,,,,,,ce83d73d1ad5,0.596,0.0207,0
458,cofly,harq_sweep,1026,1024,4,2,6,30,8.0,0.12,0.05,1,1294.427,0,-1.509,0,48.422,2.439,1277.9,16.5,,independent,,0.012,,,,,,,ce83d73d1ad5,0.7661,0.0212,0
459,cofly,harq_sweep,1026,1024,4,2,6,30,8.0,0.12,0.1,1,1282.199,0,1.445,0,48.091,2.425,1265.9,16.3,,burst,,0.133,,,,,,,9d5516bd350f,0.6927,0.0297,0
460,cofly,harq_sweep,1026,1024,4,2,6,30,8.0,0.12,0.1,1,1281.097,0,1.711,0,48.061,2.424,1264.8,16.3,,independent,,0.108,,,,,,,9d5516bd350f,0.6777,0.0215,0
461,cofly,harq_sweep,1026,1024,4,2,6,30,8.0,0.12,0.2,1,1274.264,0,3.362,0,47.876,2.416,1258.1,16.2,,burst,,1.112,,,,,,,3a8980ad7898,0.6909,0.0175,0
462,cofly,harq_sweep,1026,1024,4,2,6,30,8.0,0.12,0.2,1,1292.889,0,-1.138,0,48.38,2.437,1276.4,16.5,,independent,,0.875,,,,,,,3a8980ad7898,0.6815,0.021,0
463,cofly,harq_sweep,1026,1024,4,2,6,30,8.0,0.12,0.3,1,913.765,0,90.458,0,38.123,2.019,902.2,11.6,,burst,,3.429,,,,,,,11038e8703b9,0.5484,0.0322,0
464,cofly,harq_sweep,1026,1024,4,2,6,30,8.0,0.12,0.3,1,1280.583,0,1.835,0,48.047,2.423,1264.3,16.3,,independent,,2.9,,,,,,,11038e8703b9,0.6584,0.0201,0
465,cofly,harq_sweep,1026,1024,4,2,6,30,8.0,0.12,0.4,1,1256.063,0,7.759,0,47.384,2.396,1240.1,16.0,,burst,,6.962,,,,,,,91227689019d,0.5972,0.0257,0
466,cofly,harq_sweep,1026,1024,4,2,6,30,8.0,0.12,0.4,1,1250.706,0,9.054,0,47.239,2.39,1234.8,15.9,,independent,,6.767,,,,,,,91227689019d,0.6912,0.0463,0
467,cofly,harq_sweep,1026,1024,4,2,6,30,8.0,0.12,0.5,1,1229.538,0,14.168,0,46.666,2.367,1213.8,15.7,,burst,,12.713,,,,,,,4a135f07143b,0.6308,0.0358,0
468,cofly,harq_sweep,1026,1024,4,2,6,30,8.0,0.12,0.5,1,1238.667,0,11.962,0,46.913,2.377,1222.9,15.8,,independent,,12.483,,,,,,,4a135f07143b,0.6139,0.0531,0
469,cofly,harq_sweep,1027,1024,4,3,6,30,8.0,0.12,0.05,1,1288.802,1,-0.15,0,47.084,3.03,1272.4,16.4,,burst,,0.033,,,,,,,5b9cf4edf8c0,0.7043,0.0252,0
470,cofly,harq_sweep,1027,1024,4,3,6,30,8.0,0.12,0.05,1,1269.844,1,4.43,0,46.584,3.004,1253.6,16.2,,independent,,0.012,,,,,,,5b9cf4edf8c0,0.6824,0.0242,0
471,cofly,harq_sweep,1027,1024,4,3,6,30,8.0,0.12,0.1,1,1285.199,1,0.72,0,46.989,3.025,1268.8,16.4,,burst,,0.133,,,,,,,bf13e93e1548,0.6634,0.0452,0
472,cofly,harq_sweep,1027,1024,4,3,6,30,8.0,0.12,0.1,1,1286.64,1,0.372,0,47.027,3.027,1270.2,16.4,,independent,,0.108,,,,,,,bf13e93e1548,0.6765,0.0236,0
473,cofly,harq_sweep,1027,1024,4,3,6,30,8.0,0.12,0.2,1,1280.309,1,1.902,0,46.86,3.019,1264.0,16.3,,burst,,1.112,,,,,,,9cdc327a3173,0.6383,0.0505,0
474,cofly,harq_sweep,1027,1024,4,3,6,30,8.0,0.12,0.2,1,1275.285,1,3.115,0,46.728,3.012,1259.1,16.2,,independent,,0.875,,,,,,,9cdc327a3173,0.5875,0.0214,0
475,cofly,harq_sweep,1027,1024,4,3,6,30,8.0,0.12,0.3,1,918.004,1,89.434,0,37.298,2.522,906.3,11.7,,burst,,3.429,,,,,,,e4fd57fca043,0.5711,0.0237,0
476,cofly,harq_sweep,1027,1024,4,3,6,30,8.0,0.12,0.3,1,1283.523,1,1.125,0,46.945,3.023,1267.1,16.4,,independent,,2.9,,,,,,,e4fd57fca043,0.66,0.0179,0
477,cofly,harq_sweep,1027,1024,4,3,6,30,8.0,0.12,0.4,1,1256.748,1,7.594,0,46.238,2.986,1240.7,16.0,,burst,,6.962,,,,,,,e59ebecc39f2,0.5812,0.0277,0
478,cofly,harq_sweep,1027,1024,4,3,6,30,8.0,0.12,0.4,1,1254.989,1,8.019,0,46.192,2.984,1239.0,16.0,,independent,,6.767,,,,,,,e59ebecc39f2,0.7053,0.0144,0
479,cofly,harq_sweep,1027,1024,4,3,6,30,8.0,0.12,0.5,1,1218.091,1,16.933,0,45.218,2.933,1202.6,15.5,,burst,,12.713,,,,,,,ecb88d6abaac,0.5382,0.0309,0
480,cofly,harq_sweep,1027,1024,4,3,6,30,8.0,0.12,0.5,1,1222.941,1,15.762,0,45.346,2.94,1207.3,15.6,,independent,,12.483,,,,,,,ecb88d6abaac,0.6091,0.017,0
481,cofly,hil_confirm,42,42,0,0,3,12,8.0,0.12,0.3,1,891.329,0,91.281,0,36.614,2.027,879.9,11.4,,,,,,,,,,hil_mocap,7bd31fbc7527,0.6699,0.0185,0
482,cofly,hil_confirm,43,42,0,1,3,12,8.0,0.12,0.3,1,899.546,0,90.053,0,39.103,1.423,888.0,11.5,,,,,,,,,,hil_mocap,861f5d949eec,0.6535,0.0216,0
483,cofly,hil_confirm,44,42,0,2,3,12,8.0,0.12,0.3,1,1015.073,1,86.516,1,39.042,2.066,1002.2,12.9,,,,,,,,,,hil_mocap,4625670e3a5d,0.6552,0.0196,0
484,cofly,hil_confirm,45,42,0,3,3,12,8.0,0.12,0.3,1,1045.687,1,89.282,0,41.987,2.84,1032.4,13.3,,,,,,,,,,hil_mocap,ef2e2c7c0684,0.5974,0.0224,0
485,cofly,hil_confirm,123,123,1,0,3,12,8.0,0.12,0.3,1,880.773,0,86.805,0,37.631,2.789,869.6,11.2,,,,,,,,,,hil_mocap,3a94a4a82731,0.6422,0.02,0
486,cofly,hil_confirm,124,123,1,1,3,12,8.0,0.12,0.3,1,929.316,0,91.289,1,39.679,2.126,917.5,11.8,,,,,,,,,,hil_mocap,5fb5b43682b7,0.5248,0.0208,0
487,cofly,hil_confirm,125,123,1,2,3,12,8.0,0.12,0.3,1,827.046,0,91.196,0,33.425,2.059,816.5,10.5,,,,,,,,,,hil_mocap,e9cbd51fbe59,0.6974,0.0223,0
488,cofly,hil_confirm,126,123,1,3,3,12,8.0,0.12,0.3,1,991.042,0,83.084,1,39.988,1.705,978.4,12.6,,,,,,,,,,hil_mocap,6a49f2e54159,0.6881,0.0167,0
489,cofly,hil_confirm,256,256,2,0,3,12,8.0,0.12,0.3,1,995.766,0,93.505,1,37.085,2.034,983.1,12.7,,,,,,,,,,hil_mocap,a8c1ffbe6fb7,0.5994,0.0223,0
490,cofly,hil_confirm,257,256,2,1,3,12,8.0,0.12,0.3,1,1044.097,1,88.162,1,39.055,1.799,1030.8,13.3,,,,,,,,,,hil_mocap,2af270da1747,0.6107,0.0206,0
491,cofly,hil_confirm,258,256,2,2,3,12,8.0,0.12,0.3,1,953.403,0,86.465,1,38.232,1.878,941.3,12.1,,,,,,,,,,hil_mocap,5dcd38710fcb,0.5922,0.0226,0
492,cofly,hil_confirm,259,256,2,3,3,12,8.0,0.12,0.3,1,1065.105,1,89.944,0,40.096,2.116,1051.5,13.6,,,,,,,,,,hil_mocap,b93aa7238d17,0.6244,0.0185,0
493,cofly,hil_confirm,512,512,3,0,3,12,8.0,0.12,0.3,1,805.824,0,89.19,0,36.476,1.701,795.5,10.3,,,,,,,,,,hil_mocap,4719b47d19a4,0.6416,0.0486,0
494,cofly,hil_confirm,513,512,3,1,3,12,8.0,0.12,0.3,1,878.653,0,87.439,0,36.899,1.945,867.5,11.2,,,,,,,,,,hil_mocap,96ad7a5fb258,0.6154,0.0197,0
495,cofly,hil_confirm,514,512,3,2,3,12,8.0,0.12,0.3,1,928.157,0,90.251,0,38.366,2.057,916.4,11.8,,,,,,,,,,hil_mocap,27a70199d24c,0.614,0.0208,0
496,cofly,hil_confirm,515,512,3,3,3,12,8.0,0.12,0.3,1,902.371,0,88.534,0,38.126,1.753,890.9,11.5,,,,,,,,,,hil_mocap,b9bc132d1d0f,0.6365,0.0142,0
497,cofly,hil_confirm,1024,1024,4,0,3,12,8.0,0.12,0.3,1,892.689,0,86.824,0,36.109,2.03,881.3,11.4,,,,,,,,,,hil_mocap,23859bee699e,0.6612,0.0181,0
498,cofly,hil_confirm,1025,1024,4,1,3,12,8.0,0.12,0.3,1,912.253,0,89.077,0,34.039,1.426,900.7,11.6,,,,,,,,,,hil_mocap,d71279c7f808,0.7009,0.0225,0
499,cofly,hil_confirm,1026,1024,4,2,3,12,8.0,0.12,0.3,1,801.493,0,90.931,0,35.085,1.896,791.3,10.2,,,,,,,,,,hil_mocap,07bc9fb1ec6f,0.7057,0.024,0
500,cofly,hil_confirm,1027,1024,4,3,3,12,8.0,0.12,0.3,1,1103.685,1,88.698,0,42.199,2.776,1089.6,14.1,,,,,,,,,,hil_mocap,0aaadc6c8845,0.6513,0.0333,0
501,greedy,hil_confirm,42,42,0,0,3,12,8.0,0.12,0.3,1,2573.065,0,90.854,0,32.573,21.494,2540.3,32.8,,,,,,,,,,hil_mocap,ddfc922fe8c2,0.0851,0.0021,0
502,greedy,hil_confirm,43,42,0,1,3,12,8.0,0.12,0.3,1,2475.316,0,90.674,0,32.23,19.246,2443.8,31.5,,,,,,,,,,hil_mocap,41496a41117c,0.0775,0.0015,0
503,greedy,hil_confirm,44,42,0,2,3,12,8.0,0.12,0.3,1,2460.606,0,88.059,0,32.785,10.511,2429.3,31.3,,,,,,,,,,hil_mocap,df1067ee6432,0.0701,0.0015,0
504,greedy,hil_confirm,45,42,0,3,3,12,8.0,0.12,0.3,1,2284.173,0,90.077,0,27.616,21.478,2255.1,29.1,,,,,,,,,,hil_mocap,edf04ffed9ed,0.0861,0.0025,0
505,greedy,hil_confirm,123,123,1,0,3,12,8.0,0.12,0.3,1,2617.637,0,90.749,0,34.595,22.14,2584.3,33.3,,,,,,,,,,hil_mocap,9932ff2636dc,0.074,0.0018,0
506,greedy,hil_confirm,124,123,1,1,3,12,8.0,0.12,0.3,1,2684.369,0,91.196,0,34.242,21.326,2650.2,34.2,,,,,,,,,,hil_mocap,b85a303680f7,0.0767,0.0016,0
507,greedy,hil_confirm,125,123,1,2,3,12,8.0,0.12,0.3,1,2715.547,0,85.276,0,32.796,19.81,2680.9,34.6,,,,,,,,,,hil_mocap,67d77880333c,0.0767,0.0021,0
508,greedy,hil_confirm,126,123,1,3,3,12,8.0,0.12,0.3,1,2456.478,0,94.07,0,33.88,14.487,2425.2,31.3,,,,,,,,,,hil_mocap,90243e75bbd8,0.0761,0.002,0
509,greedy,hil_confirm,256,256,2,0,3,12,8.0,0.12,0.3,1,2438.716,0,89.245,0,31.771,26.059,2407.6,31.1,,,,,,,,,,hil_mocap,f563dbce82ed,0.074,0.0012,0
510,greedy,hil_confirm,257,256,2,1,3,12,8.0,0.12,0.3,1,2436.203,0,90.24,0,30.181,18.897,2405.2,31.0,,,,,,,,,,hil_mocap,e8ff9c71a103,0.0778,0.0015,0
511,greedy,hil_confirm,258,256,2,2,3,12,8.0,0.12,0.3,1,2601.961,0,88.654,0,34.808,21.659,2568.9,33.1,,,,,,,,,,hil_mocap,fa210fbbab87,0.0816,0.0021,0
512,greedy,hil_confirm,259,256,2,3,3,12,8.0,0.12,0.3,1,2359.693,0,90.582,0,33.369,20.333,2329.6,30.1,,,,,,,,,,hil_mocap,65815da6097c,0.0805,0.0022,0
513,greedy,hil_confirm,512,512,3,0,3,12,8.0,0.12,0.3,1,2916.353,1,83.764,0,39.882,14.444,2879.2,37.2,,,,,,,,,,hil_mocap,e94862b009fd,0.078,0.0017,0
514,greedy,hil_confirm,513,512,3,1,3,12,8.0,0.12,0.3,1,2711.19,0,89.151,1,32.855,25.455,2676.7,34.5,,,,,,,,,,hil_mocap,268dce420e5d,0.0769,0.0018,0
515,greedy,hil_confirm,514,512,3,2,3,12,8.0,0.12,0.3,1,2506.234,0,85.283,0,29.681,20.97,2474.3,31.9,,,,,,,,,,hil_mocap,ef08e2ba49ef,0.0789,0.0017,0
516,greedy,hil_confirm,515,512,3,3,3,12,8.0,0.12,0.3,1,2633.469,0,90.936,0,34.22,20.532,2599.9,33.6,,,,,,,,,,hil_mocap,fe9fd0e5166c,0.0804,0.0015,0
517,greedy,hil_confirm,1024,1024,4,0,3,12,8.0,0.12,0.3,1,2617.55,0,89.963,0,33.903,22.832,2584.3,33.3,,,,,,,,,,hil_mocap,e9733ac8e124,0.0825,0.0018,0
518,greedy,hil_confirm,1025,1024,4,1,3,12,8.0,0.12,0.3,1,2581.952,0,88.234,0,32.984,21.958,2549.1,32.9,,,,,,,,,,hil_mocap,fca65d111b90,0.0783,0.0015,0
519,greedy,hil_confirm,1026,1024,4,2,3,12,8.0,0.12,0.3,1,2722.409,0,89.776,0,34.138,21.031,2687.7,34.7,,,,,,,,,,hil_mocap,ac2d8801c240,0.0827,0.0013,0
520,greedy,hil_confirm,1027,1024,4,3,3,12,8.0,0.12,0.3,1,2272.256,0,95.214,0,28.493,19.047,2243.4,28.9,,,,,,,,,,hil_mocap,6a5cc53b13f4,0.0854,0.0016,0
521,cofly,holdout,42,42,0,0,6,50,12.0,0.25,0.3,1,742.774,0,91.875,0,32.691,1.861,733.3,9.5,5,,,,,1,0.0021,0.0784,,,de568d5aaa62,0.5951,0.0196,0
522,cofly,holdout,42,42,0,0,6,70,15.0,0.3,0.3,1,847.636,0,91.456,0,35.46,1.978,836.8,10.8,7,,,,,2,0.002352,0.083104,,,4a6cfbcfdb97,0.6638,0.0203,0
523,cofly,holdout,42,42,0,0,6,20,6.0,0.1,0.3,1,585.481,0,92.504,0,28.538,1.685,578.0,7.5,2,,,,,3,0.001722,0.071344,,,24d142689564,0.7058,0.0383,0
524,cofly,holdout,42,42,0,0,6,90,18.0,0.35,0.3,1,952.498,0,91.036,0,38.229,2.096,940.4,12.1,9,,,,,4,0.002604,0.087808,,,60931d855317,0.5877,0.0308,0
525,cofly,holdout,42,42,0,0,6,40,10.0,0.18,0.3,1,690.343,0,92.085,0,31.307,1.802,681.5,8.8,4,,,,,5,0.001974,0.076048,,,1c51883d27e8,0.5805,0.0206,0
526,cofly,holdout,43,42,0,1,6,50,12.0,0.25,0.3,1,749.622,0,90.653,0,34.9,1.306,740.0,9.6,5,,,,,1,0.0021,0.0784,,,6f3414bbfb57,0.6339,0.0346,0
527,cofly,holdout,43,42,0,1,6,70,15.0,0.3,0.3,1,855.451,0,90.229,0,37.867,1.389,844.6,10.9,7,,,,,2,0.002352,0.083104,,,a5e93b3078fa,0.6294,0.0286,0
528,cofly,holdout,43,42,0,1,6,20,6.0,0.1,0.3,1,590.879,0,91.288,0,30.45,1.182,583.4,7.5,2,,,,,3,0.001722,0.071344,,,99dff4dbc55c,0.6808,0.0203,0
529,cofly,holdout,43,42,0,1,6,90,18.0,0.35,0.3,1,961.28,0,89.806,0,40.834,1.471,949.1,12.2,9,,,,,4,0.002604,0.087808,,,626d6c1955d7,0.6709,0.0434,0
530,cofly,holdout,43,42,0,1,6,40,10.0,0.18,0.3,1,696.708,0,90.864,0,33.417,1.265,687.8,8.9,4,,,,,5,0.001974,0.076048,,,906c60a4351b,0.6653,0.0255,0
531,cofly,holdout,44,42,0,2,6,50,12.0,0.25,0.3,1,845.894,1,87.193,1,34.668,1.885,835.1,10.8,5,,,,,1,0.0021,0.0784,,,efb54bb4199f,0.6231,0.0161,0
532,cofly,holdout,44,42,0,2,6,70,15.0,0.3,0.3,1,965.315,1,86.715,1,37.755,2.013,953.0,12.3,7,,,,,2,0.002352,0.083104,,,a2ccc1a4d97f,0.6267,0.0296,0
533,cofly,holdout,44,42,0,2,6,20,6.0,0.1,0.3,1,666.764,1,87.909,1,30.038,1.694,658.3,8.5,2,,,,,3,0.001722,0.071344,,,c0fcd74ede20,0.5582,0.0208,0
534,cofly,holdout,44,42,0,2,6,90,18.0,0.35,0.3,1,1084.735,1,86.237,1,40.842,2.14,1070.9,13.8,9,,,,,4,0.002604,0.087808,,,90206fb3365b,0.6506,0.0401,0
535,cofly,holdout,44,42,0,2,6,40,10.0,0.18,0.3,1,786.184,1,87.431,1,33.125,1.821,776.2,10.0,4,,,,,5,0.001974,0.076048,,,a286279e6a9d,0.7029,0.0227,0
536,cofly,holdout,45,42,0,3,6,50,12.0,0.25,0.3,1,871.406,1,89.979,0,37.238,2.588,860.3,11.1,5,,,,,1,0.0021,0.0784,,,7bc75a2dbb7e,0.5964,0.0324,0
537,cofly,holdout,45,42,0,3,6,70,15.0,0.3,0.3,1,994.428,1,89.487,0,40.59,2.766,981.7,12.7,7,,,,,2,0.002352,0.083104,,,820f6c4ea809,0.6021,0.0237,0
538,cofly,holdout,45,42,0,3,6,20,6.0,0.1,0.3,1,686.873,1,90.718,0,32.21,2.321,678.1,8.8,2,,,,,3,0.001722,0.071344,,,ef6669115a50,0.6966,0.0222,0
539,cofly,holdout,45,42,0,3,6,90,18.0,0.35,0.3,1,1117.45,1,88.995,0,43.942,2.944,1103.2,14.2,9,,,,,4,0.002604,0.087808,,,ad70fb8916d9,0.6857,0.0228,0
540,cofly,holdout,45,42,0,3,6,40,10.0,0.18,0.3,1,809.895,1,90.226,0,35.562,2.499,799.6,10.3,4,,,,,5,0.001974,0.076048,,,3eaa6622ade5,0.6128,0.0452,0
541,cofly,holdout,123,123,1,0,6,50,12.0,0.25,0.3,1,733.977,0,87.392,0,33.616,2.561,724.6,9.4,5,,,,,1,0.0021,0.0784,,,a61fe77c76ca,0.703,0.0274,0
542,cofly,holdout,123,123,1,0,6,70,15.0,0.3,0.3,1,837.598,0,86.978,0,36.45,2.722,826.9,10.7,7,,,,,2,0.002352,0.083104,,,649683500dee,0.6649,0.0214,0
543,cofly,holdout,123,123,1,0,6,20,6.0,0.1,0.3,1,578.547,0,88.014,0,29.366,2.321,571.1,7.4,2,,,,,3,0.001722,0.071344,,,31f6090b3050,0.6597,0.0256,0
544,cofly,holdout,123,123,1,0,6,90,18.0,0.35,0.3,1,941.218,0,86.563,0,39.284,2.882,929.2,12.0,9,,,,,4,0.002604,0.087808,,,47940bce23a2,0.8056,0.0238,0
545,cofly,holdout,123,123,1,0,6,40,10.0,0.18,0.3,1,682.167,0,87.599,0,32.199,2.481,673.5,8.7,4,,,,,5,0.001974,0.076048,,,57b69b1a155d,0.5795,0.0168,0
546,cofly,holdout,124,123,1,1,6,50,12.0,0.25,0.3,1,774.43,0,91.908,1,35.365,1.948,764.5,9.9,5,,,,,1,0.0021,0.0784,,,c89f3ec97fb7,0.6022,0.0281,0
547,cofly,holdout,124,123,1,1,6,70,15.0,0.3,0.3,1,883.762,0,91.471,1,38.41,2.074,872.5,11.3,7,,,,,2,0.002352,0.083104,,,b1685ce3e564,0.6804,0.0198,0
548,cofly,holdout,124,123,1,1,6,20,6.0,0.1,0.3,1,610.433,0,92.564,1,30.797,1.759,602.6,7.8,2,,,,,3,0.001722,0.071344,,,9494d5573da8,0.7033,0.018,0
549,cofly,holdout,124,123,1,1,6,90,18.0,0.35,0.3,1,993.093,0,91.034,1,41.455,2.199,980.4,12.7,9,,,,,4,0.002604,0.087808,,,e0bbaa79532c,0.6751,0.0264,0
550,cofly,holdout,124,123,1,1,6,40,10.0,0.18,0.3,1,719.765,0,92.127,1,33.842,1.885,710.6,9.2,4,,,,,5,0.001974,0.076048,,,d4df3af615d3,0.6693,0.0463,0
551,cofly,holdout,125,123,1,2,6,50,12.0,0.25,0.3,1,689.205,0,91.747,0,29.941,1.896,680.4,8.8,5,,,,,1,0.0021,0.0784,,,a274693eed9f,0.6635,0.0269,0
552,cofly,holdout,125,123,1,2,6,70,15.0,0.3,0.3,1,786.504,0,91.358,0,32.4,2.011,776.5,10.0,7,,,,,2,0.002352,0.083104,,,9b424462ae1a,0.7403,0.0264,0
553,cofly,holdout,125,123,1,2,6,20,6.0,0.1,0.3,1,543.256,0,92.331,0,26.252,1.724,536.4,6.9,2,,,,,3,0.001722,0.071344,,,9150854bf8f6,0.6706,0.0261,0
554,cofly,holdout,125,123,1,2,6,90,18.0,0.35,0.3,1,883.804,0,90.969,0,34.86,2.126,872.5,11.3,9,,,,,4,0.002604,0.087808,,,74b19d84d824,0.5792,0.0283,0
555,cofly,holdout,125,123,1,2,6,40,10.0,0.18,0.3,1,640.555,0,91.942,0,28.711,1.839,632.4,8.2,4,,,,,5,0.001974,0.076048,,,5909d1ded064,0.6636,0.028,0
556,cofly,holdout,126,123,1,3,6,50,12.0,0.25,0.3,1,825.869,0,83.745,1,35.544,1.557,815.4,10.5,5,,,,,1,0.0021,0.0784,,,e48106f365b5,0.6312,0.0208,0
557,cofly,holdout,126,123,1,3,6,70,15.0,0.3,0.3,1,942.462,0,83.278,1,38.681,1.661,930.5,12.0,7,,,,,2,0.002352,0.083104,,,b179385cfc89,0.6666,0.0156,0
558,cofly,holdout,126,123,1,3,6,20,6.0,0.1,0.3,1,650.979,0,84.444,1,30.838,1.401,642.7,8.3,2,,,,,3,0.001722,0.071344,,,1eeaeaee8c03,0.67,0.0356,0
559,cofly,holdout,126,123,1,3,6,90,18.0,0.35,0.3,1,1059.055,0,82.812,1,41.817,1.765,1045.6,13.5,9,,,,,4,0.002604,0.087808,,,31dba4f28576,0.625,0.039,0
560,cofly,holdout,126,123,1,3,6,40,10.0,0.18,0.3,1,767.572,0,83.978,1,33.975,1.505,757.8,9.8,4,,,,,5,0.001974,0.076048,,,4ec23323a201,0.727,0.031,0
561,cofly,holdout,256,256,2,0,6,50,12.0,0.25,0.3,1,829.805,0,94.169,1,32.957,1.857,819.2,10.6,5,,,,,1,0.0021,0.0784,,,075d312a00e7,0.6824,0.0188,0
562,cofly,holdout,256,256,2,0,6,70,15.0,0.3,0.3,1,946.954,0,93.7,1,35.871,1.982,934.9,12.1,7,,,,,2,0.002352,0.083104,,,5d316324ba0b,0.7449,0.0149,0
563,cofly,holdout,256,256,2,0,6,20,6.0,0.1,0.3,1,654.081,0,94.872,1,28.587,1.671,645.8,8.3,2,,,,,3,0.001722,0.071344,,,8966a08580b4,0.6779,0.0194,0
564,cofly,holdout,256,256,2,0,6,90,18.0,0.35,0.3,1,1064.103,0,93.232,1,38.785,2.106,1050.5,13.6,9,,,,,4,0.002604,0.087808,,,14cb5abea849,0.6353,0.0186,0
565,cofly,holdout,256,256,2,0,6,40,10.0,0.18,0.3,1,771.23,0,94.403,1,31.5,1.795,761.4,9.8,4,,,,,5,0.001974,0.076048,,,6699aca47e12,0.6302,0.0227,0
566,cofly,holdout,257,256,2,1,6,50,12.0,0.25,0.3,1,870.081,1,88.858,1,34.64,1.639,859.0,11.1,5,,,,,1,0.0021,0.0784,,,78df39bc2068,0.6927,0.0713,0
567,cofly,holdout,257,256,2,1,6,70,15.0,0.3,0.3,1,992.916,1,88.366,1,37.757,1.752,980.3,12.6,7,,,,,2,0.002352,0.083104,,,ab2c9f1202ce,0.639,0.0393,0
568,cofly,holdout,257,256,2,1,6,20,6.0,0.1,0.3,1,685.828,1,89.595,1,29.966,1.471,677.1,8.7,2,,,,,3,0.001722,0.071344,,,a27556cd5ef7,0.6788,0.0222,0
569,cofly,holdout,257,256,2,1,6,90,18.0,0.35,0.3,1,1115.751,1,87.875,1,40.873,1.865,1101.6,14.2,9,,,,,4,0.002604,0.087808,,,19f5840c1328,0.7096,0.0206,0
570,cofly,holdout,257,256,2,1,6,40,10.0,0.18,0.3,1,808.663,1,89.103,1,33.082,1.583,798.4,10.3,4,,,,,5,0.001974,0.076048,,,2260abc58704,0.6663,0.0498,0
571,cofly,holdout,258,256,2,2,6,50,12.0,0.25,0.3,1,794.503,0,87.101,1,34.038,1.718,784.4,10.1,5,,,,,1,0.0021,0.0784,,,6666908a45e6,0.5937,0.0384,0
572,cofly,holdout,258,256,2,2,6,70,15.0,0.3,0.3,1,906.668,0,86.652,1,36.998,1.831,895.1,11.6,7,,,,,2,0.002352,0.083104,,,142aab1024cf,0.6422,0.0415,0
573,cofly,holdout,258,256,2,2,6,20,6.0,0.1,0.3,1,626.255,0,87.774,1,29.598,1.55,618.3,8.0,2,,,,,3,0.001722,0.071344,,,79db8c47b63a,0.6132,0.0293,0
574,cofly,holdout,258,256,2,2,6,90,18.0,0.35,0.3,1,1018.833,0,86.204,1,39.958,1.943,1005.8,13.0,9,,,,,4,0.002604,0.087808,,,5ad1ef503e5a,0.7019,0.0151,0
575,cofly,holdout,258,256,2,2,6,40,10.0,0.18,0.3,1,738.42,0,87.325,1,32.558,1.662,729.0,9.4,4,,,,,5,0.001974,0.076048,,,bc1786d6aa71,0.6606,0.0349,0
576,cofly,holdout,259,256,2,3,6,50,12.0,0.25,0.3,1,887.587,1,90.654,0,35.534,1.927,876.3,11.3,5,,,,,1,0.0021,0.0784,,,bafb8d4f2f31,0.706,0.0201,0
577,cofly,holdout,259,256,2,3,6,70,15.0,0.3,0.3,1,1012.894,1,90.153,0,38.754,2.06,1000.0,12.9,7,,,,,2,0.002352,0.083104,,,c6833d4a2282,0.688,0.0345,0
578,cofly,holdout,259,256,2,3,6,20,6.0,0.1,0.3,1,699.628,1,91.406,0,30.704,1.726,690.7,8.9,2,,,,,3,0.001722,0.071344,,,4801283752e4,0.6876,0.0189,0
579,cofly,holdout,259,256,2,3,6,90,18.0,0.35,0.3,1,1138.2,1,89.651,0,41.974,2.194,1123.7,14.5,9,,,,,4,0.002604,0.087808,,,c0989af3d5b3,0.6879,0.0233,0
580,cofly,holdout,259,256,2,3,6,40,10.0,0.18,0.3,1,824.934,1,90.904,0,33.924,1.86,814.4,10.5,4,,,,,5,0.001974,0.076048,,,848b2514aebb,0.5681,0.0266,0
581,cofly,holdout,512,512,3,0,6,50,12.0,0.25,0.3,1,671.52,0,89.727,0,32.711,1.568,662.9,8.6,5,,,,,1,0.0021,0.0784,,,7d9593484033,0.6004,0.0197,0
582,cofly,holdout,512,512,3,0,6,70,15.0,0.3,0.3,1,766.323,0,89.348,0,35.369,1.662,756.5,9.8,7,,,,,2,0.002352,0.083104,,,74e640c5575f,0.652,0.0302,0
583,cofly,holdout,512,512,3,0,6,20,6.0,0.1,0.3,1,529.316,0,90.296,0,28.724,1.428,522.6,6.7,2,,,,,3,0.001722,0.071344,,,a53012721427,0.6055,0.0197,0
584,cofly,holdout,512,512,3,0,6,90,18.0,0.35,0.3,1,861.126,0,88.969,0,38.027,1.755,850.1,11.0,9,,,,,4,0.002604,0.087808,,,ee0e3d21745f,0.5885,0.0219,0
585,cofly,holdout,512,512,3,0,6,40,10.0,0.18,0.3,1,624.118,0,89.917,0,31.382,1.522,616.1,8.0,4,,,,,5,0.001974,0.076048,,,2c3f1bb79bf6,0.6498,0.035,0
586,cofly,holdout,513,512,3,1,6,50,12.0,0.25,0.3,1,732.211,0,88.025,0,32.966,1.786,722.9,9.3,5,,,,,1,0.0021,0.0784,,,99c79eabf659,0.6419,0.0829,0
587,cofly,holdout,513,512,3,1,6,70,15.0,0.3,0.3,1,835.582,0,87.612,0,35.742,1.898,825.0,10.6,7,,,,,2,0.002352,0.083104,,,04659ac947b4,0.7467,0.0237,0
588,cofly,holdout,513,512,3,1,6,20,6.0,0.1,0.3,1,577.155,0,88.645,0,28.801,1.619,569.8,7.4,2,,,,,3,0.001722,0.071344,,,cb04b5965ae5,0.5648,0.018,0
589,cofly,holdout,513,512,3,1,6,90,18.0,0.35,0.3,1,938.953,0,87.198,0,38.518,2.01,927.0,12.0,9,,,,,4,0.002604,0.087808,,,465849c54b0d,0.6136,0.0183,0
590,cofly,holdout,513,512,3,1,6,40,10.0,0.18,0.3,1,680.526,0,88.232,0,31.578,1.73,671.8,8.7,4,,,,,5,0.001974,0.076048,,,b7ac23572c9f,0.5937,0.0597,0
591,cofly,holdout,514,512,3,2,6,50,12.0,0.25,0.3,1,773.464,0,90.87,0,34.197,1.885,763.6,9.9,5,,,,,1,0.0021,0.0784,,,00fd5de38bdc,0.6655,0.0339,0
592,cofly,holdout,514,512,3,2,6,70,15.0,0.3,0.3,1,882.659,0,90.433,0,37.14,2.007,871.5,11.2,7,,,,,2,0.002352,0.083104,,,e1b181371ac4,0.6245,0.0228,0
593,cofly,holdout,514,512,3,2,6,20,6.0,0.1,0.3,1,609.672,0,91.525,0,29.782,1.703,601.9,7.8,2,,,,,3,0.001722,0.071344,,,df62944bcfea,0.7379,0.0388,0
594,cofly,holdout,514,512,3,2,6,90,18.0,0.35,0.3,1,991.854,0,89.997,0,40.083,2.128,979.3,12.6,9,,,,,4,0.002604,0.087808,,,464d3b7cdca1,0.6072,0.0184,0
595,cofly,holdout,514,512,3,2,6,40,10.0,0.18,0.3,1,718.867,0,91.089,0,32.725,1.824,709.7,9.2,4,,,,,5,0.001974,0.076048,,,b93ec4ed01ee,0.6632,0.0274,0
596,cofly,holdout,515,512,3,3,6,50,12.0,0.25,0.3,1,751.976,0,89.135,0,34.024,1.609,742.4,9.6,5,,,,,1,0.0021,0.0784,,,1bf1b488b417,0.6557,0.0352,0
597,cofly,holdout,515,512,3,3,6,70,15.0,0.3,0.3,1,858.137,0,88.711,0,36.92,1.711,847.2,10.9,7,,,,,2,0.002352,0.083104,,,65ae91a3ce38,0.7411,0.0327,0
598,cofly,holdout,515,512,3,3,6,20,6.0,0.1,0.3,1,592.734,0,89.772,0,29.68,1.455,585.1,7.6,2,,,,,3,0.001722,0.071344,,,57930a6c1331,0.6518,0.0342,0
599,cofly,holdout,515,512,3,3,6,90,18.0,0.35,0.3,1,964.298,0,88.286,0,39.816,1.813,952.0,12.3,9,,,,,4,0.002604,0.087808,,,cbc8efeb5832,0.6545,0.0179,0
600,cofly,holdout,515,512,3,3,6,40,10.0,0.18,0.3,1,698.895,0,89.348,0,32.576,1.557,690.0,8.9,4,,,,,5,0.001974,0.076048,,,4739b77a73eb,0.7392,0.0377,0
601,cofly,holdout,1024,1024,4,0,6,50,12.0,0.25,0.3,1,743.908,0,87.419,0,32.239,1.863,734.4,9.5,5,,,,,1,0.0021,0.0784,,,539fa736b91c,0.6361,0.03,0
602,cofly,holdout,1024,1024,4,0,6,70,15.0,0.3,0.3,1,848.93,0,86.999,0,34.971,1.981,838.1,10.8,7,,,,,2,0.002352,0.083104,,,b627d090234c,0.6589,0.0196,0
603,cofly,holdout,1024,1024,4,0,6,20,6.0,0.1,0.3,1,586.374,0,88.05,0,28.14,1.687,578.9,7.5,2,,,,,3,0.001722,0.071344,,,285c250c3bd7,0.6537,0.0228,0
604,cofly,holdout,1024,1024,4,0,6,90,18.0,0.35,0.3,1,953.952,0,86.579,0,37.703,2.098,941.8,12.2,9,,,,,4,0.002604,0.087808,,,34eb3c4a9faa,0.7106,0.0249,0
605,cofly,holdout,1024,1024,4,0,6,40,10.0,0.18,0.3,1,691.397,0,87.629,0,30.873,1.804,682.6,8.8,4,,,,,5,0.001974,0.076048,,,ddf9df017f7d,0.6859,0.0248,0
606,cofly,holdout,1025,1024,4,1,6,50,12.0,0.25,0.3,1,760.211,0,89.685,0,30.362,1.308,750.5,9.7,5,,,,,1,0.0021,0.0784,,,b412af48d4e3,0.5842,0.0161,0
607,cofly,holdout,1025,1024,4,1,6,70,15.0,0.3,0.3,1,867.534,0,89.256,0,32.958,1.391,856.4,11.1,7,,,,,2,0.002352,0.083104,,,18534be92b55,0.6213,0.0385,0
608,cofly,holdout,1025,1024,4,1,6,20,6.0,0.1,0.3,1,599.225,0,90.329,0,26.469,1.182,591.6,7.6,2,,,,,3,0.001722,0.071344,,,756295f909c9,0.6704,0.0484,0
609,cofly,holdout,1025,1024,4,1,6,90,18.0,0.35,0.3,1,974.858,0,88.827,0,35.553,1.475,962.5,12.4,9,,,,,4,0.002604,0.087808,,,22382db41293,0.6768,0.0301,0
610,cofly,holdout,1025,1024,4,1,6,40,10.0,0.18,0.3,1,706.549,0,89.9,0,29.064,1.266,697.5,9.0,4,,,,,5,0.001974,0.076048,,,91d421aebc22,0.6587,0.042,0
611,cofly,holdout,1026,1024,4,2,6,50,12.0,0.25,0.3,1,667.911,0,91.465,0,31.471,1.749,659.4,8.5,5,,,,,1,0.0021,0.0784,,,f84e74e2c15c,0.6896,0.0252,0
612,cofly,holdout,1026,1024,4,2,6,70,15.0,0.3,0.3,1,762.205,0,91.088,0,34.022,1.852,752.5,9.7,7,,,,,2,0.002352,0.083104,,,24abfc9cc8af,0.7051,0.0166,0
613,cofly,holdout,1026,1024,4,2,6,20,6.0,0.1,0.3,1,526.471,0,92.031,0,27.644,1.593,519.8,6.7,2,,,,,3,0.001722,0.071344,,,f04cda328bfd,0.6843,0.0223,0
614,cofly,holdout,1026,1024,4,2,6,90,18.0,0.35,0.3,1,856.498,0,90.711,0,36.573,1.956,845.6,10.9,9,,,,,4,0.002604,0.087808,,,799363e5611e,0.6635,0.022,0
615,cofly,holdout,1026,1024,4,2,6,40,10.0,0.18,0.3,1,620.765,0,91.654,0,30.195,1.697,612.9,7.9,4,,,,,5,0.001974,0.076048,,,a8e0c7cef856,0.6032,0.0206,0
616,cofly,holdout,1027,1024,4,3,6,50,12.0,0.25,0.3,1,919.738,1,89.434,0,37.344,2.524,908.0,11.7,5,,,,,1,0.0021,0.0784,,,8d56fdefab92,0.7212,0.0214,0
617,cofly,holdout,1027,1024,4,3,6,70,15.0,0.3,0.3,1,1049.583,1,88.915,0,40.771,2.702,1036.2,13.4,7,,,,,2,0.002352,0.083104,,,c45817cd2591,0.5194,0.0282,0
618,cofly,holdout,1027,1024,4,3,6,20,6.0,0.1,0.3,1,724.97,1,90.213,0,32.204,2.257,715.8,9.2,2,,,,,3,0.001722,0.071344,,,f208759e5189,0.6685,0.0251,0
619,cofly,holdout,1027,1024,4,3,6,90,18.0,0.35,0.3,1,1179.428,1,88.395,0,44.198,2.88,1164.4,15.0,9,,,,,4,0.002604,0.087808,,,29b47ac99471,0.6632,0.0176,0
620,cofly,holdout,1027,1024,4,3,6,40,10.0,0.18,0.3,1,854.815,1,89.694,0,35.631,2.435,843.9,10.9,4,,,,,5,0.001974,0.076048,,,15c38c0ee03b,0.69,0.0411,0
621,cofly,loss_sweep,42,42,0,0,6,30,8.0,0.12,0.0,1,892.781,0,95.528,0,36.652,2.029,881.4,11.4,,burst,,,,,,,,,4e9a7a8e7ec8,0.6683,0.0258,0
622,cofly,loss_sweep,42,42,0,0,6,30,8.0,0.12,0.0,1,878.216,0,99.047,0,36.268,2.012,867.0,11.2,,independent,,,,,,,,,4e9a7a8e7ec8,0.6774,0.0231,0
623,cofly,loss_sweep,42,42,0,0,6,30,8.0,0.12,0.1,1,869.808,0,101.078,0,36.046,2.003,858.7,11.1,,burst,,,,,,,,,1ae0976bdf2e,0.6791,0.0271,0
624,cofly,loss_sweep,42,42,0,0,6,30,8.0,0.12,0.1,1,874.247,0,100.005,0,36.163,2.008,863.1,11.1,,independent,,,,,,,,,1ae0976bdf2e,0.6042,0.0257,0
625,cofly,loss_sweep,42,42,0,0,6,30,8.0,0.12,0.2,1,899.583,0,93.884,0,36.832,2.036,888.1,11.5,,burst,,,,,,,,,13792839f231,0.674,0.0218,0
626,cofly,loss_sweep,42,42,0,0,6,30,8.0,0.12,0.2,1,918.205,0,89.385,0,37.324,2.057,906.5,11.7,,independent,,,,,,,,,13792839f231,0.67,0.0194,0
627,cofly,loss_sweep,42,42,0,0,6,30,8.0,0.12,0.3,1,910.831,0,91.167,0,37.129,2.049,899.2,11.6,,burst,,,,,,,,,71cdeaed3f36,0.6449,0.0394,0
628,cofly,loss_sweep,42,42,0,0,6,30,8.0,0.12,0.3,1,937.506,0,84.722,0,37.833,2.079,925.6,11.9,,independent,,,,,,,,,71cdeaed3f36,0.5427,0.0171,0
629,cofly,loss_sweep,42,42,0,0,6,30,8.0,0.12,0.4,1,981.054,0,74.201,0,38.983,2.128,968.6,12.5,,burst,,,,,,,,,8461ccefdc8a,0.7097,0.0403,0
630,cofly,loss_sweep,42,42,0,0,6,30,8.0,0.12,0.4,1,987.599,0,72.62,0,39.156,2.135,975.0,12.6,,independent,,,,,,,,,8461ccefdc8a,0.6616,0.0609,0
631,cofly,loss_sweep,42,42,0,0,6,30,8.0,0.12,0.5,1,1067.894,0,53.221,0,41.276,2.225,1054.3,13.6,,burst,,,,,,,,,c50f22656cb9,0.6754,0.0269,0
632,cofly,loss_sweep,42,42,0,0,6,30,8.0,0.12,0.5,1,1087.642,0,48.45,0,41.798,2.247,1073.7,13.9,,independent,,,,,,,,,c50f22656cb9,0.7668,0.0236,0
633,cofly,loss_sweep,43,42,0,1,6,30,8.0,0.12,0.0,1,872.26,0,100.486,0,38.338,1.402,861.2,11.1,,burst,,,,,,,,,cfe5a5787aa7,0.6893,0.0284,0
634,cofly,loss_sweep,43,42,0,1,6,30,8.0,0.12,0.0,1,878.114,0,99.071,0,38.502,1.406,866.9,11.2,,independent,,,,,,,,,cfe5a5787aa7,0.6713,0.0293,0
635,cofly,loss_sweep,43,42,0,1,6,30,8.0,0.12,0.1,1,885.067,0,97.391,0,38.697,1.412,873.8,11.3,,burst,,,,,,,,,af78869ddd6b,0.6301,0.0244,0
636,cofly,loss_sweep,43,42,0,1,6,30,8.0,0.12,0.1,1,881.247,0,98.314,0,38.59,1.409,870.0,11.2,,independent,,,,,,,,,af78869ddd6b,0.6593,0.0233,0
637,cofly,loss_sweep,43,42,0,1,6,30,8.0,0.12,0.2,1,882.681,0,97.968,0,38.63,1.41,871.5,11.2,,burst,,,,,,,,,1481d9b9c66a,0.6334,0.0215,0
638,cofly,loss_sweep,43,42,0,1,6,30,8.0,0.12,0.2,1,904.76,0,92.634,0,39.249,1.427,893.3,11.5,,independent,,,,,,,,,1481d9b9c66a,0.6629,0.0269,0
639,cofly,loss_sweep,43,42,0,1,6,30,8.0,0.12,0.3,1,915.777,0,89.972,0,39.558,1.436,904.1,11.7,,burst,,,,,,,,,961082e2ccd8,0.6588,0.0352,0
640,cofly,loss_sweep,43,42,0,1,6,30,8.0,0.12,0.3,1,927.509,0,87.137,0,39.887,1.445,915.7,11.8,,independent,,,,,,,,,961082e2ccd8,0.606,0.0177,0
641,cofly,loss_sweep,43,42,0,1,6,30,8.0,0.12,0.4,1,965.857,0,77.873,0,40.962,1.475,953.6,12.3,,burst,,,,,,,,,1a4635dde4ef,0.6676,0.0292,0
642,cofly,loss_sweep,43,42,0,1,6,30,8.0,0.12,0.4,1,987.892,0,72.549,0,41.58,1.492,975.3,12.6,,independent,,,,,,,,,1a4635dde4ef,0.5936,0.0316,0
643,cofly,loss_sweep,43,42,0,1,6,30,8.0,0.12,0.5,1,1066.339,0,53.596,0,43.779,1.554,1052.7,13.6,,burst,,,,,,,,,666bf96f0596,0.6492,0.0306,0
644,cofly,loss_sweep,43,42,0,1,6,30,8.0,0.12,0.5,1,1085.933,0,48.863,0,44.328,1.569,1072.1,13.8,,independent,,,,,,,,,666bf96f0596,0.6525,0.0213,0
645,cofly,loss_sweep,44,42,0,2,6,30,8.0,0.12,0.0,1,894.405,1,95.135,1,35.922,1.937,883.0,11.4,,burst,,,,,,,,,611ef8e5a368,0.6731,0.0374,0
646,cofly,loss_sweep,44,42,0,2,6,30,8.0,0.12,0.0,1,879.937,1,98.631,1,35.548,1.921,868.7,11.2,,independent,,,,,,,,,611ef8e5a368,0.5646,0.0259,0
647,cofly,loss_sweep,44,42,0,2,6,30,8.0,0.12,0.1,1,874.018,1,100.061,1,35.395,1.915,862.9,11.1,,burst,,,,,,,,,5d9916838e9e,0.6723,0.0184,0
648,cofly,loss_sweep,44,42,0,2,6,30,8.0,0.12,0.1,1,894.512,1,95.109,1,35.925,1.937,883.1,11.4,,independent,,,,,,,,,5d9916838e9e,0.7193,0.0411,0
649,cofly,loss_sweep,44,42,0,2,6,30,8.0,0.12,0.2,1,897.925,1,94.285,1,36.013,1.941,886.5,11.4,,burst,,,,,,,,,67aff8eadc3d,0.6643,0.0435,0
650,cofly,loss_sweep,44,42,0,2,6,30,8.0,0.12,0.2,1,904.456,1,92.707,1,36.182,1.948,893.0,11.5,,independent,,,,,,,,,67aff8eadc3d,0.6373,0.0183,0
651,cofly,loss_sweep,44,42,0,2,6,30,8.0,0.12,0.3,1,928.505,1,86.897,1,36.804,1.973,916.7,11.8,,burst,,,,,,,,,e1d33f7b3ce9,0.6618,0.0381,0
652,cofly,loss_sweep,44,42,0,2,6,30,8.0,0.12,0.3,1,936.933,1,84.861,1,37.022,1.982,925.0,11.9,,independent,,,,,,,,,e1d33f7b3ce9,0.7102,0.0603,0
653,cofly,loss_sweep,44,42,0,2,6,30,8.0,0.12,0.4,1,991.365,1,71.71,1,38.429,2.04,978.8,12.6,,burst,,,,,,,,,ae78d318500e,0.669,0.0194,0
654,cofly,loss_sweep,44,42,0,2,6,30,8.0,0.12,0.4,1,997.192,1,70.302,1,38.579,2.047,984.5,12.7,,independent,,,,,,,,,ae78d318500e,0.7066,0.0232,0
655,cofly,loss_sweep,44,42,0,2,6,30,8.0,0.12,0.5,1,1063.862,1,54.195,1,40.303,2.118,1050.3,13.6,,burst,,,,,,,,,70365e88abe9,0.6929,0.0304,0
656,cofly,loss_sweep,44,42,0,2,6,30,8.0,0.12,0.5,1,1080.805,1,50.101,1,40.741,2.136,1067.0,13.8,,independent,,,,,,,,,70365e88abe9,0.6627,0.0422,0
657,cofly,loss_sweep,45,42,0,3,6,30,8.0,0.12,0.0,1,881.806,1,98.179,0,37.522,2.603,870.6,11.2,,burst,,,,,,,,,02ff7f5dac5e,0.62,0.0213,0
658,cofly,loss_sweep,45,42,0,3,6,30,8.0,0.12,0.0,1,903.342,1,92.976,0,38.108,2.634,891.8,11.5,,independent,,,,,,,,,02ff7f5dac5e,0.6214,0.0258,0
659,cofly,loss_sweep,45,42,0,3,6,30,8.0,0.12,0.1,1,882.349,1,98.048,0,37.536,2.604,871.1,11.2,,burst,,,,,,,,,10eebe7f62db,0.725,0.0177,0
660,cofly,loss_sweep,45,42,0,3,6,30,8.0,0.12,0.1,1,887.374,1,96.834,0,37.673,2.611,876.1,11.3,,independent,,,,,,,,,10eebe7f62db,0.6506,0.02,0
661,cofly,loss_sweep,45,42,0,3,6,30,8.0,0.12,0.2,1,887.473,1,96.81,0,37.676,2.611,876.2,11.3,,burst,,,,,,,,,30eaa9eae233,0.6064,0.0257,0
662,cofly,loss_sweep,45,42,0,3,6,30,8.0,0.12,0.2,1,905.558,1,92.441,0,38.169,2.637,894.1,11.5,,independent,,,,,,,,,30eaa9eae233,0.6217,0.0294,0
663,cofly,loss_sweep,45,42,0,3,6,30,8.0,0.12,0.3,1,916.547,1,89.786,0,38.468,2.653,904.8,11.7,,burst,,,,,,,,,56c086d2e5fe,0.6156,0.0223,0
664,cofly,loss_sweep,45,42,0,3,6,30,8.0,0.12,0.3,1,926.779,1,87.314,0,38.747,2.668,915.0,11.8,,independent,,,,,,,,,56c086d2e5fe,0.6557,0.0156,0
665,cofly,loss_sweep,45,42,0,3,6,30,8.0,0.12,0.4,1,964.476,1,78.206,0,39.774,2.723,952.2,12.3,,burst,,,,,,,,,ff7852950ee1,0.7276,0.0224,0
666,cofly,loss_sweep,45,42,0,3,6,30,8.0,0.12,0.4,1,994.62,1,70.924,0,40.595,2.766,981.9,12.7,,independent,,,,,,,,,ff7852950ee1,0.5998,0.0188,0
667,cofly,loss_sweep,45,42,0,3,6,30,8.0,0.12,0.5,1,1062.729,1,54.469,0,42.451,2.865,1049.2,13.5,,burst,,,,,,,,,097f1062e7b1,0.5754,0.0601,0
668,cofly,loss_sweep,45,42,0,3,6,30,8.0,0.12,0.5,1,1077.319,1,50.944,0,42.849,2.886,1063.6,13.7,,independent,,,,,,,,,097f1062e7b1,0.6615,0.0141,0
669,cofly,loss_sweep,123,123,1,0,6,30,8.0,0.12,0.0,1,874.28,0,99.997,0,37.453,2.779,863.2,11.1,,burst,,,,,,,,,7ec23af01858,0.7046,0.0247,0
670,cofly,loss_sweep,123,123,1,0,6,30,8.0,0.12,0.0,1,879.077,0,98.839,0,37.584,2.786,867.9,11.2,,independent,,,,,,,,,7ec23af01858,0.6275,0.0378,0
671,cofly,loss_sweep,123,123,1,0,6,30,8.0,0.12,0.1,1,863.487,0,102.605,0,37.158,2.762,852.5,11.0,,burst,,,,,,,,,611cfb7551b8,0.6978,0.0384,0
672,cofly,loss_sweep,123,123,1,0,6,30,8.0,0.12,0.1,1,887.138,0,96.891,0,37.805,2.798,875.8,11.3,,independent,,,,,,,,,611cfb7551b8,0.6681,0.0284,0
673,cofly,loss_sweep,123,123,1,0,6,30,8.0,0.12,0.2,1,892.309,0,95.642,0,37.946,2.806,880.9,11.4,,burst,,,,,,,,,5eeae56664c8,0.703,0.0309,0
674,cofly,loss_sweep,123,123,1,0,6,30,8.0,0.12,0.2,1,913.374,0,90.552,0,38.522,2.839,901.8,11.6,,independent,,,,,,,,,5eeae56664c8,0.6457,0.0266,0
675,cofly,loss_sweep,123,123,1,0,6,30,8.0,0.12,0.3,1,929.531,0,86.649,0,38.964,2.864,917.7,11.8,,burst,,,,,,,,,7641ef713fb5,0.69,0.0197,0
676,cofly,loss_sweep,123,123,1,0,6,30,8.0,0.12,0.3,1,944.228,0,83.098,0,39.366,2.887,932.2,12.0,,independent,,,,,,,,,7641ef713fb5,0.6068,0.0422,0
677,cofly,loss_sweep,123,123,1,0,6,30,8.0,0.12,0.4,1,981.272,0,74.148,0,40.379,2.944,968.8,12.5,,burst,,,,,,,,,309c1f60c30e,0.5932,0.0426,0
678,cofly,loss_sweep,123,123,1,0,6,30,8.0,0.12,0.4,1,990.25,0,71.979,0,40.624,2.958,977.6,12.6,,independent,,,,,,,,,309c1f60c30e,0.5417,0.0159,0
679,cofly,loss_sweep,123,123,1,0,6,30,8.0,0.12,0.5,1,1061.074,0,54.869,0,42.561,3.068,1047.6,13.5,,burst,,,,,,,,,666d64975cc7,0.5551,0.0207,0
680,cofly,loss_sweep,123,123,1,0,6,30,8.0,0.12,0.5,1,1089.446,0,48.014,0,43.337,3.112,1075.5,13.9,,independent,,,,,,,,,666d64975cc7,0.6332,0.0287,0
681,cofly,loss_sweep,124,123,1,1,6,30,8.0,0.12,0.0,1,889.708,0,96.27,1,38.576,2.08,878.4,11.3,,burst,,,,,,,,,03a336a48b06,0.6918,0.0161,0
682,cofly,loss_sweep,124,123,1,1,6,30,8.0,0.12,0.0,1,883.624,0,97.74,1,38.406,2.073,872.3,11.3,,independent,,,,,,,,,03a336a48b06,0.5697,0.0373,0
683,cofly,loss_sweep,124,123,1,1,6,30,8.0,0.12,0.1,1,884.036,0,97.641,1,38.418,2.074,872.7,11.3,,burst,,,,,,,,,aa61953add8b,0.6923,0.0319,0
684,cofly,loss_sweep,124,123,1,1,6,30,8.0,0.12,0.1,1,880.89,0,98.401,1,38.33,2.07,869.7,11.2,,independent,,,,,,,,,aa61953add8b,0.6699,0.0199,0
685,cofly,loss_sweep,124,123,1,1,6,30,8.0,0.12,0.2,1,918.642,0,89.28,1,39.382,2.114,906.9,11.7,,burst,,,,,,,,,21dad8c4bf1f,0.595,0.0381,0
686,cofly,loss_sweep,124,123,1,1,6,30,8.0,0.12,0.2,1,906.051,0,92.322,1,39.031,2.099,894.6,11.5,,independent,,,,,,,,,21dad8c4bf1f,0.75,0.0309,0
687,cofly,loss_sweep,124,123,1,1,6,30,8.0,0.12,0.3,1,910.168,0,91.327,1,39.146,2.104,898.6,11.6,,burst,,,,,,,,,af860ed5912a,0.6213,0.0227,0
688,cofly,loss_sweep,124,123,1,1,6,30,8.0,0.12,0.3,1,911.759,0,90.943,1,39.19,2.106,900.2,11.6,,independent,,,,,,,,,af860ed5912a,0.6605,0.0221,0
689,cofly,loss_sweep,124,123,1,1,6,30,8.0,0.12,0.4,1,980.26,0,74.393,1,41.098,2.185,967.8,12.5,,burst,,,,,,,,,8b41981be7e3,0.6163,0.0288,0
690,cofly,loss_sweep,124,123,1,1,6,30,8.0,0.12,0.4,1,1014.315,0,66.165,1,42.046,2.224,1001.4,12.9,,independent,,,,,,,,,8b41981be7e3,0.7667,0.0281,0
691,cofly,loss_sweep,124,123,1,1,6,30,8.0,0.12,0.5,1,1051.644,0,57.147,1,43.086,2.267,1038.2,13.4,,burst,,,,,,,,,202a65253ee8,0.7377,0.0275,0
692,cofly,loss_sweep,124,123,1,1,6,30,8.0,0.12,0.5,1,1071.592,0,52.327,1,43.642,2.29,1057.9,13.7,,independent,,,,,,,,,202a65253ee8,0.5781,0.0231,0
693,cofly,loss_sweep,125,123,1,2,6,30,8.0,0.12,0.0,1,864.152,0,102.445,0,34.363,2.102,853.2,11.0,,burst,,,,,,,,,ff60075c1121,0.6286,0.0282,0
694,cofly,loss_sweep,125,123,1,2,6,30,8.0,0.12,0.0,1,884.784,0,97.46,0,34.885,2.127,873.5,11.3,,independent,,,,,,,,,ff60075c1121,0.5955,0.037,0
695,cofly,loss_sweep,125,123,1,2,6,30,8.0,0.12,0.1,1,886.842,0,96.963,0,34.937,2.129,875.5,11.3,,burst,,,,,,,,,bc811935d603,0.6816,0.0207,0
696,cofly,loss_sweep,125,123,1,2,6,30,8.0,0.12,0.1,1,884.798,0,97.456,0,34.885,2.127,873.5,11.3,,independent,,,,,,,,,bc811935d603,0.6092,0.02,0
697,cofly,loss_sweep,125,123,1,2,6,30,8.0,0.12,0.2,1,892.978,0,95.48,0,35.092,2.136,881.6,11.4,,burst,,,,,,,,,edc3d7bd32f9,0.6091,0.0223,0
698,cofly,loss_sweep,125,123,1,2,6,30,8.0,0.12,0.2,1,894.173,0,95.192,0,35.122,2.138,882.8,11.4,,independent,,,,,,,,,edc3d7bd32f9,0.6452,0.04,0
699,cofly,loss_sweep,125,123,1,2,6,30,8.0,0.12,0.3,1,912.246,0,90.825,0,35.579,2.159,900.6,11.6,,burst,,,,,,,,,90f794bfd500,0.6605,0.0175,0
700,cofly,loss_sweep,125,123,1,2,6,30,8.0,0.12,0.3,1,915.601,0,90.014,0,35.664,2.163,903.9,11.7,,independent,,,,,,,,,90f794bfd500,0.6943,0.0343,0
701,cofly,loss_sweep,125,123,1,2,6,30,8.0,0.12,0.4,1,994.531,0,70.945,0,37.659,2.256,981.8,12.7,,burst,,,,,,,,,f160c97457f8,0.667,0.0343,0
702,cofly,loss_sweep,125,123,1,2,6,30,8.0,0.12,0.4,1,1011.736,0,66.788,0,38.094,2.276,998.8,12.9,,independent,,,,,,,,,f160c97457f8,0.5625,0.0386,0
703,cofly,loss_sweep,125,123,1,2,6,30,8.0,0.12,0.5,1,1058.719,0,55.437,0,39.281,2.332,1045.2,13.5,,burst,,,,,,,,,2ae0ee9229c9,0.6691,0.0319,0
704,cofly,loss_sweep,125,123,1,2,6,30,8.0,0.12,0.5,1,1077.972,0,50.786,0,39.768,2.354,1064.3,13.7,,independent,,,,,,,,,2ae0ee9229c9,0.7187,0.0225,0
705,cofly,loss_sweep,126,123,1,3,6,30,8.0,0.12,0.0,1,867.947,0,101.528,1,36.676,1.595,856.8,11.1,,burst,,,,,,,,,4d448bd81c0d,0.5897,0.0298,0
706,cofly,loss_sweep,126,123,1,3,6,30,8.0,0.12,0.0,1,866.429,0,101.894,1,36.635,1.593,855.4,11.0,,independent,,,,,,,,,4d448bd81c0d,0.6223,0.0253,0
707,cofly,loss_sweep,126,123,1,3,6,30,8.0,0.12,0.1,1,880.347,0,98.532,1,37.009,1.606,869.1,11.2,,burst,,,,,,,,,be0e9db2bff7,0.6263,0.0195,0
708,cofly,loss_sweep,126,123,1,3,6,30,8.0,0.12,0.1,1,878.87,0,98.889,1,36.97,1.605,867.7,11.2,,independent,,,,,,,,,be0e9db2bff7,0.6809,0.0298,0
709,cofly,loss_sweep,126,123,1,3,6,30,8.0,0.12,0.2,1,900.828,0,93.584,1,37.56,1.624,889.3,11.5,,burst,,,,,,,,,5788e55fa210,0.6446,0.0352,0
710,cofly,loss_sweep,126,123,1,3,6,30,8.0,0.12,0.2,1,904.87,0,92.607,1,37.669,1.628,893.4,11.5,,independent,,,,,,,,,5788e55fa210,0.754,0.0254,0
711,cofly,loss_sweep,126,123,1,3,6,30,8.0,0.12,0.3,1,943.107,0,83.369,1,38.698,1.662,931.1,12.0,,burst,,,,,,,,,9a2db6f11453,0.7604,0.0272,0
712,cofly,loss_sweep,126,123,1,3,6,30,8.0,0.12,0.3,1,912.976,0,90.649,1,37.887,1.635,901.4,11.6,,independent,,,,,,,,,9a2db6f11453,0.593,0.0254,0
713,cofly,loss_sweep,126,123,1,3,6,30,8.0,0.12,0.4,1,973.409,0,76.048,1,39.513,1.689,961.0,12.4,,burst,,,,,,,,,96ea97932e44,0.657,0.0447,0
714,cofly,loss_sweep,126,123,1,3,6,30,8.0,0.12,0.4,1,998.328,0,70.028,1,40.184,1.711,985.6,12.7,,independent,,,,,,,,,96ea97932e44,0.6607,0.0272,0
715,cofly,loss_sweep,126,123,1,3,6,30,8.0,0.12,0.5,1,1068.778,0,53.007,1,42.079,1.774,1055.2,13.6,,burst,,,,,,,,,193d0b95dc8b,0.5814,0.0304,0
716,cofly,loss_sweep,126,123,1,3,6,30,8.0,0.12,0.5,1,1085.023,0,49.082,1,42.516,1.788,1071.2,13.8,,independent,,,,,,,,,193d0b95dc8b,0.6491,0.0157,0
717,cofly,loss_sweep,256,256,2,0,6,30,8.0,0.12,0.0,1,878.454,0,98.989,1,34.167,1.909,867.3,11.2,,burst,,,,,,,,,ffd8d55c61ff,0.7186,0.0214,0
718,cofly,loss_sweep,256,256,2,0,6,30,8.0,0.12,0.0,1,883.676,0,97.727,1,34.297,1.915,872.4,11.3,,independent,,,,,,,,,ffd8d55c61ff,0.5848,0.0353,0
719,cofly,loss_sweep,256,256,2,0,6,30,8.0,0.12,0.1,1,885.888,0,97.193,1,34.352,1.917,874.6,11.3,,burst,,,,,,,,,4a28f42e3e19,0.6517,0.0276,0
720,cofly,loss_sweep,256,256,2,0,6,30,8.0,0.12,0.1,1,886.117,0,97.138,1,34.358,1.917,874.8,11.3,,independent,,,,,,,,,4a28f42e3e19,0.6501,0.0273,0
721,cofly,loss_sweep,256,256,2,0,6,30,8.0,0.12,0.2,1,902.303,0,93.227,1,34.761,1.934,890.8,11.5,,burst,,,,,,,,,b3d07bf235e3,0.6329,0.0291,0
722,cofly,loss_sweep,256,256,2,0,6,30,8.0,0.12,0.2,1,909.678,0,91.445,1,34.944,1.942,898.1,11.6,,independent,,,,,,,,,b3d07bf235e3,0.6885,0.0205,0
723,cofly,loss_sweep,256,256,2,0,6,30,8.0,0.12,0.3,1,899.895,0,93.809,1,34.701,1.932,888.4,11.5,,burst,,,,,,,,,87573cee0c4e,0.6111,0.0194,0
724,cofly,loss_sweep,256,256,2,0,6,30,8.0,0.12,0.3,1,932.871,0,85.842,1,35.521,1.967,921.0,11.9,,independent,,,,,,,,,87573cee0c4e,0.474,0.0284,0
725,cofly,loss_sweep,256,256,2,0,6,30,8.0,0.12,0.4,1,981.527,0,74.087,1,36.731,2.019,969.0,12.5,,burst,,,,,,,,,2c301ff9086a,0.6425,0.0247,0
726,cofly,loss_sweep,256,256,2,0,6,30,8.0,0.12,0.4,1,996.61,0,70.443,1,37.106,2.035,983.9,12.7,,independent,,,,,,,,,2c301ff9086a,0.6788,0.018,0
727,cofly,loss_sweep,256,256,2,0,6,30,8.0,0.12,0.5,1,1083.734,0,49.394,1,39.273,2.127,1069.9,13.8,,burst,,,,,,,,,eca4a8086681,0.6847,0.0239,0
728,cofly,loss_sweep,256,256,2,0,6,30,8.0,0.12,0.5,1,1076.954,0,51.032,1,39.105,2.12,1063.3,13.7,,independent,,,,,,,,,eca4a8086681,0.6095,0.0282,0
729,cofly,loss_sweep,257,256,2,1,6,30,8.0,0.12,0.0,1,865.356,1,102.154,1,34.52,1.635,854.4,11.0,,burst,,,,,,,,,35a087297f63,0.6081,0.0227,0
730,cofly,loss_sweep,257,256,2,1,6,30,8.0,0.12,0.0,1,865.51,1,102.116,1,34.524,1.635,854.5,11.0,,independent,,,,,,,,,35a087297f63,0.6668,0.0183,0
731,cofly,loss_sweep,257,256,2,1,6,30,8.0,0.12,0.1,1,883.81,1,97.695,1,34.989,1.652,872.5,11.3,,burst,,,,,,,,,63cee171c306,0.6727,0.0335,0
732,cofly,loss_sweep,257,256,2,1,6,30,8.0,0.12,0.1,1,877.851,1,99.135,1,34.837,1.647,866.7,11.2,,independent,,,,,,,,,63cee171c306,0.6296,0.0433,0
733,cofly,loss_sweep,257,256,2,1,6,30,8.0,0.12,0.2,1,900.226,1,93.729,1,35.405,1.667,888.7,11.5,,burst,,,,,,,,,7d38cf260553,0.7011,0.027,0
734,cofly,loss_sweep,257,256,2,1,6,30,8.0,0.12,0.2,1,889.03,1,96.434,1,35.121,1.657,877.7,11.3,,independent,,,,,,,,,7d38cf260553,0.7137,0.0216,0
735,cofly,loss_sweep,257,256,2,1,6,30,8.0,0.12,0.3,1,921.211,1,88.659,1,35.938,1.686,909.5,11.7,,burst,,,,,,,,,8e44cd6f504c,0.6771,0.0204,0
736,cofly,loss_sweep,257,256,2,1,6,30,8.0,0.12,0.3,1,939.011,1,84.359,1,36.389,1.703,927.0,12.0,,independent,,,,,,,,,8e44cd6f504c,0.6745,0.0276,0
737,cofly,loss_sweep,257,256,2,1,6,30,8.0,0.12,0.4,1,979.776,1,74.51,1,37.423,1.74,967.3,12.5,,burst,,,,,,,,,941e6030b026,0.7109,0.027,0
738,cofly,loss_sweep,257,256,2,1,6,30,8.0,0.12,0.4,1,994.7,1,70.904,1,37.802,1.754,982.0,12.7,,independent,,,,,,,,,941e6030b026,0.6486,0.0227,0
739,cofly,loss_sweep,257,256,2,1,6,30,8.0,0.12,0.5,1,1048.817,1,57.83,1,39.175,1.803,1035.4,13.4,,burst,,,,,,,,,5c3643874a09,0.5161,0.053,0
740,cofly,loss_sweep,257,256,2,1,6,30,8.0,0.12,0.5,1,1098.269,1,45.882,1,40.43,1.849,1084.3,14.0,,independent,,,,,,,,,5c3643874a09,0.684,0.0274,0
741,cofly,loss_sweep,258,256,2,2,6,30,8.0,0.12,0.0,1,885.835,0,97.206,1,36.448,1.81,874.5,11.3,,burst,,,,,,,,,ebc65d09df77,0.6519,0.037,0
742,cofly,loss_sweep,258,256,2,2,6,30,8.0,0.12,0.0,1,867.368,0,101.668,1,35.961,1.791,856.3,11.1,,independent,,,,,,,,,ebc65d09df77,0.6295,0.0762,0
743,cofly,loss_sweep,258,256,2,2,6,30,8.0,0.12,0.1,1,899.165,0,93.985,1,36.8,1.823,887.7,11.5,,burst,,,,,,,,,96e6ec1a7ef3,0.6097,0.0466,0
744,cofly,loss_sweep,258,256,2,2,6,30,8.0,0.12,0.1,1,878.669,0,98.937,1,36.259,1.803,867.5,11.2,,independent,,,,,,,,,96e6ec1a7ef3,0.7113,0.0177,0
745,cofly,loss_sweep,258,256,2,2,6,30,8.0,0.12,0.2,1,889.346,0,96.358,1,36.541,1.814,878.0,11.3,,burst,,,,,,,,,91b580bbde1b,0.5609,0.0342,0
746,cofly,loss_sweep,258,256,2,2,6,30,8.0,0.12,0.2,1,897.094,0,94.486,1,36.746,1.821,885.7,11.4,,independent,,,,,,,,,91b580bbde1b,0.669,0.0321,0
747,cofly,loss_sweep,258,256,2,2,6,30,8.0,0.12,0.3,1,929.734,0,86.6,1,37.607,1.854,917.9,11.8,,burst,,,,,,,,,23b8710d682b,0.5926,0.0667,0
748,cofly,loss_sweep,258,256,2,2,6,30,8.0,0.12,0.3,1,922.372,0,88.379,1,37.413,1.847,910.6,11.8,,independent,,,,,,,,,23b8710d682b,0.676,0.0358,0
749,cofly,loss_sweep,258,256,2,2,6,30,8.0,0.12,0.4,1,979.865,0,74.488,1,38.93,1.904,967.4,12.5,,burst,,,,,,,,,6434abc3fdb1,0.7082,0.02,0
750,cofly,loss_sweep,258,256,2,2,6,30,8.0,0.12,0.4,1,986.148,0,72.97,1,39.096,1.911,973.5,12.6,,independent,,,,,,,,,6434abc3fdb1,0.635,0.0166,0
751,cofly,loss_sweep,258,256,2,2,6,30,8.0,0.12,0.5,1,1065.268,0,53.855,1,41.184,1.99,1051.7,13.6,,burst,,,,,,,,,c67e280d6a9e,0.7241,0.0314,0
752,cofly,loss_sweep,258,256,2,2,6,30,8.0,0.12,0.5,1,1095.408,0,46.573,1,41.979,2.02,1081.4,14.0,,independent,,,,,,,,,c67e280d6a9e,0.6965,0.019,0
753,cofly,loss_sweep,259,256,2,3,6,30,8.0,0.12,0.0,1,868.584,1,101.374,0,35.046,1.906,857.5,11.1,,burst,,,,,,,,,fcc03b028f4c,0.6569,0.0484,0
754,cofly,loss_sweep,259,256,2,3,6,30,8.0,0.12,0.0,1,879.136,1,98.824,0,35.317,1.918,867.9,11.2,,independent,,,,,,,,,fcc03b028f4c,0.7248,0.0226,0
755,cofly,loss_sweep,259,256,2,3,6,30,8.0,0.12,0.1,1,879.868,1,98.647,0,35.336,1.918,868.7,11.2,,burst,,,,,,,,,0daf63e72653,0.6314,0.0247,0
756,cofly,loss_sweep,259,256,2,3,6,30,8.0,0.12,0.1,1,881.433,1,98.269,0,35.376,1.92,870.2,11.2,,independent,,,,,,,,,0daf63e72653,0.6559,0.0531,0
757,cofly,loss_sweep,259,256,2,3,6,30,8.0,0.12,0.2,1,883.277,1,97.824,0,35.423,1.922,872.0,11.3,,burst,,,,,,,,,74c2c6fd3b30,0.5935,0.0178,0
758,cofly,loss_sweep,259,256,2,3,6,30,8.0,0.12,0.2,1,897.171,1,94.467,0,35.78,1.937,885.8,11.4,,independent,,,,,,,,,74c2c6fd3b30,0.6096,0.0734,0
759,cofly,loss_sweep,259,256,2,3,6,30,8.0,0.12,0.3,1,913.488,1,90.525,0,36.2,1.954,901.9,11.6,,burst,,,,,,,,,5b27be3735f3,0.7041,0.0227,0
760,cofly,loss_sweep,259,256,2,3,6,30,8.0,0.12,0.3,1,918.765,1,89.25,0,36.335,1.96,907.1,11.7,,independent,,,,,,,,,5b27be3735f3,0.6348,0.0254,0
761,cofly,loss_sweep,259,256,2,3,6,30,8.0,0.12,0.4,1,974.992,1,75.666,0,37.78,2.02,962.6,12.4,,burst,,,,,,,,,dcb4d797a5c0,0.5901,0.0273,0
762,cofly,loss_sweep,259,256,2,3,6,30,8.0,0.12,0.4,1,1001.23,1,69.327,0,38.454,2.048,988.4,12.8,,independent,,,,,,,,,dcb4d797a5c0,0.7822,0.02,0
763,cofly,loss_sweep,259,256,2,3,6,30,8.0,0.12,0.5,1,1057.87,1,55.643,0,39.91,2.108,1044.4,13.5,,burst,,,,,,,,,dd139bc1560c,0.6939,0.0156,0
764,cofly,loss_sweep,259,256,2,3,6,30,8.0,0.12,0.5,1,1099.938,1,45.479,0,40.991,2.153,1085.9,14.0,,independent,,,,,,,,,dd139bc1560c,0.6929,0.0379,0
765,cofly,loss_sweep,512,512,3,0,6,30,8.0,0.12,0.0,1,870.48,0,100.916,0,38.289,1.764,859.4,11.1,,burst,,,,,,,,,ff6b40c51bf8,0.6492,0.019,0
766,cofly,loss_sweep,512,512,3,0,6,30,8.0,0.12,0.0,1,874.667,0,99.904,0,38.407,1.769,863.6,11.1,,independent,,,,,,,,,ff6b40c51bf8,0.6119,0.018,0
767,cofly,loss_sweep,512,512,3,0,6,30,8.0,0.12,0.1,1,863.556,0,102.589,0,38.095,1.758,852.6,11.0,,burst,,,,,,,,,03217308eef1,0.5624,0.0285,0
768,cofly,loss_sweep,512,512,3,0,6,30,8.0,0.12,0.1,1,873.216,0,100.255,0,38.366,1.767,862.1,11.1,,independent,,,,,,,,,03217308eef1,0.7192,0.0271,0
769,cofly,loss_sweep,512,512,3,0,6,30,8.0,0.12,0.2,1,910.823,0,91.169,0,39.42,1.804,899.2,11.6,,burst,,,,,,,,,4e38bc5b9ca6,0.5798,0.015,0
770,cofly,loss_sweep,512,512,3,0,6,30,8.0,0.12,0.2,1,913.568,0,90.506,0,39.497,1.807,902.0,11.6,,independent,,,,,,,,,4e38bc5b9ca6,0.6931,0.0199,0
771,cofly,loss_sweep,512,512,3,0,6,30,8.0,0.12,0.3,1,920.901,0,88.734,0,39.703,1.814,909.2,11.7,,burst,,,,,,,,,c10987013f18,0.682,0.0295,0
772,cofly,loss_sweep,512,512,3,0,6,30,8.0,0.12,0.3,1,925.861,0,87.536,0,39.842,1.819,914.1,11.8,,independent,,,,,,,,,c10987013f18,0.561,0.0173,0
773,cofly,loss_sweep,512,512,3,0,6,30,8.0,0.12,0.4,1,966.371,0,77.749,0,40.977,1.859,954.1,12.3,,burst,,,,,,,,,491078a287d8,0.6996,0.0363,0
774,cofly,loss_sweep,512,512,3,0,6,30,8.0,0.12,0.4,1,1000.704,0,69.454,0,41.94,1.893,988.0,12.7,,independent,,,,,,,,,491078a287d8,0.6321,0.0176,0
775,cofly,loss_sweep,512,512,3,0,6,30,8.0,0.12,0.5,1,1046.033,0,58.502,0,43.211,1.937,1032.7,13.3,,burst,,,,,,,,,82dd4ac40d66,0.6151,0.02,0
776,cofly,loss_sweep,512,512,3,0,6,30,8.0,0.12,0.5,1,1071.5,0,52.35,0,43.925,1.963,1057.8,13.7,,independent,,,,,,,,,82dd4ac40d66,0.5511,0.0311,0
777,cofly,loss_sweep,513,512,3,1,6,30,8.0,0.12,0.0,1,880.781,0,98.427,0,36.956,1.947,869.6,11.2,,burst,,,,,,,,,90fbe1ab72c1,0.7203,0.0255,0
778,cofly,loss_sweep,513,512,3,1,6,30,8.0,0.12,0.0,1,874.661,0,99.905,0,36.792,1.94,863.6,11.1,,independent,,,,,,,,,90fbe1ab72c1,0.6716,0.0294,0
779,cofly,loss_sweep,513,512,3,1,6,30,8.0,0.12,0.1,1,873.038,0,100.298,0,36.748,1.938,861.9,11.1,,burst,,,,,,,,,1922cebd2701,0.6448,0.0219,0
780,cofly,loss_sweep,513,512,3,1,6,30,8.0,0.12,0.1,1,880.924,0,98.392,0,36.96,1.947,869.7,11.2,,independent,,,,,,,,,1922cebd2701,0.5885,0.0254,0
781,cofly,loss_sweep,513,512,3,1,6,30,8.0,0.12,0.2,1,892.289,0,95.647,0,37.265,1.959,880.9,11.4,,burst,,,,,,,,,44c1df9ee5de,0.6292,0.032,0
782,cofly,loss_sweep,513,512,3,1,6,30,8.0,0.12,0.2,1,907.578,0,91.953,0,37.676,1.976,896.0,11.6,,independent,,,,,,,,,44c1df9ee5de,0.6457,0.0294,0
783,cofly,loss_sweep,513,512,3,1,6,30,8.0,0.12,0.3,1,926.94,0,87.275,0,38.196,1.997,915.1,11.8,,burst,,,,,,,,,0c7ee811b387,0.7195,0.0191,0
784,cofly,loss_sweep,513,512,3,1,6,30,8.0,0.12,0.3,1,924.673,0,87.823,0,38.135,1.994,912.9,11.8,,independent,,,,,,,,,0c7ee811b387,0.703,0.0434,0
785,cofly,loss_sweep,513,512,3,1,6,30,8.0,0.12,0.4,1,979.284,0,74.629,0,39.601,2.053,966.8,12.5,,burst,,,,,,,,,db6d835858b5,0.5959,0.032,0
786,cofly,loss_sweep,513,512,3,1,6,30,8.0,0.12,0.4,1,993.919,0,71.093,0,39.994,2.069,981.2,12.7,,independent,,,,,,,,,db6d835858b5,0.6013,0.0256,0
787,cofly,loss_sweep,513,512,3,1,6,30,8.0,0.12,0.5,1,1068.152,0,53.158,0,41.988,2.149,1054.6,13.6,,burst,,,,,,,,,e32612e9f873,0.6326,0.0272,0
788,cofly,loss_sweep,513,512,3,1,6,30,8.0,0.12,0.5,1,1079.073,0,50.52,0,42.281,2.161,1065.4,13.7,,independent,,,,,,,,,e32612e9f873,0.7018,0.0446,0
789,cofly,loss_sweep,514,512,3,2,6,30,8.0,0.12,0.0,1,877.461,0,99.229,0,37.0,2.001,866.3,11.2,,burst,,,,,,,,,039bb0bbeca4,0.7087,0.0214,0
790,cofly,loss_sweep,514,512,3,2,6,30,8.0,0.12,0.0,1,870.193,0,100.985,0,36.804,1.993,859.1,11.1,,independent,,,,,,,,,039bb0bbeca4,0.6552,0.0222,0
791,cofly,loss_sweep,514,512,3,2,6,30,8.0,0.12,0.1,1,875.732,0,99.647,0,36.953,1.999,864.5,11.2,,burst,,,,,,,,,07f7f4621a01,0.5541,0.0631,0
792,cofly,loss_sweep,514,512,3,2,6,30,8.0,0.12,0.1,1,854.004,0,104.896,0,36.367,1.975,843.1,10.9,,independent,,,,,,,,,07f7f4621a01,0.6096,0.0312,0
793,cofly,loss_sweep,514,512,3,2,6,30,8.0,0.12,0.2,1,895.348,0,94.908,0,37.482,2.021,883.9,11.4,,burst,,,,,,,,,d59810d5e95c,0.6511,0.0229,0
794,cofly,loss_sweep,514,512,3,2,6,30,8.0,0.12,0.2,1,904.934,0,92.592,0,37.74,2.031,893.4,11.5,,independent,,,,,,,,,d59810d5e95c,0.6241,0.0363,0
795,cofly,loss_sweep,514,512,3,2,6,30,8.0,0.12,0.3,1,914.481,0,90.285,0,37.997,2.042,902.8,11.7,,burst,,,,,,,,,a663469aee85,0.712,0.0157,0
796,cofly,loss_sweep,514,512,3,2,6,30,8.0,0.12,0.3,1,914.589,0,90.259,0,38.0,2.042,902.9,11.7,,independent,,,,,,,,,a663469aee85,0.6015,0.0477,0
797,cofly,loss_sweep,514,512,3,2,6,30,8.0,0.12,0.4,1,987.201,0,72.716,0,39.957,2.123,974.6,12.6,,burst,,,,,,,,,50b4fd2933e2,0.6156,0.0388,0
798,cofly,loss_sweep,514,512,3,2,6,30,8.0,0.12,0.4,1,992.306,0,71.483,0,40.095,2.129,979.7,12.6,,independent,,,,,,,,,50b4fd2933e2,0.6121,0.0255,0
799,cofly,loss_sweep,514,512,3,2,6,30,8.0,0.12,0.5,1,1062.041,0,54.635,0,41.975,2.206,1048.5,13.5,,burst,,,,,,,,,86cb9bd52123,0.7571,0.0262,0
800,cofly,loss_sweep,514,512,3,2,6,30,8.0,0.12,0.5,1,1075.576,0,51.365,0,42.34,2.221,1061.9,13.7,,independent,,,,,,,,,86cb9bd52123,0.5976,0.0277,0
801,cofly,loss_sweep,515,512,3,3,6,30,8.0,0.12,0.0,1,868.247,0,101.455,0,37.195,1.72,857.1,11.1,,burst,,,,,,,,,23a67bb2360d,0.6266,0.026,0
802,cofly,loss_sweep,515,512,3,3,6,30,8.0,0.12,0.0,1,881.471,0,98.26,0,37.556,1.733,870.3,11.2,,independent,,,,,,,,,23a67bb2360d,0.6342,0.0322,0
803,cofly,loss_sweep,515,512,3,3,6,30,8.0,0.12,0.1,1,864.079,0,102.462,0,37.082,1.716,853.1,11.0,,burst,,,,,,,,,6a258537d0b9,0.6006,0.019,0
804,cofly,loss_sweep,515,512,3,3,6,30,8.0,0.12,0.1,1,886.046,0,97.155,0,37.681,1.738,874.7,11.3,,independent,,,,,,,,,6a258537d0b9,0.5931,0.028,0
805,cofly,loss_sweep,515,512,3,3,6,30,8.0,0.12,0.2,1,905.745,0,92.396,0,38.218,1.757,894.2,11.5,,burst,,,,,,,,,735ebe018f1f,0.5803,0.0452,0
806,cofly,loss_sweep,515,512,3,3,6,30,8.0,0.12,0.2,1,887.478,0,96.809,0,37.72,1.739,876.2,11.3,,independent,,,,,,,,,735ebe018f1f,0.7374,0.0271,0
807,cofly,loss_sweep,515,512,3,3,6,30,8.0,0.12,0.3,1,922.019,0,88.464,0,38.662,1.772,910.3,11.7,,burst,,,,,,,,,80688afeddf4,0.7386,0.0278,0
808,cofly,loss_sweep,515,512,3,3,6,30,8.0,0.12,0.3,1,921.28,0,88.642,0,38.642,1.771,909.6,11.7,,independent,,,,,,,,,80688afeddf4,0.6598,0.0281,0
809,cofly,loss_sweep,515,512,3,3,6,30,8.0,0.12,0.4,1,992.613,0,71.408,0,40.588,1.84,980.0,12.6,,burst,,,,,,,,,9a174cbb1729,0.6474,0.0281,0
810,cofly,loss_sweep,515,512,3,3,6,30,8.0,0.12,0.4,1,1000.656,0,69.465,0,40.808,1.848,988.0,12.7,,independent,,,,,,,,,9a174cbb1729,0.7175,0.0265,0
811,cofly,loss_sweep,515,512,3,3,6,30,8.0,0.12,0.5,1,1078.897,0,50.562,0,42.942,1.923,1065.2,13.7,,burst,,,,,,,,,3c555a2b5122,0.613,0.0246,0
812,cofly,loss_sweep,515,512,3,3,6,30,8.0,0.12,0.5,1,1089.675,0,47.958,0,43.236,1.933,1075.8,13.9,,independent,,,,,,,,,3c555a2b5122,0.6746,0.0147,0
813,cofly,loss_sweep,1024,1024,4,0,6,30,8.0,0.12,0.0,1,883.687,0,97.725,0,35.875,2.02,872.4,11.3,,burst,,,,,,,,,31d5f6317bdc,0.6564,0.0208,0
814,cofly,loss_sweep,1024,1024,4,0,6,30,8.0,0.12,0.0,1,879.477,0,98.742,0,35.766,2.015,868.3,11.2,,independent,,,,,,,,,31d5f6317bdc,0.6509,0.0247,0
815,cofly,loss_sweep,1024,1024,4,0,6,30,8.0,0.12,0.1,1,882.332,0,98.052,0,35.84,2.018,871.1,11.2,,burst,,,,,,,,,c62196aa232c,0.6518,0.0218,0
816,cofly,loss_sweep,1024,1024,4,0,6,30,8.0,0.12,0.1,1,900.242,0,93.725,0,36.306,2.038,888.7,11.5,,independent,,,,,,,,,c62196aa232c,0.6403,0.0277,0
817,cofly,loss_sweep,1024,1024,4,0,6,30,8.0,0.12,0.2,1,898.575,0,94.128,0,36.263,2.036,887.2,11.4,,burst,,,,,,,,,ee6c39af7b02,0.6936,0.0179,0
818,cofly,loss_sweep,1024,1024,4,0,6,30,8.0,0.12,0.2,1,915.707,0,89.989,0,36.708,2.055,904.0,11.7,,independent,,,,,,,,,ee6c39af7b02,0.6068,0.0224,0
819,cofly,loss_sweep,1024,1024,4,0,6,30,8.0,0.12,0.3,1,929.254,0,86.716,0,37.061,2.071,917.5,11.8,,burst,,,,,,,,,2e144111b985,0.5332,0.0176,0
820,cofly,loss_sweep,1024,1024,4,0,6,30,8.0,0.12,0.3,1,921.577,0,88.571,0,36.861,2.062,909.9,11.7,,independent,,,,,,,,,2e144111b985,0.6723,0.0485,0
821,cofly,loss_sweep,1024,1024,4,0,6,30,8.0,0.12,0.4,1,961.117,0,79.018,0,37.89,2.106,948.9,12.2,,burst,,,,,,,,,02abaa4d7a52,0.5636,0.0416,0
822,cofly,loss_sweep,1024,1024,4,0,6,30,8.0,0.12,0.4,1,996.664,0,70.43,0,38.815,2.146,984.0,12.7,,independent,,,,,,,,,02abaa4d7a52,0.6579,0.0257,0
823,cofly,loss_sweep,1024,1024,4,0,6,30,8.0,0.12,0.5,1,1063.868,0,54.193,0,40.563,2.221,1050.3,13.6,,burst,,,,,,,,,6ad321d0ab3c,0.6836,0.0246,0
824,cofly,loss_sweep,1024,1024,4,0,6,30,8.0,0.12,0.5,1,1091.625,0,47.487,0,41.285,2.252,1077.7,13.9,,independent,,,,,,,,,6ad321d0ab3c,0.6205,0.0214,0
825,cofly,loss_sweep,1025,1024,4,1,6,30,8.0,0.12,0.0,1,889.921,0,96.219,0,33.499,1.409,878.6,11.3,,burst,,,,,,,,,753791e1126c,0.625,0.0227,0
826,cofly,loss_sweep,1025,1024,4,1,6,30,8.0,0.12,0.0,1,857.326,0,104.094,0,32.711,1.383,846.4,10.9,,independent,,,,,,,,,753791e1126c,0.5944,0.0277,0
827,cofly,loss_sweep,1025,1024,4,1,6,30,8.0,0.12,0.1,1,879.77,0,98.671,0,33.254,1.401,868.6,11.2,,burst,,,,,,,,,e4a00d11f5c9,0.6171,0.0198,0
828,cofly,loss_sweep,1025,1024,4,1,6,30,8.0,0.12,0.1,1,870.582,0,100.891,0,33.031,1.394,859.5,11.1,,independent,,,,,,,,,e4a00d11f5c9,0.6741,0.018,0
829,cofly,loss_sweep,1025,1024,4,1,6,30,8.0,0.12,0.2,1,904.166,0,92.777,0,33.844,1.42,892.7,11.5,,burst,,,,,,,,,3df89d688fa9,0.6284,0.0253,0
830,cofly,loss_sweep,1025,1024,4,1,6,30,8.0,0.12,0.2,1,897.091,0,94.487,0,33.673,1.414,885.7,11.4,,independent,,,,,,,,,3df89d688fa9,0.6178,0.0218,0
831,cofly,loss_sweep,1025,1024,4,1,6,30,8.0,0.12,0.3,1,919.605,0,89.047,0,34.217,1.432,907.9,11.7,,burst,,,,,,,,,b95fdc8ee872,0.6839,0.0222,0
832,cofly,loss_sweep,1025,1024,4,1,6,30,8.0,0.12,0.3,1,915.489,0,90.042,0,34.117,1.429,903.8,11.7,,independent,,,,,,,,,b95fdc8ee872,0.6133,0.0298,0
833,cofly,loss_sweep,1025,1024,4,1,6,30,8.0,0.12,0.4,1,990.422,0,71.938,0,35.93,1.487,977.8,12.6,,burst,,,,,,,,,f131cb3d548b,0.6931,0.0191,0
834,cofly,loss_sweep,1025,1024,4,1,6,30,8.0,0.12,0.4,1,1021.711,0,64.379,0,36.686,1.511,1008.7,13.0,,independent,,,,,,,,,f131cb3d548b,0.6262,0.0256,0
835,cofly,loss_sweep,1025,1024,4,1,6,30,8.0,0.12,0.5,1,1054.885,0,56.364,0,37.489,1.537,1041.5,13.4,,burst,,,,,,,,,c45d99f66632,0.6616,0.0186,0
836,cofly,loss_sweep,1025,1024,4,1,6,30,8.0,0.12,0.5,1,1075.133,0,51.472,0,37.978,1.553,1061.4,13.7,,independent,,,,,,,,,c45d99f66632,0.6939,0.0219,0
837,cofly,loss_sweep,1026,1024,4,2,6,30,8.0,0.12,0.0,1,867.891,0,101.541,0,36.881,1.969,856.8,11.1,,burst,,,,,,,,,6f8e55bc00a3,0.6186,0.0282,0
838,cofly,loss_sweep,1026,1024,4,2,6,30,8.0,0.12,0.0,1,883.353,0,97.806,0,37.3,1.986,872.1,11.3,,independent,,,,,,,,,6f8e55bc00a3,0.7382,0.0226,0
839,cofly,loss_sweep,1026,1024,4,2,6,30,8.0,0.12,0.1,1,866.523,0,101.872,0,36.844,1.967,855.5,11.0,,burst,,,,,,,,,b505534d4e9b,0.665,0.03,0
840,cofly,loss_sweep,1026,1024,4,2,6,30,8.0,0.12,0.1,1,877.99,0,99.101,0,37.155,1.98,866.8,11.2,,independent,,,,,,,,,b505534d4e9b,0.6326,0.0226,0
841,cofly,loss_sweep,1026,1024,4,2,6,30,8.0,0.12,0.2,1,882.249,0,98.072,0,37.27,1.985,871.0,11.2,,burst,,,,,,,,,0999a662b0eb,0.5917,0.0234,0
842,cofly,loss_sweep,1026,1024,4,2,6,30,8.0,0.12,0.2,1,889.029,0,96.434,0,37.453,1.992,877.7,11.3,,independent,,,,,,,,,0999a662b0eb,0.5604,0.0221,0
843,cofly,loss_sweep,1026,1024,4,2,6,30,8.0,0.12,0.3,1,913.765,0,90.458,0,38.123,2.019,902.2,11.6,,burst,,,,,,,,,455aa4a26e74,0.7466,0.0215,0
844,cofly,loss_sweep,1026,1024,4,2,6,30,8.0,0.12,0.3,1,929.768,0,86.592,0,38.556,2.037,918.0,11.8,,independent,,,,,,,,,455aa4a26e74,0.6864,0.0408,0
845,cofly,loss_sweep,1026,1024,4,2,6,30,8.0,0.12,0.4,1,975.054,0,75.651,0,39.781,2.087,962.7,12.4,,burst,,,,,,,,,d40dbd021307,0.6837,0.0339,0
846,cofly,loss_sweep,1026,1024,4,2,6,30,8.0,0.12,0.4,1,984.601,0,73.344,0,40.039,2.097,972.1,12.5,,independent,,,,,,,,,d40dbd021307,0.5906,0.0219,0
847,cofly,loss_sweep,1026,1024,4,2,6,30,8.0,0.12,0.5,1,1075.785,0,51.314,0,42.506,2.198,1062.1,13.7,,burst,,,,,,,,,1374811240f7,0.6693,0.0264,0
848,cofly,loss_sweep,1026,1024,4,2,6,30,8.0,0.12,0.5,1,1074.627,0,51.594,0,42.475,2.197,1060.9,13.7,,independent,,,,,,,,,1374811240f7,0.6317,0.023,0
849,cofly,loss_sweep,1027,1024,4,3,6,30,8.0,0.12,0.0,1,877.586,1,99.199,0,36.232,2.466,866.4,11.2,,burst,,,,,,,,,2818073c9638,0.5526,0.0256,0
850,cofly,loss_sweep,1027,1024,4,3,6,30,8.0,0.12,0.0,1,881.262,1,98.311,0,36.329,2.471,870.1,11.2,,independent,,,,,,,,,2818073c9638,0.7415,0.0204,0
851,cofly,loss_sweep,1027,1024,4,3,6,30,8.0,0.12,0.1,1,888.464,1,96.571,0,36.519,2.481,877.2,11.3,,burst,,,,,,,,,f7ded76d7301,0.5531,0.031,0
852,cofly,loss_sweep,1027,1024,4,3,6,30,8.0,0.12,0.1,1,873.419,1,100.206,0,36.122,2.46,862.3,11.1,,independent,,,,,,,,,f7ded76d7301,0.8382,0.0315,0
853,cofly,loss_sweep,1027,1024,4,3,6,30,8.0,0.12,0.2,1,903.934,1,92.833,0,36.927,2.502,892.4,11.5,,burst,,,,,,,,,3383392b1c15,0.6186,0.028,0
854,cofly,loss_sweep,1027,1024,4,3,6,30,8.0,0.12,0.2,1,888.511,1,96.559,0,36.52,2.481,877.2,11.3,,independent,,,,,,,,,3383392b1c15,0.7104,0.0165,0
855,cofly,loss_sweep,1027,1024,4,3,6,30,8.0,0.12,0.3,1,918.004,1,89.434,0,37.298,2.522,906.3,11.7,,burst,,,,,,,,,c8c0f2bda9d0,0.5582,0.0298,0
856,cofly,loss_sweep,1027,1024,4,3,6,30,8.0,0.12,0.3,1,915.793,1,89.968,0,37.24,2.519,904.1,11.7,,independent,,,,,,,,,c8c0f2bda9d0,0.6751,0.039,0
857,cofly,loss_sweep,1027,1024,4,3,6,30,8.0,0.12,0.4,1,979.339,1,74.616,0,38.917,2.606,966.8,12.5,,burst,,,,,,,,,a5c7a9936bbb,0.511,0.0214,0
858,cofly,loss_sweep,1027,1024,4,3,6,30,8.0,0.12,0.4,1,992.843,1,71.353,0,39.274,2.624,980.2,12.6,,independent,,,,,,,,,a5c7a9936bbb,0.5575,0.0215,0
859,cofly,loss_sweep,1027,1024,4,3,6,30,8.0,0.12,0.5,1,1070.425,1,52.609,0,41.321,2.731,1056.8,13.6,,burst,,,,,,,,,b3fd0e924aaa,0.6702,0.0256,0
860,cofly,loss_sweep,1027,1024,4,3,6,30,8.0,0.12,0.5,1,1065.822,1,53.721,0,41.2,2.724,1052.2,13.6,,independent,,,,,,,,,b3fd0e924aaa,0.7784,0.0301,0
861,greedy,loss_sweep,42,42,0,0,6,30,8.0,0.12,0.0,1,2343.311,0,103.994,0,30.665,20.521,2313.4,29.9,,burst,,,,,,,,,a9a30b459ff5,0.0811,0.0018,0
862,greedy,loss_sweep,42,42,0,0,6,30,8.0,0.12,0.0,1,2357.919,0,102.697,0,30.786,20.583,2327.9,30.0,,independent,,,,,,,,,a9a30b459ff5,0.0811,0.0017,0
863,greedy,loss_sweep,42,42,0,0,6,30,8.0,0.12,0.1,1,2362.689,0,102.274,0,30.826,20.603,2332.6,30.1,,burst,,,,,,,,,8104a389cd97,0.0831,0.0021,0
864,greedy,loss_sweep,42,42,0,0,6,30,8.0,0.12,0.1,1,2411.655,0,97.927,0,31.233,20.81,2381.0,30.7,,independent,,,,,,,,,8104a389cd97,0.0834,0.0018,0
865,greedy,loss_sweep,42,42,0,0,6,30,8.0,0.12,0.2,1,2406.853,0,98.353,0,31.193,20.79,2376.2,30.7,,burst,,,,,,,,,2830507e36de,0.08,0.0025,0
866,greedy,loss_sweep,42,42,0,0,6,30,8.0,0.12,0.2,1,2375.656,0,101.123,0,30.933,20.658,2345.4,30.3,,independent,,,,,,,,,2830507e36de,0.0715,0.0029,0
867,greedy,loss_sweep,42,42,0,0,6,30,8.0,0.12,0.3,1,2488.185,0,91.133,0,31.868,21.134,2456.5,31.7,,burst,,,,,,,,,1d60e294153e,0.0848,0.0015,0
868,greedy,loss_sweep,42,42,0,0,6,30,8.0,0.12,0.3,1,2474.491,0,92.349,0,31.755,21.076,2443.0,31.5,,independent,,,,,,,,,1d60e294153e,0.0798,0.0021,0
869,greedy,loss_sweep,42,42,0,0,6,30,8.0,0.12,0.4,1,2633.679,0,78.217,0,33.077,21.75,2600.1,33.6,,burst,,,,,,,,,34b011bc03d0,0.0861,0.0023,0
870,greedy,loss_sweep,42,42,0,0,6,30,8.0,0.12,0.4,1,2694.726,0,72.797,0,33.584,22.009,2660.4,34.3,,independent,,,,,,,,,34b011bc03d0,0.0786,0.0019,0
871,greedy,loss_sweep,42,42,0,0,6,30,8.0,0.12,0.5,1,2860.076,0,58.118,0,34.958,22.709,2823.7,36.4,,burst,,,,,,,,,90432df679f7,0.0745,0.0017,0
872,greedy,loss_sweep,42,42,0,0,6,30,8.0,0.12,0.5,1,2913.872,0,53.343,0,35.405,22.937,2876.8,37.1,,independent,,,,,,,,,90432df679f7,0.0739,0.0017,0
873,greedy,loss_sweep,43,42,0,1,6,30,8.0,0.12,0.0,1,2392.535,0,99.624,0,31.532,18.926,2362.0,30.5,,burst,,,,,,,,,0ee3ba14d190,0.0841,0.0025,0
874,greedy,loss_sweep,43,42,0,1,6,30,8.0,0.12,0.0,1,2374.167,0,101.255,0,31.377,18.855,2344.0,30.2,,independent,,,,,,,,,0ee3ba14d190,0.0775,0.0018,0
875,greedy,loss_sweep,43,42,0,1,6,30,8.0,0.12,0.1,1,2407.966,0,98.254,0,31.662,18.986,2377.3,30.7,,burst,,,,,,,,,f5d3015d4e3c,0.0828,0.0021,0
876,greedy,loss_sweep,43,42,0,1,6,30,8.0,0.12,0.1,1,2407.598,0,98.287,0,31.659,18.984,2376.9,30.7,,independent,,,,,,,,,f5d3015d4e3c,0.0765,0.0014,0
877,greedy,loss_sweep,43,42,0,1,6,30,8.0,0.12,0.2,1,2461.726,0,93.482,0,32.115,19.194,2430.3,31.4,,burst,,,,,,,,,f43c5359e9a1,0.0735,0.0013,0
878,greedy,loss_sweep,43,42,0,1,6,30,8.0,0.12,0.2,1,2452.917,0,94.264,0,32.041,19.16,2421.6,31.3,,independent,,,,,,,,,f43c5359e9a1,0.0871,0.0025,0
879,greedy,loss_sweep,43,42,0,1,6,30,8.0,0.12,0.3,1,2494.617,0,90.562,0,32.393,19.321,2462.8,31.8,,burst,,,,,,,,,4f767e3d931a,0.0744,0.0016,0
880,greedy,loss_sweep,43,42,0,1,6,30,8.0,0.12,0.3,1,2551.482,0,85.514,0,32.872,19.541,2519.0,32.5,,independent,,,,,,,,,4f767e3d931a,0.0774,0.0022,0
881,greedy,loss_sweep,43,42,0,1,6,30,8.0,0.12,0.4,1,2691.718,0,73.064,0,34.054,20.083,2657.4,34.3,,burst,,,,,,,,,8aa2fb2a4c34,0.0759,0.0018,0
882,greedy,loss_sweep,43,42,0,1,6,30,8.0,0.12,0.4,1,2669.185,0,75.065,0,33.864,19.996,2635.2,34.0,,independent,,,,,,,,,8aa2fb2a4c34,0.0836,0.0033,0
883,greedy,loss_sweep,43,42,0,1,6,30,8.0,0.12,0.5,1,2874.801,0,56.811,0,35.598,20.791,2838.2,36.6,,burst,,,,,,,,,7467ee13501e,0.0756,0.0029,0
884,greedy,loss_sweep,43,42,0,1,6,30,8.0,0.12,0.5,1,2891.149,0,55.36,0,35.735,20.854,2854.3,36.8,,independent,,,,,,,,,7467ee13501e,0.0877,0.0017,0
885,greedy,loss_sweep,44,42,0,2,6,30,8.0,0.12,0.0,1,2413.269,0,97.784,0,32.378,10.411,2382.6,30.7,,burst,,,,,,,,,39249656a119,0.0872,0.0014,0
886,greedy,loss_sweep,44,42,0,2,6,30,8.0,0.12,0.0,1,2373.806,0,101.287,0,32.038,10.327,2343.6,30.2,,independent,,,,,,,,,39249656a119,0.0801,0.0018,0
887,greedy,loss_sweep,44,42,0,2,6,30,8.0,0.12,0.1,1,2383.809,0,100.399,0,32.124,10.348,2353.4,30.4,,burst,,,,,,,,,0cf687cc38ef,0.0693,0.0027,0
888,greedy,loss_sweep,44,42,0,2,6,30,8.0,0.12,0.1,1,2370.552,0,101.576,0,32.01,10.32,2340.4,30.2,,independent,,,,,,,,,0cf687cc38ef,0.0791,0.0016,0
889,greedy,loss_sweep,44,42,0,2,6,30,8.0,0.12,0.2,1,2424.801,0,96.76,0,32.477,10.435,2393.9,30.9,,burst,,,,,,,,,a1099926145f,0.0837,0.0014,0
890,greedy,loss_sweep,44,42,0,2,6,30,8.0,0.12,0.2,1,2422.2,0,96.991,0,32.455,10.429,2391.3,30.9,,independent,,,,,,,,,a1099926145f,0.0878,0.0015,0
891,greedy,loss_sweep,44,42,0,2,6,30,8.0,0.12,0.3,1,2524.726,0,87.889,0,33.337,10.647,2492.5,32.2,,burst,,,,,,,,,c84b1a32674f,0.0728,0.0012,0
892,greedy,loss_sweep,44,42,0,2,6,30,8.0,0.12,0.3,1,2482.882,0,91.604,0,32.977,10.558,2451.3,31.6,,independent,,,,,,,,,c84b1a32674f,0.0815,0.0012,0
893,greedy,loss_sweep,44,42,0,2,6,30,8.0,0.12,0.4,1,2677.563,0,74.321,0,34.653,10.97,2643.5,34.1,,burst,,,,,,,,,772abab11427,0.082,0.002,0
894,greedy,loss_sweep,44,42,0,2,6,30,8.0,0.12,0.4,1,2670.096,0,74.984,0,34.589,10.954,2636.1,34.0,,independent,,,,,,,,,772abab11427,0.0834,0.0016,0
895,greedy,loss_sweep,44,42,0,2,6,30,8.0,0.12,0.5,1,2859.44,0,58.175,0,36.219,11.355,2823.0,36.4,,burst,,,,,,,,,cc835510e440,0.08,0.0021,0
896,greedy,loss_sweep,44,42,0,2,6,30,8.0,0.12,0.5,1,2926.242,0,52.244,0,36.794,11.497,2888.9,37.3,,independent,,,,,,,,,cc835510e440,0.091,0.0022,0
897,greedy,loss_sweep,45,42,0,3,6,30,8.0,0.12,0.0,1,2384.13,0,100.37,0,28.376,21.927,2353.7,30.4,,burst,,,,,,,,,f463a2199584,0.0889,0.0019,0
898,greedy,loss_sweep,45,42,0,3,6,30,8.0,0.12,0.0,1,2365.033,0,102.066,0,28.231,21.841,2334.9,30.1,,independent,,,,,,,,,f463a2199584,0.0896,0.0014,0
899,greedy,loss_sweep,45,42,0,3,6,30,8.0,0.12,0.1,1,2348.651,0,103.52,0,28.106,21.768,2318.8,29.9,,burst,,,,,,,,,05c4be3a32b9,0.0898,0.0022,0
900,greedy,loss_sweep,45,42,0,3,6,30,8.0,0.12,0.1,1,2443.404,0,95.108,0,28.826,22.193,2412.3,31.1,,independent,,,,,,,,,05c4be3a32b9,0.0857,0.0022,0
901,greedy,loss_sweep,45,42,0,3,6,30,8.0,0.12,0.2,1,2392.462,0,99.631,0,28.439,21.964,2362.0,30.5,,burst,,,,,,,,,07e50e999211,0.0756,0.0017,0
902,greedy,loss_sweep,45,42,0,3,6,30,8.0,0.12,0.2,1,2405.805,0,98.446,0,28.541,22.024,2375.2,30.6,,independent,,,,,,,,,07e50e999211,0.0642,0.0028,0
903,greedy,loss_sweep,45,42,0,3,6,30,8.0,0.12,0.3,1,2509.947,0,89.201,0,29.332,22.491,2477.9,32.0,,burst,,,,,,,,,7b13a6c339e4,0.0804,0.0021,0
904,greedy,loss_sweep,45,42,0,3,6,30,8.0,0.12,0.3,1,2483.205,0,91.575,0,29.129,22.371,2451.6,31.6,,independent,,,,,,,,,7b13a6c339e4,0.0802,0.0032,0
905,greedy,loss_sweep,45,42,0,3,6,30,8.0,0.12,0.4,1,2635.983,0,78.012,0,30.291,23.057,2602.4,33.6,,burst,,,,,,,,,c9eac723da98,0.0708,0.0019,0
906,greedy,loss_sweep,45,42,0,3,6,30,8.0,0.12,0.4,1,2641.481,0,77.524,0,30.332,23.081,2607.8,33.7,,independent,,,,,,,,,c9eac723da98,0.076,0.0016,0
907,greedy,loss_sweep,45,42,0,3,6,30,8.0,0.12,0.5,1,2852.788,0,58.765,0,31.939,24.029,2816.5,36.3,,burst,,,,,,,,,215ea7e6a7a4,0.0782,0.0024,0
908,greedy,loss_sweep,45,42,0,3,6,30,8.0,0.12,0.5,1,2853.725,0,58.682,0,31.946,24.034,2817.3,36.4,,independent,,,,,,,,,215ea7e6a7a4,0.0881,0.0021,0
909,greedy,loss_sweep,123,123,1,0,6,30,8.0,0.12,0.0,1,2430.028,0,96.296,0,32.959,21.329,2399.0,31.0,,burst,,,,,,,,,abeec4b7a40a,0.0842,0.0012,0
910,greedy,loss_sweep,123,123,1,0,6,30,8.0,0.12,0.0,1,2357.344,0,102.748,0,32.325,21.014,2327.3,30.0,,independent,,,,,,,,,abeec4b7a40a,0.0805,0.0027,0
911,greedy,loss_sweep,123,123,1,0,6,30,8.0,0.12,0.1,1,2405.36,0,98.486,0,32.743,21.222,2374.8,30.6,,burst,,,,,,,,,b74bb13067ab,0.0791,0.0018,0
912,greedy,loss_sweep,123,123,1,0,6,30,8.0,0.12,0.1,1,2384.104,0,100.373,0,32.558,21.13,2353.7,30.4,,independent,,,,,,,,,b74bb13067ab,0.0795,0.0036,0
913,greedy,loss_sweep,123,123,1,0,6,30,8.0,0.12,0.2,1,2384.65,0,100.324,0,32.563,21.132,2354.3,30.4,,burst,,,,,,,,,f3f795a7ac6b,0.0722,0.0026,0
914,greedy,loss_sweep,123,123,1,0,6,30,8.0,0.12,0.2,1,2459.623,0,93.669,0,33.217,21.457,2428.3,31.3,,independent,,,,,,,,,f3f795a7ac6b,0.0745,0.0015,0
915,greedy,loss_sweep,123,123,1,0,6,30,8.0,0.12,0.3,1,2487.351,0,91.207,0,33.459,21.576,2455.7,31.7,,burst,,,,,,,,,9d51b047f2c9,0.0686,0.0025,0
916,greedy,loss_sweep,123,123,1,0,6,30,8.0,0.12,0.3,1,2531.531,0,87.285,0,33.844,21.768,2499.2,32.3,,independent,,,,,,,,,9d51b047f2c9,0.0918,0.0021,0
917,greedy,loss_sweep,123,123,1,0,6,30,8.0,0.12,0.4,1,2637.442,0,77.883,0,34.768,22.225,2603.8,33.6,,burst,,,,,,,,,567f0963ca1b,0.0685,0.0015,0
918,greedy,loss_sweep,123,123,1,0,6,30,8.0,0.12,0.4,1,2656.726,0,76.171,0,34.936,22.309,2622.9,33.8,,independent,,,,,,,,,567f0963ca1b,0.0792,0.0015,0
919,greedy,loss_sweep,123,123,1,0,6,30,8.0,0.12,0.5,1,2877.342,0,56.585,0,36.861,23.263,2840.6,36.7,,burst,,,,,,,,,df083f77cb2a,0.0794,0.001,0
920,greedy,loss_sweep,123,123,1,0,6,30,8.0,0.12,0.5,1,2908.909,0,53.783,0,37.136,23.399,2871.8,37.1,,independent,,,,,,,,,df083f77cb2a,0.0698,0.0018,0
921,greedy,loss_sweep,124,123,1,1,6,30,8.0,0.12,0.0,1,2389.921,0,99.856,0,31.741,20.115,2359.5,30.4,,burst,,,,,,,,,6acb78d056b9,0.0729,0.0012,0
922,greedy,loss_sweep,124,123,1,1,6,30,8.0,0.12,0.0,1,2368.901,0,101.722,0,31.563,20.029,2338.7,30.2,,independent,,,,,,,,,6acb78d056b9,0.0899,0.0018,0
923,greedy,loss_sweep,124,123,1,1,6,30,8.0,0.12,0.1,1,2378.338,0,100.885,0,31.643,20.068,2348.0,30.3,,burst,,,,,,,,,85bc353e7951,0.0818,0.0018,0
924,greedy,loss_sweep,124,123,1,1,6,30,8.0,0.12,0.1,1,2350.117,0,103.39,0,31.403,19.952,2320.2,29.9,,independent,,,,,,,,,85bc353e7951,0.0852,0.0021,0
925,greedy,loss_sweep,124,123,1,1,6,30,8.0,0.12,0.2,1,2456.664,0,93.931,0,32.308,20.39,2425.4,31.3,,burst,,,,,,,,,611b1c2f3c09,0.0762,0.0024,0
926,greedy,loss_sweep,124,123,1,1,6,30,8.0,0.12,0.2,1,2419.986,0,97.187,0,31.996,20.239,2389.2,30.8,,independent,,,,,,,,,611b1c2f3c09,0.0817,0.0028,0
927,greedy,loss_sweep,124,123,1,1,6,30,8.0,0.12,0.3,1,2479.308,0,91.921,0,32.5,20.483,2447.7,31.6,,burst,,,,,,,,,472b53ee7b41,0.0845,0.0015,0
928,greedy,loss_sweep,124,123,1,1,6,30,8.0,0.12,0.3,1,2478.083,0,92.03,0,32.49,20.478,2446.5,31.6,,independent,,,,,,,,,472b53ee7b41,0.0695,0.0016,0
929,greedy,loss_sweep,124,123,1,1,6,30,8.0,0.12,0.4,1,2714.131,0,71.075,0,34.494,21.448,2679.5,34.6,,burst,,,,,,,,,85fb7b782338,0.0747,0.0033,0
930,greedy,loss_sweep,124,123,1,1,6,30,8.0,0.12,0.4,1,2698.49,0,72.463,0,34.361,21.384,2664.1,34.4,,independent,,,,,,,,,85fb7b782338,0.0864,0.0032,0
931,greedy,loss_sweep,124,123,1,1,6,30,8.0,0.12,0.5,1,2855.914,0,58.488,0,35.698,22.031,2819.5,36.4,,burst,,,,,,,,,76aa7c740f12,0.0906,0.0028,0
932,greedy,loss_sweep,124,123,1,1,6,30,8.0,0.12,0.5,1,2899.646,0,54.605,0,36.07,22.211,2862.7,36.9,,independent,,,,,,,,,76aa7c740f12,0.0721,0.003,0
933,greedy,loss_sweep,125,123,1,2,6,30,8.0,0.12,0.0,1,2351.514,0,103.266,0,29.858,18.428,2321.5,30.0,,burst,,,,,,,,,8eec3aeb9f6f,0.0769,0.0016,0
934,greedy,loss_sweep,125,123,1,2,6,30,8.0,0.12,0.0,1,2365.919,0,101.987,0,29.974,18.483,2335.8,30.1,,independent,,,,,,,,,8eec3aeb9f6f,0.0835,0.0013,0
935,greedy,loss_sweep,125,123,1,2,6,30,8.0,0.12,0.1,1,2384.28,0,100.357,0,30.122,18.553,2353.9,30.4,,burst,,,,,,,,,f0979e3b8167,0.0951,0.0017,0
936,greedy,loss_sweep,125,123,1,2,6,30,8.0,0.12,0.1,1,2409.716,0,98.099,0,30.328,18.649,2379.0,30.7,,independent,,,,,,,,,f0979e3b8167,0.0779,0.0013,0
937,greedy,loss_sweep,125,123,1,2,6,30,8.0,0.12,0.2,1,2433.681,0,95.972,0,30.521,18.74,2402.7,31.0,,burst,,,,,,,,,20a6a2a91ee6,0.08,0.0021,0
938,greedy,loss_sweep,125,123,1,2,6,30,8.0,0.12,0.2,1,2419.613,0,97.22,0,30.407,18.687,2388.8,30.8,,independent,,,,,,,,,20a6a2a91ee6,0.0866,0.0018,0
939,greedy,loss_sweep,125,123,1,2,6,30,8.0,0.12,0.3,1,2544.597,0,86.125,0,31.416,19.161,2512.2,32.4,,burst,,,,,,,,,b2f07f2ad80f,0.0776,0.0014,0
940,greedy,loss_sweep,125,123,1,2,6,30,8.0,0.12,0.3,1,2510.664,0,89.137,0,31.142,19.032,2478.7,32.0,,independent,,,,,,,,,b2f07f2ad80f,0.076,0.0027,0
941,greedy,loss_sweep,125,123,1,2,6,30,8.0,0.12,0.4,1,2664.918,0,75.443,0,32.387,19.618,2630.9,34.0,,burst,,,,,,,,,af2d60df6cda,0.0973,0.0038,0
942,greedy,loss_sweep,125,123,1,2,6,30,8.0,0.12,0.4,1,2678.071,0,74.276,0,32.493,19.668,2644.0,34.1,,independent,,,,,,,,,af2d60df6cda,0.0834,0.0017,0
943,greedy,loss_sweep,125,123,1,2,6,30,8.0,0.12,0.5,1,2928.574,0,52.037,0,34.515,20.619,2891.3,37.3,,burst,,,,,,,,,f0c84a312c17,0.0886,0.0021,0
944,greedy,loss_sweep,125,123,1,2,6,30,8.0,0.12,0.5,1,2886.869,0,55.74,0,34.179,20.46,2850.1,36.8,,independent,,,,,,,,,f0c84a312c17,0.0701,0.0018,0
945,greedy,loss_sweep,126,123,1,3,6,30,8.0,0.12,0.0,1,2363.228,0,102.226,0,33.05,14.214,2333.1,30.1,,burst,,,,,,,,,24e2e05fc295,0.0789,0.0017,0
946,greedy,loss_sweep,126,123,1,3,6,30,8.0,0.12,0.0,1,2414.879,0,97.641,0,33.509,14.365,2384.1,30.8,,independent,,,,,,,,,24e2e05fc295,0.0674,0.0019,0
947,greedy,loss_sweep,126,123,1,3,6,30,8.0,0.12,0.1,1,2451.041,0,94.43,0,33.832,14.471,2419.8,31.2,,burst,,,,,,,,,eaa54b603884,0.0795,0.0026,0
948,greedy,loss_sweep,126,123,1,3,6,30,8.0,0.12,0.1,1,2373.391,0,101.324,0,33.14,14.244,2343.2,30.2,,independent,,,,,,,,,eaa54b603884,0.0887,0.0018,0
949,greedy,loss_sweep,126,123,1,3,6,30,8.0,0.12,0.2,1,2437.14,0,95.664,0,33.708,14.43,2406.1,31.0,,burst,,,,,,,,,9bdc5682e3a9,0.0722,0.0018,0
950,greedy,loss_sweep,126,123,1,3,6,30,8.0,0.12,0.2,1,2452.399,0,94.31,0,33.844,14.475,2421.2,31.2,,independent,,,,,,,,,9bdc5682e3a9,0.0858,0.0014,0
951,greedy,loss_sweep,126,123,1,3,6,30,8.0,0.12,0.3,1,2457.207,0,93.883,0,33.886,14.489,2425.9,31.3,,burst,,,,,,,,,15ef17e2cfc4,0.0753,0.0028,0
952,greedy,loss_sweep,126,123,1,3,6,30,8.0,0.12,0.3,1,2485.872,0,91.338,0,34.142,14.572,2454.2,31.7,,independent,,,,,,,,,15ef17e2cfc4,0.0775,0.0025,0
953,greedy,loss_sweep,126,123,1,3,6,30,8.0,0.12,0.4,1,2635.038,0,78.096,0,35.47,15.008,2601.4,33.6,,burst,,,,,,,,,460f4a1eaba4,0.0751,0.0027,0
954,greedy,loss_sweep,126,123,1,3,6,30,8.0,0.12,0.4,1,2680.111,0,74.095,0,35.872,15.14,2646.0,34.1,,independent,,,,,,,,,460f4a1eaba4,0.0866,0.0013,0
955,greedy,loss_sweep,126,123,1,3,6,30,8.0,0.12,0.5,1,2826.658,0,61.085,0,37.177,15.568,2790.7,36.0,,burst,,,,,,,,,3aa7b550d108,0.092,0.0016,0
956,greedy,loss_sweep,126,123,1,3,6,30,8.0,0.12,0.5,1,2866.518,0,57.546,0,37.532,15.684,2830.0,36.5,,independent,,,,,,,,,3aa7b550d108,0.0792,0.0015,0
957,greedy,loss_sweep,256,256,2,0,6,30,8.0,0.12,0.0,1,2425.449,0,96.702,0,31.66,25.989,2394.5,30.9,,burst,,,,,,,,,141e87f948aa,0.0777,0.0012,0
958,greedy,loss_sweep,256,256,2,0,6,30,8.0,0.12,0.0,1,2403.417,0,98.658,0,31.475,25.873,2372.8,30.6,,independent,,,,,,,,,141e87f948aa,0.0861,0.0019,0
959,greedy,loss_sweep,256,256,2,0,6,30,8.0,0.12,0.1,1,2441.512,0,95.276,0,31.794,26.074,2410.4,31.1,,burst,,,,,,,,,d96345841ad4,0.0747,0.002,0
960,greedy,loss_sweep,256,256,2,0,6,30,8.0,0.12,0.1,1,2406.123,0,98.418,0,31.498,25.887,2375.4,30.7,,independent,,,,,,,,,d96345841ad4,0.073,0.0013,0
961,greedy,loss_sweep,256,256,2,0,6,30,8.0,0.12,0.2,1,2435.364,0,95.822,0,31.743,26.041,2404.4,31.0,,burst,,,,,,,,,ea26653c1161,0.0793,0.0019,0
962,greedy,loss_sweep,256,256,2,0,6,30,8.0,0.12,0.2,1,2402.317,0,98.756,0,31.466,25.867,2371.7,30.6,,independent,,,,,,,,,ea26653c1161,0.0914,0.0026,0
963,greedy,loss_sweep,256,256,2,0,6,30,8.0,0.12,0.3,1,2512.358,0,88.987,0,32.389,26.447,2480.4,32.0,,burst,,,,,,,,,0c3240873650,0.086,0.0027,0
964,greedy,loss_sweep,256,256,2,0,6,30,8.0,0.12,0.3,1,2474.222,0,92.373,0,32.069,26.246,2442.7,31.5,,independent,,,,,,,,,0c3240873650,0.0749,0.0019,0
965,greedy,loss_sweep,256,256,2,0,6,30,8.0,0.12,0.4,1,2633.805,0,78.205,0,33.408,27.088,2600.2,33.6,,burst,,,,,,,,,94ea4765372f,0.0879,0.0042,0
966,greedy,loss_sweep,256,256,2,0,6,30,8.0,0.12,0.4,1,2646.855,0,77.047,0,33.517,27.157,2613.2,33.7,,independent,,,,,,,,,94ea4765372f,0.0825,0.0016,0
967,greedy,loss_sweep,256,256,2,0,6,30,8.0,0.12,0.5,1,2869.002,0,57.326,0,35.381,28.328,2832.4,36.6,,burst,,,,,,,,,f84a6dd29155,0.0688,0.0016,0
968,greedy,loss_sweep,256,256,2,0,6,30,8.0,0.12,0.5,1,2918.043,0,52.972,0,35.793,28.587,2880.8,37.2,,independent,,,,,,,,,f84a6dd29155,0.0719,0.001,0
969,greedy,loss_sweep,257,256,2,1,6,30,8.0,0.12,0.0,1,2376.014,0,101.091,0,29.701,18.666,2345.7,30.3,,burst,,,,,,,,,308614f6ff2f,0.0816,0.0021,0
970,greedy,loss_sweep,257,256,2,1,6,30,8.0,0.12,0.0,1,2347.279,0,103.642,0,29.471,18.557,2317.4,29.9,,independent,,,,,,,,,308614f6ff2f,0.0844,0.0014,0
971,greedy,loss_sweep,257,256,2,1,6,30,8.0,0.12,0.1,1,2375.322,0,101.152,0,29.695,18.664,2345.0,30.3,,burst,,,,,,,,,be27068f9bc9,0.0863,0.002,0
972,greedy,loss_sweep,257,256,2,1,6,30,8.0,0.12,0.1,1,2387.197,0,100.098,0,29.79,18.709,2356.8,30.4,,independent,,,,,,,,,be27068f9bc9,0.0824,0.0017,0
973,greedy,loss_sweep,257,256,2,1,6,30,8.0,0.12,0.2,1,2386.694,0,100.143,0,29.786,18.707,2356.3,30.4,,burst,,,,,,,,,3cc1b0edfb98,0.0741,0.0021,0
974,greedy,loss_sweep,257,256,2,1,6,30,8.0,0.12,0.2,1,2426.7,0,96.591,0,30.105,18.86,2395.8,30.9,,independent,,,,,,,,,3cc1b0edfb98,0.0819,0.002,0
975,greedy,loss_sweep,257,256,2,1,6,30,8.0,0.12,0.3,1,2501.263,0,89.972,0,30.7,19.146,2469.4,31.9,,burst,,,,,,,,,50d283f8b0a6,0.0793,0.002,0
976,greedy,loss_sweep,257,256,2,1,6,30,8.0,0.12,0.3,1,2479.485,0,91.905,0,30.526,19.062,2447.9,31.6,,independent,,,,,,,,,50d283f8b0a6,0.0725,0.0013,0
977,greedy,loss_sweep,257,256,2,1,6,30,8.0,0.12,0.4,1,2677.919,0,74.289,0,32.109,19.821,2643.8,34.1,,burst,,,,,,,,,6c29dba20c8a,0.0815,0.0014,0
978,greedy,loss_sweep,257,256,2,1,6,30,8.0,0.12,0.4,1,2706.424,0,71.759,0,32.336,19.93,2671.9,34.5,,independent,,,,,,,,,6c29dba20c8a,0.0702,0.0014,0
979,greedy,loss_sweep,257,256,2,1,6,30,8.0,0.12,0.5,1,2889.631,0,55.494,0,33.797,20.631,2852.8,36.8,,burst,,,,,,,,,a58cb5bcd079,0.085,0.0026,0
980,greedy,loss_sweep,257,256,2,1,6,30,8.0,0.12,0.5,1,2862.183,0,57.931,0,33.578,20.526,2825.7,36.5,,independent,,,,,,,,,a58cb5bcd079,0.0797,0.002,0
981,greedy,loss_sweep,258,256,2,2,6,30,8.0,0.12,0.0,1,2377.88,0,100.925,0,32.834,20.708,2347.6,30.3,,burst,,,,,,,,,a8cb98fcac64,0.0686,0.0021,0
982,greedy,loss_sweep,258,256,2,2,6,30,8.0,0.12,0.0,1,2423.822,0,96.847,0,33.239,20.903,2392.9,30.9,,independent,,,,,,,,,a8cb98fcac64,0.0879,0.0029,0
983,greedy,loss_sweep,258,256,2,2,6,30,8.0,0.12,0.1,1,2368.015,0,101.801,0,32.747,20.666,2337.8,30.2,,burst,,,,,,,,,57063cab907c,0.0756,0.0019,0
984,greedy,loss_sweep,258,256,2,2,6,30,8.0,0.12,0.1,1,2364.225,0,102.138,0,32.713,20.65,2334.1,30.1,,independent,,,,,,,,,57063cab907c,0.0857,0.0016,0
985,greedy,loss_sweep,258,256,2,2,6,30,8.0,0.12,0.2,1,2424.636,0,96.775,0,33.246,20.907,2393.7,30.9,,burst,,,,,,,,,961606c2ce8d,0.0953,0.0027,0
986,greedy,loss_sweep,258,256,2,2,6,30,8.0,0.12,0.2,1,2470.429,0,92.709,0,33.649,21.101,2438.9,31.5,,independent,,,,,,,,,961606c2ce8d,0.0664,0.0034,0
987,greedy,loss_sweep,258,256,2,2,6,30,8.0,0.12,0.3,1,2511.66,0,89.049,0,34.013,21.276,2479.7,32.0,,burst,,,,,,,,,4b625bb0711f,0.0841,0.0016,0
988,greedy,loss_sweep,258,256,2,2,6,30,8.0,0.12,0.3,1,2506.568,0,89.501,0,33.968,21.254,2474.7,31.9,,independent,,,,,,,,,4b625bb0711f,0.0728,0.0028,0
989,greedy,loss_sweep,258,256,2,2,6,30,8.0,0.12,0.4,1,2640.147,0,77.642,0,35.145,21.821,2606.5,33.6,,burst,,,,,,,,,1857c64a5345,0.0728,0.002,0
990,greedy,loss_sweep,258,256,2,2,6,30,8.0,0.12,0.4,1,2626.392,0,78.864,0,35.024,21.763,2592.9,33.5,,independent,,,,,,,,,1857c64a5345,0.0872,0.0021,0
991,greedy,loss_sweep,258,256,2,2,6,30,8.0,0.12,0.5,1,2867.411,0,57.467,0,37.148,22.785,2830.9,36.5,,burst,,,,,,,,,3434f20487c5,0.0793,0.0015,0
992,greedy,loss_sweep,258,256,2,2,6,30,8.0,0.12,0.5,1,2907.903,0,53.872,0,37.505,22.957,2870.9,37.0,,independent,,,,,,,,,3434f20487c5,0.0687,0.002,0
993,greedy,loss_sweep,259,256,2,3,6,30,8.0,0.12,0.0,1,2393.523,0,99.537,0,33.674,20.474,2363.0,30.5,,burst,,,,,,,,,3451e65b1152,0.0698,0.0018,0
994,greedy,loss_sweep,259,256,2,3,6,30,8.0,0.12,0.0,1,2421.8,0,97.026,0,33.928,20.593,2390.9,30.9,,independent,,,,,,,,,3451e65b1152,0.0775,0.0021,0
995,greedy,loss_sweep,259,256,2,3,6,30,8.0,0.12,0.1,1,2412.567,0,97.846,0,33.845,20.554,2381.9,30.7,,burst,,,,,,,,,796c8d81c080,0.0791,0.002,0
996,greedy,loss_sweep,259,256,2,3,6,30,8.0,0.12,0.1,1,2388.573,0,99.976,0,33.629,20.454,2358.2,30.4,,independent,,,,,,,,,796c8d81c080,0.0701,0.0023,0
997,greedy,loss_sweep,259,256,2,3,6,30,8.0,0.12,0.2,1,2399.804,0,98.979,0,33.73,20.501,2369.2,30.6,,burst,,,,,,,,,1aa7aefe2a6d,0.0844,0.0014,0
998,greedy,loss_sweep,259,256,2,3,6,30,8.0,0.12,0.2,1,2390.4,0,99.814,0,33.646,20.461,2359.9,30.5,,independent,,,,,,,,,1aa7aefe2a6d,0.0777,0.0022,0
999,greedy,loss_sweep,259,256,2,3,6,30,8.0,0.12,0.3,1,2500.857,0,90.008,0,34.64,20.923,2469.0,31.9,,burst,,,,,,,,,980879a2fe88,0.0785,0.003,0
1000,greedy,loss_sweep,259,256,2,3,6,30,8.0,0.12,0.3,1,2524.809,0,87.882,0,34.856,21.023,2492.6,32.2,,independent,,,,,,,,,980879a2fe88,0.0823,0.0011,0
1001,greedy,loss_sweep,259,256,2,3,6,30,8.0,0.12,0.4,1,2674.796,0,74.566,0,36.205,21.651,2640.7,34.1,,burst,,,,,,,,,412626ea764b,0.0818,0.0015,0
1002,greedy,loss_sweep,259,256,2,3,6,30,8.0,0.12,0.4,1,2651.278,0,76.654,0,35.994,21.552,2617.5,33.8,,independent,,,,,,,,,412626ea764b,0.076,0.0021,0
1003,greedy,loss_sweep,259,256,2,3,6,30,8.0,0.12,0.5,1,2814.533,0,62.161,0,37.463,22.235,2778.6,35.9,,burst,,,,,,,,,307a02753fdd,0.0762,0.0013,0
1004,greedy,loss_sweep,259,256,2,3,6,30,8.0,0.12,0.5,1,2896.448,0,54.889,0,38.2,22.577,2859.5,36.9,,independent,,,,,,,,,307a02753fdd,0.0806,0.0018,0
1005,greedy,loss_sweep,512,512,3,0,6,30,8.0,0.12,0.0,1,2396.931,1,99.234,0,35.024,13.06,2366.4,30.5,,burst,,,,,,,,,4ead87a1fdb8,0.0782,0.0011,0
1006,greedy,loss_sweep,512,512,3,0,6,30,8.0,0.12,0.0,1,2429.24,1,96.366,0,35.326,13.146,2398.3,30.9,,independent,,,,,,,,,4ead87a1fdb8,0.0858,0.0018,0
1007,greedy,loss_sweep,512,512,3,0,6,30,8.0,0.12,0.1,1,2422.388,1,96.974,0,35.262,13.128,2391.5,30.9,,burst,,,,,,,,,38713a5c7a13,0.0712,0.0016,0
1008,greedy,loss_sweep,512,512,3,0,6,30,8.0,0.12,0.1,1,2393.001,1,99.583,0,34.987,13.049,2362.5,30.5,,independent,,,,,,,,,38713a5c7a13,0.077,0.0024,0
1009,greedy,loss_sweep,512,512,3,0,6,30,8.0,0.12,0.2,1,2476.508,1,92.17,0,35.768,13.272,2444.9,31.6,,burst,,,,,,,,,19adb859553b,0.0892,0.003,0
1010,greedy,loss_sweep,512,512,3,0,6,30,8.0,0.12,0.2,1,2405.931,1,98.435,0,35.108,13.084,2375.2,30.7,,independent,,,,,,,,,19adb859553b,0.073,0.0023,0
1011,greedy,loss_sweep,512,512,3,0,6,30,8.0,0.12,0.3,1,2552.572,1,85.417,0,36.48,13.475,2520.1,32.5,,burst,,,,,,,,,cf92f5efcb45,0.0864,0.004,0
1012,greedy,loss_sweep,512,512,3,0,6,30,8.0,0.12,0.3,1,2493.02,1,90.704,0,35.923,13.316,2461.2,31.8,,independent,,,,,,,,,cf92f5efcb45,0.0788,0.0014,0
1013,greedy,loss_sweep,512,512,3,0,6,30,8.0,0.12,0.4,1,2681.776,1,73.947,0,37.688,13.819,2647.6,34.2,,burst,,,,,,,,,2e3a0b1cd508,0.081,0.0014,0
1014,greedy,loss_sweep,512,512,3,0,6,30,8.0,0.12,0.4,1,2638.079,1,77.826,0,37.28,13.702,2604.5,33.6,,independent,,,,,,,,,2e3a0b1cd508,0.0761,0.0022,0
1015,greedy,loss_sweep,512,512,3,0,6,30,8.0,0.12,0.5,1,2867.244,1,57.482,0,39.423,14.313,2830.7,36.5,,burst,,,,,,,,,2b2c41dcefe9,0.0762,0.0016,0
1016,greedy,loss_sweep,512,512,3,0,6,30,8.0,0.12,0.5,1,2866.312,1,57.565,0,39.414,14.311,2829.8,36.5,,independent,,,,,,,,,2b2c41dcefe9,0.0783,0.0016,0
1017,greedy,loss_sweep,513,512,3,1,6,30,8.0,0.12,0.0,1,2442.107,0,95.224,1,30.677,24.142,2411.0,31.1,,burst,,,,,,,,,1254d2c98db9,0.084,0.0027,0
1018,greedy,loss_sweep,513,512,3,1,6,30,8.0,0.12,0.0,1,2381.848,0,100.573,1,30.189,23.848,2351.5,30.3,,independent,,,,,,,,,1254d2c98db9,0.0766,0.0037,0
1019,greedy,loss_sweep,513,512,3,1,6,30,8.0,0.12,0.1,1,2399.978,0,98.964,1,30.336,23.936,2369.4,30.6,,burst,,,,,,,,,c292a0b0870f,0.0849,0.0019,0
1020,greedy,loss_sweep,513,512,3,1,6,30,8.0,0.12,0.1,1,2441.444,0,95.282,1,30.671,24.139,2410.3,31.1,,independent,,,,,,,,,c292a0b0870f,0.0794,0.0016,0
1021,greedy,loss_sweep,513,512,3,1,6,30,8.0,0.12,0.2,1,2421.639,0,97.041,1,30.511,24.042,2390.7,30.9,,burst,,,,,,,,,79121867eb39,0.0827,0.0022,0
1022,greedy,loss_sweep,513,512,3,1,6,30,8.0,0.12,0.2,1,2409.142,0,98.15,1,30.41,23.981,2378.4,30.7,,independent,,,,,,,,,79121867eb39,0.0784,0.0022,0
1023,greedy,loss_sweep,513,512,3,1,6,30,8.0,0.12,0.3,1,2501.139,0,89.983,1,31.154,24.43,2469.2,31.9,,burst,,,,,,,,,c345121994dc,0.0864,0.0024,0
1024,greedy,loss_sweep,513,512,3,1,6,30,8.0,0.12,0.3,1,2513.427,0,88.892,1,31.254,24.49,2481.4,32.0,,independent,,,,,,,,,c345121994dc,0.0781,0.0016,0
1025,greedy,loss_sweep,513,512,3,1,6,30,8.0,0.12,0.4,1,2647.456,0,76.994,1,32.339,25.144,2613.8,33.7,,burst,,,,,,,,,a5576efa8330,0.0728,0.0017,0
1026,greedy,loss_sweep,513,512,3,1,6,30,8.0,0.12,0.4,1,2664.385,0,75.491,1,32.476,25.227,2630.5,33.9,,independent,,,,,,,,,a5576efa8330,0.0795,0.0015,0
1027,greedy,loss_sweep,513,512,3,1,6,30,8.0,0.12,0.5,1,2902.809,0,54.325,1,34.406,26.391,2865.8,37.0,,burst,,,,,,,,,09de7b87b5e7,0.083,0.002,0
1028,greedy,loss_sweep,513,512,3,1,6,30,8.0,0.12,0.5,1,2915.922,0,53.16,1,34.512,26.455,2878.8,37.1,,independent,,,,,,,,,09de7b87b5e7,0.0852,0.0026,0
1029,greedy,loss_sweep,514,512,3,2,6,30,8.0,0.12,0.0,1,2379.8,0,100.755,0,28.708,20.44,2349.5,30.3,,burst,,,,,,,,,cafed0569197,0.0801,0.0014,0
1030,greedy,loss_sweep,514,512,3,2,6,30,8.0,0.12,0.0,1,2386.83,0,100.131,0,28.762,20.47,2356.4,30.4,,independent,,,,,,,,,cafed0569197,0.0627,0.0021,0
1031,greedy,loss_sweep,514,512,3,2,6,30,8.0,0.12,0.1,1,2410.715,0,98.01,0,28.946,20.57,2380.0,30.7,,burst,,,,,,,,,b7c9907cf050,0.0832,0.0027,0
1032,greedy,loss_sweep,514,512,3,2,6,30,8.0,0.12,0.1,1,2386.38,0,100.171,0,28.758,20.468,2356.0,30.4,,independent,,,,,,,,,b7c9907cf050,0.0732,0.0014,0
1033,greedy,loss_sweep,514,512,3,2,6,30,8.0,0.12,0.2,1,2398.632,0,99.083,0,28.853,20.519,2368.0,30.6,,burst,,,,,,,,,4720f37cc75b,0.086,0.0036,0
1034,greedy,loss_sweep,514,512,3,2,6,30,8.0,0.12,0.2,1,2435.833,0,95.781,0,29.139,20.675,2404.8,31.0,,independent,,,,,,,,,4720f37cc75b,0.0889,0.0018,0
1035,greedy,loss_sweep,514,512,3,2,6,30,8.0,0.12,0.3,1,2553.946,0,85.295,0,30.049,21.169,2521.4,32.5,,burst,,,,,,,,,329c63154f3a,0.0784,0.0018,0
1036,greedy,loss_sweep,514,512,3,2,6,30,8.0,0.12,0.3,1,2522.81,0,88.059,0,29.809,21.039,2490.7,32.1,,independent,,,,,,,,,329c63154f3a,0.0793,0.0028,0
1037,greedy,loss_sweep,514,512,3,2,6,30,8.0,0.12,0.4,1,2651.916,0,76.598,0,30.803,21.58,2618.1,33.8,,burst,,,,,,,,,83262029be48,0.0845,0.0016,0
1038,greedy,loss_sweep,514,512,3,2,6,30,8.0,0.12,0.4,1,2660.645,0,75.823,0,30.871,21.616,2626.7,33.9,,independent,,,,,,,,,83262029be48,0.0697,0.0016,0
1039,greedy,loss_sweep,514,512,3,2,6,30,8.0,0.12,0.5,1,2863.242,0,57.837,0,32.431,22.464,2826.7,36.5,,burst,,,,,,,,,0d97f2d058e7,0.0857,0.001,0
1040,greedy,loss_sweep,514,512,3,2,6,30,8.0,0.12,0.5,1,2895.711,0,54.955,0,32.681,22.6,2858.8,36.9,,independent,,,,,,,,,0d97f2d058e7,0.0793,0.0027,0
1041,greedy,loss_sweep,515,512,3,3,6,30,8.0,0.12,0.0,1,2394.732,0,99.429,0,32.168,19.577,2364.2,30.5,,burst,,,,,,,,,f4b22d131165,0.0815,0.0015,0
1042,greedy,loss_sweep,515,512,3,3,6,30,8.0,0.12,0.0,1,2427.36,0,96.533,0,32.448,19.708,2396.5,30.9,,independent,,,,,,,,,f4b22d131165,0.0841,0.0024,0
1043,greedy,loss_sweep,515,512,3,3,6,30,8.0,0.12,0.1,1,2417.069,0,97.446,0,32.36,19.667,2386.3,30.8,,burst,,,,,,,,,45043d0fbb22,0.0946,0.0014,0
1044,greedy,loss_sweep,515,512,3,3,6,30,8.0,0.12,0.1,1,2419.923,0,97.193,0,32.384,19.678,2389.1,30.8,,independent,,,,,,,,,45043d0fbb22,0.0781,0.0012,0
1045,greedy,loss_sweep,515,512,3,3,6,30,8.0,0.12,0.2,1,2402.243,0,98.762,0,32.232,19.607,2371.6,30.6,,burst,,,,,,,,,594f4932dcc9,0.0835,0.0021,0
1046,greedy,loss_sweep,515,512,3,3,6,30,8.0,0.12,0.2,1,2456.002,0,93.99,0,32.694,19.822,2424.7,31.3,,independent,,,,,,,,,594f4932dcc9,0.0887,0.0016,0
1047,greedy,loss_sweep,515,512,3,3,6,30,8.0,0.12,0.3,1,2484.535,0,91.457,0,32.94,19.936,2452.8,31.7,,burst,,,,,,,,,5780caccc704,0.0793,0.001,0
1048,greedy,loss_sweep,515,512,3,3,6,30,8.0,0.12,0.3,1,2492.074,0,90.788,0,33.004,19.967,2460.4,31.7,,independent,,,,,,,,,5780caccc704,0.0801,0.0015,0
1049,greedy,loss_sweep,515,512,3,3,6,30,8.0,0.12,0.4,1,2668.085,0,75.162,0,34.517,20.67,2634.1,34.0,,burst,,,,,,,,,b9625be1f8d8,0.0707,0.0009,0
1050,greedy,loss_sweep,515,512,3,3,6,30,8.0,0.12,0.4,1,2714.863,0,71.01,0,34.919,20.857,2680.3,34.6,,independent,,,,,,,,,b9625be1f8d8,0.0771,0.0016,0
1051,greedy,loss_sweep,515,512,3,3,6,30,8.0,0.12,0.5,1,2870.155,0,57.223,0,36.254,21.478,2833.6,36.6,,burst,,,,,,,,,498c161bd539,0.0835,0.0017,0
1052,greedy,loss_sweep,515,512,3,3,6,30,8.0,0.12,0.5,1,2886.821,0,55.744,0,36.397,21.544,2850.0,36.8,,independent,,,,,,,,,498c161bd539,0.0839,0.0017,0
1053,greedy,loss_sweep,1024,1024,4,0,6,30,8.0,0.12,0.0,1,2364.728,0,102.093,0,31.741,21.705,2334.6,30.1,,burst,,,,,,,,,f7ef3341a525,0.0727,0.0022,0
1054,greedy,loss_sweep,1024,1024,4,0,6,30,8.0,0.12,0.0,1,2403.307,0,98.668,0,32.071,21.877,2372.7,30.6,,independent,,,,,,,,,f7ef3341a525,0.0808,0.002,0
1055,greedy,loss_sweep,1024,1024,4,0,6,30,8.0,0.12,0.1,1,2392.554,0,99.623,0,31.979,21.829,2362.1,30.5,,burst,,,,,,,,,c317f9d8862c,0.0804,0.0017,0
1056,greedy,loss_sweep,1024,1024,4,0,6,30,8.0,0.12,0.1,1,2377.216,0,100.984,0,31.848,21.76,2346.9,30.3,,independent,,,,,,,,,c317f9d8862c,0.0803,0.0012,0
1057,greedy,loss_sweep,1024,1024,4,0,6,30,8.0,0.12,0.2,1,2439.034,0,95.496,0,32.376,22.036,2407.9,31.1,,burst,,,,,,,,,b5ca52165aaf,0.0881,0.0015,0
1058,greedy,loss_sweep,1024,1024,4,0,6,30,8.0,0.12,0.2,1,2405.669,0,98.458,0,32.091,21.887,2375.1,30.6,,independent,,,,,,,,,b5ca52165aaf,0.0827,0.0024,0
1059,greedy,loss_sweep,1024,1024,4,0,6,30,8.0,0.12,0.3,1,2496.216,0,90.42,0,32.865,22.291,2464.4,31.8,,burst,,,,,,,,,e88e4773ae03,0.078,0.002,0
1060,greedy,loss_sweep,1024,1024,4,0,6,30,8.0,0.12,0.3,1,2527.82,0,87.614,0,33.136,22.432,2495.6,32.2,,independent,,,,,,,,,e88e4773ae03,0.072,0.0019,0
1061,greedy,loss_sweep,1024,1024,4,0,6,30,8.0,0.12,0.4,1,2607.517,0,80.539,0,33.817,22.787,2574.3,33.2,,burst,,,,,,,,,6581adfa6fa0,0.0818,0.0036,0
1062,greedy,loss_sweep,1024,1024,4,0,6,30,8.0,0.12,0.4,1,2685.2,0,73.643,0,34.481,23.134,2651.0,34.2,,independent,,,,,,,,,6581adfa6fa0,0.0794,0.0025,0
1063,greedy,loss_sweep,1024,1024,4,0,6,30,8.0,0.12,0.5,1,2874.606,0,56.828,0,36.1,23.978,2838.0,36.6,,burst,,,,,,,,,1328461bbdf9,0.0784,0.002,0
1064,greedy,loss_sweep,1024,1024,4,0,6,30,8.0,0.12,0.5,1,2897.058,0,54.835,0,36.292,24.078,2860.2,36.9,,independent,,,,,,,,,1328461bbdf9,0.094,0.0014,0
1065,greedy,loss_sweep,1025,1024,4,1,6,30,8.0,0.12,0.0,1,2420.023,0,97.184,0,31.625,21.259,2389.2,30.8,,burst,,,,,,,,,e5578a936cca,0.0762,0.0011,0
1066,greedy,loss_sweep,1025,1024,4,1,6,30,8.0,0.12,0.0,1,2405.685,0,98.457,0,31.505,21.197,2375.1,30.6,,independent,,,,,,,,,e5578a936cca,0.0842,0.0033,0
1067,greedy,loss_sweep,1025,1024,4,1,6,30,8.0,0.12,0.1,1,2374.77,0,101.201,0,31.245,21.063,2344.5,30.3,,burst,,,,,,,,,b7795c8faf54,0.0815,0.0022,0
1068,greedy,loss_sweep,1025,1024,4,1,6,30,8.0,0.12,0.1,1,2395.441,0,99.366,0,31.419,21.153,2364.9,30.5,,independent,,,,,,,,,b7795c8faf54,0.0779,0.0024,0
1069,greedy,loss_sweep,1025,1024,4,1,6,30,8.0,0.12,0.2,1,2433.457,0,95.991,0,31.738,21.317,2402.5,31.0,,burst,,,,,,,,,f1b0814d8a97,0.0776,0.0015,0
1070,greedy,loss_sweep,1025,1024,4,1,6,30,8.0,0.12,0.2,1,2412.708,0,97.833,0,31.564,21.227,2382.0,30.7,,independent,,,,,,,,,f1b0814d8a97,0.0774,0.0011,0
1071,greedy,loss_sweep,1025,1024,4,1,6,30,8.0,0.12,0.3,1,2517.292,0,88.549,0,32.441,21.679,2485.2,32.1,,burst,,,,,,,,,b58b3284cc65,0.0642,0.0024,0
1072,greedy,loss_sweep,1025,1024,4,1,6,30,8.0,0.12,0.3,1,2551.614,0,85.502,0,32.729,21.827,2519.1,32.5,,independent,,,,,,,,,b58b3284cc65,0.0739,0.0023,0
1073,greedy,loss_sweep,1025,1024,4,1,6,30,8.0,0.12,0.4,1,2667.995,0,75.17,0,33.706,22.33,2634.0,34.0,,burst,,,,,,,,,5f4a35d24c8f,0.0796,0.0017,0
1074,greedy,loss_sweep,1025,1024,4,1,6,30,8.0,0.12,0.4,1,2693.807,0,72.879,0,33.923,22.441,2659.5,34.3,,independent,,,,,,,,,5f4a35d24c8f,0.0807,0.0016,0
1075,greedy,loss_sweep,1025,1024,4,1,6,30,8.0,0.12,0.5,1,2857.062,0,58.386,0,35.293,23.146,2820.7,36.4,,burst,,,,,,,,,483fcd793bbf,0.076,0.0012,0
1076,greedy,loss_sweep,1025,1024,4,1,6,30,8.0,0.12,0.5,1,2914.27,0,53.307,0,35.773,23.393,2877.2,37.1,,independent,,,,,,,,,483fcd793bbf,0.0802,0.0028,0
1077,greedy,loss_sweep,1026,1024,4,2,6,30,8.0,0.12,0.0,1,2393.869,0,99.506,0,31.382,19.709,2363.4,30.5,,burst,,,,,,,,,8cebc3fc257d,0.0817,0.0019,0
1078,greedy,loss_sweep,1026,1024,4,2,6,30,8.0,0.12,0.0,1,2405.376,0,98.484,0,31.479,19.755,2374.8,30.6,,independent,,,,,,,,,8cebc3fc257d,0.0805,0.0022,0
1079,greedy,loss_sweep,1026,1024,4,2,6,30,8.0,0.12,0.1,1,2401.702,0,98.811,0,31.448,19.741,2371.1,30.6,,burst,,,,,,,,,031e51b8e8c2,0.0868,0.0023,0
1080,greedy,loss_sweep,1026,1024,4,2,6,30,8.0,0.12,0.1,1,2372.491,0,101.404,0,31.203,19.623,2342.3,30.2,,independent,,,,,,,,,031e51b8e8c2,0.0737,0.0022,0
1081,greedy,loss_sweep,1026,1024,4,2,6,30,8.0,0.12,0.2,1,2452.751,0,94.279,0,31.876,19.946,2421.6,31.2,,burst,,,,,,,,,7ecc740cc641,0.0817,0.0023,0
1082,greedy,loss_sweep,1026,1024,4,2,6,30,8.0,0.12,0.2,1,2427.085,0,96.557,0,31.661,19.843,2396.2,30.9,,independent,,,,,,,,,7ecc740cc641,0.0706,0.002,0
1083,greedy,loss_sweep,1026,1024,4,2,6,30,8.0,0.12,0.3,1,2493.591,0,90.653,0,32.218,20.11,2461.8,31.8,,burst,,,,,,,,,aa943269cf07,0.0749,0.0021,0
1084,greedy,loss_sweep,1026,1024,4,2,6,30,8.0,0.12,0.3,1,2503.373,0,89.785,0,32.3,20.15,2471.5,31.9,,independent,,,,,,,,,aa943269cf07,0.0828,0.0019,0
1085,greedy,loss_sweep,1026,1024,4,2,6,30,8.0,0.12,0.4,1,2686.245,0,73.55,0,33.834,20.886,2652.0,34.2,,burst,,,,,,,,,2be3953f00b7,0.0766,0.0021,0
1086,greedy,loss_sweep,1026,1024,4,2,6,30,8.0,0.12,0.4,1,2670.807,0,74.921,0,33.705,20.824,2636.8,34.0,,independent,,,,,,,,,2be3953f00b7,0.08,0.0019,0
1087,greedy,loss_sweep,1026,1024,4,2,6,30,8.0,0.12,0.5,1,2909.676,0,53.715,0,35.708,21.785,2872.6,37.1,,burst,,,,,,,,,cc950b81ee05,0.0793,0.0028,0
1088,greedy,loss_sweep,1026,1024,4,2,6,30,8.0,0.12,0.5,1,2848.153,0,59.177,0,35.192,21.537,2811.9,36.3,,independent,,,,,,,,,cc950b81ee05,0.0836,0.002,0
1089,greedy,loss_sweep,1027,1024,4,3,6,30,8.0,0.12,0.0,1,2378.127,0,100.903,0,29.327,19.469,2347.8,30.3,,burst,,,,,,,,,1783766bea91,0.0775,0.0026,0
1090,greedy,loss_sweep,1027,1024,4,3,6,30,8.0,0.12,0.0,1,2397.188,0,99.211,0,29.477,19.545,2366.7,30.5,,independent,,,,,,,,,1783766bea91,0.0723,0.0026,0
1091,greedy,loss_sweep,1027,1024,4,3,6,30,8.0,0.12,0.1,1,2385.039,0,100.29,0,29.381,19.497,2354.6,30.4,,burst,,,,,,,,,851223bc474d,0.0921,0.0027,0
1092,greedy,loss_sweep,1027,1024,4,3,6,30,8.0,0.12,0.1,1,2351.098,0,103.303,0,29.114,19.361,2321.1,30.0,,independent,,,,,,,,,851223bc474d,0.0897,0.0018,0
1093,greedy,loss_sweep,1027,1024,4,3,6,30,8.0,0.12,0.2,1,2418.244,0,97.342,0,29.642,19.629,2387.4,30.8,,burst,,,,,,,,,0a96c0223e61,0.0771,0.0015,0
1094,greedy,loss_sweep,1027,1024,4,3,6,30,8.0,0.12,0.2,1,2459.099,0,93.715,0,29.964,19.792,2427.8,31.3,,independent,,,,,,,,,0a96c0223e61,0.0787,0.0015,0
1095,greedy,loss_sweep,1027,1024,4,3,6,30,8.0,0.12,0.3,1,2452.623,0,94.29,0,29.913,19.766,2421.4,31.2,,burst,,,,,,,,,40186bb1ff2b,0.0943,0.0024,0
1096,greedy,loss_sweep,1027,1024,4,3,6,30,8.0,0.12,0.3,1,2544.154,0,86.164,0,30.633,20.131,2511.8,32.4,,independent,,,,,,,,,40186bb1ff2b,0.0713,0.0019,0
1097,greedy,loss_sweep,1027,1024,4,3,6,30,8.0,0.12,0.4,1,2644.844,0,77.225,0,31.426,20.533,2611.1,33.7,,burst,,,,,,,,,2ba360d4a64e,0.0874,0.0018,0
1098,greedy,loss_sweep,1027,1024,4,3,6,30,8.0,0.12,0.4,1,2718.227,0,70.711,0,32.003,20.826,2683.6,34.6,,independent,,,,,,,,,2ba360d4a64e,0.0779,0.0017,0
1099,greedy,loss_sweep,1027,1024,4,3,6,30,8.0,0.12,0.5,1,2887.424,0,55.69,0,33.335,21.5,2850.6,36.8,,burst,,,,,,,,,0357d6a66041,0.0815,0.0031,0
1100,greedy,loss_sweep,1027,1024,4,3,6,30,8.0,0.12,0.5,1,2835.625,0,60.289,0,32.927,21.294,2799.5,36.1,,independent,,,,,,,,,0357d6a66041,0.0706,0.0024,0
1101,cbs,main,42,42,0,0,6,30,8.0,0.12,0.3,1,966.018,0,86.016,0,38.511,2.621,953.417,12.601,,,,,,,,,,,8b2e4f19f309,1.1818,0.014,0
1102,cbs,main,43,42,0,1,6,30,8.0,0.12,0.3,1,863.728,0,88.8,0,37.84,2.737,851.954,11.774,,,,,,,,,,,f585ae887c7b,1.4036,0.0074,0
1103,cbs,main,44,42,0,2,6,30,8.0,0.12,0.3,1,955.717,0,89.875,0,39.793,2.788,942.597,13.12,,,,,,,,,,,6e6ba132f8c4,1.2715,0.0067,0
1104,cbs,main,45,42,0,3,6,30,8.0,0.12,0.3,1,1007.049,0,92.034,0,39.124,2.969,995.045,12.004,,,,,,,,,,,976c455d26d9,1.2706,0.0091,0
1105,cbs,main,123,123,1,0,6,30,8.0,0.12,0.3,1,986.348,0,86.019,0,39.635,1.698,973.507,12.841,,,,,,,,,,,2a71d792422f,1.3818,0.0067,0
1106,cbs,main,124,123,1,1,6,30,8.0,0.12,0.3,1,974.203,0,88.379,0,38.905,2.108,961.153,13.05,,,,,,,,,,,3f51fbb7ff8b,1.3311,0.0058,0
1107,cbs,main,125,123,1,2,6,30,8.0,0.12,0.3,1,1080.241,0,88.493,0,40.87,2.235,1067.911,12.33,,,,,,,,,,,0da69f1094e1,1.3908,0.0096,0
1108,cbs,main,126,123,1,3,6,30,8.0,0.12,0.3,1,924.574,0,91.286,0,37.778,3.32,912.631,11.943,,,,,,,,,,,5bf7d1728332,1.3267,0.0077,0
1109,cbs,main,256,256,2,0,6,30,8.0,0.12,0.3,1,919.514,0,91.766,0,37.79,1.782,907.382,12.132,,,,,,,,,,,8745be3fb5d1,1.4514,0.0063,0
1110,cbs,main,257,256,2,1,6,30,8.0,0.12,0.3,1,1113.353,0,89.0,0,38.427,3.244,1101.334,12.019,,,,,,,,,,,2588ebdfc96f,1.3885,0.011,0
1111,cbs,main,258,256,2,2,6,30,8.0,0.12,0.3,1,971.581,0,89.39,0,39.334,2.944,958.629,12.952,,,,,,,,,,,17084583ce47,1.2899,0.0052,0
1112,cbs,main,259,256,2,3,6,30,8.0,0.12,0.3,1,879.242,0,87.826,0,38.66,2.858,867.003,12.239,,,,,,,,,,,c075f71a2ce3,1.2157,0.014,0
1113,cbs,main,512,512,3,0,6,30,8.0,0.12,0.3,1,982.513,0,90.469,0,40.116,2.499,970.376,12.137,,,,,,,,,,,822b4a606769,1.2975,0.0114,0
1114,cbs,main,513,512,3,1,6,30,8.0,0.12,0.3,1,759.957,0,88.239,0,41.708,2.018,747.796,12.161,,,,,,,,,,,40799ebc7f36,1.3635,0.0063,0
1115,cbs,main,514,512,3,2,6,30,8.0,0.12,0.3,1,1077.601,0,87.094,0,40.131,2.68,1065.065,12.536,,,,,,,,,,,4a3777e60189,1.1621,0.014,0
1116,cbs,main,515,512,3,3,6,30,8.0,0.12,0.3,1,1018.782,0,89.573,0,36.951,2.53,1005.51,13.272,,,,,,,,,,,5966a8c1a5c8,1.44,0.0091,0
1117,cbs,main,1024,1024,4,0,6,30,8.0,0.12,0.3,1,958.33,0,86.786,0,38.892,3.199,946.372,11.958,,,,,,,,,,,4c05f7c704ca,1.3273,0.0064,0
1118,cbs,main,1025,1024,4,1,6,30,8.0,0.12,0.3,1,1008.439,0,87.083,0,40.693,3.016,996.071,12.368,,,,,,,,,,,7cc360b97768,1.1884,0.007,0
1119,cbs,main,1026,1024,4,2,6,30,8.0,0.12,0.3,1,987.126,0,89.718,0,38.641,2.412,974.735,12.391,,,,,,,,,,,671013f33a48,1.4983,0.0093,0
1120,cbs,main,1027,1024,4,3,6,30,8.0,0.12,0.3,1,1032.203,0,92.155,0,40.202,2.34,1019.77,12.433,,,,,,,,,,,809e1e3c703b,1.3481,0.008,0
1121,centralised,main,42,42,0,0,6,30,8.0,0.12,0.3,1,1301.191,0,90.668,1,35.015,5.378,1286.799,14.392,,,,,,,,,,,e505e8052afd,0.1948,0.0031,0
1122,centralised,main,43,42,0,1,6,30,8.0,0.12,0.3,1,1330.225,1,88.899,0,34.664,6.364,1316.383,13.842,,,,,,,,,,,46d9e28395c0,0.1802,0.0057,0
1123,centralised,main,44,42,0,2,6,30,8.0,0.12,0.3,1,1076.257,0,96.159,0,32.253,5.425,1061.982,14.275,,,,,,,,,,,47be421c26c9,0.1914,0.0044,0
1124,centralised,main,45,42,0,3,6,30,8.0,0.12,0.3,1,917.933,0,88.297,0,35.026,4.155,903.548,14.385,,,,,,,,,,,5020eb85db18,0.1809,0.0059,0
1125,centralised,main,123,123,1,0,6,30,8.0,0.12,0.3,1,1072.034,0,89.658,0,34.542,5.262,1057.956,14.078,,,,,,,,,,,fbcbb74ec7cf,0.1694,0.0084,0
1126,centralised,main,124,123,1,1,6,30,8.0,0.12,0.3,1,933.04,0,91.142,0,32.713,5.405,918.504,14.536,,,,,,,,,,,88ec6d8c8e8b,0.1787,0.0062,0
1127,centralised,main,125,123,1,2,6,30,8.0,0.12,0.3,1,1006.13,0,91.742,0,29.904,5.698,992.855,13.275,,,,,,,,,,,2bcc59409b38,0.1744,0.0066,0
1128,centralised,main,126,123,1,3,6,30,8.0,0.12,0.3,1,1136.707,0,91.863,0,33.683,7.373,1123.014,13.693,,,,,,,,,,,4826f73ef994,0.1879,0.0061,0
1129,centralised,main,256,256,2,0,6,30,8.0,0.12,0.3,1,1245.899,0,96.966,1,34.761,5.327,1231.457,14.442,,,,,,,,,,,6f47876417ca,0.1911,0.0051,0
1130,centralised,main,257,256,2,1,6,30,8.0,0.12,0.3,1,991.404,0,92.509,0,33.693,4.877,977.792,13.612,,,,,,,,,,,6cb24e7e1a79,0.1744,0.0039,0
1131,centralised,main,258,256,2,2,6,30,8.0,0.12,0.3,1,1077.127,0,95.693,0,32.599,4.998,1062.543,14.584,,,,,,,,,,,c2126f64ae29,0.1687,0.0036,0
1132,centralised,main,259,256,2,3,6,30,8.0,0.12,0.3,1,1018.119,0,91.991,0,34.516,5.505,1004.132,13.987,,,,,,,,,,,ed485a3f37ec,0.1797,0.0066,0
1133,centralised,main,512,512,3,0,6,30,8.0,0.12,0.3,1,1345.112,1,89.157,0,34.199,4.163,1330.956,14.156,,,,,,,,,,,2695e3f5c2f7,0.1816,0.0056,0
1134,centralised,main,513,512,3,1,6,30,8.0,0.12,0.3,1,909.087,0,92.485,0,31.126,5.046,895.836,13.251,,,,,,,,,,,a0cdb53b2c96,0.1671,0.0053,0
1135,centralised,main,514,512,3,2,6,30,8.0,0.12,0.3,1,1308.92,1,95.622,0,34.334,5.634,1295.146,13.774,,,,,,,,,,,edf4caf36294,0.2057,0.0132,0
1136,centralised,main,515,512,3,3,6,30,8.0,0.12,0.3,1,940.144,0,89.171,0,32.075,2.739,926.662,13.482,,,,,,,,,,,b88e6afef354,0.209,0.0067,0
1137,centralised,main,1024,1024,4,0,6,30,8.0,0.12,0.3,1,868.857,0,91.426,0,32.805,5.8,855.557,13.3,,,,,,,,,,,b9590ee87991,0.1824,0.0064,0
1138,centralised,main,1025,1024,4,1,6,30,8.0,0.12,0.3,1,945.58,0,88.762,0,34.767,5.971,931.586,13.994,,,,,,,,,,,f4a8577fd63c,0.1994,0.004,0
1139,centralised,main,1026,1024,4,2,6,30,8.0,0.12,0.3,1,1293.867,0,90.976,1,34.234,6.239,1279.867,14.0,,,,,,,,,,,ad75da8c347f,0.1938,0.0084,0
1140,centralised,main,1027,1024,4,3,6,30,8.0,0.12,0.3,1,1096.187,0,92.814,0,31.092,4.639,1083.333,12.854,,,,,,,,,,,bf1553cc60b8,0.1941,0.0072,0
1141,cofly,main,42,42,0,0,6,30,8.0,0.12,0.3,1,873.852,0,91.167,0,37.365,2.059,861.675,12.177,,,,,,,,,,,2ca3c847f415,0.6586,0.0264,0
1142,cofly,main,43,42,0,1,6,30,8.0,0.12,0.3,1,881.908,0,89.972,0,39.67,1.439,869.876,12.032,,,,,,,,,,,a4c0777cbfda,0.6469,0.023,0
1143,cofly,main,44,42,0,2,6,30,8.0,0.12,0.3,1,995.17,1,86.897,1,36.578,1.964,983.62,11.55,,,,,,,,,,,9ecaf4a000ee,0.6224,0.0256,0
1144,cofly,main,45,42,0,3,6,30,8.0,0.12,0.3,1,1025.183,1,89.786,0,38.556,2.658,1012.821,12.362,,,,,,,,,,,c0a96b653f6b,0.6732,0.0594,0
1145,cofly,main,123,123,1,0,6,30,8.0,0.12,0.3,1,863.503,0,86.649,0,38.697,2.849,851.383,12.12,,,,,,,,,,,7aba2789f38a,0.6662,0.0228,0
1146,cofly,main,124,123,1,1,6,30,8.0,0.12,0.3,1,911.095,0,91.327,1,39.413,2.115,899.275,11.819,,,,,,,,,,,5df350486288,0.5475,0.0279,0
1147,cofly,main,125,123,1,2,6,30,8.0,0.12,0.3,1,810.829,0,90.825,0,35.769,2.168,799.008,11.821,,,,,,,,,,,1a42a93866ff,0.67,0.0251,0
1148,cofly,main,126,123,1,3,6,30,8.0,0.12,0.3,1,971.61,0,83.369,1,38.07,1.641,959.902,11.708,,,,,,,,,,,ad70de137b9f,0.6209,0.0233,0
1149,cofly,main,256,256,2,0,6,30,8.0,0.12,0.3,1,976.241,0,93.809,1,35.195,1.953,965.047,11.194,,,,,,,,,,,40905d4fc1a8,0.6853,0.023,0
1150,cofly,main,257,256,2,1,6,30,8.0,0.12,0.3,1,1023.625,1,88.659,1,35.901,1.685,1011.78,11.844,,,,,,,,,,,add7e6f3b7ca,0.6636,0.016,0
1151,cofly,main,258,256,2,2,6,30,8.0,0.12,0.3,1,934.709,0,86.6,1,37.344,1.844,922.647,12.062,,,,,,,,,,,80fae9b49cdc,0.6537,0.0265,0
1152,cofly,main,259,256,2,3,6,30,8.0,0.12,0.3,1,1044.22,1,90.525,0,36.361,1.961,1032.137,12.083,,,,,,,,,,,8980ca334f94,0.6586,0.0306,0
1153,cofly,main,512,512,3,0,6,30,8.0,0.12,0.3,1,790.023,0,88.734,0,39.671,1.813,778.392,11.631,,,,,,,,,,,2371576f8bc1,0.6227,0.0237,0
1154,cofly,main,513,512,3,1,6,30,8.0,0.12,0.3,1,861.425,0,87.275,0,38.003,1.989,849.241,12.184,,,,,,,,,,,913f8a2fbd94,0.6517,0.0216,0
1155,cofly,main,514,512,3,2,6,30,8.0,0.12,0.3,1,909.958,0,90.285,0,38.14,2.048,898.267,11.691,,,,,,,,,,,6d75be989cd5,0.6769,0.0239,0
1156,cofly,main,515,512,3,3,6,30,8.0,0.12,0.3,1,884.677,0,88.464,0,38.601,1.77,872.787,11.89,,,,,,,,,,,53705954ca36,0.5594,0.0177,0
1157,cofly,main,1024,1024,4,0,6,30,8.0,0.12,0.3,1,875.186,0,86.716,0,36.814,2.06,863.816,11.369,,,,,,,,,,,b3ca17dbcab8,0.5874,0.0205,0
1158,cofly,main,1025,1024,4,1,6,30,8.0,0.12,0.3,1,894.365,0,89.047,0,34.221,1.432,883.162,11.203,,,,,,,,,,,e30dddc4da2e,0.636,0.0216,0
1159,cofly,main,1026,1024,4,2,6,30,8.0,0.12,0.3,1,785.778,0,90.458,0,38.285,2.026,774.826,10.952,,,,,,,,,,,a0a55e81fe27,0.5833,0.0189,0
1160,cofly,main,1027,1024,4,3,6,30,8.0,0.12,0.3,1,1082.044,1,89.434,0,37.345,2.524,1071.037,11.007,,,,,,,,,,,9d3ad56ac214,0.6925,0.0257,0
1161,ecbs,main,42,42,0,0,6,30,8.0,0.12,0.3,1,873.804,0,90.64,0,36.602,3.853,862.016,11.788,,,,,,,,,,,b9865caad852,0.9771,0.0038,0
1162,ecbs,main,43,42,0,1,6,30,8.0,0.12,0.3,1,871.522,0,91.339,0,36.101,4.22,859.205,12.317,,,,,,,,,,,14e34dd0ad47,0.8782,0.0047,0
1163,ecbs,main,44,42,0,2,6,30,8.0,0.12,0.3,1,1035.851,0,88.391,0,33.529,2.955,1024.604,11.247,,,,,,,,,,,cbb3c6a0bcad,1.1485,0.0066,0
1164,ecbs,main,45,42,0,3,6,30,8.0,0.12,0.3,1,997.518,0,93.249,0,34.857,3.083,985.156,12.362,,,,,,,,,,,f57680626d3d,0.8946,0.0041,0
1165,ecbs,main,123,123,1,0,6,30,8.0,0.12,0.3,1,842.849,0,93.647,0,34.268,3.468,831.719,11.13,,,,,,,,,,,0331a00018eb,1.0228,0.0038,0
1166,ecbs,main,124,123,1,1,6,30,8.0,0.12,0.3,1,854.667,0,90.085,0,33.673,4.673,842.713,11.953,,,,,,,,,,,96dd43a189c7,1.0286,0.0031,0
1167,ecbs,main,125,123,1,2,6,30,8.0,0.12,0.3,1,784.342,0,96.173,0,34.709,3.781,772.554,11.788,,,,,,,,,,,40e04c192fd6,0.8792,0.0055,0
1168,ecbs,main,126,123,1,3,6,30,8.0,0.12,0.3,1,966.411,0,93.811,0,34.781,3.086,954.642,11.769,,,,,,,,,,,7d7398c1d134,0.8619,0.0066,0
1169,ecbs,main,256,256,2,0,6,30,8.0,0.12,0.3,1,1024.75,0,95.967,0,33.3,3.927,1012.806,11.944,,,,,,,,,,,89fdd8af1e36,0.8088,0.0049,0
1170,ecbs,main,257,256,2,1,6,30,8.0,0.12,0.3,1,1104.742,0,90.479,0,31.775,3.582,1092.733,12.009,,,,,,,,,,,1f0ce6322111,1.0292,0.0065,0
1171,ecbs,main,258,256,2,2,6,30,8.0,0.12,0.3,1,949.721,0,93.965,0,35.348,3.629,937.521,12.201,,,,,,,,,,,c801ebb67f67,1.0028,0.014,0
1172,ecbs,main,259,256,2,3,6,30,8.0,0.12,0.3,1,1006.164,0,91.354,0,35.456,2.653,994.377,11.787,,,,,,,,,,,f06dbf75bb59,0.9057,0.0134,0
1173,ecbs,main,512,512,3,0,6,30,8.0,0.12,0.3,1,741.696,0,94.421,0,33.781,3.079,730.178,11.518,,,,,,,,,,,729486c2d0c5,1.0698,0.0042,0
1174,ecbs,main,513,512,3,1,6,30,8.0,0.12,0.3,1,866.52,0,92.129,0,33.852,4.009,855.159,11.361,,,,,,,,,,,902c024a43a1,0.9255,0.0064,0
1175,ecbs,main,514,512,3,2,6,30,8.0,0.12,0.3,1,971.35,0,89.732,0,30.331,2.798,960.158,11.192,,,,,,,,,,,bbd89e6a98c6,1.0043,0.0031,0
1176,ecbs,main,515,512,3,3,6,30,8.0,0.12,0.3,1,866.87,0,92.691,0,34.114,3.689,854.658,12.212,,,,,,,,,,,4420477d1ddd,0.9778,0.0033,0
1177,ecbs,main,1024,1024,4,0,6,30,8.0,0.12,0.3,1,900.592,0,94.796,0,31.093,2.131,889.087,11.506,,,,,,,,,,,a9e002f46629,0.8324,0.0107,0
1178,ecbs,main,1025,1024,4,1,6,30,8.0,0.12,0.3,1,908.436,0,91.737,0,32.645,2.875,897.149,11.287,,,,,,,,,,,df981399c7d0,1.0193,0.0047,0
1179,ecbs,main,1026,1024,4,2,6,30,8.0,0.12,0.3,1,740.381,0,93.738,0,33.312,2.866,727.882,12.499,,,,,,,,,,,8e30c4f6b2a8,0.7595,0.0056,0
1180,ecbs,main,1027,1024,4,3,6,30,8.0,0.12,0.3,1,1199.113,0,91.658,0,32.473,3.642,1187.331,11.782,,,,,,,,,,,4b2629e00f03,0.8929,0.0051,0
1181,greedy,main,42,42,0,0,6,30,8.0,0.12,0.3,1,2522.613,0,91.133,0,31.993,21.198,2490.957,31.656,,,,,,,,,,,111fd44a66a5,0.0881,0.0024,0
1182,greedy,main,43,42,0,1,6,30,8.0,0.12,0.3,1,2426.78,0,90.562,0,32.465,19.354,2394.985,31.796,,,,,,,,,,,7fde50271fc1,0.0857,0.0044,0
1183,greedy,main,44,42,0,2,6,30,8.0,0.12,0.3,1,2412.358,0,87.889,0,33.152,10.601,2381.086,31.272,,,,,,,,,,,f8981081b081,0.0798,0.0021,0
1184,greedy,main,45,42,0,3,6,30,8.0,0.12,0.3,1,2239.385,0,89.201,0,29.281,22.461,2208.769,30.616,,,,,,,,,,,306622230dce,0.0791,0.0024,0
1185,greedy,main,123,123,1,0,6,30,8.0,0.12,0.3,1,2566.311,0,91.207,0,33.597,21.645,2533.756,32.555,,,,,,,,,,,4acee28b0f51,0.0707,0.0024,0
1186,greedy,main,124,123,1,1,6,30,8.0,0.12,0.3,1,2631.735,0,91.921,0,32.703,20.581,2598.827,32.907,,,,,,,,,,,176742ef67c8,0.0836,0.003,0
1187,greedy,main,125,123,1,2,6,30,8.0,0.12,0.3,1,2662.301,0,86.125,0,31.082,19.004,2630.239,32.062,,,,,,,,,,,c66e2e9e5a78,0.0802,0.0032,0
1188,greedy,main,126,123,1,3,6,30,8.0,0.12,0.3,1,2408.312,0,93.883,0,34.296,14.623,2376.576,31.736,,,,,,,,,,,ac3234aa930d,0.0799,0.0021,0
1189,greedy,main,256,256,2,0,6,30,8.0,0.12,0.3,1,2390.898,0,88.987,0,32.312,26.399,2359.413,31.485,,,,,,,,,,,a85eefb45e26,0.0809,0.0031,0
1190,greedy,main,257,256,2,1,6,30,8.0,0.12,0.3,1,2388.434,0,89.972,0,30.715,19.153,2355.554,32.88,,,,,,,,,,,8b0a21a62f43,0.0732,0.0014,0
1191,greedy,main,258,256,2,2,6,30,8.0,0.12,0.3,1,2550.943,0,89.049,0,33.938,21.24,2520.297,30.645,,,,,,,,,,,9fc62cf5f347,0.0808,0.0023,0
1192,greedy,main,259,256,2,3,6,30,8.0,0.12,0.3,1,2313.425,0,90.008,0,34.661,20.933,2279.624,33.801,,,,,,,,,,,2adfc649815e,0.0768,0.0018,0
1193,greedy,main,512,512,3,0,6,30,8.0,0.12,0.3,1,2859.17,1,85.417,0,36.018,13.343,2827.12,32.05,,,,,,,,,,,17b5d21fb89a,0.0781,0.0017,0
1194,greedy,main,513,512,3,1,6,30,8.0,0.12,0.3,1,2658.029,0,89.983,1,31.171,24.44,2624.887,33.142,,,,,,,,,,,2f48ef7ba9b5,0.0799,0.0012,0
1195,greedy,main,514,512,3,2,6,30,8.0,0.12,0.3,1,2457.092,0,85.295,0,29.658,20.957,2425.803,31.289,,,,,,,,,,,30b1d576ead7,0.0785,0.0021,0
1196,greedy,main,515,512,3,3,6,30,8.0,0.12,0.3,1,2581.833,0,91.457,0,33.1,20.011,2552.352,29.481,,,,,,,,,,,9d73c46fb8fc,0.067,0.0029,0
1197,greedy,main,1024,1024,4,0,6,30,8.0,0.12,0.3,1,2566.226,0,90.42,0,32.925,22.322,2532.557,33.669,,,,,,,,,,,0f9d27425c32,0.0744,0.0016,0
1198,greedy,main,1025,1024,4,1,6,30,8.0,0.12,0.3,1,2531.325,0,88.549,0,32.323,21.618,2500.288,31.037,,,,,,,,,,,5e3726057b1f,0.0828,0.0015,0
1199,greedy,main,1026,1024,4,2,6,30,8.0,0.12,0.3,1,2669.029,0,90.653,0,32.299,20.149,2635.69,33.339,,,,,,,,,,,9446a99ed26c,0.0829,0.0017,0
1200,greedy,main,1027,1024,4,3,6,30,8.0,0.12,0.3,1,2227.702,0,94.29,0,30.311,19.968,2196.167,31.535,,,,,,,,,,,dbe1814598f6,0.0839,0.0018,0
1201,hungarian,main,42,42,0,0,6,30,8.0,0.12,0.3,1,1087.964,1,92.977,0,41.924,2.713,1075.614,12.35,,,,,,,,,,,60766c1001a4,0.218,0.0026,0
1202,hungarian,main,43,42,0,1,6,30,8.0,0.12,0.3,1,921.371,0,87.808,0,38.602,2.603,909.385,11.986,,,,,,,,,,,849798163f4d,0.2513,0.0051,0
1203,hungarian,main,44,42,0,2,6,30,8.0,0.12,0.3,1,987.792,0,87.128,0,38.902,2.763,975.614,12.178,,,,,,,,,,,90ef1e12a32c,0.2379,0.0036,0
1204,hungarian,main,45,42,0,3,6,30,8.0,0.12,0.3,1,932.726,0,87.143,0,37.064,1.84,920.414,12.312,,,,,,,,,,,c4daa4d0440f,0.2173,0.0034,0
1205,hungarian,main,123,123,1,0,6,30,8.0,0.12,0.3,1,944.809,0,86.367,0,39.473,2.583,932.504,12.305,,,,,,,,,,,3666de649c77,0.2508,0.0032,0
1206,hungarian,main,124,123,1,1,6,30,8.0,0.12,0.3,1,1073.508,1,86.41,0,38.329,2.806,1061.879,11.629,,,,,,,,,,,f6c5d306f3f3,0.2536,0.0038,0
1207,hungarian,main,125,123,1,2,6,30,8.0,0.12,0.3,1,1005.86,0,87.248,1,41.326,2.56,993.916,11.944,,,,,,,,,,,0d13885fc660,0.2658,0.0039,0
1208,hungarian,main,126,123,1,3,6,30,8.0,0.12,0.3,1,877.132,0,89.443,0,37.828,2.287,864.531,12.601,,,,,,,,,,,59d8908aa430,0.2246,0.0031,0
1209,hungarian,main,256,256,2,0,6,30,8.0,0.12,0.3,1,1073.096,1,86.682,0,40.987,2.5,1060.204,12.892,,,,,,,,,,,918cb7c77407,0.2262,0.0027,0
1210,hungarian,main,257,256,2,1,6,30,8.0,0.12,0.3,1,1003.597,0,87.785,0,38.681,2.551,990.37,13.227,,,,,,,,,,,0afcabc06846,0.2345,0.0031,0
1211,hungarian,main,258,256,2,2,6,30,8.0,0.12,0.3,1,829.84,0,87.558,0,39.427,2.18,817.037,12.803,,,,,,,,,,,f51edefa8d4c,0.2465,0.0033,0
1212,hungarian,main,259,256,2,3,6,30,8.0,0.12,0.3,1,984.631,0,90.115,0,37.216,3.052,971.235,13.396,,,,,,,,,,,1cb23669b2b3,0.2402,0.0057,0
1213,hungarian,main,512,512,3,0,6,30,8.0,0.12,0.3,1,937.521,0,93.002,0,40.274,1.637,925.533,11.989,,,,,,,,,,,e1f586167555,0.2325,0.0029,0
1214,hungarian,main,513,512,3,1,6,30,8.0,0.12,0.3,1,884.466,0,84.637,0,40.383,2.551,872.484,11.982,,,,,,,,,,,7e3a1af44587,0.2176,0.0028,0
1215,hungarian,main,514,512,3,2,6,30,8.0,0.12,0.3,1,879.587,0,90.266,0,40.351,2.363,867.073,12.514,,,,,,,,,,,fc3f78027ec3,0.2305,0.0038,0
1216,hungarian,main,515,512,3,3,6,30,8.0,0.12,0.3,1,1065.796,1,88.608,1,39.003,3.231,1053.599,12.197,,,,,,,,,,,2a44738e7bd5,0.2788,0.0038,0
1217,hungarian,main,1024,1024,4,0,6,30,8.0,0.12,0.3,1,1060.767,0,89.823,1,39.056,3.673,1048.401,12.366,,,,,,,,,,,2629f88c87e1,0.2738,0.0035,0
1218,hungarian,main,1025,1024,4,1,6,30,8.0,0.12,0.3,1,1054.205,0,86.032,1,39.907,2.878,1041.781,12.424,,,,,,,,,,,dbf5ebd5240a,0.2125,0.0042,0
1219,hungarian,main,1026,1024,4,2,6,30,8.0,0.12,0.3,1,911.953,0,88.625,0,38.879,3.059,899.523,12.43,,,,,,,,,,,173a17258719,0.2247,0.0036,0
1220,hungarian,main,1027,1024,4,3,6,30,8.0,0.12,0.3,1,963.48,0,86.342,0,38.388,2.169,950.955,12.524,,,,,,,,,,,ffa81ba7f157,0.2675,0.003,0
1221,marl,main,42,42,0,0,6,30,8.0,0.12,0.3,1,1097.742,1,92.301,0,41.133,2.696,1085.657,12.085,,,,,,,,,,,0f1328bfb12d,0.2997,0.0079,0
1222,marl,main,43,42,0,1,6,30,8.0,0.12,0.3,1,873.754,0,92.849,0,39.25,2.339,861.559,12.195,,,,,,,,,,,4c3fff58ddda,0.2868,0.0101,0
1223,marl,main,44,42,0,2,6,30,8.0,0.12,0.3,1,985.201,1,91.366,1,38.329,2.864,971.887,13.314,,,,,,,,,,,9ea74f56648a,0.2466,0.0098,0
1224,marl,main,45,42,0,3,6,30,8.0,0.12,0.3,1,1081.527,1,88.734,0,37.611,2.388,1069.568,11.959,,,,,,,,,,,7dbb07e437b6,0.2369,0.0065,0
1225,marl,main,123,123,1,0,6,30,8.0,0.12,0.3,1,1012.579,1,88.46,1,37.907,2.555,1000.724,11.855,,,,,,,,,,,ffbf2118d26b,0.2824,0.0135,0
1226,marl,main,124,123,1,1,6,30,8.0,0.12,0.3,1,963.718,0,91.197,0,38.752,2.565,951.322,12.396,,,,,,,,,,,c815c6dad399,0.3226,0.0107,0
1227,marl,main,125,123,1,2,6,30,8.0,0.12,0.3,1,982.16,0,88.487,1,38.133,1.46,970.055,12.105,,,,,,,,,,,92b5275b3864,0.2585,0.0074,0
1228,marl,main,126,123,1,3,6,30,8.0,0.12,0.3,1,921.206,0,90.623,0,40.227,2.194,908.525,12.681,,,,,,,,,,,b3cf4dd4b2c6,0.2868,0.0054,0
1229,marl,main,256,256,2,0,6,30,8.0,0.12,0.3,1,971.65,0,82.793,1,37.558,2.782,959.063,12.587,,,,,,,,,,,ca2615c7d168,0.2623,0.0067,0
1230,marl,main,257,256,2,1,6,30,8.0,0.12,0.3,1,927.202,0,87.102,0,41.901,2.226,914.507,12.695,,,,,,,,,,,c7d1722de28f,0.2953,0.0119,0
1231,marl,main,258,256,2,2,6,30,8.0,0.12,0.3,1,953.76,0,87.555,0,38.45,1.88,941.602,12.158,,,,,,,,,,,43ee77ff9ef4,0.3063,0.0051,0
1232,marl,main,259,256,2,3,6,30,8.0,0.12,0.3,1,1016.145,1,86.191,1,39.902,2.846,1003.246,12.899,,,,,,,,,,,9254d8b022a2,0.2966,0.0112,0
1233,marl,main,512,512,3,0,6,30,8.0,0.12,0.3,1,1147.302,1,87.981,0,37.408,2.724,1135.537,11.765,,,,,,,,,,,94778404de1c,0.3027,0.0084,0
1234,marl,main,513,512,3,1,6,30,8.0,0.12,0.3,1,951.656,0,88.942,0,40.958,2.494,939.227,12.429,,,,,,,,,,,e6cd6d79159b,0.2743,0.0129,0
1235,marl,main,514,512,3,2,6,30,8.0,0.12,0.3,1,938.077,0,88.229,0,38.336,3.323,925.956,12.121,,,,,,,,,,,d57192c68e02,0.2769,0.008,0
1236,marl,main,515,512,3,3,6,30,8.0,0.12,0.3,1,891.024,0,85.868,0,38.642,2.602,879.115,11.909,,,,,,,,,,,d6e0677b96c6,0.2686,0.0072,0
1237,marl,main,1024,1024,4,0,6,30,8.0,0.12,0.3,1,833.807,0,85.068,0,41.753,2.993,822.251,11.556,,,,,,,,,,,ae10092f8f30,0.2872,0.0114,0
1238,marl,main,1025,1024,4,1,6,30,8.0,0.12,0.3,1,944.59,0,86.322,0,39.014,2.463,932.219,12.371,,,,,,,,,,,7bd0d5561162,0.2512,0.0095,0
1239,marl,main,1026,1024,4,2,6,30,8.0,0.12,0.3,1,836.049,0,88.612,0,38.32,1.696,823.476,12.573,,,,,,,,,,,0f11e051b063,0.2949,0.0079,0
1240,marl,main,1027,1024,4,3,6,30,8.0,0.12,0.3,1,969.671,0,87.323,1,38.417,2.91,956.913,12.758,,,,,,,,,,,7e04698a0fd2,0.3006,0.0132,0
1241,ot_auction,main,42,42,0,0,6,30,8.0,0.12,0.3,1,1479.021,0,86.503,0,31.499,10.037,1461.513,17.508,,,,,,,,,,,a67a28d40e84,0.5994,0.01,0
1242,ot_auction,main,43,42,0,1,6,30,8.0,0.12,0.3,1,1338.338,0,84.039,0,37.196,9.239,1320.579,17.759,,,,,,,,,,,69194c30c388,0.5953,0.0198,0
1243,ot_auction,main,44,42,0,2,6,30,8.0,0.12,0.3,1,1281.504,0,90.724,0,38.969,8.858,1264.404,17.1,,,,,,,,,,,74f021de5ccc,0.5316,0.0097,0
1244,ot_auction,main,45,42,0,3,6,30,8.0,0.12,0.3,1,1267.044,0,83.068,0,33.054,8.283,1248.205,18.839,,,,,,,,,,,2285b8a8d02a,0.5466,0.0126,0
1245,ot_auction,main,123,123,1,0,6,30,8.0,0.12,0.3,1,1893.396,1,90.044,0,38.03,7.517,1876.189,17.207,,,,,,,,,,,b86c4913ea66,0.4847,0.0104,0
1246,ot_auction,main,124,123,1,1,6,30,8.0,0.12,0.3,1,1202.613,0,86.796,0,34.415,7.83,1185.58,17.033,,,,,,,,,,,4ef770d4231c,0.4933,0.0111,0
1247,ot_auction,main,125,123,1,2,6,30,8.0,0.12,0.3,1,1585.701,0,85.684,0,33.973,10.479,1566.661,19.04,,,,,,,,,,,ba421c8ff548,0.5451,0.0107,0
1248,ot_auction,main,126,123,1,3,6,30,8.0,0.12,0.3,1,1259.204,0,84.255,0,34.281,10.175,1240.831,18.373,,,,,,,,,,,103ce04e51c1,0.5832,0.0059,0
1249,ot_auction,main,256,256,2,0,6,30,8.0,0.12,0.3,1,1247.169,0,91.862,0,33.885,12.491,1228.279,18.89,,,,,,,,,,,07a91adefa19,0.5759,0.0094,0
1250,ot_auction,main,257,256,2,1,6,30,8.0,0.12,0.3,1,1096.985,0,87.868,0,36.197,6.688,1078.955,18.03,,,,,,,,,,,a0b1d9820917,0.547,0.0103,0
1251,ot_auction,main,258,256,2,2,6,30,8.0,0.12,0.3,1,1429.811,0,89.825,0,34.026,9.08,1411.843,17.968,,,,,,,,,,,5892a83c2264,0.6369,0.0076,0
1252,ot_auction,main,259,256,2,3,6,30,8.0,0.12,0.3,1,1044.13,0,88.928,0,35.006,13.892,1026.941,17.189,,,,,,,,,,,f64cad17ca52,0.6669,0.0057,0
1253,ot_auction,main,512,512,3,0,6,30,8.0,0.12,0.3,1,1848.524,0,83.74,0,37.655,12.156,1831.115,17.409,,,,,,,,,,,39e57c0804fe,0.5032,0.0062,0
1254,ot_auction,main,513,512,3,1,6,30,8.0,0.12,0.3,1,1753.549,0,87.107,0,36.909,8.762,1735.723,17.825,,,,,,,,,,,74c9d6f9bc33,0.5738,0.0065,0
1255,ot_auction,main,514,512,3,2,6,30,8.0,0.12,0.3,1,1290.05,0,92.566,0,36.692,11.327,1272.063,17.987,,,,,,,,,,,185cf1d87e60,0.5356,0.0086,0
1256,ot_auction,main,515,512,3,3,6,30,8.0,0.12,0.3,1,1630.485,0,86.816,1,34.738,8.816,1612.907,17.578,,,,,,,,,,,9fc82bcdd7c2,0.5632,0.009,0
1257,ot_auction,main,1024,1024,4,0,6,30,8.0,0.12,0.3,1,1264.842,0,85.895,0,37.24,9.992,1247.243,17.599,,,,,,,,,,,b8c161106f16,0.6531,0.0072,0
1258,ot_auction,main,1025,1024,4,1,6,30,8.0,0.12,0.3,1,1428.314,0,87.92,0,35.003,11.089,1410.247,18.067,,,,,,,,,,,fa2467f2b608,0.543,0.0092,0
1259,ot_auction,main,1026,1024,4,2,6,30,8.0,0.12,0.3,1,1592.948,0,90.867,0,38.136,9.592,1574.487,18.461,,,,,,,,,,,bc282aba123d,0.5206,0.0126,0
1260,ot_auction,main,1027,1024,4,3,6,30,8.0,0.12,0.3,1,1199.631,0,85.492,0,39.095,9.698,1180.861,18.77,,,,,,,,,,,12ddc203b944,0.641,0.0104,0
1261,pbs,main,42,42,0,0,6,30,8.0,0.12,0.3,1,1998.406,0,88.34,0,32.022,12.687,1978.217,20.189,,,,,,,,,,,c1eea7fd738b,0.7701,0.0049,0
1262,pbs,main,43,42,0,1,6,30,8.0,0.12,0.3,1,1569.234,0,83.354,0,34.15,13.068,1547.078,22.156,,,,,,,,,,,9c26f88d4536,0.7444,0.0056,0
1263,pbs,main,44,42,0,2,6,30,8.0,0.12,0.3,1,1371.838,0,84.642,0,30.185,12.897,1350.889,20.948,,,,,,,,,,,8263a56f6902,0.8281,0.0027,0
1264,pbs,main,45,42,0,3,6,30,8.0,0.12,0.3,1,1427.346,0,85.439,0,34.095,6.525,1406.801,20.545,,,,,,,,,,,8294ea091f83,0.8187,0.0029,0
1265,pbs,main,123,123,1,0,6,30,8.0,0.12,0.3,1,1736.661,0,87.496,0,35.682,12.326,1715.273,21.388,,,,,,,,,,,b6b5551cbeda,0.7271,0.0024,0
1266,pbs,main,124,123,1,1,6,30,8.0,0.12,0.3,1,1749.466,0,82.76,0,33.607,15.358,1728.602,20.864,,,,,,,,,,,aae075d45ce6,0.7985,0.0069,0
1267,pbs,main,125,123,1,2,6,30,8.0,0.12,0.3,1,1850.904,0,89.296,0,33.511,14.364,1830.02,20.884,,,,,,,,,,,e906228693c7,0.7845,0.0029,0
1268,pbs,main,126,123,1,3,6,30,8.0,0.12,0.3,1,1569.569,0,82.458,0,33.881,18.195,1548.081,21.488,,,,,,,,,,,27a013151d6b,0.8325,0.0035,0
1269,pbs,main,256,256,2,0,6,30,8.0,0.12,0.3,1,1645.676,0,82.78,0,34.27,11.713,1624.591,21.085,,,,,,,,,,,2483b0470436,0.7557,0.0039,0
1270,pbs,main,257,256,2,1,6,30,8.0,0.12,0.3,1,1503.471,0,86.744,0,33.297,15.019,1482.784,20.687,,,,,,,,,,,69288ede55e9,0.851,0.0028,0
1271,pbs,main,258,256,2,2,6,30,8.0,0.12,0.3,1,1572.849,0,87.529,0,31.882,13.59,1550.999,21.85,,,,,,,,,,,29beeb5d6e73,0.9556,0.0082,0
1272,pbs,main,259,256,2,3,6,30,8.0,0.12,0.3,1,1503.99,0,86.89,0,35.131,15.961,1482.728,21.262,,,,,,,,,,,7724b102daa5,0.8649,0.003,0
1273,pbs,main,512,512,3,0,6,30,8.0,0.12,0.3,1,1869.696,0,89.415,0,34.54,11.412,1848.194,21.502,,,,,,,,,,,f7af49ffb748,0.8763,0.0033,0
1274,pbs,main,513,512,3,1,6,30,8.0,0.12,0.3,1,1715.054,0,81.999,0,32.41,14.934,1693.97,21.084,,,,,,,,,,,68ddc794b8b8,0.7365,0.0033,0
1275,pbs,main,514,512,3,2,6,30,8.0,0.12,0.3,1,1616.37,0,80.543,0,28.228,13.728,1594.354,22.016,,,,,,,,,,,d99607c8f27f,0.8712,0.0024,0
1276,pbs,main,515,512,3,3,6,30,8.0,0.12,0.3,1,1778.722,0,80.843,0,35.104,12.654,1757.984,20.738,,,,,,,,,,,1b02e6858dc5,0.9369,0.009,0
1277,pbs,main,1024,1024,4,0,6,30,8.0,0.12,0.3,1,1747.808,0,88.695,0,31.696,12.242,1729.032,18.776,,,,,,,,,,,4b2f60fb1a45,0.9454,0.0027,0
1278,pbs,main,1025,1024,4,1,6,30,8.0,0.12,0.3,1,1753.395,0,87.307,0,31.038,14.27,1731.997,21.398,,,,,,,,,,,c6f81a7677b0,0.8957,0.0028,0
1279,pbs,main,1026,1024,4,2,6,30,8.0,0.12,0.3,1,1795.663,0,88.686,0,32.053,12.728,1774.522,21.141,,,,,,,,,,,81eeff34b3ad,0.7713,0.004,0
1280,pbs,main,1027,1024,4,3,6,30,8.0,0.12,0.3,1,1309.284,0,88.782,0,35.22,10.328,1287.583,21.7,,,,,,,,,,,43777d769745,0.8725,0.003,0
1281,cofly,swarm_size,42,42,0,0,2,30,8.0,0.12,0.3,1,2148.112,0,86.254,0,69.8,3.434,2120.7,27.4,,,,,,,,,,,942b353324cd,0.7343,0.0157,0
1282,cofly,swarm_size,42,42,0,0,4,30,8.0,0.12,0.3,1,1237.084,0,89.898,0,45.744,2.414,1221.3,15.8,,,,,,,,,,,87c6753131e3,0.626,0.0233,0
1283,cofly,swarm_size,42,42,0,0,6,30,8.0,0.12,0.3,1,873.852,0,91.351,0,36.152,2.008,862.8,11.1,,,,,,,,,,,c87efd598843,0.6998,0.0299,0
1284,cofly,swarm_size,42,42,0,0,8,30,8.0,0.12,0.3,1,703.621,0,92.032,0,31.657,1.817,694.6,9.0,,,,,,,,,,,72ba4930c3e5,0.5928,0.0435,0
1285,cofly,swarm_size,42,42,0,0,10,30,8.0,0.12,0.3,1,592.46,0,92.476,0,28.722,1.693,585.0,7.5,,,,,,,,,,,3d6d28441395,0.6112,0.041,0
1286,cofly,swarm_size,43,42,0,1,2,30,8.0,0.12,0.3,1,2194.415,0,84.873,0,75.404,2.436,2166.4,28.0,,,,,,,,,,,30f5a76098f6,0.572,0.0238,0
1287,cofly,swarm_size,43,42,0,1,4,30,8.0,0.12,0.3,1,1252.239,0,88.642,0,48.991,1.699,1236.2,16.0,,,,,,,,,,,461fe5691571,0.6707,0.0295,0
1288,cofly,swarm_size,43,42,0,1,6,30,8.0,0.12,0.3,1,881.908,0,90.123,0,38.609,1.409,870.7,11.2,,,,,,,,,,,df31e7f98784,0.6159,0.0323,0
1289,cofly,swarm_size,43,42,0,1,8,30,8.0,0.12,0.3,1,773.707,0,90.556,0,35.575,1.325,763.8,9.9,,,,,,,,,,,3ae192d21dbf,0.6476,0.0406,0
1290,cofly,swarm_size,43,42,0,1,10,30,8.0,0.12,0.3,1,594.624,0,91.273,0,30.555,1.185,587.0,7.6,,,,,,,,,,,bf7aefac057a,0.6301,0.0245,0
1291,cofly,swarm_size,44,42,0,2,2,30,8.0,0.12,0.3,1,2199.884,1,81.777,1,69.668,3.331,2171.9,28.0,,,,,,,,,,,ba3d7e8589fc,0.6664,0.0213,0
1292,cofly,swarm_size,44,42,0,2,4,30,8.0,0.12,0.3,1,1199.959,1,85.776,1,43.821,2.263,1184.7,15.3,,,,,,,,,,,4015021e2644,0.6162,0.0254,0
1293,cofly,swarm_size,44,42,0,2,6,30,8.0,0.12,0.3,1,995.17,1,86.595,1,38.527,2.045,982.5,12.7,,,,,,,,,,,3eb8a755c55a,0.6156,0.0277,0
1294,cofly,swarm_size,44,42,0,2,8,30,8.0,0.12,0.3,1,694.146,1,87.799,1,30.746,1.723,685.3,8.8,,,,,,,,,,,9affbda6c579,0.6703,0.0253,0
1295,cofly,swarm_size,44,42,0,2,10,30,8.0,0.12,0.3,1,690.745,1,87.813,1,30.658,1.719,681.9,8.8,,,,,,,,,,,9b8827929b55,0.6788,0.0207,0
1296,cofly,swarm_size,45,42,0,3,2,30,8.0,0.12,0.3,1,2275.014,1,84.365,0,75.483,4.616,2246.0,29.0,,,,,,,,,,,de21adc567b7,0.7052,0.0234,0
1297,cofly,swarm_size,45,42,0,3,4,30,8.0,0.12,0.3,1,1253.881,1,88.45,0,47.66,3.141,1237.9,16.0,,,,,,,,,,,d1b171414e53,0.6333,0.0294,0
1298,cofly,swarm_size,45,42,0,3,6,30,8.0,0.12,0.3,1,1025.183,1,89.364,0,41.428,2.81,1012.1,13.1,,,,,,,,,,,5a9ef0895e32,0.6185,0.0251,0
1299,cofly,swarm_size,45,42,0,3,8,30,8.0,0.12,0.3,1,734.326,1,90.528,0,33.503,2.39,724.9,9.4,,,,,,,,,,,b69a8a644def,0.5895,0.0205,0
1300,cofly,swarm_size,45,42,0,3,10,30,8.0,0.12,0.3,1,582.406,1,91.135,0,29.364,2.171,575.0,7.4,,,,,,,,,,,30a239cc2511,0.6619,0.0332,0
1301,cofly,swarm_size,123,123,1,0,2,30,8.0,0.12,0.3,1,2233.741,0,81.393,0,74.63,4.884,2205.2,28.5,,,,,,,,,,,5ceed6f50894,0.5758,0.0307,0
1302,cofly,swarm_size,123,123,1,0,4,30,8.0,0.12,0.3,1,1191.906,0,85.56,0,46.139,3.27,1176.7,15.2,,,,,,,,,,,8285416dd7fc,0.6347,0.0286,0
1303,cofly,swarm_size,123,123,1,0,6,30,8.0,0.12,0.3,1,863.503,0,86.874,0,37.158,2.762,852.5,11.0,,,,,,,,,,,b9de073e0470,0.573,0.0169,0
1304,cofly,swarm_size,123,123,1,0,8,30,8.0,0.12,0.3,1,758.967,0,87.292,0,34.3,2.6,749.3,9.7,,,,,,,,,,,d437a0352f4d,0.6402,0.0281,0
1305,cofly,swarm_size,123,123,1,0,10,30,8.0,0.12,0.3,1,556.371,0,88.103,0,28.759,2.286,549.3,7.1,,,,,,,,,,,b7a07e1fa042,0.547,0.0196,0
1306,cofly,swarm_size,124,123,1,1,2,30,8.0,0.12,0.3,1,2069.056,0,86.73,1,71.424,3.436,2042.7,26.4,,,,,,,,,,,6879c3980a8a,0.724,0.0228,0
1307,cofly,swarm_size,124,123,1,1,4,30,8.0,0.12,0.3,1,1257.372,0,89.977,1,48.816,2.503,1241.4,16.0,,,,,,,,,,,5a9c898381b6,0.6906,0.022,0
1308,cofly,swarm_size,124,123,1,1,6,30,8.0,0.12,0.3,1,911.094,0,91.362,1,39.171,2.105,899.5,11.6,,,,,,,,,,,1f6b80e559f3,0.6527,0.0742,0
1309,cofly,swarm_size,124,123,1,1,8,30,8.0,0.12,0.3,1,784.793,0,91.867,1,35.653,1.96,774.8,10.0,,,,,,,,,,,0b68d42cb519,0.6605,0.0238,0
1310,cofly,swarm_size,124,123,1,1,10,30,8.0,0.12,0.3,1,691.116,0,92.242,1,33.044,1.852,682.3,8.8,,,,,,,,,,,b69f4d63064b,0.6789,0.0337,0
1311,cofly,swarm_size,125,123,1,2,2,30,8.0,0.12,0.3,1,2119.245,0,86.027,0,66.089,3.582,2092.2,27.0,,,,,,,,,,,6e628944306e,0.623,0.0291,0
1312,cofly,swarm_size,125,123,1,2,4,30,8.0,0.12,0.3,1,1212.294,0,89.655,0,43.163,2.513,1196.9,15.4,,,,,,,,,,,471157a6db06,0.6276,0.0212,0
1313,cofly,swarm_size,125,123,1,2,6,30,8.0,0.12,0.3,1,810.829,0,91.261,0,33.015,2.04,800.5,10.3,,,,,,,,,,,7c344f30dc71,0.6287,0.0197,0
1314,cofly,swarm_size,125,123,1,2,8,30,8.0,0.12,0.3,1,707.685,0,91.673,0,30.408,1.918,698.7,9.0,,,,,,,,,,,a87559c58647,0.5683,0.0441,0
1315,cofly,swarm_size,125,123,1,2,10,30,8.0,0.12,0.3,1,507.506,0,92.474,0,25.348,1.682,501.0,6.5,,,,,,,,,,,3337e47135a3,0.7275,0.0196,0
1316,cofly,swarm_size,126,123,1,3,2,30,8.0,0.12,0.3,1,2132.668,0,78.517,1,70.702,2.723,2105.5,27.2,,,,,,,,,,,27fbb5fe04ad,0.6879,0.0279,0
1317,cofly,swarm_size,126,123,1,3,4,30,8.0,0.12,0.3,1,1233.623,0,82.114,1,46.514,1.921,1217.9,15.7,,,,,,,,,,,77af7affd5ac,0.5993,0.0231,0
1318,cofly,swarm_size,126,123,1,3,6,30,8.0,0.12,0.3,1,971.61,0,83.162,1,39.465,1.687,959.2,12.4,,,,,,,,,,,73a692f68957,0.6368,0.0451,0
1319,cofly,swarm_size,126,123,1,3,8,30,8.0,0.12,0.3,1,692.811,0,84.277,1,31.964,1.439,684.0,8.8,,,,,,,,,,,d95b06b7204e,0.6446,0.0199,0
1320,cofly,swarm_size,126,123,1,3,10,30,8.0,0.12,0.3,1,663.743,0,84.393,1,31.182,1.413,655.2,8.5,,,,,,,,,,,10f305aa1e28,0.5445,0.0222,0
1321,cofly,swarm_size,256,256,2,0,2,30,8.0,0.12,0.3,1,2179.899,0,88.768,1,66.537,3.291,2152.1,27.8,,,,,,,,,,,9b64682ecfc0,0.6821,0.0446,0
1322,cofly,swarm_size,256,256,2,0,4,30,8.0,0.12,0.3,1,1239.321,0,92.531,1,43.143,2.292,1223.5,15.8,,,,,,,,,,,1768ab4ccf92,0.6502,0.0232,0
1323,cofly,swarm_size,256,256,2,0,6,30,8.0,0.12,0.3,1,976.241,0,93.583,1,36.6,2.013,963.8,12.4,,,,,,,,,,,ad7e81152e99,0.6852,0.0185,0
1324,cofly,swarm_size,256,256,2,0,8,30,8.0,0.12,0.3,1,737.223,0,94.539,1,30.655,1.759,727.8,9.4,,,,,,,,,,,43d8177f8510,0.644,0.0192,0
1325,cofly,swarm_size,256,256,2,0,10,30,8.0,0.12,0.3,1,593.669,0,95.113,1,27.084,1.607,586.1,7.6,,,,,,,,,,,6cc3855443d9,0.5881,0.0219,0
1326,cofly,swarm_size,257,256,2,1,2,30,8.0,0.12,0.3,1,2145.504,1,83.756,1,66.999,2.808,2118.2,27.3,,,,,,,,,,,4272197d64af,0.6149,0.0351,0
1327,cofly,swarm_size,257,256,2,1,4,30,8.0,0.12,0.3,1,1221.045,1,87.454,1,43.545,1.961,1205.4,15.6,,,,,,,,,,,be650604de4c,0.7618,0.022,0
1328,cofly,swarm_size,257,256,2,1,6,30,8.0,0.12,0.3,1,1023.624,1,88.244,1,38.536,1.78,1010.6,13.0,,,,,,,,,,,a24be1a3a4af,0.6684,0.0276,0
1329,cofly,swarm_size,257,256,2,1,8,30,8.0,0.12,0.3,1,813.369,1,89.085,1,33.201,1.588,803.0,10.4,,,,,,,,,,,2dfe3dedb439,0.6086,0.0314,0
1330,cofly,swarm_size,257,256,2,1,10,30,8.0,0.12,0.3,1,576.734,1,90.031,1,27.198,1.371,569.4,7.3,,,,,,,,,,,0ba4bd4d1fa1,0.6747,0.0261,0
1331,cofly,swarm_size,258,256,2,2,2,30,8.0,0.12,0.3,1,2166.573,0,81.613,1,70.248,3.094,2139.0,27.6,,,,,,,,,,,855bb8ed53fd,0.6018,0.0272,0
1332,cofly,swarm_size,258,256,2,2,4,30,8.0,0.12,0.3,1,1224.482,0,85.381,1,45.386,2.149,1208.9,15.6,,,,,,,,,,,d87a04ff3cc1,0.6102,0.0317,0
1333,cofly,swarm_size,258,256,2,2,6,30,8.0,0.12,0.3,1,934.709,0,86.54,1,37.738,1.859,922.8,11.9,,,,,,,,,,,ba9fddae40a9,0.6226,0.0222,0
1334,cofly,swarm_size,258,256,2,2,8,30,8.0,0.12,0.3,1,744.658,0,87.3,1,32.723,1.668,735.2,9.5,,,,,,,,,,,92cb1f1a16ed,0.7449,0.0231,0
1335,cofly,swarm_size,258,256,2,2,10,30,8.0,0.12,0.3,1,702.342,0,87.47,1,31.606,1.626,693.4,8.9,,,,,,,,,,,358de4ab3b65,0.66,0.0357,0
1336,cofly,swarm_size,259,256,2,3,2,30,8.0,0.12,0.3,1,2051.3,1,85.999,0,65.437,3.167,2025.2,26.1,,,,,,,,,,,c38d09ddd302,0.6796,0.0201,0
1337,cofly,swarm_size,259,256,2,3,4,30,8.0,0.12,0.3,1,1204.761,1,89.385,0,43.684,2.265,1189.5,15.3,,,,,,,,,,,4b9d6ad62c14,0.6917,0.0219,0
1338,cofly,swarm_size,259,256,2,3,6,30,8.0,0.12,0.3,1,1044.22,1,90.027,0,39.559,2.094,1030.9,13.3,,,,,,,,,,,1448175bcd5a,0.6203,0.0207,0
1339,cofly,swarm_size,259,256,2,3,8,30,8.0,0.12,0.3,1,672.786,1,91.513,0,30.014,1.698,664.2,8.6,,,,,,,,,,,98284c3f5c65,0.6617,0.023,0
1340,cofly,swarm_size,259,256,2,3,10,30,8.0,0.12,0.3,1,639.31,1,91.647,0,29.154,1.662,631.2,8.1,,,,,,,,,,,b65251350d58,0.616,0.0406,0
1341,cofly,swarm_size,512,512,3,0,2,30,8.0,0.12,0.3,1,2239.19,0,83.456,0,76.662,3.113,2210.7,28.5,,,,,,,,,,,470cd66b0b93,0.625,0.0211,0
1342,cofly,swarm_size,512,512,3,0,4,30,8.0,0.12,0.3,1,1192.616,0,87.643,0,47.32,2.082,1177.4,15.2,,,,,,,,,,,5d5dfc0fd91a,0.6328,0.0154,0
1343,cofly,swarm_size,512,512,3,0,6,30,8.0,0.12,0.3,1,790.023,0,89.253,0,36.033,1.685,779.9,10.1,,,,,,,,,,,7ade9eb3253c,0.7636,0.0351,0
1344,cofly,swarm_size,512,512,3,0,8,30,8.0,0.12,0.3,1,791.338,0,89.248,0,36.07,1.686,781.2,10.1,,,,,,,,,,,775e7974d9e5,0.617,0.024,0
1345,cofly,swarm_size,512,512,3,0,10,30,8.0,0.12,0.3,1,574.714,0,90.114,0,29.997,1.473,567.4,7.3,,,,,,,,,,,dbf7413b1fe3,0.6735,0.0291,0
1346,cofly,swarm_size,513,512,3,1,2,30,8.0,0.12,0.3,1,2142.317,0,82.385,0,70.837,3.311,2115.0,27.3,,,,,,,,,,,dd78ffbc7b20,0.6571,0.0351,0
1347,cofly,swarm_size,513,512,3,1,4,30,8.0,0.12,0.3,1,1184.621,0,86.216,0,45.116,2.275,1169.5,15.1,,,,,,,,,,,6baad2ed13a9,0.6327,0.0194,0
1348,cofly,swarm_size,513,512,3,1,6,30,8.0,0.12,0.3,1,861.425,0,87.508,0,36.436,1.926,850.4,11.0,,,,,,,,,,,e4951e5d80d0,0.7401,0.029,0
1349,cofly,swarm_size,513,512,3,1,8,30,8.0,0.12,0.3,1,777.49,0,87.844,0,34.182,1.835,767.6,9.9,,,,,,,,,,,ce80d49eda49,0.5408,0.0205,0
1350,cofly,swarm_size,513,512,3,1,10,30,8.0,0.12,0.3,1,644.483,0,88.376,0,30.61,1.691,636.3,8.2,,,,,,,,,,,605f9a24aa6e,0.7083,0.0168,0
1351,cofly,swarm_size,514,512,3,2,2,30,8.0,0.12,0.3,1,2105.483,0,85.542,0,70.099,3.368,2078.7,26.8,,,,,,,,,,,51c63131aba9,0.6976,0.0356,0
1352,cofly,swarm_size,514,512,3,2,4,30,8.0,0.12,0.3,1,1147.455,0,89.374,0,44.277,2.301,1132.9,14.6,,,,,,,,,,,41dd681be434,0.7028,0.0146,0
1353,cofly,swarm_size,514,512,3,2,6,30,8.0,0.12,0.3,1,909.958,0,90.324,0,37.876,2.037,898.4,11.6,,,,,,,,,,,f5330024e1cd,0.6309,0.0153,0
1354,cofly,swarm_size,514,512,3,2,8,30,8.0,0.12,0.3,1,746.089,0,90.98,0,33.459,1.855,736.6,9.5,,,,,,,,,,,a766bcbbe070,0.7205,0.0216,0
1355,cofly,swarm_size,514,512,3,2,10,30,8.0,0.12,0.3,1,659.278,0,91.327,0,31.119,1.758,650.9,8.4,,,,,,,,,,,a18936b04929,0.6667,0.0188,0
1356,cofly,swarm_size,515,512,3,3,2,30,8.0,0.12,0.3,1,2147.365,0,83.554,0,72.089,2.951,2120.0,27.4,,,,,,,,,,,007a4b268e7a,0.6573,0.0422,0
1357,cofly,swarm_size,515,512,3,3,4,30,8.0,0.12,0.3,1,1250.283,0,87.142,0,47.617,2.088,1234.4,15.9,,,,,,,,,,,8019f3b0aacf,0.7239,0.0314,0
1358,cofly,swarm_size,515,512,3,3,6,30,8.0,0.12,0.3,1,884.677,0,88.604,0,37.644,1.736,873.4,11.3,,,,,,,,,,,aabcadb84eba,0.7853,0.0587,0
1359,cofly,swarm_size,515,512,3,3,8,30,8.0,0.12,0.3,1,770.305,0,89.062,0,34.524,1.626,760.5,9.8,,,,,,,,,,,7650a97380cd,0.6536,0.0302,0
1360,cofly,swarm_size,515,512,3,3,10,30,8.0,0.12,0.3,1,690.298,0,89.382,0,32.341,1.549,681.5,8.8,,,,,,,,,,,e3ece8807f78,0.7413,0.0223,0
1361,cofly,swarm_size,1024,1024,4,0,2,30,8.0,0.12,0.3,1,2179.12,0,81.679,0,69.578,3.47,2151.3,27.8,,,,,,,,,,,c10b307f4493,0.6276,0.0286,0
1362,cofly,swarm_size,1024,1024,4,0,4,30,8.0,0.12,0.3,1,1217.392,0,85.526,0,44.557,2.393,1201.9,15.5,,,,,,,,,,,080e8ef51b92,0.6217,0.0261,0
1363,cofly,swarm_size,1024,1024,4,0,6,30,8.0,0.12,0.3,1,875.185,0,86.894,0,35.654,2.01,864.1,11.1,,,,,,,,,,,3cff12c649ac,0.6534,0.0382,0
1364,cofly,swarm_size,1024,1024,4,0,8,30,8.0,0.12,0.3,1,841.725,0,87.028,0,34.784,1.973,831.0,10.7,,,,,,,,,,,ef6bc3261f55,0.6965,0.0232,0
1365,cofly,swarm_size,1024,1024,4,0,10,30,8.0,0.12,0.3,1,558.223,0,88.162,0,27.408,1.655,551.1,7.1,,,,,,,,,,,6767a7b0e5f7,0.6563,0.0328,0
1366,cofly,swarm_size,1025,1024,4,1,2,30,8.0,0.12,0.3,1,2156.389,0,84.101,0,64.127,2.395,2128.9,27.5,,,,,,,,,,,98aee35c578e,0.5555,0.0273,0
1367,cofly,swarm_size,1025,1024,4,1,4,30,8.0,0.12,0.3,1,1198.903,0,87.93,0,40.972,1.649,1183.6,15.3,,,,,,,,,,,c763ec563d27,0.5752,0.0311,0
1368,cofly,swarm_size,1025,1024,4,1,6,30,8.0,0.12,0.3,1,894.365,0,89.149,0,33.607,1.412,883.0,11.4,,,,,,,,,,,1a64140a1db3,0.7447,0.0288,0
1369,cofly,swarm_size,1025,1024,4,1,8,30,8.0,0.12,0.3,1,770.052,0,89.646,0,30.6,1.315,760.3,9.8,,,,,,,,,,,0e8bfa475982,0.6558,0.0371,0
1370,cofly,swarm_size,1025,1024,4,1,10,30,8.0,0.12,0.3,1,556.371,0,90.501,0,25.433,1.149,549.3,7.1,,,,,,,,,,,2e3e883ee2a4,0.6448,0.0221,0
1371,cofly,swarm_size,1026,1024,4,2,2,30,8.0,0.12,0.3,1,2085.798,0,85.794,0,69.833,3.31,2059.2,26.6,,,,,,,,,,,5716427b3310,0.7343,0.0248,0
1372,cofly,swarm_size,1026,1024,4,2,4,30,8.0,0.12,0.3,1,1222.172,0,89.248,0,46.467,2.359,1206.6,15.6,,,,,,,,,,,b46ca6daf52a,0.7239,0.0281,0
1373,cofly,swarm_size,1026,1024,4,2,6,30,8.0,0.12,0.3,1,785.778,0,90.994,0,34.66,1.878,775.8,10.0,,,,,,,,,,,d6b61c3ccec6,0.6523,0.0237,0
1374,cofly,swarm_size,1026,1024,4,2,8,30,8.0,0.12,0.3,1,816.419,0,90.871,0,35.489,1.912,806.0,10.4,,,,,,,,,,,3f02a3a5255e,0.6408,0.0255,0
1375,cofly,swarm_size,1026,1024,4,2,10,30,8.0,0.12,0.3,1,578.326,0,91.824,0,29.047,1.65,570.9,7.4,,,,,,,,,,,f5339a10e2d0,0.6966,0.0281,0
1376,cofly,swarm_size,1027,1024,4,3,2,30,8.0,0.12,0.3,1,2237.426,1,84.163,0,72.12,4.332,2208.9,28.5,,,,,,,,,,,b32e5462afe6,0.5535,0.0259,0
1377,cofly,swarm_size,1027,1024,4,3,4,30,8.0,0.12,0.3,1,1267.361,1,88.044,0,46.518,3.001,1251.3,16.1,,,,,,,,,,,0b21aff4e932,0.664,0.0203,0
1378,cofly,swarm_size,1027,1024,4,3,6,30,8.0,0.12,0.3,1,1082.044,1,88.785,0,41.628,2.747,1068.2,13.8,,,,,,,,,,,f85cee2d0dbb,0.5521,0.019,0
1379,cofly,swarm_size,1027,1024,4,3,8,30,8.0,0.12,0.3,1,770.488,1,90.031,0,33.405,2.319,760.7,9.8,,,,,,,,,,,8833c4915b9d,0.5299,0.0247,0
1380,cofly,swarm_size,1027,1024,4,3,10,30,8.0,0.12,0.3,1,577.28,1,90.804,0,28.306,2.054,569.9,7.4,,,,,,,,,,,b1af82cf222b,0.5784,0.0442,0
1381,greedy,swarm_size,42,42,0,0,2,30,8.0,0.12,0.3,1,2186.07,0,92.401,0,29.358,19.855,2158.2,27.9,,,,,,,,,,,b0250c30699a,0.0868,0.0026,0
1382,greedy,swarm_size,42,42,0,0,4,30,8.0,0.12,0.3,1,2496.546,0,91.16,0,31.938,21.17,2464.7,31.8,,,,,,,,,,,a1aa80ae8656,0.0756,0.0025,0
1383,greedy,swarm_size,42,42,0,0,6,30,8.0,0.12,0.3,1,2522.613,0,91.055,0,32.154,21.28,2490.5,32.1,,,,,,,,,,,abf8e7b5b3de,0.0778,0.0015,0
1384,greedy,swarm_size,42,42,0,0,8,30,8.0,0.12,0.3,1,2319.718,0,91.867,0,30.469,20.421,2290.1,29.6,,,,,,,,,,,87113f3387fa,0.0875,0.0022,0
1385,greedy,swarm_size,42,42,0,0,10,30,8.0,0.12,0.3,1,2473.524,0,91.252,0,31.747,21.072,2442.0,31.5,,,,,,,,,,,ad153ae9f815,0.0823,0.0018,0
1386,greedy,swarm_size,43,42,0,1,2,30,8.0,0.12,0.3,1,2550.596,0,90.372,0,32.865,19.537,2518.1,32.5,,,,,,,,,,,f38a7ba160c5,0.0823,0.0021,0
1387,greedy,swarm_size,43,42,0,1,4,30,8.0,0.12,0.3,1,2443.768,0,90.8,0,31.964,19.124,2412.7,31.1,,,,,,,,,,,b90bb61edc71,0.0807,0.0027,0
1388,greedy,swarm_size,43,42,0,1,6,30,8.0,0.12,0.3,1,2426.781,0,90.868,0,31.821,19.059,2395.9,30.9,,,,,,,,,,,e48204a1b44b,0.0909,0.0013,0
1389,greedy,swarm_size,43,42,0,1,8,30,8.0,0.12,0.3,1,2742.144,0,89.606,0,34.479,20.278,2707.2,34.9,,,,,,,,,,,7ed250fce8ec,0.0831,0.0031,0
1390,greedy,swarm_size,43,42,0,1,10,30,8.0,0.12,0.3,1,2498.147,0,90.582,0,32.422,19.334,2466.3,31.8,,,,,,,,,,,bc638f547afd,0.0706,0.0028,0
1391,greedy,swarm_size,44,42,0,2,2,30,8.0,0.12,0.3,1,2712.225,0,87.053,0,34.951,11.044,2677.6,34.6,,,,,,,,,,,f640a84a5bb4,0.0762,0.0027,0
1392,greedy,swarm_size,44,42,0,2,4,30,8.0,0.12,0.3,1,2560.05,0,87.662,0,33.641,10.721,2527.4,32.6,,,,,,,,,,,bb4e49248e6c,0.0822,0.0027,0
1393,greedy,swarm_size,44,42,0,2,6,30,8.0,0.12,0.3,1,2412.358,0,88.252,0,32.37,10.409,2381.7,30.7,,,,,,,,,,,843ed4d0def9,0.0808,0.0016,0
1394,greedy,swarm_size,44,42,0,2,8,30,8.0,0.12,0.3,1,2585.188,0,87.561,0,33.858,10.775,2552.3,32.9,,,,,,,,,,,5828543ad016,0.0976,0.0016,0
1395,greedy,swarm_size,44,42,0,2,10,30,8.0,0.12,0.3,1,2351.962,0,88.494,0,31.85,10.281,2322.0,30.0,,,,,,,,,,,a6deec5edfc1,0.083,0.0009,0
1396,greedy,swarm_size,45,42,0,3,2,30,8.0,0.12,0.3,1,2787.935,0,88.062,0,31.446,23.738,2752.4,35.5,,,,,,,,,,,d1ccb2aa843b,0.0781,0.0015,0
1397,greedy,swarm_size,45,42,0,3,4,30,8.0,0.12,0.3,1,2574.553,0,88.916,0,29.824,22.781,2541.8,32.8,,,,,,,,,,,5442f1b91db4,0.068,0.002,0
1398,greedy,swarm_size,45,42,0,3,6,30,8.0,0.12,0.3,1,2239.385,0,90.256,0,27.275,21.277,2210.9,28.5,,,,,,,,,,,437e51d45d2d,0.0789,0.0019,0
1399,greedy,swarm_size,45,42,0,3,8,30,8.0,0.12,0.3,1,2727.791,0,88.303,0,30.989,23.469,2693.0,34.8,,,,,,,,,,,bf948c949bfd,0.0764,0.0024,0
1400,greedy,swarm_size,45,42,0,3,10,30,8.0,0.12,0.3,1,2353.369,0,89.8,0,28.142,21.789,2323.4,30.0,,,,,,,,,,,b6baa92a1627,0.0719,0.0017,0
1401,greedy,swarm_size,123,123,1,0,2,30,8.0,0.12,0.3,1,2653.406,0,90.606,0,34.907,22.294,2619.6,33.8,,,,,,,,,,,a6c1e2150021,0.0775,0.0021,0
1402,greedy,swarm_size,123,123,1,0,4,30,8.0,0.12,0.3,1,2642.581,0,90.649,0,34.813,22.248,2608.9,33.7,,,,,,,,,,,583cb75bba95,0.084,0.0021,0
1403,greedy,swarm_size,123,123,1,0,6,30,8.0,0.12,0.3,1,2566.311,0,90.955,0,34.148,21.918,2533.6,32.7,,,,,,,,,,,1375179ddf8c,0.0784,0.003,0
1404,greedy,swarm_size,123,123,1,0,8,30,8.0,0.12,0.3,1,2734.899,0,90.28,0,35.618,22.647,2700.1,34.8,,,,,,,,,,,412c10edbd37,0.0743,0.0023,0
1405,greedy,swarm_size,123,123,1,0,10,30,8.0,0.12,0.3,1,2711.514,0,90.374,0,35.414,22.546,2677.0,34.5,,,,,,,,,,,9516032c96d5,0.0726,0.0016,0
1406,greedy,swarm_size,124,123,1,1,2,30,8.0,0.12,0.3,1,2354.327,0,92.516,0,31.439,19.969,2324.3,30.0,,,,,,,,,,,da9058e0689f,0.072,0.0024,0
1407,greedy,swarm_size,124,123,1,1,4,30,8.0,0.12,0.3,1,2876.902,0,90.426,0,35.876,22.117,2840.2,36.7,,,,,,,,,,,cbbf29ea068f,0.0797,0.0022,0
1408,greedy,swarm_size,124,123,1,1,6,30,8.0,0.12,0.3,1,2631.734,0,91.407,0,33.795,21.109,2598.2,33.5,,,,,,,,,,,04f2b49da5a7,0.0737,0.0019,0
1409,greedy,swarm_size,124,123,1,1,8,30,8.0,0.12,0.3,1,2403.291,0,92.321,0,31.855,20.17,2372.7,30.6,,,,,,,,,,,685007fb5b95,0.0879,0.0017,0
1410,greedy,swarm_size,124,123,1,1,10,30,8.0,0.12,0.3,1,2474.355,0,92.036,0,32.458,20.462,2442.9,31.5,,,,,,,,,,,afa2d1ee34eb,0.0873,0.002,0
1411,greedy,swarm_size,125,123,1,2,2,30,8.0,0.12,0.3,1,2498.487,0,86.144,0,31.044,18.986,2466.7,31.8,,,,,,,,,,,889239e8b4a6,0.0904,0.0019,0
1412,greedy,swarm_size,125,123,1,2,4,30,8.0,0.12,0.3,1,2211.223,0,87.293,0,28.725,17.896,2183.0,28.2,,,,,,,,,,,76526af9bb25,0.0844,0.0023,0
1413,greedy,swarm_size,125,123,1,2,6,30,8.0,0.12,0.3,1,2662.301,0,85.489,0,32.366,19.608,2628.4,33.9,,,,,,,,,,,d412f0f4391f,0.0937,0.0022,0
1414,greedy,swarm_size,125,123,1,2,8,30,8.0,0.12,0.3,1,2203.879,0,87.322,0,28.666,17.868,2175.8,28.1,,,,,,,,,,,4639f3d43274,0.0786,0.0016,0
1415,greedy,swarm_size,125,123,1,2,10,30,8.0,0.12,0.3,1,2518.99,0,86.062,0,31.209,19.064,2486.9,32.1,,,,,,,,,,,31fc430bf23a,0.0758,0.0013,0
1416,greedy,swarm_size,126,123,1,3,2,30,8.0,0.12,0.3,1,2568.075,0,93.623,0,34.874,14.813,2535.4,32.7,,,,,,,,,,,8a82613cbacf,0.0839,0.0025,0
1417,greedy,swarm_size,126,123,1,3,4,30,8.0,0.12,0.3,1,2540.073,0,93.735,0,34.624,14.731,2507.7,32.4,,,,,,,,,,,fd1871b4e8f9,0.0734,0.0018,0
1418,greedy,swarm_size,126,123,1,3,6,30,8.0,0.12,0.3,1,2408.312,0,94.263,0,33.451,14.346,2377.6,30.7,,,,,,,,,,,62ee0241507e,0.0895,0.0027,0
1419,greedy,swarm_size,126,123,1,3,8,30,8.0,0.12,0.3,1,2559.264,0,93.659,0,34.795,14.787,2526.7,32.6,,,,,,,,,,,fdaba5dda5f8,0.0691,0.0022,0
1420,greedy,swarm_size,126,123,1,3,10,30,8.0,0.12,0.3,1,2536.223,0,93.751,0,34.59,14.719,2503.9,32.3,,,,,,,,,,,5bf48e5ee062,0.0931,0.002,0
1421,greedy,swarm_size,256,256,2,0,2,30,8.0,0.12,0.3,1,2543.482,0,88.826,0,32.65,26.611,2511.1,32.4,,,,,,,,,,,12c79755e67b,0.0806,0.0015,0
1422,greedy,swarm_size,256,256,2,0,4,30,8.0,0.12,0.3,1,2445.524,0,89.218,0,31.828,26.095,2414.3,31.2,,,,,,,,,,,16016f58b7f4,0.0769,0.0021,0
1423,greedy,swarm_size,256,256,2,0,6,30,8.0,0.12,0.3,1,2390.898,0,89.436,0,31.37,25.807,2360.4,30.5,,,,,,,,,,,4c6f37f471eb,0.0788,0.0021,0
1424,greedy,swarm_size,256,256,2,0,8,30,8.0,0.12,0.3,1,2511.64,0,88.953,0,32.383,26.444,2479.6,32.0,,,,,,,,,,,4032d7457d25,0.0742,0.0018,0
1425,greedy,swarm_size,256,256,2,0,10,30,8.0,0.12,0.3,1,2480.601,0,89.077,0,32.122,26.28,2449.0,31.6,,,,,,,,,,,113aaae9c06c,0.0787,0.0018,0
1426,greedy,swarm_size,257,256,2,1,2,30,8.0,0.12,0.3,1,2556.931,0,89.757,0,31.144,19.359,2524.3,32.6,,,,,,,,,,,78e42c467798,0.0912,0.0023,0
1427,greedy,swarm_size,257,256,2,1,4,30,8.0,0.12,0.3,1,2545.093,0,89.804,0,31.049,19.313,2512.7,32.4,,,,,,,,,,,34340db7d8c8,0.0859,0.0019,0
1428,greedy,swarm_size,257,256,2,1,6,30,8.0,0.12,0.3,1,2388.434,0,90.431,0,29.8,18.714,2358.0,30.4,,,,,,,,,,,815e65d0a1c9,0.0865,0.002,0
1429,greedy,swarm_size,257,256,2,1,8,30,8.0,0.12,0.3,1,2602.942,0,89.573,0,31.511,19.535,2569.7,33.2,,,,,,,,,,,ee51bed5c737,0.0811,0.0016,0
1430,greedy,swarm_size,257,256,2,1,10,30,8.0,0.12,0.3,1,2249.105,0,90.988,0,28.688,18.181,2220.4,28.7,,,,,,,,,,,4fa8305135bf,0.0769,0.0018,0
1431,greedy,swarm_size,258,256,2,2,2,30,8.0,0.12,0.3,1,2427.674,0,89.351,0,33.272,20.92,2396.8,30.9,,,,,,,,,,,319329983ebd,0.0791,0.0019,0
1432,greedy,swarm_size,258,256,2,2,4,30,8.0,0.12,0.3,1,2647.536,0,88.472,0,35.21,21.852,2613.8,33.7,,,,,,,,,,,919b74c554ba,0.0823,0.002,0
1433,greedy,swarm_size,258,256,2,2,6,30,8.0,0.12,0.3,1,2550.942,0,88.858,0,34.359,21.443,2518.4,32.5,,,,,,,,,,,e2836b4c1855,0.0838,0.0021,0
1434,greedy,swarm_size,258,256,2,2,8,30,8.0,0.12,0.3,1,2350.61,0,89.659,0,32.593,20.593,2320.7,29.9,,,,,,,,,,,1d84bc22dd84,0.0678,0.0011,0
1435,greedy,swarm_size,258,256,2,2,10,30,8.0,0.12,0.3,1,2830.373,0,87.74,0,36.821,22.628,2794.3,36.1,,,,,,,,,,,37a28599429b,0.0741,0.0016,0
1436,greedy,swarm_size,259,256,2,3,2,30,8.0,0.12,0.3,1,2457.695,0,90.19,0,34.251,20.743,2426.4,31.3,,,,,,,,,,,94b6250391c2,0.0759,0.0016,0
1437,greedy,swarm_size,259,256,2,3,4,30,8.0,0.12,0.3,1,2668.323,0,89.347,0,36.147,21.623,2634.3,34.0,,,,,,,,,,,133b85ad79b7,0.0786,0.002,0
1438,greedy,swarm_size,259,256,2,3,6,30,8.0,0.12,0.3,1,2313.425,0,90.767,0,32.953,20.14,2283.9,29.5,,,,,,,,,,,52c01907ff9d,0.072,0.0027,0
1439,greedy,swarm_size,259,256,2,3,8,30,8.0,0.12,0.3,1,2340.501,0,90.659,0,33.197,20.253,2310.7,29.8,,,,,,,,,,,5fde6e7a5833,0.0806,0.0036,0
1440,greedy,swarm_size,259,256,2,3,10,30,8.0,0.12,0.3,1,2490.251,0,90.06,0,34.545,20.879,2458.6,31.7,,,,,,,,,,,3d144b273572,0.0773,0.0017,0
1441,greedy,swarm_size,512,512,3,0,2,30,8.0,0.12,0.3,1,2282.111,1,86.301,0,33.95,12.754,2253.0,29.1,,,,,,,,,,,f29025a47824,0.0819,0.0014,0
1442,greedy,swarm_size,512,512,3,0,4,30,8.0,0.12,0.3,1,2390.891,1,85.866,0,34.968,13.044,2360.4,30.5,,,,,,,,,,,62842d37cdbd,0.0962,0.0019,0
1443,greedy,swarm_size,512,512,3,0,6,30,8.0,0.12,0.3,1,2859.17,1,83.993,0,39.347,14.292,2822.8,36.4,,,,,,,,,,,4320111da866,0.0756,0.0013,0
1444,greedy,swarm_size,512,512,3,0,8,30,8.0,0.12,0.3,1,2474.985,1,85.53,0,35.754,13.268,2443.5,31.5,,,,,,,,,,,355ec48e7928,0.0754,0.0021,0
1445,greedy,swarm_size,512,512,3,0,10,30,8.0,0.12,0.3,1,2229.275,1,86.513,0,33.456,12.613,2200.9,28.4,,,,,,,,,,,35d2eb3ec5a6,0.0804,0.0013,0
1446,greedy,swarm_size,513,512,3,1,2,30,8.0,0.12,0.3,1,2748.13,0,89.003,1,33.154,25.636,2713.1,35.0,,,,,,,,,,,81528db4d0b1,0.0762,0.0014,0
1447,greedy,swarm_size,513,512,3,1,4,30,8.0,0.12,0.3,1,2367.603,0,90.525,1,30.074,23.778,2337.4,30.2,,,,,,,,,,,1614aff386e6,0.0806,0.0021,0
1448,greedy,swarm_size,513,512,3,1,6,30,8.0,0.12,0.3,1,2658.029,0,89.364,1,32.424,25.196,2624.1,33.9,,,,,,,,,,,3b06d266712e,0.0756,0.0022,0
1449,greedy,swarm_size,513,512,3,1,8,30,8.0,0.12,0.3,1,2571.337,0,89.71,1,31.723,24.773,2538.5,32.8,,,,,,,,,,,ba81e519ac97,0.0825,0.0015,0
1450,greedy,swarm_size,513,512,3,1,10,30,8.0,0.12,0.3,1,2608.694,0,89.561,1,32.025,24.955,2575.5,33.2,,,,,,,,,,,40530bb8e1c7,0.0765,0.0017,0
1451,greedy,swarm_size,514,512,3,2,2,30,8.0,0.12,0.3,1,2521.361,0,85.222,0,29.798,21.033,2489.3,32.1,,,,,,,,,,,43e72c77c15a,0.0816,0.0024,0
1452,greedy,swarm_size,514,512,3,2,4,30,8.0,0.12,0.3,1,2654.612,0,84.689,0,30.824,21.591,2620.8,33.8,,,,,,,,,,,919310da2fd4,0.0962,0.0029,0
1453,greedy,swarm_size,514,512,3,2,6,30,8.0,0.12,0.3,1,2457.092,0,85.479,0,29.303,20.764,2425.8,31.3,,,,,,,,,,,4640161b28ab,0.0837,0.0019,0
1454,greedy,swarm_size,514,512,3,2,8,30,8.0,0.12,0.3,1,2523.081,0,85.215,0,29.811,21.04,2491.0,32.1,,,,,,,,,,,5f76f83c150f,0.076,0.0024,0
1455,greedy,swarm_size,514,512,3,2,10,30,8.0,0.12,0.3,1,2449.811,0,85.509,0,29.247,20.734,2418.6,31.2,,,,,,,,,,,63b79bf95f0f,0.0892,0.0028,0
1456,greedy,swarm_size,515,512,3,3,2,30,8.0,0.12,0.3,1,2670.102,0,90.789,0,34.535,20.678,2636.1,34.0,,,,,,,,,,,7f998572d892,0.0679,0.0029,0
1457,greedy,swarm_size,515,512,3,3,4,30,8.0,0.12,0.3,1,2641.416,0,90.904,0,34.288,20.563,2607.7,33.7,,,,,,,,,,,8e624d867535,0.0793,0.0019,0
1458,greedy,swarm_size,515,512,3,3,6,30,8.0,0.12,0.3,1,2581.833,0,91.142,0,33.776,20.325,2548.9,32.9,,,,,,,,,,,213f5200fd09,0.0763,0.0012,0
1459,greedy,swarm_size,515,512,3,3,8,30,8.0,0.12,0.3,1,2388.441,0,91.916,0,32.114,19.552,2358.0,30.4,,,,,,,,,,,78eb80f8c02e,0.0763,0.0018,0
1460,greedy,swarm_size,515,512,3,3,10,30,8.0,0.12,0.3,1,2326.134,0,92.165,0,31.578,19.303,2296.5,29.6,,,,,,,,,,,ef1ada8070d6,0.0791,0.0015,0
1461,greedy,swarm_size,1024,1024,4,0,2,30,8.0,0.12,0.3,1,2625.539,0,89.931,0,33.971,22.867,2592.1,33.4,,,,,,,,,,,08e566759cf5,0.0835,0.0021,0
1462,greedy,swarm_size,1024,1024,4,0,4,30,8.0,0.12,0.3,1,2504.801,0,90.414,0,32.939,22.329,2472.9,31.9,,,,,,,,,,,5775ec9e72b2,0.0697,0.0016,0
1463,greedy,swarm_size,1024,1024,4,0,6,30,8.0,0.12,0.3,1,2566.226,0,90.168,0,33.464,22.603,2533.5,32.7,,,,,,,,,,,3a8e0514825c,0.0802,0.0021,0
1464,greedy,swarm_size,1024,1024,4,0,8,30,8.0,0.12,0.3,1,2301.966,0,91.225,0,31.205,21.425,2272.7,29.3,,,,,,,,,,,eaed393acfd6,0.0813,0.002,0
1465,greedy,swarm_size,1024,1024,4,0,10,30,8.0,0.12,0.3,1,2679.575,0,89.714,0,34.433,23.108,2645.5,34.1,,,,,,,,,,,6a0f87db56b8,0.0704,0.0016,0
1466,greedy,swarm_size,1025,1024,4,1,2,30,8.0,0.12,0.3,1,2545.704,0,88.379,0,32.68,21.802,2513.3,32.4,,,,,,,,,,,4dc1ebc204f2,0.0781,0.0022,0
1467,greedy,swarm_size,1025,1024,4,1,4,30,8.0,0.12,0.3,1,2695.852,0,87.778,0,33.94,22.45,2661.6,34.3,,,,,,,,,,,f2f1ee0be6c4,0.0884,0.0028,0
1468,greedy,swarm_size,1025,1024,4,1,6,30,8.0,0.12,0.3,1,2531.325,0,88.436,0,32.559,21.739,2499.1,32.2,,,,,,,,,,,8d79c4c6b7b1,0.0725,0.0033,0
1469,greedy,swarm_size,1025,1024,4,1,8,30,8.0,0.12,0.3,1,2546.318,0,88.377,0,32.685,21.804,2513.9,32.4,,,,,,,,,,,2d852a246a70,0.0776,0.0024,0
1470,greedy,swarm_size,1025,1024,4,1,10,30,8.0,0.12,0.3,1,2655.875,0,87.938,0,33.604,22.277,2622.1,33.8,,,,,,,,,,,0d0e4fdd9e22,0.0662,0.0021,0
1471,greedy,swarm_size,1026,1024,4,2,2,30,8.0,0.12,0.3,1,2487.131,0,90.717,0,32.164,20.084,2455.4,31.7,,,,,,,,,,,a4c31c321e41,0.0865,0.0034,0
1472,greedy,swarm_size,1026,1024,4,2,4,30,8.0,0.12,0.3,1,2423.62,0,90.971,0,31.632,19.829,2392.7,30.9,,,,,,,,,,,75166b9766ae,0.0703,0.0026,0
1473,greedy,swarm_size,1026,1024,4,2,6,30,8.0,0.12,0.3,1,2669.029,0,89.99,0,33.69,20.816,2635.0,34.0,,,,,,,,,,,13f200bd5559,0.0986,0.0021,0
1474,greedy,swarm_size,1026,1024,4,2,8,30,8.0,0.12,0.3,1,2552.602,0,90.455,0,32.713,20.348,2520.1,32.5,,,,,,,,,,,cdf77f84fe6d,0.0745,0.0019,0
1475,greedy,swarm_size,1026,1024,4,2,10,30,8.0,0.12,0.3,1,2515.684,0,90.603,0,32.404,20.199,2483.7,32.0,,,,,,,,,,,daeb70eb9ee5,0.0796,0.0021,0
1476,greedy,swarm_size,1027,1024,4,3,2,30,8.0,0.12,0.3,1,2603.019,0,93.891,0,31.097,20.366,2569.8,33.2,,,,,,,,,,,6791970b98ea,0.0779,0.0018,0
1477,greedy,swarm_size,1027,1024,4,3,4,30,8.0,0.12,0.3,1,2399.034,0,94.707,0,29.491,19.553,2368.4,30.6,,,,,,,,,,,1ace707f025c,0.0735,0.0029,0
1478,greedy,swarm_size,1027,1024,4,3,6,30,8.0,0.12,0.3,1,2227.702,0,95.392,0,28.143,18.869,2199.3,28.4,,,,,,,,,,,8fe7aef711d6,0.0785,0.0019,0
1479,greedy,swarm_size,1027,1024,4,3,8,30,8.0,0.12,0.3,1,2507.402,0,94.273,0,30.344,19.985,2475.5,31.9,,,,,,,,,,,fb6a988698f3,0.0735,0.0018,0
1480,greedy,swarm_size,1027,1024,4,3,10,30,8.0,0.12,0.3,1,2520.537,0,94.221,0,30.447,20.037,2488.4,32.1,,,,,,,,,,,803a6f9f22b8,0.0856,0.0018,0
1481,hungarian,swarm_size,42,42,0,0,2,30,8.0,0.12,0.3,1,2142.291,1,88.304,0,74.61,4.34,2115.0,27.3,,,,,,,,,,,3a5303d0ead4,0.2843,0.003,0
1482,hungarian,swarm_size,42,42,0,0,4,30,8.0,0.12,0.3,1,1229.742,1,91.954,0,49.079,3.069,1214.0,15.7,,,,,,,,,,,4dfa50203eb6,0.2881,0.0059,0
1483,hungarian,swarm_size,42,42,0,0,6,30,8.0,0.12,0.3,1,1087.964,1,92.521,0,45.112,2.872,1074.1,13.9,,,,,,,,,,,7c2a0837022d,0.2208,0.0041,0
1484,hungarian,swarm_size,42,42,0,0,8,30,8.0,0.12,0.3,1,738.375,1,93.92,0,35.332,2.385,729.0,9.4,,,,,,,,,,,3844fa43dcb7,0.2912,0.0027,0
1485,hungarian,swarm_size,42,42,0,0,10,30,8.0,0.12,0.3,1,657.643,1,94.242,0,33.073,2.272,649.2,8.4,,,,,,,,,,,e258a741c1f6,0.2905,0.0028,0
1486,hungarian,swarm_size,43,42,0,1,2,30,8.0,0.12,0.3,1,2146.976,0,83.116,0,68.819,4.17,2119.6,27.4,,,,,,,,,,,1a1412ae4d14,0.2659,0.0032,0
1487,hungarian,swarm_size,43,42,0,1,4,30,8.0,0.12,0.3,1,1158.472,0,87.07,0,43.354,2.849,1143.7,14.8,,,,,,,,,,,c537225e5137,0.2492,0.0034,0
1488,hungarian,swarm_size,43,42,0,1,6,30,8.0,0.12,0.3,1,921.371,0,88.019,0,37.246,2.533,909.7,11.7,,,,,,,,,,,ea26fbeaf7ff,0.2528,0.0036,0
1489,hungarian,swarm_size,43,42,0,1,8,30,8.0,0.12,0.3,1,708.885,0,88.868,0,31.772,2.249,699.9,9.0,,,,,,,,,,,255cb504ae54,0.2697,0.0045,0
1490,hungarian,swarm_size,43,42,0,1,10,30,8.0,0.12,0.3,1,704.577,0,88.886,0,31.661,2.243,695.6,9.0,,,,,,,,,,,c41a62f488e4,0.2552,0.0038,0
1491,hungarian,swarm_size,44,42,0,2,2,30,8.0,0.12,0.3,1,2196.089,0,82.24,0,70.629,4.496,2168.1,28.0,,,,,,,,,,,b4eda9a7f869,0.2447,0.0045,0
1492,hungarian,swarm_size,44,42,0,2,4,30,8.0,0.12,0.3,1,1153.421,0,86.41,0,43.56,3.017,1138.7,14.7,,,,,,,,,,,aad8d4e5d541,0.2623,0.0029,0
1493,hungarian,swarm_size,44,42,0,2,6,30,8.0,0.12,0.3,1,987.792,0,87.073,0,39.26,2.783,975.2,12.6,,,,,,,,,,,820a9c3c9433,0.2277,0.0036,0
1494,hungarian,swarm_size,44,42,0,2,8,30,8.0,0.12,0.3,1,681.677,0,88.297,0,31.313,2.348,673.0,8.7,,,,,,,,,,,61361fa76d4a,0.2207,0.0031,0
1495,hungarian,swarm_size,44,42,0,2,10,30,8.0,0.12,0.3,1,753.081,0,88.012,0,33.167,2.45,743.5,9.6,,,,,,,,,,,dfddec4b9eea,0.2215,0.0033,0
1496,hungarian,swarm_size,45,42,0,3,2,30,8.0,0.12,0.3,1,2286.178,0,81.894,0,69.52,3.079,2257.1,29.1,,,,,,,,,,,626b1767cb64,0.2758,0.0035,0
1497,hungarian,swarm_size,45,42,0,3,4,30,8.0,0.12,0.3,1,1285.337,0,85.898,0,44.765,2.134,1268.9,16.4,,,,,,,,,,,df34f1ddcd69,0.2687,0.0032,0
1498,hungarian,swarm_size,45,42,0,3,6,30,8.0,0.12,0.3,1,932.726,0,87.308,0,36.043,1.801,920.8,11.9,,,,,,,,,,,3f2d453a9b95,0.2309,0.0038,0
1499,hungarian,swarm_size,45,42,0,3,8,30,8.0,0.12,0.3,1,594.608,0,88.661,0,27.68,1.482,587.0,7.6,,,,,,,,,,,dec3445d753d,0.2868,0.0037,0
1500,hungarian,swarm_size,45,42,0,3,10,30,8.0,0.12,0.3,1,557.361,0,88.81,0,26.758,1.446,550.3,7.1,,,,,,,,,,,4eaa0c2c0db6,0.2457,0.0032,0
1501,hungarian,swarm_size,123,123,1,0,2,30,8.0,0.12,0.3,1,2257.166,0,81.234,0,73.274,4.284,2228.4,28.8,,,,,,,,,,,928da26587f3,0.2764,0.0031,0
1502,hungarian,swarm_size,123,123,1,0,4,30,8.0,0.12,0.3,1,1448.078,0,84.471,0,51.961,3.212,1429.7,18.4,,,,,,,,,,,60ab045b6ad6,0.2574,0.0068,0
1503,hungarian,swarm_size,123,123,1,0,6,30,8.0,0.12,0.3,1,944.809,0,86.484,0,38.704,2.544,932.8,12.0,,,,,,,,,,,f703c90823ab,0.2477,0.003,0
1504,hungarian,swarm_size,123,123,1,0,8,30,8.0,0.12,0.3,1,693.488,0,87.489,0,32.084,2.211,684.7,8.8,,,,,,,,,,,c1a6ac1347fb,0.2393,0.0034,0
1505,hungarian,swarm_size,123,123,1,0,10,30,8.0,0.12,0.3,1,680.523,0,87.541,0,31.742,2.194,671.8,8.7,,,,,,,,,,,5842ad047622,0.2544,0.0056,0
1506,hungarian,swarm_size,124,123,1,1,2,30,8.0,0.12,0.3,1,2173.325,1,81.613,0,69.006,4.534,2145.6,27.7,,,,,,,,,,,544951f095dd,0.2556,0.0047,0
1507,hungarian,swarm_size,124,123,1,1,4,30,8.0,0.12,0.3,1,1304.56,1,85.088,0,46.784,3.282,1288.0,16.6,,,,,,,,,,,d57fc2017022,0.2803,0.0035,0
1508,hungarian,swarm_size,124,123,1,1,6,30,8.0,0.12,0.3,1,1073.508,1,86.012,0,40.874,2.949,1059.8,13.7,,,,,,,,,,,8b60c83ef01b,0.2295,0.0035,0
1509,hungarian,swarm_size,124,123,1,1,8,30,8.0,0.12,0.3,1,662.624,1,87.656,0,30.364,2.357,654.2,8.4,,,,,,,,,,,febf0e53f5ad,0.252,0.0034,0
1510,hungarian,swarm_size,124,123,1,1,10,30,8.0,0.12,0.3,1,678.941,1,87.59,0,30.782,2.381,670.3,8.6,,,,,,,,,,,96942f9bfb82,0.242,0.0034,0
1511,hungarian,swarm_size,125,123,1,2,2,30,8.0,0.12,0.3,1,2240.653,0,82.181,1,76.259,4.225,2212.2,28.5,,,,,,,,,,,13c40c759372,0.2145,0.0042,0
1512,hungarian,swarm_size,125,123,1,2,4,30,8.0,0.12,0.3,1,1416.418,0,85.478,1,53.527,3.141,1398.4,18.0,,,,,,,,,,,196665d7756d,0.2645,0.0033,0
1513,hungarian,swarm_size,125,123,1,2,6,30,8.0,0.12,0.3,1,1005.86,0,87.121,1,42.205,2.602,993.1,12.8,,,,,,,,,,,660e3545c630,0.2606,0.0046,0
1514,hungarian,swarm_size,125,123,1,2,8,30,8.0,0.12,0.3,1,771.923,0,88.056,1,35.753,2.294,762.1,9.8,,,,,,,,,,,650c33b6cefc,0.2651,0.0032,0
1515,hungarian,swarm_size,125,123,1,2,10,30,8.0,0.12,0.3,1,677.821,0,88.433,1,33.158,2.171,669.2,8.6,,,,,,,,,,,19d669e0e8a4,0.2569,0.004,0
1516,hungarian,swarm_size,126,123,1,3,2,30,8.0,0.12,0.3,1,2170.997,0,84.655,0,68.045,3.692,2143.3,27.7,,,,,,,,,,,bb2f6d7c0d43,0.2333,0.0051,0
1517,hungarian,swarm_size,126,123,1,3,4,30,8.0,0.12,0.3,1,1281.355,0,88.214,0,45.587,2.648,1265.1,16.3,,,,,,,,,,,1f2007770f1e,0.2446,0.003,0
1518,hungarian,swarm_size,126,123,1,3,6,30,8.0,0.12,0.3,1,877.132,0,89.83,0,35.383,2.173,865.9,11.2,,,,,,,,,,,b0ce40749a5a,0.2308,0.0053,0
1519,hungarian,swarm_size,126,123,1,3,8,30,8.0,0.12,0.3,1,685.954,0,90.595,0,30.556,1.949,677.3,8.7,,,,,,,,,,,a581bb8f6d12,0.2854,0.0036,0
1520,hungarian,swarm_size,126,123,1,3,10,30,8.0,0.12,0.3,1,617.762,0,90.868,0,28.835,1.869,609.9,7.9,,,,,,,,,,,4ecb05c99ac0,0.2757,0.0036,0
1521,hungarian,swarm_size,256,256,2,0,2,30,8.0,0.12,0.3,1,1980.788,1,82.655,0,68.525,3.792,1955.6,25.2,,,,,,,,,,,39c5eb136922,0.2375,0.0037,0
1522,hungarian,swarm_size,256,256,2,0,4,30,8.0,0.12,0.3,1,1276.81,1,85.471,0,49.269,2.889,1260.5,16.3,,,,,,,,,,,bb0660634936,0.2801,0.0036,0
1523,hungarian,swarm_size,256,256,2,0,6,30,8.0,0.12,0.3,1,1073.096,1,86.286,0,43.697,2.627,1059.4,13.7,,,,,,,,,,,b75967399fda,0.2428,0.004,0
1524,hungarian,swarm_size,256,256,2,0,8,30,8.0,0.12,0.3,1,658.052,1,87.946,0,32.345,2.095,649.7,8.4,,,,,,,,,,,c143536b3c21,0.2687,0.0054,0
1525,hungarian,swarm_size,256,256,2,0,10,30,8.0,0.12,0.3,1,727.05,1,87.67,0,34.232,2.183,717.7,9.3,,,,,,,,,,,1e3d0edc787c,0.2596,0.0035,0
1526,hungarian,swarm_size,257,256,2,1,2,30,8.0,0.12,0.3,1,2144.179,0,83.104,0,68.887,4.083,2116.9,27.3,,,,,,,,,,,c25fe4e02213,0.2563,0.004,0
1527,hungarian,swarm_size,257,256,2,1,4,30,8.0,0.12,0.3,1,1141.906,0,87.113,0,43.015,2.771,1127.4,14.5,,,,,,,,,,,e49429e75b10,0.2745,0.0039,0
1528,hungarian,swarm_size,257,256,2,1,6,30,8.0,0.12,0.3,1,1003.597,0,87.667,0,39.445,2.59,990.8,12.8,,,,,,,,,,,a3e7ef4e275e,0.2685,0.0065,0
1529,hungarian,swarm_size,257,256,2,1,8,30,8.0,0.12,0.3,1,733.179,0,88.748,0,32.464,2.236,723.9,9.3,,,,,,,,,,,cd5c027b94b7,0.2693,0.0062,0
1530,hungarian,swarm_size,257,256,2,1,10,30,8.0,0.12,0.3,1,695.803,0,88.898,0,31.5,2.187,686.9,8.9,,,,,,,,,,,57ce07dbb3ad,0.2523,0.0036,0
1531,hungarian,swarm_size,258,256,2,2,2,30,8.0,0.12,0.3,1,1944.824,0,83.675,0,64.971,3.266,1920.0,24.8,,,,,,,,,,,49ae32416780,0.2634,0.0043,0
1532,hungarian,swarm_size,258,256,2,2,4,30,8.0,0.12,0.3,1,1386.839,0,85.907,0,50.289,2.642,1369.1,17.7,,,,,,,,,,,bb613414ef21,0.2368,0.0033,0
1533,hungarian,swarm_size,258,256,2,2,6,30,8.0,0.12,0.3,1,829.84,0,88.135,0,35.634,2.019,819.2,10.6,,,,,,,,,,,ce67982ed428,0.2168,0.0052,0
1534,hungarian,swarm_size,258,256,2,2,8,30,8.0,0.12,0.3,1,703.647,0,88.639,0,32.313,1.877,694.6,9.0,,,,,,,,,,,54e4e9bd65c2,0.2571,0.0033,0
1535,hungarian,swarm_size,258,256,2,2,10,30,8.0,0.12,0.3,1,605.183,0,89.033,0,29.723,1.767,597.5,7.7,,,,,,,,,,,6a9a85a2454b,0.2418,0.0042,0
1536,hungarian,swarm_size,259,256,2,3,2,30,8.0,0.12,0.3,1,2363.63,0,84.556,0,71.729,5.229,2333.5,30.1,,,,,,,,,,,c8c16f944e16,0.2573,0.0058,0
1537,hungarian,swarm_size,259,256,2,3,4,30,8.0,0.12,0.3,1,1333.286,0,88.678,0,46.139,3.615,1316.3,17.0,,,,,,,,,,,dec63b86bb2f,0.2549,0.003,0
1538,hungarian,swarm_size,259,256,2,3,6,30,8.0,0.12,0.3,1,984.631,0,90.072,0,37.48,3.069,972.1,12.5,,,,,,,,,,,6c82978bd777,0.2555,0.0036,0
1539,hungarian,swarm_size,259,256,2,3,8,30,8.0,0.12,0.3,1,765.571,0,90.949,0,32.039,2.725,755.8,9.8,,,,,,,,,,,10633689ccbb,0.2078,0.0031,0
1540,hungarian,swarm_size,259,256,2,3,10,30,8.0,0.12,0.3,1,725.012,0,91.111,0,31.032,2.662,715.8,9.2,,,,,,,,,,,afd1f00491e5,0.2503,0.0079,0
1541,hungarian,swarm_size,512,512,3,0,2,30,8.0,0.12,0.3,1,2326.916,0,87.59,0,76.636,2.774,2297.3,29.6,,,,,,,,,,,b6c61f7e4ff0,0.2297,0.003,0
1542,hungarian,swarm_size,512,512,3,0,4,30,8.0,0.12,0.3,1,1414.187,0,91.241,0,52.105,2.007,1396.2,18.0,,,,,,,,,,,4ec89cb8f069,0.2513,0.0067,0
1543,hungarian,swarm_size,512,512,3,0,6,30,8.0,0.12,0.3,1,937.522,0,93.148,0,39.293,1.606,925.6,11.9,,,,,,,,,,,5b93e871e33d,0.2601,0.0035,0
1544,hungarian,swarm_size,512,512,3,0,8,30,8.0,0.12,0.3,1,587.252,0,94.549,0,29.879,1.312,579.8,7.5,,,,,,,,,,,0e9c198d5866,0.2696,0.0043,0
1545,hungarian,swarm_size,512,512,3,0,10,30,8.0,0.12,0.3,1,692.729,0,94.127,0,32.714,1.401,683.9,8.8,,,,,,,,,,,ab617caaa5fa,0.2225,0.005,0
1546,hungarian,swarm_size,513,512,3,1,2,30,8.0,0.12,0.3,1,2363.881,0,79.077,0,77.839,4.371,2333.8,30.1,,,,,,,,,,,e0cceba40cee,0.2426,0.0037,0
1547,hungarian,swarm_size,513,512,3,1,4,30,8.0,0.12,0.3,1,1411.466,0,82.887,0,52.172,3.124,1393.5,18.0,,,,,,,,,,,0f08e9aaf547,0.2379,0.003,0
1548,hungarian,swarm_size,513,512,3,1,6,30,8.0,0.12,0.3,1,884.466,0,84.995,0,37.97,2.434,873.2,11.3,,,,,,,,,,,f714a31b04f2,0.2506,0.0046,0
1549,hungarian,swarm_size,513,512,3,1,8,30,8.0,0.12,0.3,1,604.099,0,86.117,0,30.414,2.067,596.4,7.7,,,,,,,,,,,6b047a06ab86,0.2438,0.0041,0
1550,hungarian,swarm_size,513,512,3,1,10,30,8.0,0.12,0.3,1,684.96,0,85.793,0,32.593,2.172,676.3,8.7,,,,,,,,,,,058f6b709bb7,0.2452,0.0031,0
1551,hungarian,swarm_size,514,512,3,2,2,30,8.0,0.12,0.3,1,2071.4,0,85.876,0,69.902,3.694,2045.0,26.4,,,,,,,,,,,dd4a97ada577,0.2804,0.0052,0
1552,hungarian,swarm_size,514,512,3,2,4,30,8.0,0.12,0.3,1,1300.697,0,88.959,0,49.148,2.759,1284.1,16.6,,,,,,,,,,,e4a072192ac7,0.2485,0.0038,0
1553,hungarian,swarm_size,514,512,3,2,6,30,8.0,0.12,0.3,1,879.587,0,90.644,0,37.809,2.248,868.4,11.2,,,,,,,,,,,4be091636d3a,0.2598,0.0034,0
1554,hungarian,swarm_size,514,512,3,2,8,30,8.0,0.12,0.3,1,630.527,0,91.64,0,31.102,1.946,622.5,8.0,,,,,,,,,,,0f71b797fa6a,0.2483,0.0031,0
1555,hungarian,swarm_size,514,512,3,2,10,30,8.0,0.12,0.3,1,621.97,0,91.674,0,30.871,1.936,614.1,7.9,,,,,,,,,,,12d96bd2cdc8,0.2695,0.0033,0
1556,hungarian,swarm_size,515,512,3,3,2,30,8.0,0.12,0.3,1,2225.632,1,83.601,1,71.581,5.307,2197.2,28.4,,,,,,,,,,,d286b2199d2a,0.274,0.0032,0
1557,hungarian,swarm_size,515,512,3,3,4,30,8.0,0.12,0.3,1,1345.762,1,87.121,1,48.679,3.848,1328.7,17.1,,,,,,,,,,,92a8c34e60a9,0.2761,0.0059,0
1558,hungarian,swarm_size,515,512,3,3,6,30,8.0,0.12,0.3,1,1065.796,1,88.241,1,41.392,3.383,1052.2,13.6,,,,,,,,,,,0073b0b587c7,0.2522,0.004,0
1559,hungarian,swarm_size,515,512,3,3,8,30,8.0,0.12,0.3,1,735.595,1,89.562,1,32.798,2.836,726.2,9.4,,,,,,,,,,,1b30556ea7c5,0.2308,0.0031,0
1560,hungarian,swarm_size,515,512,3,3,10,30,8.0,0.12,0.3,1,670.719,1,89.821,1,31.109,2.728,662.2,8.5,,,,,,,,,,,3510fd989930,0.2303,0.0053,0
1561,hungarian,swarm_size,1024,1024,4,0,2,30,8.0,0.12,0.3,1,2277.387,0,84.609,1,73.027,6.131,2248.4,29.0,,,,,,,,,,,2b5287655d3f,0.2282,0.0038,0
1562,hungarian,swarm_size,1024,1024,4,0,4,30,8.0,0.12,0.3,1,1192.179,0,88.95,1,44.742,4.084,1177.0,15.2,,,,,,,,,,,130a2adc3c6a,0.2502,0.0034,0
1563,hungarian,swarm_size,1024,1024,4,0,6,30,8.0,0.12,0.3,1,1060.767,0,89.476,1,41.317,3.837,1047.3,13.5,,,,,,,,,,,9ba54df53ba3,0.225,0.0039,0
1564,hungarian,swarm_size,1024,1024,4,0,8,30,8.0,0.12,0.3,1,808.465,0,90.485,1,34.741,3.361,798.2,10.3,,,,,,,,,,,018fbae1e180,0.2164,0.005,0
1565,hungarian,swarm_size,1024,1024,4,0,10,30,8.0,0.12,0.3,1,803.036,0,90.507,1,34.6,3.351,792.8,10.2,,,,,,,,,,,631aeab6ba49,0.2771,0.0031,0
1566,hungarian,swarm_size,1025,1024,4,1,2,30,8.0,0.12,0.3,1,1984.306,0,81.991,1,66.813,4.371,1959.0,25.3,,,,,,,,,,,62304153f426,0.2394,0.0035,0
1567,hungarian,swarm_size,1025,1024,4,1,4,30,8.0,0.12,0.3,1,1301.046,0,84.724,1,48.617,3.361,1284.4,16.6,,,,,,,,,,,42b102baa2bb,0.2238,0.0085,0
1568,hungarian,swarm_size,1025,1024,4,1,6,30,8.0,0.12,0.3,1,1054.205,0,85.711,1,42.043,2.996,1040.8,13.4,,,,,,,,,,,3de8ce887147,0.281,0.0052,0
1569,hungarian,swarm_size,1025,1024,4,1,8,30,8.0,0.12,0.3,1,662.156,0,87.279,1,31.602,2.417,653.8,8.4,,,,,,,,,,,66876c91037f,0.1945,0.0039,0
1570,hungarian,swarm_size,1025,1024,4,1,10,30,8.0,0.12,0.3,1,627.592,0,87.418,1,30.681,2.366,619.6,8.0,,,,,,,,,,,a4392aa5b5e3,0.2622,0.0058,0
1571,hungarian,swarm_size,1026,1024,4,2,2,30,8.0,0.12,0.3,1,2163.5,0,83.867,0,69.741,4.927,2135.9,27.6,,,,,,,,,,,d11a82cc2476,0.216,0.0032,0
1572,hungarian,swarm_size,1026,1024,4,2,4,30,8.0,0.12,0.3,1,1195.045,0,87.741,0,44.614,3.406,1179.8,15.2,,,,,,,,,,,f5a8309da0c1,0.302,0.0028,0
1573,hungarian,swarm_size,1026,1024,4,2,6,30,8.0,0.12,0.3,1,911.953,0,88.873,0,37.269,2.962,900.4,11.6,,,,,,,,,,,58b2d421724e,0.2407,0.0031,0
1574,hungarian,swarm_size,1026,1024,4,2,8,30,8.0,0.12,0.3,1,721.386,0,89.635,0,32.325,2.662,712.2,9.2,,,,,,,,,,,5ee427b2417a,0.2345,0.0031,0
1575,hungarian,swarm_size,1026,1024,4,2,10,30,8.0,0.12,0.3,1,651.768,0,89.914,0,30.518,2.553,643.5,8.3,,,,,,,,,,,f75ee7a8d590,0.283,0.0038,0
1576,hungarian,swarm_size,1027,1024,4,3,2,30,8.0,0.12,0.3,1,2231.88,0,81.31,0,70.612,3.57,2203.5,28.4,,,,,,,,,,,a8dc308b9049,0.231,0.0066,0
1577,hungarian,swarm_size,1027,1024,4,3,4,30,8.0,0.12,0.3,1,1219.394,0,85.36,0,44.674,2.442,1203.9,15.5,,,,,,,,,,,5e681b854b96,0.2413,0.0048,0
1578,hungarian,swarm_size,1027,1024,4,3,6,30,8.0,0.12,0.3,1,963.479,0,86.384,0,38.118,2.157,951.2,12.3,,,,,,,,,,,c29404f1e757,0.248,0.0037,0
1579,hungarian,swarm_size,1027,1024,4,3,8,30,8.0,0.12,0.3,1,722.535,0,87.348,0,31.946,1.889,713.3,9.2,,,,,,,,,,,c562243d779b,0.2606,0.003,0
1580,hungarian,swarm_size,1027,1024,4,3,10,30,8.0,0.12,0.3,1,676.468,0,87.532,0,30.766,1.838,667.9,8.6,,,,,,,,,,,a33fb36e161c,0.2405,0.0041,0
1581,marl,swarm_size,42,42,0,0,2,30,8.0,0.12,0.3,1,2157.796,1,87.53,0,74.184,4.362,2130.3,27.5,,,,,,,,,,,6100ca18d9be,0.2972,0.0086,0
1582,marl,swarm_size,42,42,0,0,4,30,8.0,0.12,0.3,1,1333.209,1,90.828,0,51.337,3.21,1316.2,17.0,,,,,,,,,,,401baab4da2d,0.2808,0.0084,0
1583,marl,swarm_size,42,42,0,0,6,30,8.0,0.12,0.3,1,1097.742,1,91.77,0,44.813,2.882,1083.7,14.0,,,,,,,,,,,49c44af4ed97,0.3069,0.0196,0
1584,marl,swarm_size,42,42,0,0,8,30,8.0,0.12,0.3,1,746.839,1,93.173,0,35.09,2.391,737.3,9.5,,,,,,,,,,,f54c77ea86a6,0.2764,0.0103,0
1585,marl,swarm_size,42,42,0,0,10,30,8.0,0.12,0.3,1,857.667,1,92.73,0,38.161,2.546,846.8,10.9,,,,,,,,,,,8607b251acde,0.2839,0.0106,0
1586,marl,swarm_size,43,42,0,1,2,30,8.0,0.12,0.3,1,2149.425,0,88.111,0,70.567,3.775,2122.0,27.4,,,,,,,,,,,b9e8b67c9332,0.2767,0.0075,0
1587,marl,swarm_size,43,42,0,1,4,30,8.0,0.12,0.3,1,1242.413,0,91.739,0,46.586,2.675,1226.6,15.8,,,,,,,,,,,b777582330a6,0.3011,0.0157,0
1588,marl,swarm_size,43,42,0,1,6,30,8.0,0.12,0.3,1,873.754,0,93.214,0,36.839,2.228,862.7,11.1,,,,,,,,,,,45072cae9689,0.2846,0.0061,0
1589,marl,swarm_size,43,42,0,1,8,30,8.0,0.12,0.3,1,616.623,0,94.242,0,30.041,1.917,608.7,7.9,,,,,,,,,,,0038bc7b54ae,0.2622,0.0067,0
1590,marl,swarm_size,43,42,0,1,10,30,8.0,0.12,0.3,1,779.458,0,93.591,0,34.346,2.114,769.6,9.9,,,,,,,,,,,61b685d4da85,0.2762,0.0069,0
1591,marl,swarm_size,44,42,0,2,2,30,8.0,0.12,0.3,1,2186.865,1,86.478,1,69.878,4.677,2159.0,27.9,,,,,,,,,,,929c3c0e27bf,0.2979,0.0071,0
1592,marl,swarm_size,44,42,0,2,4,30,8.0,0.12,0.3,1,1362.726,1,89.775,1,48.599,3.454,1345.3,17.4,,,,,,,,,,,93f353f4070b,0.2852,0.0095,0
1593,marl,swarm_size,44,42,0,2,6,30,8.0,0.12,0.3,1,985.201,1,91.285,1,38.852,2.894,972.6,12.6,,,,,,,,,,,f4148467635b,0.2507,0.0135,0
1594,marl,swarm_size,44,42,0,2,8,30,8.0,0.12,0.3,1,660.939,1,92.582,1,30.48,2.413,652.5,8.4,,,,,,,,,,,b8476503daf0,0.3011,0.01,0
1595,marl,swarm_size,44,42,0,2,10,30,8.0,0.12,0.3,1,752.619,1,92.215,1,32.847,2.549,743.0,9.6,,,,,,,,,,,af68509b3923,0.2847,0.0083,0
1596,marl,swarm_size,45,42,0,3,2,30,8.0,0.12,0.3,1,2080.119,1,84.273,0,65.864,3.768,2053.6,26.5,,,,,,,,,,,0a599879f228,0.2752,0.0084,0
1597,marl,swarm_size,45,42,0,3,4,30,8.0,0.12,0.3,1,1101.95,1,88.186,0,41.082,2.558,1088.0,14.0,,,,,,,,,,,e43dd93e8e7c,0.294,0.0081,0
1598,marl,swarm_size,45,42,0,3,6,30,8.0,0.12,0.3,1,1081.527,1,88.268,0,40.565,2.532,1067.7,13.8,,,,,,,,,,,e6e531b26262,0.2704,0.0069,0
1599,marl,swarm_size,45,42,0,3,8,30,8.0,0.12,0.3,1,774.268,1,89.497,0,32.78,2.152,764.4,9.9,,,,,,,,,,,1528c89ffff0,0.2986,0.0107,0
1600,marl,swarm_size,45,42,0,3,10,30,8.0,0.12,0.3,1,697.307,1,89.805,0,30.83,2.057,688.4,8.9,,,,,,,,,,,ce99401b0416,0.3044,0.0131,0
1601,marl,swarm_size,123,123,1,0,2,30,8.0,0.12,0.3,1,2036.341,1,84.174,1,65.265,3.973,2010.4,25.9,,,,,,,,,,,349aa774cead,0.2997,0.008,0
1602,marl,swarm_size,123,123,1,0,4,30,8.0,0.12,0.3,1,1180.169,1,87.599,1,43.403,2.84,1165.2,15.0,,,,,,,,,,,7add707fdda1,0.2918,0.0101,0
1603,marl,swarm_size,123,123,1,0,6,30,8.0,0.12,0.3,1,1012.579,1,88.269,1,39.123,2.618,999.7,12.9,,,,,,,,,,,357baa297abd,0.3097,0.0097,0
1604,marl,swarm_size,123,123,1,0,8,30,8.0,0.12,0.3,1,747.614,1,89.329,1,32.358,2.267,738.1,9.5,,,,,,,,,,,6613fed43aca,0.2624,0.0137,0
1605,marl,swarm_size,123,123,1,0,10,30,8.0,0.12,0.3,1,735.233,1,89.379,1,32.041,2.251,725.8,9.4,,,,,,,,,,,62e3ffba12cd,0.3083,0.0102,0
1606,marl,swarm_size,124,123,1,1,2,30,8.0,0.12,0.3,1,2226.187,0,86.152,0,71.676,4.241,2197.8,28.4,,,,,,,,,,,4596549978bb,0.2683,0.014,0
1607,marl,swarm_size,124,123,1,1,4,30,8.0,0.12,0.3,1,1252.433,0,90.047,0,46.257,2.947,1236.4,16.0,,,,,,,,,,,771fa714025a,0.2341,0.0067,0
1608,marl,swarm_size,124,123,1,1,6,30,8.0,0.12,0.3,1,963.718,0,91.202,0,38.72,2.563,951.4,12.3,,,,,,,,,,,ef081af7caaf,0.2567,0.0133,0
1609,marl,swarm_size,124,123,1,1,8,30,8.0,0.12,0.3,1,788.939,0,91.901,0,34.158,2.331,778.8,10.1,,,,,,,,,,,4133bda853d1,0.2707,0.0081,0
1610,marl,swarm_size,124,123,1,1,10,30,8.0,0.12,0.3,1,706.452,0,92.231,0,32.004,2.221,697.5,9.0,,,,,,,,,,,217e64f841b6,0.2927,0.0148,0
1611,marl,swarm_size,125,123,1,2,2,30,8.0,0.12,0.3,1,2208.739,0,83.512,1,70.082,2.401,2180.6,28.1,,,,,,,,,,,20c6743f71f4,0.3177,0.0066,0
1612,marl,swarm_size,125,123,1,2,4,30,8.0,0.12,0.3,1,1449.022,0,86.551,1,50.568,1.826,1430.5,18.5,,,,,,,,,,,59f043b6686e,0.2522,0.0074,0
1613,marl,swarm_size,125,123,1,2,6,30,8.0,0.12,0.3,1,982.16,0,88.418,1,38.575,1.473,969.7,12.5,,,,,,,,,,,1e9f7de2771c,0.2705,0.0145,0
1614,marl,swarm_size,125,123,1,2,8,30,8.0,0.12,0.3,1,756.344,0,89.321,1,32.775,1.302,746.7,9.6,,,,,,,,,,,3ce93bb554b6,0.2787,0.0087,0
1615,marl,swarm_size,125,123,1,2,10,30,8.0,0.12,0.3,1,790.886,0,89.183,1,33.662,1.328,780.8,10.1,,,,,,,,,,,5afa6e062108,0.3048,0.0145,0
1616,marl,swarm_size,126,123,1,3,2,30,8.0,0.12,0.3,1,2041.653,0,86.316,0,69.403,3.418,2015.7,26.0,,,,,,,,,,,eeae421e9eb3,0.287,0.0079,0
1617,marl,swarm_size,126,123,1,3,4,30,8.0,0.12,0.3,1,1347.974,0,89.091,0,50.606,2.629,1330.8,17.2,,,,,,,,,,,e58c26f9bedf,0.2753,0.0093,0
1618,marl,swarm_size,126,123,1,3,6,30,8.0,0.12,0.3,1,921.206,0,90.798,0,39.042,2.144,909.5,11.7,,,,,,,,,,,08120fe80297,0.2922,0.0093,0
1619,marl,swarm_size,126,123,1,3,8,30,8.0,0.12,0.3,1,736.625,0,91.536,0,34.04,1.934,727.2,9.4,,,,,,,,,,,779c50666158,0.3002,0.0072,0
1620,marl,swarm_size,126,123,1,3,10,30,8.0,0.12,0.3,1,737.077,0,91.534,0,34.052,1.935,727.7,9.4,,,,,,,,,,,8d6e3052408d,0.3262,0.0189,0
1621,marl,swarm_size,256,256,2,0,2,30,8.0,0.12,0.3,1,2099.648,0,78.254,1,66.266,4.418,2072.9,26.7,,,,,,,,,,,56a8354e1e0f,0.2695,0.0135,0
1622,marl,swarm_size,256,256,2,0,4,30,8.0,0.12,0.3,1,1299.019,0,81.457,1,46.01,3.264,1282.5,16.5,,,,,,,,,,,3b49b9ef75ba,0.2852,0.0128,0
1623,marl,swarm_size,256,256,2,0,6,30,8.0,0.12,0.3,1,971.65,0,82.766,1,37.728,2.792,959.2,12.4,,,,,,,,,,,05733d020ebe,0.277,0.0082,0
1624,marl,swarm_size,256,256,2,0,8,30,8.0,0.12,0.3,1,697.946,0,83.861,1,30.803,2.397,689.0,8.9,,,,,,,,,,,4393e7bcd0b7,0.2525,0.0131,0
1625,marl,swarm_size,256,256,2,0,10,30,8.0,0.12,0.3,1,706.028,0,83.829,1,31.008,2.409,697.0,9.0,,,,,,,,,,,5dfbb7526cfa,0.2896,0.008,0
1626,marl,swarm_size,257,256,2,1,2,30,8.0,0.12,0.3,1,2155.179,0,82.341,0,75.496,3.599,2127.7,27.5,,,,,,,,,,,779b2314eae1,0.299,0.0065,0
1627,marl,swarm_size,257,256,2,1,4,30,8.0,0.12,0.3,1,1205.285,0,86.141,0,48.685,2.503,1189.9,15.4,,,,,,,,,,,e7fc8a797e3c,0.2446,0.0083,0
1628,marl,swarm_size,257,256,2,1,6,30,8.0,0.12,0.3,1,927.202,0,87.253,0,40.836,2.182,915.4,11.8,,,,,,,,,,,97ec8643a5b0,0.2742,0.0141,0
1629,marl,swarm_size,257,256,2,1,8,30,8.0,0.12,0.3,1,612.544,0,88.512,0,31.955,1.82,604.7,7.8,,,,,,,,,,,4ca8b3fd4815,0.2964,0.022,0
1630,marl,swarm_size,257,256,2,1,10,30,8.0,0.12,0.3,1,690.6,0,88.199,0,34.158,1.91,681.8,8.8,,,,,,,,,,,d3f35f686376,0.3119,0.0129,0
1631,marl,swarm_size,258,256,2,2,2,30,8.0,0.12,0.3,1,2001.25,0,83.41,0,65.291,2.89,1975.7,25.5,,,,,,,,,,,6872c78283d5,0.2763,0.0076,0
1632,marl,swarm_size,258,256,2,2,4,30,8.0,0.12,0.3,1,1168.123,0,86.742,0,43.713,2.078,1153.2,14.9,,,,,,,,,,,e926a3baec56,0.2765,0.0173,0
1633,marl,swarm_size,258,256,2,2,6,30,8.0,0.12,0.3,1,953.76,0,87.6,0,38.16,1.869,941.6,12.2,,,,,,,,,,,055b05195b9b,0.2188,0.0106,0
1634,marl,swarm_size,258,256,2,2,8,30,8.0,0.12,0.3,1,649.516,0,88.817,0,30.28,1.573,641.2,8.3,,,,,,,,,,,2acc34615fac,0.2566,0.0149,0
1635,marl,swarm_size,258,256,2,2,10,30,8.0,0.12,0.3,1,636.463,0,88.869,0,29.942,1.56,628.4,8.1,,,,,,,,,,,e97a42179195,0.2697,0.0072,0
1636,marl,swarm_size,259,256,2,3,2,30,8.0,0.12,0.3,1,2379.417,1,80.533,1,77.921,4.932,2349.1,30.3,,,,,,,,,,,df19ac2ee074,0.2656,0.0056,0
1637,marl,swarm_size,259,256,2,3,4,30,8.0,0.12,0.3,1,1312.675,1,84.8,1,49.249,3.359,1296.0,16.7,,,,,,,,,,,28ee7b4d73a3,0.3246,0.0073,0
1638,marl,swarm_size,259,256,2,3,6,30,8.0,0.12,0.3,1,1016.145,1,85.986,1,41.278,2.922,1003.2,12.9,,,,,,,,,,,c2c91d1c7cf2,0.2804,0.0074,0
1639,marl,swarm_size,259,256,2,3,8,30,8.0,0.12,0.3,1,626.136,1,87.546,1,30.795,2.346,618.1,8.0,,,,,,,,,,,051eee483927,0.2806,0.01,0
1640,marl,swarm_size,259,256,2,3,10,30,8.0,0.12,0.3,1,750.553,1,87.049,1,34.14,2.53,741.0,9.6,,,,,,,,,,,62a8adb64a08,0.2753,0.0097,0
1641,marl,swarm_size,512,512,3,0,2,30,8.0,0.12,0.3,1,2279.611,1,82.722,0,70.536,4.58,2250.6,29.0,,,,,,,,,,,afa61031908b,0.2637,0.0124,0
1642,marl,swarm_size,512,512,3,0,4,30,8.0,0.12,0.3,1,1275.622,1,86.738,0,45.237,3.163,1259.3,16.3,,,,,,,,,,,7f2f6e20c44c,0.2759,0.0096,0
1643,marl,swarm_size,512,512,3,0,6,30,8.0,0.12,0.3,1,1147.302,1,87.252,0,42.003,2.981,1132.7,14.6,,,,,,,,,,,e96034416de8,0.3275,0.0108,0
1644,marl,swarm_size,512,512,3,0,8,30,8.0,0.12,0.3,1,763.421,1,88.787,0,32.33,2.44,753.7,9.7,,,,,,,,,,,396882ef4d41,0.2932,0.0057,0
1645,marl,swarm_size,512,512,3,0,10,30,8.0,0.12,0.3,1,606.435,1,89.415,0,28.374,2.218,598.7,7.7,,,,,,,,,,,0cc2a3ba98d2,0.2945,0.0103,0
1646,marl,swarm_size,513,512,3,1,2,30,8.0,0.12,0.3,1,2312.778,0,83.551,0,78.145,4.236,2283.3,29.5,,,,,,,,,,,5c9ed1d2f752,0.2709,0.0107,0
1647,marl,swarm_size,513,512,3,1,4,30,8.0,0.12,0.3,1,1300.66,0,87.599,0,50.22,2.928,1284.1,16.6,,,,,,,,,,,317076d792f7,0.2973,0.0088,0
1648,marl,swarm_size,513,512,3,1,6,30,8.0,0.12,0.3,1,951.656,0,88.995,0,40.591,2.477,939.6,12.1,,,,,,,,,,,8b1af00fe7ae,0.2196,0.0109,0
1649,marl,swarm_size,513,512,3,1,8,30,8.0,0.12,0.3,1,685.472,0,90.06,0,33.247,2.133,676.8,8.7,,,,,,,,,,,fecc8aaa129f,0.262,0.006,0
1650,marl,swarm_size,513,512,3,1,10,30,8.0,0.12,0.3,1,703.622,0,89.987,0,33.748,2.156,694.6,9.0,,,,,,,,,,,d097d575d671,0.2703,0.0088,0
1651,marl,swarm_size,514,512,3,2,2,30,8.0,0.12,0.3,1,2079.148,0,83.772,0,67.109,5.242,2052.6,26.5,,,,,,,,,,,1953b02a07fc,0.2772,0.009,0
1652,marl,swarm_size,514,512,3,2,4,30,8.0,0.12,0.3,1,1102.982,0,87.677,0,41.901,3.561,1088.9,14.1,,,,,,,,,,,5e864fa8fdc3,0.3135,0.0083,0
1653,marl,swarm_size,514,512,3,2,6,30,8.0,0.12,0.3,1,938.077,0,88.336,0,37.642,3.277,926.1,12.0,,,,,,,,,,,2c302e7466c3,0.23,0.0086,0
1654,marl,swarm_size,514,512,3,2,8,30,8.0,0.12,0.3,1,618.504,0,89.615,0,29.39,2.726,610.6,7.9,,,,,,,,,,,bed16bd00f3f,0.2821,0.0091,0
1655,marl,swarm_size,514,512,3,2,10,30,8.0,0.12,0.3,1,611.524,0,89.643,0,29.209,2.714,603.7,7.8,,,,,,,,,,,845b7100116b,0.271,0.0084,0
1656,marl,swarm_size,515,512,3,3,2,30,8.0,0.12,0.3,1,2342.849,0,80.356,0,74.509,4.46,2313.0,29.8,,,,,,,,,,,2d2311696f97,0.28,0.0111,0
1657,marl,swarm_size,515,512,3,3,4,30,8.0,0.12,0.3,1,1198.37,0,84.934,0,44.718,2.917,1183.1,15.3,,,,,,,,,,,a5842229caa8,0.2589,0.0165,0
1658,marl,swarm_size,515,512,3,3,6,30,8.0,0.12,0.3,1,891.024,0,86.164,0,36.718,2.502,879.6,11.4,,,,,,,,,,,c34b98bc42bc,0.2493,0.0097,0
1659,marl,swarm_size,515,512,3,3,8,30,8.0,0.12,0.3,1,690.32,0,86.966,0,31.494,2.232,681.5,8.8,,,,,,,,,,,6be00f484ce2,0.3032,0.0113,0
1660,marl,swarm_size,515,512,3,3,10,30,8.0,0.12,0.3,1,678.515,0,87.014,0,31.186,2.216,669.9,8.6,,,,,,,,,,,0c69b2a677f8,0.3014,0.008,0
1661,marl,swarm_size,1024,1024,4,0,2,30,8.0,0.12,0.3,1,2137.486,0,80.378,0,74.731,4.811,2110.3,27.2,,,,,,,,,,,22324a5a4464,0.2615,0.008,0
1662,marl,swarm_size,1024,1024,4,0,4,30,8.0,0.12,0.3,1,1382.513,0,83.398,0,53.497,3.641,1364.9,17.6,,,,,,,,,,,4e1d374ca81f,0.2459,0.0138,0
1663,marl,swarm_size,1024,1024,4,0,6,30,8.0,0.12,0.3,1,833.807,0,85.593,0,38.065,2.79,823.2,10.6,,,,,,,,,,,28f4e1efa6bc,0.307,0.0094,0
1664,marl,swarm_size,1024,1024,4,0,8,30,8.0,0.12,0.3,1,660.093,0,86.287,0,33.179,2.52,651.7,8.4,,,,,,,,,,,094bb370be29,0.2663,0.0072,0
1665,marl,swarm_size,1024,1024,4,0,10,30,8.0,0.12,0.3,1,751.496,0,85.922,0,35.75,2.662,741.9,9.6,,,,,,,,,,,0364e5b828dc,0.3134,0.0116,0
1666,marl,swarm_size,1025,1024,4,1,2,30,8.0,0.12,0.3,1,2021.511,0,82.096,0,66.781,3.811,1995.7,25.8,,,,,,,,,,,a5883aed9e71,0.2782,0.0094,0
1667,marl,swarm_size,1025,1024,4,1,4,30,8.0,0.12,0.3,1,1210.739,0,85.339,0,45.474,2.777,1195.3,15.4,,,,,,,,,,,9866cb17f0f2,0.2717,0.0109,0
1668,marl,swarm_size,1025,1024,4,1,6,30,8.0,0.12,0.3,1,944.59,0,86.403,0,38.479,2.437,932.6,12.0,,,,,,,,,,,041285d83e27,0.2631,0.0098,0
1669,marl,swarm_size,1025,1024,4,1,8,30,8.0,0.12,0.3,1,679.134,0,87.465,0,31.503,2.098,670.4,8.7,,,,,,,,,,,a7863d8d2a93,0.2876,0.0081,0
1670,marl,swarm_size,1025,1024,4,1,10,30,8.0,0.12,0.3,1,744.018,0,87.206,0,33.208,2.181,734.5,9.5,,,,,,,,,,,b93ec4fbff68,0.2934,0.0061,0
1671,marl,swarm_size,1026,1024,4,2,2,30,8.0,0.12,0.3,1,2328.263,0,83.159,0,73.511,2.894,2298.6,29.7,,,,,,,,,,,bb956d4d8049,0.2715,0.0112,0
1672,marl,swarm_size,1026,1024,4,2,4,30,8.0,0.12,0.3,1,1257.488,0,87.442,0,45.871,1.953,1241.5,16.0,,,,,,,,,,,0596fa26d32b,0.2633,0.0136,0
1673,marl,swarm_size,1026,1024,4,2,6,30,8.0,0.12,0.3,1,836.049,0,89.128,0,34.993,1.583,825.3,10.7,,,,,,,,,,,af3defacf87d,0.2918,0.0143,0
1674,marl,swarm_size,1026,1024,4,2,8,30,8.0,0.12,0.3,1,651.12,0,89.867,0,30.219,1.42,642.8,8.3,,,,,,,,,,,0a9646457053,0.2924,0.0082,0
1675,marl,swarm_size,1026,1024,4,2,10,30,8.0,0.12,0.3,1,682.208,0,89.743,0,31.022,1.448,673.5,8.7,,,,,,,,,,,af8a3a0ddd7a,0.2727,0.0078,0
1676,marl,swarm_size,1027,1024,4,3,2,30,8.0,0.12,0.3,1,2023.735,0,83.088,1,65.817,4.507,1997.9,25.8,,,,,,,,,,,d5a3d2b2c176,0.2431,0.0074,0
1677,marl,swarm_size,1027,1024,4,3,4,30,8.0,0.12,0.3,1,1342.627,0,85.812,1,48.191,3.479,1325.5,17.1,,,,,,,,,,,bba1fba2ca59,0.2716,0.0065,0
1678,marl,swarm_size,1027,1024,4,3,6,30,8.0,0.12,0.3,1,969.671,0,87.304,1,38.539,2.917,957.3,12.4,,,,,,,,,,,db409bb1df1d,0.3081,0.009,0
1679,marl,swarm_size,1027,1024,4,3,8,30,8.0,0.12,0.3,1,637.602,0,88.632,1,29.946,2.416,629.5,8.1,,,,,,,,,,,32ab4e355ce5,0.2714,0.0105,0
1680,marl,swarm_size,1027,1024,4,3,10,30,8.0,0.12,0.3,1,725.841,0,88.279,1,32.229,2.549,716.6,9.2,,,,,,,,,,,0fff09263cee,0.3012,0.0123,0
1681,cofly,turbine_sweep,42,42,0,0,6,10,8.0,0.12,0.3,1,980.235,0,90.925,0,38.962,2.127,967.7,12.5,1,,,,,,,,,,ec0852d8939b,0.6594,0.0187,0
1682,cofly,turbine_sweep,42,42,0,0,6,20,8.0,0.12,0.3,1,906.275,0,91.221,0,37.009,2.044,894.8,11.5,2,,,,,,,,,,c7ff31ce7687,0.7306,0.0252,0
1683,cofly,turbine_sweep,42,42,0,0,6,30,8.0,0.12,0.3,1,873.852,0,91.351,0,36.152,2.008,862.8,11.1,3,,,,,,,,,,584320145d8f,0.6763,0.0248,0
1684,cofly,turbine_sweep,42,42,0,0,6,50,8.0,0.12,0.3,1,918.597,0,91.172,0,37.334,2.058,906.9,11.7,5,,,,,,,,,,b320dad6ae28,0.6869,0.0182,0
1685,cofly,turbine_sweep,43,42,0,1,6,10,8.0,0.12,0.3,1,1051.678,0,89.444,0,43.368,1.542,1038.3,13.4,1,,,,,,,,,,b887eebab219,0.6309,0.0544,0
1686,cofly,turbine_sweep,43,42,0,1,6,20,8.0,0.12,0.3,1,905.294,0,90.03,0,39.264,1.428,893.8,11.5,2,,,,,,,,,,b82d3ee06fc5,0.5716,0.0228,0
1687,cofly,turbine_sweep,43,42,0,1,6,30,8.0,0.12,0.3,1,881.908,0,90.123,0,38.609,1.409,870.7,11.2,3,,,,,,,,,,0d4d8ba96928,0.6463,0.0266,0
1688,cofly,turbine_sweep,43,42,0,1,6,50,8.0,0.12,0.3,1,990.331,0,89.69,0,41.648,1.494,977.7,12.6,5,,,,,,,,,,0280caae7d78,0.6402,0.0327,0
1689,cofly,turbine_sweep,44,42,0,2,6,10,8.0,0.12,0.3,1,942.402,1,86.806,1,37.163,1.988,930.4,12.0,1,,,,,,,,,,2cae440cee1e,0.7012,0.024,0
1690,cofly,turbine_sweep,44,42,0,2,6,20,8.0,0.12,0.3,1,1002.572,1,86.566,1,38.718,2.052,989.8,12.8,2,,,,,,,,,,53f033ca43a0,0.5413,0.0208,0
1691,cofly,turbine_sweep,44,42,0,2,6,30,8.0,0.12,0.3,1,995.17,1,86.595,1,38.527,2.045,982.5,12.7,3,,,,,,,,,,36c7e9cbac70,0.5969,0.0372,0
1692,cofly,turbine_sweep,44,42,0,2,6,50,8.0,0.12,0.3,1,972.428,1,86.686,1,37.939,2.02,960.0,12.4,5,,,,,,,,,,efa490e2ea11,0.7089,0.0428,0
1693,cofly,turbine_sweep,45,42,0,3,6,10,8.0,0.12,0.3,1,857.348,1,90.036,0,36.855,2.568,846.4,10.9,1,,,,,,,,,,bd92f4cf0d72,0.6036,0.0212,0
1694,cofly,turbine_sweep,45,42,0,3,6,20,8.0,0.12,0.3,1,935.551,1,89.723,0,38.986,2.681,923.7,11.9,2,,,,,,,,,,20dc4ed8d715,0.769,0.0206,0
1695,cofly,turbine_sweep,45,42,0,3,6,30,8.0,0.12,0.3,1,1025.183,1,89.364,0,41.428,2.81,1012.1,13.1,3,,,,,,,,,,b991b7151da9,0.6651,0.0361,0
1696,cofly,turbine_sweep,45,42,0,3,6,50,8.0,0.12,0.3,1,918.341,1,89.792,0,38.517,2.656,906.6,11.7,5,,,,,,,,,,ed2d388b8275,0.6357,0.0481,0
1697,cofly,turbine_sweep,123,123,1,0,6,10,8.0,0.12,0.3,1,941.053,0,86.564,0,39.279,2.882,929.1,12.0,1,,,,,,,,,,c8919f137ce8,0.7669,0.0402,0
1698,cofly,turbine_sweep,123,123,1,0,6,20,8.0,0.12,0.3,1,890.946,0,86.764,0,37.909,2.804,879.5,11.4,2,,,,,,,,,,2b67731f8dbb,0.6515,0.0309,0
1699,cofly,turbine_sweep,123,123,1,0,6,30,8.0,0.12,0.3,1,863.503,0,86.874,0,37.158,2.762,852.5,11.0,3,,,,,,,,,,58ba965ed601,0.5997,0.0223,0
1700,cofly,turbine_sweep,123,123,1,0,6,50,8.0,0.12,0.3,1,966.289,0,86.463,0,39.969,2.921,954.0,12.3,5,,,,,,,,,,f7cd9a08a388,0.7942,0.0448,0
1701,cofly,turbine_sweep,124,123,1,1,6,10,8.0,0.12,0.3,1,865.696,0,91.543,1,37.907,2.053,854.7,11.0,1,,,,,,,,,,b017a3db8f58,0.6929,0.0229,0
1702,cofly,turbine_sweep,124,123,1,1,6,20,8.0,0.12,0.3,1,898.914,0,91.41,1,38.832,2.091,887.4,11.5,2,,,,,,,,,,1cc918e085c9,0.683,0.0187,0
1703,cofly,turbine_sweep,124,123,1,1,6,30,8.0,0.12,0.3,1,911.094,0,91.362,1,39.171,2.105,899.5,11.6,3,,,,,,,,,,0b50feb9df78,0.6962,0.0402,0
1704,cofly,turbine_sweep,124,123,1,1,6,50,8.0,0.12,0.3,1,893.32,0,91.433,1,38.676,2.085,881.9,11.4,5,,,,,,,,,,27779278f33c,0.6606,0.0264,0
1705,cofly,turbine_sweep,125,123,1,2,6,10,8.0,0.12,0.3,1,847.198,0,91.115,0,33.935,2.082,836.4,10.8,1,,,,,,,,,,de5ea7ed8c7e,0.6826,0.0567,0
1706,cofly,turbine_sweep,125,123,1,2,6,20,8.0,0.12,0.3,1,1013.786,0,90.449,0,38.146,2.279,1000.9,12.9,2,,,,,,,,,,781d2f5b5fc5,0.6031,0.0167,0
1707,cofly,turbine_sweep,125,123,1,2,6,30,8.0,0.12,0.3,1,810.829,0,91.261,0,33.015,2.04,800.5,10.3,3,,,,,,,,,,1a2997500b66,0.6456,0.0281,0
1708,cofly,turbine_sweep,125,123,1,2,6,50,8.0,0.12,0.3,1,927.104,0,90.796,0,35.954,2.177,915.3,11.8,5,,,,,,,,,,745d814dd20f,0.7482,0.0321,0
1709,cofly,turbine_sweep,126,123,1,3,6,10,8.0,0.12,0.3,1,901.634,0,83.442,1,37.582,1.625,890.1,11.5,1,,,,,,,,,,b8227c5e2091,0.5666,0.0218,0
1710,cofly,turbine_sweep,126,123,1,3,6,20,8.0,0.12,0.3,1,979.287,0,83.131,1,39.671,1.694,966.8,12.5,2,,,,,,,,,,149a35d5fb49,0.6439,0.017,0
1711,cofly,turbine_sweep,126,123,1,3,6,30,8.0,0.12,0.3,1,971.61,0,83.162,1,39.465,1.687,959.2,12.4,3,,,,,,,,,,a557467f8ca0,0.656,0.0291,0
1712,cofly,turbine_sweep,126,123,1,3,6,50,8.0,0.12,0.3,1,944.405,0,83.27,1,38.733,1.663,932.4,12.0,5,,,,,,,,,,f203c214cf6b,0.6814,0.0224,0
1713,cofly,turbine_sweep,256,256,2,0,6,10,8.0,0.12,0.3,1,979.602,0,93.57,1,36.683,2.017,967.1,12.5,1,,,,,,,,,,09a3bd1ca618,0.6257,0.0347,0
1714,cofly,turbine_sweep,256,256,2,0,6,20,8.0,0.12,0.3,1,952.344,0,93.679,1,36.005,1.988,940.2,12.1,2,,,,,,,,,,d96beddb9419,0.7083,0.0199,0
1715,cofly,turbine_sweep,256,256,2,0,6,30,8.0,0.12,0.3,1,976.241,0,93.583,1,36.6,2.013,963.8,12.4,3,,,,,,,,,,881cbff269fb,0.6615,0.0311,0
1716,cofly,turbine_sweep,256,256,2,0,6,50,8.0,0.12,0.3,1,870.117,0,94.008,1,33.96,1.9,859.0,11.1,5,,,,,,,,,,cccd0df2d06a,0.7334,0.0282,0
1717,cofly,turbine_sweep,257,256,2,1,6,10,8.0,0.12,0.3,1,896.156,1,88.753,1,35.302,1.663,884.8,11.4,1,,,,,,,,,,aa7615b3622f,0.6874,0.0172,0
1718,cofly,turbine_sweep,257,256,2,1,6,20,8.0,0.12,0.3,1,972.002,1,88.45,1,37.226,1.733,959.6,12.4,2,,,,,,,,,,e0be6a191d21,0.5991,0.0219,0
1719,cofly,turbine_sweep,257,256,2,1,6,30,8.0,0.12,0.3,1,1023.624,1,88.244,1,38.536,1.78,1010.6,13.0,3,,,,,,,,,,72cf6e4b0c87,0.7467,0.0316,0
1720,cofly,turbine_sweep,257,256,2,1,6,50,8.0,0.12,0.3,1,983.098,1,88.406,1,37.508,1.743,970.6,12.5,5,,,,,,,,,,13525639c862,0.6695,0.0227,0
1721,cofly,turbine_sweep,258,256,2,2,6,10,8.0,0.12,0.3,1,906.543,0,86.653,1,36.995,1.831,895.0,11.5,1,,,,,,,,,,e87d780a400c,0.6991,0.0341,0
1722,cofly,turbine_sweep,258,256,2,2,6,20,8.0,0.12,0.3,1,987.842,0,86.328,1,39.14,1.912,975.2,12.6,2,,,,,,,,,,ba703283cd77,0.6669,0.0285,0
1723,cofly,turbine_sweep,258,256,2,2,6,30,8.0,0.12,0.3,1,934.709,0,86.54,1,37.738,1.859,922.8,11.9,3,,,,,,,,,,80fa084b688f,0.6746,0.0207,0
1724,cofly,turbine_sweep,258,256,2,2,6,50,8.0,0.12,0.3,1,959.273,0,86.442,1,38.387,1.884,947.1,12.2,5,,,,,,,,,,36ea0eeaa6c8,0.6504,0.0203,0
1725,cofly,turbine_sweep,259,256,2,3,6,10,8.0,0.12,0.3,1,1043.586,1,90.03,0,39.543,2.093,1030.3,13.3,1,,,,,,,,,,3f73122a0736,0.5938,0.0354,0
1726,cofly,turbine_sweep,259,256,2,3,6,20,8.0,0.12,0.3,1,891.495,1,90.638,0,35.634,1.931,880.1,11.4,2,,,,,,,,,,2f24560a8e00,0.6876,0.0327,0
1727,cofly,turbine_sweep,259,256,2,3,6,30,8.0,0.12,0.3,1,1044.22,1,90.027,0,39.559,2.094,1030.9,13.3,3,,,,,,,,,,4195ab43dbef,0.601,0.0177,0
1728,cofly,turbine_sweep,259,256,2,3,6,50,8.0,0.12,0.3,1,835.427,1,90.862,0,34.194,1.871,824.8,10.6,5,,,,,,,,,,0d9753efc55e,0.6467,0.0525,0
1729,cofly,turbine_sweep,512,512,3,0,6,10,8.0,0.12,0.3,1,939.646,0,88.654,0,40.228,1.833,927.6,12.0,1,,,,,,,,,,aef1d5639538,0.652,0.0258,0
1730,cofly,turbine_sweep,512,512,3,0,6,20,8.0,0.12,0.3,1,993.08,0,88.441,0,41.726,1.885,980.4,12.7,2,,,,,,,,,,5f9413e78f80,0.6242,0.0293,0
1731,cofly,turbine_sweep,512,512,3,0,6,30,8.0,0.12,0.3,1,790.023,0,89.253,0,36.033,1.685,779.9,10.1,3,,,,,,,,,,d02dcb6c1023,0.6916,0.0243,0
1732,cofly,turbine_sweep,512,512,3,0,6,50,8.0,0.12,0.3,1,835.263,0,89.072,0,37.302,1.73,824.7,10.6,5,,,,,,,,,,0d9810982138,0.6674,0.0269,0
1733,cofly,turbine_sweep,513,512,3,1,6,10,8.0,0.12,0.3,1,937.721,0,87.203,0,38.485,2.008,925.8,11.9,1,,,,,,,,,,165f238fd076,0.6166,0.0386,0
1734,cofly,turbine_sweep,513,512,3,1,6,20,8.0,0.12,0.3,1,1027.08,0,86.846,0,40.885,2.105,1014.0,13.1,2,,,,,,,,,,0a6573129eb9,0.6906,0.0379,0
1735,cofly,turbine_sweep,513,512,3,1,6,30,8.0,0.12,0.3,1,861.425,0,87.508,0,36.436,1.926,850.4,11.0,3,,,,,,,,,,89e8ab638f09,0.6397,0.0346,0
1736,cofly,turbine_sweep,513,512,3,1,6,50,8.0,0.12,0.3,1,886.973,0,87.406,0,37.122,1.954,875.7,11.3,5,,,,,,,,,,ba012889ee34,0.6284,0.0407,0
1737,cofly,turbine_sweep,514,512,3,2,6,10,8.0,0.12,0.3,1,1003.713,0,89.949,0,40.403,2.141,990.9,12.8,1,,,,,,,,,,abbf513bf8a6,0.6481,0.0258,0
1738,cofly,turbine_sweep,514,512,3,2,6,20,8.0,0.12,0.3,1,896.987,0,90.376,0,37.526,2.023,885.6,11.4,2,,,,,,,,,,64a44b6eb7b9,0.6807,0.0377,0
1739,cofly,turbine_sweep,514,512,3,2,6,30,8.0,0.12,0.3,1,909.958,0,90.324,0,37.876,2.037,898.4,11.6,3,,,,,,,,,,b7cbe6a4c393,0.7047,0.0192,0
1740,cofly,turbine_sweep,514,512,3,2,6,50,8.0,0.12,0.3,1,943.19,0,90.191,0,38.771,2.074,931.2,12.0,5,,,,,,,,,,08471aa0cd9f,0.5643,0.0396,0
1741,cofly,turbine_sweep,515,512,3,3,6,10,8.0,0.12,0.3,1,1033.494,0,88.009,0,41.703,1.879,1020.3,13.2,1,,,,,,,,,,f28ebced41da,0.6471,0.0182,0
1742,cofly,turbine_sweep,515,512,3,3,6,20,8.0,0.12,0.3,1,1023.588,0,88.049,0,41.433,1.87,1010.6,13.0,2,,,,,,,,,,829bb798e90d,0.6541,0.0258,0
1743,cofly,turbine_sweep,515,512,3,3,6,30,8.0,0.12,0.3,1,884.677,0,88.604,0,37.644,1.736,873.4,11.3,3,,,,,,,,,,38e316f46675,0.6809,0.0231,0
1744,cofly,turbine_sweep,515,512,3,3,6,50,8.0,0.12,0.3,1,843.177,0,88.77,0,36.512,1.696,832.5,10.7,5,,,,,,,,,,de0741b49b11,0.6371,0.0381,0
1745,cofly,turbine_sweep,1024,1024,4,0,6,10,8.0,0.12,0.3,1,838.59,0,87.041,0,34.702,1.969,827.9,10.7,1,,,,,,,,,,bd1ed7963f30,0.6468,0.029,0
1746,cofly,turbine_sweep,1024,1024,4,0,6,20,8.0,0.12,0.3,1,873.363,0,86.902,0,35.607,2.008,862.3,11.1,2,,,,,,,,,,6b1c11ee5da2,0.5625,0.0215,0
1747,cofly,turbine_sweep,1024,1024,4,0,6,30,8.0,0.12,0.3,1,875.185,0,86.894,0,35.654,2.01,864.1,11.1,3,,,,,,,,,,cc7c7a166445,0.6952,0.0273,0
1748,cofly,turbine_sweep,1024,1024,4,0,6,50,8.0,0.12,0.3,1,858.982,0,86.959,0,35.233,1.992,848.1,10.9,5,,,,,,,,,,d1189886113c,0.6854,0.0215,0
1749,cofly,turbine_sweep,1025,1024,4,1,6,10,8.0,0.12,0.3,1,1047.785,0,88.535,0,37.317,1.532,1034.5,13.3,1,,,,,,,,,,2d70d41740dd,0.6577,0.0324,0
1750,cofly,turbine_sweep,1025,1024,4,1,6,20,8.0,0.12,0.3,1,962.264,0,88.877,0,35.249,1.465,950.0,12.3,2,,,,,,,,,,17c0155572fe,0.6315,0.0241,0
1751,cofly,turbine_sweep,1025,1024,4,1,6,30,8.0,0.12,0.3,1,894.365,0,89.149,0,33.607,1.412,883.0,11.4,3,,,,,,,,,,6b9989c6b364,0.6233,0.0377,0
1752,cofly,turbine_sweep,1025,1024,4,1,6,50,8.0,0.12,0.3,1,817.556,0,89.456,0,31.749,1.352,807.2,10.4,5,,,,,,,,,,913836f536d4,0.6272,0.0277,0
1753,cofly,turbine_sweep,1026,1024,4,2,6,10,8.0,0.12,0.3,1,970.697,0,90.254,0,39.663,2.082,958.3,12.4,1,,,,,,,,,,37346c8b018f,0.5388,0.0313,0
1754,cofly,turbine_sweep,1026,1024,4,2,6,20,8.0,0.12,0.3,1,869.437,0,90.659,0,36.923,1.971,858.3,11.1,2,,,,,,,,,,7eeebe841e47,0.7046,0.0345,0
1755,cofly,turbine_sweep,1026,1024,4,2,6,30,8.0,0.12,0.3,1,785.778,0,90.994,0,34.66,1.878,775.8,10.0,3,,,,,,,,,,8c1b92011878,0.615,0.0202,0
1756,cofly,turbine_sweep,1026,1024,4,2,6,50,8.0,0.12,0.3,1,888.514,0,90.583,0,37.439,1.992,877.2,11.3,5,,,,,,,,,,9fd0df519a00,0.6655,0.018,0
1757,cofly,turbine_sweep,1027,1024,4,3,6,10,8.0,0.12,0.3,1,1031.224,1,88.988,0,40.286,2.677,1018.1,13.1,1,,,,,,,,,,73f9634c45f5,0.6784,0.0368,0
1758,cofly,turbine_sweep,1027,1024,4,3,6,20,8.0,0.12,0.3,1,911.892,1,89.466,0,37.137,2.513,900.3,11.6,2,,,,,,,,,,26e203e0feff,0.6098,0.019,0
1759,cofly,turbine_sweep,1027,1024,4,3,6,30,8.0,0.12,0.3,1,1082.044,1,88.785,0,41.628,2.747,1068.2,13.8,3,,,,,,,,,,97e9d99ca6a8,0.654,0.0433,0
1760,cofly,turbine_sweep,1027,1024,4,3,6,50,8.0,0.12,0.3,1,1031.614,1,88.987,0,40.297,2.677,1018.5,13.1,5,,,,,,,,,,3c0bd9b8daf9,0.7709,0.0322,0
1761,greedy,turbine_sweep,42,42,0,0,6,10,8.0,0.12,0.3,1,3856.41,0,85.72,0,43.235,26.928,3807.3,49.1,1,,,,,,,,,,44f8559042fc,0.0785,0.0024,0
1762,greedy,turbine_sweep,42,42,0,0,6,20,8.0,0.12,0.3,1,2086.421,0,92.8,0,28.531,19.433,2059.8,26.6,2,,,,,,,,,,578ae840202a,0.0754,0.0019,0
1763,greedy,turbine_sweep,42,42,0,0,6,30,8.0,0.12,0.3,1,2522.613,0,91.055,0,32.154,21.28,2490.5,32.1,3,,,,,,,,,,f8084bacd484,0.0812,0.0015,0
1764,greedy,turbine_sweep,42,42,0,0,6,50,8.0,0.12,0.3,1,2632.379,0,90.616,0,33.066,21.745,2598.9,33.5,5,,,,,,,,,,18925852049a,0.0715,0.0021,0
1765,greedy,turbine_sweep,43,42,0,1,6,10,8.0,0.12,0.3,1,3918.88,0,84.899,0,44.399,24.827,3869.0,49.9,1,,,,,,,,,,784d308bb64d,0.0807,0.002,0
1766,greedy,turbine_sweep,43,42,0,1,6,20,8.0,0.12,0.3,1,2138.651,0,92.02,0,29.392,17.945,2111.5,27.2,2,,,,,,,,,,7ccc517c1352,0.0862,0.0019,0
1767,greedy,turbine_sweep,43,42,0,1,6,30,8.0,0.12,0.3,1,2426.781,0,90.868,0,31.821,19.059,2395.9,30.9,3,,,,,,,,,,dd0ae52f2e37,0.0753,0.0024,0
1768,greedy,turbine_sweep,43,42,0,1,6,50,8.0,0.12,0.3,1,2496.537,0,90.589,0,32.409,19.328,2464.7,31.8,5,,,,,,,,,,a1ef7cdf80f9,0.0909,0.0011,0
1769,greedy,turbine_sweep,44,42,0,2,6,10,8.0,0.12,0.3,1,3895.637,0,82.319,0,45.139,13.549,3846.0,49.6,1,,,,,,,,,,e989941cbb5b,0.0763,0.0025,0
1770,greedy,turbine_sweep,44,42,0,2,6,20,8.0,0.12,0.3,1,2101.277,0,89.497,0,29.692,9.75,2074.5,26.8,2,,,,,,,,,,8a62632bea8a,0.0924,0.0024,0
1771,greedy,turbine_sweep,44,42,0,2,6,30,8.0,0.12,0.3,1,2412.358,0,88.252,0,32.37,10.409,2381.7,30.7,3,,,,,,,,,,c523d4493e79,0.0777,0.0022,0
1772,greedy,turbine_sweep,44,42,0,2,6,50,8.0,0.12,0.3,1,4224.173,0,81.005,0,47.967,14.245,4170.4,53.8,5,,,,,,,,,,538f03d243db,0.0679,0.0017,0
1773,greedy,turbine_sweep,45,42,0,3,6,10,8.0,0.12,0.3,1,3826.053,0,83.91,0,39.339,28.396,3777.4,48.7,1,,,,,,,,,,cab7af52fc38,0.0684,0.0017,0
1774,greedy,turbine_sweep,45,42,0,3,6,20,8.0,0.12,0.3,1,2149.233,0,90.617,0,26.59,20.873,2121.8,27.4,2,,,,,,,,,,99a0303e689c,0.0793,0.0027,0
1775,greedy,turbine_sweep,45,42,0,3,6,30,8.0,0.12,0.3,1,2239.385,0,90.256,0,27.275,21.277,2210.9,28.5,3,,,,,,,,,,ce2584359ef9,0.0647,0.0031,0
1776,greedy,turbine_sweep,45,42,0,3,6,50,8.0,0.12,0.3,1,1304.06,0,93.998,0,20.164,17.081,1287.5,16.6,5,,,,,,,,,,b529843615a6,0.0663,0.0029,0
1777,greedy,turbine_sweep,123,123,1,0,6,10,8.0,0.12,0.3,1,3934.204,0,85.483,0,46.081,27.832,3884.1,50.1,1,,,,,,,,,,a81a415953b9,0.0839,0.0023,0
1778,greedy,turbine_sweep,123,123,1,0,6,20,8.0,0.12,0.3,1,2090.118,0,92.859,0,29.993,19.859,2063.5,26.6,2,,,,,,,,,,4bc2775f36db,0.0804,0.0016,0
1779,greedy,turbine_sweep,123,123,1,0,6,30,8.0,0.12,0.3,1,2566.311,0,90.955,0,34.148,21.918,2533.6,32.7,3,,,,,,,,,,d7587244bf71,0.0734,0.002,0
1780,greedy,turbine_sweep,123,123,1,0,6,50,8.0,0.12,0.3,1,1500.6,0,95.217,0,24.85,17.31,1481.5,19.1,5,,,,,,,,,,dc0c72b68d88,0.0738,0.0014,0
1781,greedy,turbine_sweep,124,123,1,1,6,10,8.0,0.12,0.3,1,3876.968,0,86.426,0,44.369,26.229,3827.6,49.4,1,,,,,,,,,,b46c6517416e,0.0728,0.0024,0
1782,greedy,turbine_sweep,124,123,1,1,6,20,8.0,0.12,0.3,1,2003.127,0,93.921,0,28.456,18.525,1977.6,25.5,2,,,,,,,,,,14964a783854,0.083,0.0013,0
1783,greedy,turbine_sweep,124,123,1,1,6,30,8.0,0.12,0.3,1,2631.734,0,91.407,0,33.795,21.109,2598.2,33.5,3,,,,,,,,,,bd3413a44fde,0.0762,0.0029,0
1784,greedy,turbine_sweep,124,123,1,1,6,50,8.0,0.12,0.3,1,3510.291,0,87.893,0,41.255,24.721,3465.6,44.7,5,,,,,,,,,,cc136c7ac79f,0.082,0.0023,0
1785,greedy,turbine_sweep,125,123,1,2,6,10,8.0,0.12,0.3,1,3975.435,0,80.236,0,42.964,24.593,3924.8,50.6,1,,,,,,,,,,e6ffde7906d2,0.0685,0.0015,0
1786,greedy,turbine_sweep,125,123,1,2,6,20,8.0,0.12,0.3,1,2162.325,0,87.488,0,28.331,17.71,2134.8,27.5,2,,,,,,,,,,dbc8d1d20c34,0.0842,0.0018,0
1787,greedy,turbine_sweep,125,123,1,2,6,30,8.0,0.12,0.3,1,2662.301,0,85.489,0,32.366,19.608,2628.4,33.9,3,,,,,,,,,,d1762d2b8fd3,0.0764,0.0025,0
1788,greedy,turbine_sweep,125,123,1,2,6,50,8.0,0.12,0.3,1,2517.531,0,86.068,0,31.198,19.058,2485.4,32.1,5,,,,,,,,,,f5d535b74f33,0.0762,0.001,0
1789,greedy,turbine_sweep,126,123,1,3,6,10,8.0,0.12,0.3,1,3867.476,0,88.426,0,46.446,18.608,3818.2,49.3,1,,,,,,,,,,52b35070ab27,0.0838,0.0018,0
1790,greedy,turbine_sweep,126,123,1,3,6,20,8.0,0.12,0.3,1,2086.698,0,95.549,0,30.587,13.406,2060.1,26.6,2,,,,,,,,,,330b1fbb4d11,0.087,0.0028,0
1791,greedy,turbine_sweep,126,123,1,3,6,30,8.0,0.12,0.3,1,2408.312,0,94.263,0,33.451,14.346,2377.6,30.7,3,,,,,,,,,,eb2f66d11e7a,0.0951,0.0025,0
1792,greedy,turbine_sweep,126,123,1,3,6,50,8.0,0.12,0.3,1,4206.115,0,87.071,0,49.461,19.597,4152.5,53.6,5,,,,,,,,,,76ff60d87df1,0.0806,0.0012,0
1793,greedy,turbine_sweep,256,256,2,0,6,10,8.0,0.12,0.3,1,3947.647,0,83.209,0,44.432,34.016,3897.3,50.3,1,,,,,,,,,,57cbb439bb12,0.0793,0.0022,0
1794,greedy,turbine_sweep,256,256,2,0,6,20,8.0,0.12,0.3,1,2129.245,0,90.483,0,29.174,24.427,2102.1,27.1,2,,,,,,,,,,93624baa638d,0.0795,0.0012,0
1795,greedy,turbine_sweep,256,256,2,0,6,30,8.0,0.12,0.3,1,2390.898,0,89.436,0,31.37,25.807,2360.4,30.5,3,,,,,,,,,,010b1cd9bff1,0.0773,0.0029,0
1796,greedy,turbine_sweep,256,256,2,0,6,50,8.0,0.12,0.3,1,2473.251,0,89.107,0,32.061,26.241,2441.8,31.5,5,,,,,,,,,,a33f9bbca0bd,0.0794,0.0019,0
1797,greedy,turbine_sweep,257,256,2,1,6,10,8.0,0.12,0.3,1,3918.331,0,84.311,0,42.002,24.567,3868.4,49.9,1,,,,,,,,,,f899e31ad19b,0.0652,0.0016,0
1798,greedy,turbine_sweep,257,256,2,1,6,20,8.0,0.12,0.3,1,2076.66,0,91.678,0,27.313,17.521,2050.2,26.5,2,,,,,,,,,,5728c1aeae9e,0.0729,0.0023,0
1799,greedy,turbine_sweep,257,256,2,1,6,30,8.0,0.12,0.3,1,2388.434,0,90.431,0,29.8,18.714,2358.0,30.4,3,,,,,,,,,,7b82026bb606,0.0749,0.0027,0
1800,greedy,turbine_sweep,257,256,2,1,6,50,8.0,0.12,0.3,1,1187.924,0,95.233,0,20.225,14.121,1172.8,15.1,5,,,,,,,,,,791ce7572446,0.0695,0.0031,0
1801,greedy,turbine_sweep,258,256,2,2,6,10,8.0,0.12,0.3,1,4063.274,0,82.809,0,47.686,27.859,4011.5,51.8,1,,,,,,,,,,1f4ac25bdb1d,0.074,0.0009,0
1802,greedy,turbine_sweep,258,256,2,2,6,20,8.0,0.12,0.3,1,2057.627,0,90.831,0,30.011,19.35,2031.4,26.2,2,,,,,,,,,,ba9e6a906e3b,0.086,0.0014,0
1803,greedy,turbine_sweep,258,256,2,2,6,30,8.0,0.12,0.3,1,2550.942,0,88.858,0,34.359,21.443,2518.4,32.5,3,,,,,,,,,,8e812bc55305,0.0781,0.0021,0
1804,greedy,turbine_sweep,258,256,2,2,6,50,8.0,0.12,0.3,1,2897.005,0,87.474,0,37.408,22.911,2860.1,36.9,5,,,,,,,,,,9ab5bc4ae148,0.0832,0.0014,0
1805,greedy,turbine_sweep,259,256,2,3,6,10,8.0,0.12,0.3,1,3907.104,0,84.392,0,47.297,26.803,3857.3,49.8,1,,,,,,,,,,92eba1953a06,0.0843,0.0015,0
1806,greedy,turbine_sweep,259,256,2,3,6,20,8.0,0.12,0.3,1,2031.142,0,91.896,0,30.412,18.959,2005.2,25.9,2,,,,,,,,,,f7b3a45a6099,0.0839,0.0021,0
1807,greedy,turbine_sweep,259,256,2,3,6,30,8.0,0.12,0.3,1,2313.425,0,90.767,0,32.953,20.14,2283.9,29.5,3,,,,,,,,,,7e0c41a83628,0.0564,0.0016,0
1808,greedy,turbine_sweep,259,256,2,3,6,50,8.0,0.12,0.3,1,2861.205,0,88.576,0,37.883,22.43,2824.7,36.5,5,,,,,,,,,,f2e165003f26,0.0818,0.0022,0
1809,greedy,turbine_sweep,512,512,3,0,6,10,8.0,0.12,0.3,1,3917.581,1,79.759,0,49.246,17.113,3867.7,49.9,1,,,,,,,,,,ebdc530e0b6f,0.0791,0.0013,0
1810,greedy,turbine_sweep,512,512,3,0,6,20,8.0,0.12,0.3,1,2136.015,1,86.886,0,32.584,12.364,2108.8,27.2,2,,,,,,,,,,64022175e958,0.0771,0.0009,0
1811,greedy,turbine_sweep,512,512,3,0,6,30,8.0,0.12,0.3,1,2859.17,1,83.993,0,39.347,14.292,2822.8,36.4,3,,,,,,,,,,2546882b3429,0.0885,0.0016,0
1812,greedy,turbine_sweep,512,512,3,0,6,50,8.0,0.12,0.3,1,1776.196,1,88.325,0,29.219,11.405,1753.6,22.6,5,,,,,,,,,,80390c23fa3c,0.0896,0.002,0
1813,greedy,turbine_sweep,513,512,3,1,6,10,8.0,0.12,0.3,1,3839.574,0,84.637,1,41.988,30.964,3790.7,48.9,1,,,,,,,,,,bbe2ca2f96e9,0.0685,0.0034,0
1814,greedy,turbine_sweep,513,512,3,1,6,20,8.0,0.12,0.3,1,2099.034,0,91.6,1,27.9,22.467,2072.3,26.7,2,,,,,,,,,,ec785ece5fb5,0.0866,0.0022,0
1815,greedy,turbine_sweep,513,512,3,1,6,30,8.0,0.12,0.3,1,2658.029,0,89.364,1,32.424,25.196,2624.1,33.9,3,,,,,,,,,,97bb49686936,0.0836,0.0018,0
1816,greedy,turbine_sweep,513,512,3,1,6,50,8.0,0.12,0.3,1,2521.608,0,89.909,1,31.32,24.53,2489.5,32.1,5,,,,,,,,,,fde4691c58aa,0.0927,0.0018,0
1817,greedy,turbine_sweep,514,512,3,2,6,10,8.0,0.12,0.3,1,3857.408,0,79.878,0,40.087,26.626,3808.3,49.1,1,,,,,,,,,,04bb54af8009,0.0961,0.0026,0
1818,greedy,turbine_sweep,514,512,3,2,6,20,8.0,0.12,0.3,1,2063.625,0,87.053,0,26.273,19.117,2037.3,26.3,2,,,,,,,,,,487f41ac26a2,0.0692,0.0018,0
1819,greedy,turbine_sweep,514,512,3,2,6,30,8.0,0.12,0.3,1,2457.092,0,85.479,0,29.303,20.764,2425.8,31.3,3,,,,,,,,,,fcd8fe1fb305,0.0787,0.0021,0
1820,greedy,turbine_sweep,514,512,3,2,6,50,8.0,0.12,0.3,1,2765.631,0,84.245,0,31.679,22.056,2730.4,35.2,5,,,,,,,,,,079759c82cd3,0.0815,0.0022,0
1821,greedy,turbine_sweep,515,512,3,3,6,10,8.0,0.12,0.3,1,3897.31,0,85.881,0,45.082,25.583,3847.6,49.7,1,,,,,,,,,,7b52fa19fa5e,0.0669,0.002,0
1822,greedy,turbine_sweep,515,512,3,3,6,20,8.0,0.12,0.3,1,2196.782,0,92.683,0,30.466,18.786,2168.8,28.0,2,,,,,,,,,,e98e57e7d1e7,0.0763,0.002,0
1823,greedy,turbine_sweep,515,512,3,3,6,30,8.0,0.12,0.3,1,2581.833,0,91.142,0,33.776,20.325,2548.9,32.9,3,,,,,,,,,,725e697f77fb,0.0752,0.0013,0
1824,greedy,turbine_sweep,515,512,3,3,6,50,8.0,0.12,0.3,1,1907.39,0,93.84,0,27.979,17.63,1883.1,24.3,5,,,,,,,,,,42b9ba7c7b66,0.0799,0.002,0
1825,greedy,turbine_sweep,1024,1024,4,0,6,10,8.0,0.12,0.3,1,3907.625,0,84.802,0,44.932,28.584,3857.8,49.8,1,,,,,,,,,,6a707c3dd5bc,0.0906,0.003,0
1826,greedy,turbine_sweep,1024,1024,4,0,6,20,8.0,0.12,0.3,1,2112.428,0,91.983,0,29.584,20.58,2085.5,26.9,2,,,,,,,,,,fdf2a51f9697,0.0784,0.0015,0
1827,greedy,turbine_sweep,1024,1024,4,0,6,30,8.0,0.12,0.3,1,2566.226,0,90.168,0,33.464,22.603,2533.5,32.7,3,,,,,,,,,,c37c8105b2a0,0.0913,0.0019,0
1828,greedy,turbine_sweep,1024,1024,4,0,6,50,8.0,0.12,0.3,1,3133.375,0,87.899,0,38.313,25.132,3093.5,39.9,5,,,,,,,,,,c99d619946a0,0.0758,0.0019,0
1829,greedy,turbine_sweep,1025,1024,4,1,6,10,8.0,0.12,0.3,1,3885.687,0,83.019,0,43.927,27.588,3836.2,49.5,1,,,,,,,,,,d3c4bd2e77b3,0.0886,0.0024,0
1830,greedy,turbine_sweep,1025,1024,4,1,6,20,8.0,0.12,0.3,1,2150.43,0,89.96,0,29.362,20.095,2123.0,27.4,2,,,,,,,,,,f26f2ffb41e4,0.0788,0.002,0
1831,greedy,turbine_sweep,1025,1024,4,1,6,30,8.0,0.12,0.3,1,2531.325,0,88.436,0,32.559,21.739,2499.1,32.2,3,,,,,,,,,,554d31bb5163,0.0759,0.0015,0
1832,greedy,turbine_sweep,1025,1024,4,1,6,50,8.0,0.12,0.3,1,2557.68,0,88.331,0,32.78,21.853,2525.1,32.6,5,,,,,,,,,,5fbf6e4e351c,0.0753,0.002,0
1833,greedy,turbine_sweep,1026,1024,4,2,6,10,8.0,0.12,0.3,1,3923.109,0,84.973,0,44.208,25.864,3873.1,50.0,1,,,,,,,,,,9eae0a30ff4c,0.0857,0.0019,0
1834,greedy,turbine_sweep,1026,1024,4,2,6,20,8.0,0.12,0.3,1,2130.323,0,92.144,0,29.172,18.648,2103.2,27.1,2,,,,,,,,,,8c910c8779d3,0.0655,0.0028,0
1835,greedy,turbine_sweep,1026,1024,4,2,6,30,8.0,0.12,0.3,1,2669.029,0,89.99,0,33.69,20.816,2635.0,34.0,3,,,,,,,,,,b77210f18961,0.0895,0.002,0
1836,greedy,turbine_sweep,1026,1024,4,2,6,50,8.0,0.12,0.3,1,3698.088,0,85.873,0,42.321,24.958,3651.0,47.1,5,,,,,,,,,,dbedf08aeb44,0.0758,0.0014,0
1837,greedy,turbine_sweep,1027,1024,4,3,6,10,8.0,0.12,0.3,1,3888.286,0,88.75,0,41.213,25.492,3838.8,49.5,1,,,,,,,,,,692c87b5163b,0.0842,0.0018,0
1838,greedy,turbine_sweep,1027,1024,4,3,6,20,8.0,0.12,0.3,1,2104.839,0,95.883,0,27.176,18.379,2078.0,26.8,2,,,,,,,,,,5fa22530764b,0.0654,0.0015,0
1839,greedy,turbine_sweep,1027,1024,4,3,6,30,8.0,0.12,0.3,1,2227.702,0,95.392,0,28.143,18.869,2199.3,28.4,3,,,,,,,,,,0741def6b2c3,0.0752,0.002,0
1840,greedy,turbine_sweep,1027,1024,4,3,6,50,8.0,0.12,0.3,1,2240.961,0,95.339,0,28.247,18.922,2212.5,28.5,5,,,,,,,,,,fb092047024a,0.0761,0.0021,0
1841,cofly,turbulence_sweep,42,42,0,0,6,30,8.0,0.12,0.3,1,873.852,0,91.351,0,36.152,2.008,862.8,11.1,,,,,,,,,,,2c7c175cfa01,0.6811,0.0438,0
1842,cofly,turbulence_sweep,42,42,0,0,6,30,8.0,0.18,0.3,1,919.627,0,91.168,0,37.361,2.059,907.9,11.7,,,,,,,,,,,3edb8f9ba991,0.6092,0.0251,0
1843,cofly,turbulence_sweep,42,42,0,0,6,30,8.0,0.25,0.3,1,848.928,0,91.45,0,35.494,1.98,838.1,10.8,,,,,,,,,,,3167a9a09ba4,0.6475,0.0287,0
1844,cofly,turbulence_sweep,42,42,0,0,6,30,8.0,0.35,0.3,1,978.518,0,90.932,0,38.916,2.125,966.0,12.5,,,,,,,,,,,3c1c1999db91,0.6722,0.0297,0
1845,cofly,turbulence_sweep,42,42,0,0,6,30,8.0,0.5,0.3,1,1137.859,0,90.295,0,43.124,2.303,1123.4,14.5,,,,,,,,,,,e820d3f79ca3,0.6908,0.0279,0
1846,cofly,turbulence_sweep,43,42,0,1,6,30,8.0,0.12,0.3,1,881.908,0,90.123,0,38.609,1.409,870.7,11.2,,,,,,,,,,,879b2c844048,0.7173,0.0158,0
1847,cofly,turbulence_sweep,43,42,0,1,6,30,8.0,0.18,0.3,1,1006.129,0,89.627,0,42.091,1.507,993.3,12.8,,,,,,,,,,,5ee063395113,0.5896,0.0297,0
1848,cofly,turbulence_sweep,43,42,0,1,6,30,8.0,0.25,0.3,1,978.178,0,89.738,0,41.307,1.485,965.7,12.5,,,,,,,,,,,34122462371d,0.658,0.0208,0
1849,cofly,turbulence_sweep,43,42,0,1,6,30,8.0,0.35,0.3,1,1155.576,0,89.029,0,46.281,1.623,1140.9,14.7,,,,,,,,,,,1f75c2caf03e,0.7032,0.0359,0
1850,cofly,turbulence_sweep,43,42,0,1,6,30,8.0,0.5,0.3,1,1126.064,0,89.147,0,45.453,1.6,1111.8,14.3,,,,,,,,,,,f914ba7de5ae,0.6341,0.0218,0
1851,cofly,turbulence_sweep,44,42,0,2,6,30,8.0,0.12,0.3,1,995.17,1,86.595,1,38.527,2.045,982.5,12.7,,,,,,,,,,,e80d010e8565,0.6666,0.0218,0
1852,cofly,turbulence_sweep,44,42,0,2,6,30,8.0,0.18,0.3,1,796.689,1,87.389,1,33.396,1.833,786.6,10.1,,,,,,,,,,,80d5e3c04267,0.7677,0.0174,0
1853,cofly,turbulence_sweep,44,42,0,2,6,30,8.0,0.25,0.3,1,892.757,1,87.005,1,35.88,1.935,881.4,11.4,,,,,,,,,,,3d52887c7717,0.6232,0.0257,0
1854,cofly,turbulence_sweep,44,42,0,2,6,30,8.0,0.35,0.3,1,1123.534,1,86.082,1,41.845,2.182,1109.2,14.3,,,,,,,,,,,f5d915a32a5f,0.6579,0.0228,0
1855,cofly,turbulence_sweep,44,42,0,2,6,30,8.0,0.5,0.3,1,1126.288,1,86.071,1,41.916,2.184,1112.0,14.3,,,,,,,,,,,6e69d0742f17,0.5638,0.0306,0
1856,cofly,turbulence_sweep,45,42,0,3,6,30,8.0,0.12,0.3,1,1025.183,1,89.364,0,41.428,2.81,1012.1,13.1,,,,,,,,,,,fe9046c34c8c,0.6472,0.0251,0
1857,cofly,turbulence_sweep,45,42,0,3,6,30,8.0,0.18,0.3,1,967.583,1,89.595,0,39.859,2.727,955.3,12.3,,,,,,,,,,,e31483427e43,0.6613,0.0297,0
1858,cofly,turbulence_sweep,45,42,0,3,6,30,8.0,0.25,0.3,1,872.229,1,89.976,0,37.261,2.589,861.1,11.1,,,,,,,,,,,3a738fc1c738,0.5523,0.0313,0
1859,cofly,turbulence_sweep,45,42,0,3,6,30,8.0,0.35,0.3,1,1041.703,1,89.298,0,41.878,2.834,1028.4,13.3,,,,,,,,,,,2813708e93d7,0.5838,0.0322,0
1860,cofly,turbulence_sweep,45,42,0,3,6,30,8.0,0.5,0.3,1,1164.925,1,88.805,0,45.236,3.012,1150.1,14.8,,,,,,,,,,,68c17f92cbc4,0.6366,0.0203,0
1861,cofly,turbulence_sweep,123,123,1,0,6,30,8.0,0.12,0.3,1,863.503,0,86.874,0,37.158,2.762,852.5,11.0,,,,,,,,,,,2cc040db568f,0.7122,0.0449,0
1862,cofly,turbulence_sweep,123,123,1,0,6,30,8.0,0.18,0.3,1,978.356,0,86.415,0,40.299,2.94,965.9,12.5,,,,,,,,,,,0624e09f72ca,0.6477,0.038,0
1863,cofly,turbulence_sweep,123,123,1,0,6,30,8.0,0.25,0.3,1,988.475,0,86.374,0,40.576,2.955,975.9,12.6,,,,,,,,,,,33d35fd6f4dd,0.6282,0.0182,0
1864,cofly,turbulence_sweep,123,123,1,0,6,30,8.0,0.35,0.3,1,956.078,0,86.504,0,39.69,2.905,943.9,12.2,,,,,,,,,,,0d729f28cbeb,0.7498,0.0302,0
1865,cofly,turbulence_sweep,123,123,1,0,6,30,8.0,0.5,0.3,1,1102.233,0,85.919,0,43.687,3.132,1088.2,14.0,,,,,,,,,,,b0bdc0326d74,0.6492,0.0412,0
1866,cofly,turbulence_sweep,124,123,1,1,6,30,8.0,0.12,0.3,1,911.094,0,91.362,1,39.171,2.105,899.5,11.6,,,,,,,,,,,dc5c1d6aa355,0.6067,0.0376,0
1867,cofly,turbulence_sweep,124,123,1,1,6,30,8.0,0.18,0.3,1,998.138,0,91.014,1,41.596,2.205,985.4,12.7,,,,,,,,,,,1fdd1f62288a,0.6227,0.0187,0
1868,cofly,turbulence_sweep,124,123,1,1,6,30,8.0,0.25,0.3,1,1047.366,0,90.817,1,42.967,2.262,1034.1,13.3,,,,,,,,,,,011e779124e4,0.6576,0.0519,0
1869,cofly,turbulence_sweep,124,123,1,1,6,30,8.0,0.35,0.3,1,1139.04,0,90.45,1,45.52,2.367,1124.5,14.5,,,,,,,,,,,d27b17d06f2c,0.5992,0.0306,0
1870,cofly,turbulence_sweep,124,123,1,1,6,30,8.0,0.5,0.3,1,1108.468,0,90.572,1,44.669,2.332,1094.4,14.1,,,,,,,,,,,2da584c64eac,0.6059,0.0313,0
1871,cofly,turbulence_sweep,125,123,1,2,6,30,8.0,0.12,0.3,1,810.829,0,91.261,0,33.015,2.04,800.5,10.3,,,,,,,,,,,d12a23cc1603,0.6177,0.0296,0
1872,cofly,turbulence_sweep,125,123,1,2,6,30,8.0,0.18,0.3,1,803.405,0,91.29,0,32.828,2.031,793.2,10.2,,,,,,,,,,,47ecd4f0ff3a,0.6579,0.0408,0
1873,cofly,turbulence_sweep,125,123,1,2,6,30,8.0,0.25,0.3,1,1061.305,0,90.259,0,39.347,2.335,1047.8,13.5,,,,,,,,,,,cef1160b29c2,0.6269,0.0167,0
1874,cofly,turbulence_sweep,125,123,1,2,6,30,8.0,0.35,0.3,1,1147.107,0,89.916,0,41.516,2.436,1132.5,14.6,,,,,,,,,,,319f380106d5,0.6058,0.042,0
1875,cofly,turbulence_sweep,125,123,1,2,6,30,8.0,0.5,0.3,1,1005.482,0,90.482,0,37.936,2.269,992.7,12.8,,,,,,,,,,,c8e26f3a6a65,0.6587,0.0465,0
1876,cofly,turbulence_sweep,126,123,1,3,6,30,8.0,0.12,0.3,1,971.61,0,83.162,1,39.465,1.687,959.2,12.4,,,,,,,,,,,b383af7842ba,0.6614,0.0173,0
1877,cofly,turbulence_sweep,126,123,1,3,6,30,8.0,0.18,0.3,1,1003.241,0,83.035,1,40.316,1.715,990.4,12.8,,,,,,,,,,,541c21ce73e5,0.5942,0.0164,0
1878,cofly,turbulence_sweep,126,123,1,3,6,30,8.0,0.25,0.3,1,1007.465,0,83.018,1,40.429,1.719,994.7,12.8,,,,,,,,,,,3475fa3314eb,0.6773,0.0298,0
1879,cofly,turbulence_sweep,126,123,1,3,6,30,8.0,0.35,0.3,1,999.933,0,83.048,1,40.227,1.713,987.2,12.7,,,,,,,,,,,29856d0a96f1,0.7037,0.0169,0
1880,cofly,turbulence_sweep,126,123,1,3,6,30,8.0,0.5,0.3,1,1127.377,0,82.539,1,43.655,1.826,1113.0,14.4,,,,,,,,,,,d9f71477ea0c,0.7886,0.0245,0
1881,cofly,turbulence_sweep,256,256,2,0,6,30,8.0,0.12,0.3,1,976.241,0,93.583,1,36.6,2.013,963.8,12.4,,,,,,,,,,,0ffed3c2f688,0.5857,0.0295,0
1882,cofly,turbulence_sweep,256,256,2,0,6,30,8.0,0.18,0.3,1,915.202,0,93.827,1,35.081,1.948,903.5,11.7,,,,,,,,,,,fe3089d22573,0.6548,0.019,0
1883,cofly,turbulence_sweep,256,256,2,0,6,30,8.0,0.25,0.3,1,935.079,0,93.748,1,35.576,1.969,923.2,11.9,,,,,,,,,,,659a582e9ef7,0.6185,0.0413,0
1884,cofly,turbulence_sweep,256,256,2,0,6,30,8.0,0.35,0.3,1,1153.48,0,92.874,1,41.008,2.201,1138.8,14.7,,,,,,,,,,,5b35303b4e04,0.6515,0.0288,0
1885,cofly,turbulence_sweep,256,256,2,0,6,30,8.0,0.5,0.3,1,1181.158,0,92.763,1,41.696,2.231,1166.2,15.0,,,,,,,,,,,e2795205bf81,0.6902,0.0219,0
1886,cofly,turbulence_sweep,257,256,2,1,6,30,8.0,0.12,0.3,1,1023.624,1,88.244,1,38.536,1.78,1010.6,13.0,,,,,,,,,,,509cc51fe27f,0.6214,0.032,0
1887,cofly,turbulence_sweep,257,256,2,1,6,30,8.0,0.18,0.3,1,1006.75,1,88.311,1,38.108,1.765,993.9,12.8,,,,,,,,,,,b79e7321a9fc,0.7117,0.0174,0
1888,cofly,turbulence_sweep,257,256,2,1,6,30,8.0,0.25,0.3,1,910.758,1,88.695,1,35.672,1.677,899.2,11.6,,,,,,,,,,,4dfc4b8354e7,0.6442,0.0144,0
1889,cofly,turbulence_sweep,257,256,2,1,6,30,8.0,0.35,0.3,1,1144.951,1,87.758,1,41.614,1.891,1130.4,14.6,,,,,,,,,,,eb87acbe1bdc,0.6151,0.0301,0
1890,cofly,turbulence_sweep,257,256,2,1,6,30,8.0,0.5,0.3,1,949.895,1,88.539,1,36.665,1.713,937.8,12.1,,,,,,,,,,,b58797e2c0b0,0.7287,0.037,0
1891,cofly,turbulence_sweep,258,256,2,2,6,30,8.0,0.12,0.3,1,934.709,0,86.54,1,37.738,1.859,922.8,11.9,,,,,,,,,,,2c8fea4a6379,0.6977,0.0365,0
1892,cofly,turbulence_sweep,258,256,2,2,6,30,8.0,0.18,0.3,1,966.092,0,86.415,1,38.566,1.89,953.8,12.3,,,,,,,,,,,ceb4ef83ae94,0.6589,0.0219,0
1893,cofly,turbulence_sweep,258,256,2,2,6,30,8.0,0.25,0.3,1,990.212,0,86.318,1,39.203,1.915,977.6,12.6,,,,,,,,,,,af88f8d4d187,0.569,0.0149,0
1894,cofly,turbulence_sweep,258,256,2,2,6,30,8.0,0.35,0.3,1,957.653,0,86.448,1,38.344,1.882,945.5,12.2,,,,,,,,,,,ac745ae25a8d,0.6597,0.0217,0
1895,cofly,turbulence_sweep,258,256,2,2,6,30,8.0,0.5,0.3,1,1166.728,0,85.612,1,43.861,2.092,1151.8,14.9,,,,,,,,,,,78ec437673d1,0.5949,0.0405,0
1896,cofly,turbulence_sweep,259,256,2,3,6,30,8.0,0.12,0.3,1,1044.22,1,90.027,0,39.559,2.094,1030.9,13.3,,,,,,,,,,,1e754475038b,0.6761,0.0238,0
1897,cofly,turbulence_sweep,259,256,2,3,6,30,8.0,0.18,0.3,1,963.349,1,90.351,0,37.481,2.007,951.0,12.3,,,,,,,,,,,7ec26dd3f81e,0.637,0.0186,0
1898,cofly,turbulence_sweep,259,256,2,3,6,30,8.0,0.25,0.3,1,1077.381,1,89.895,0,40.411,2.129,1063.7,13.7,,,,,,,,,,,7662aa29fa87,0.6809,0.042,0
1899,cofly,turbulence_sweep,259,256,2,3,6,30,8.0,0.35,0.3,1,1031.983,1,90.076,0,39.244,2.081,1018.9,13.1,,,,,,,,,,,0be14c518244,0.6789,0.0276,0
1900,cofly,turbulence_sweep,259,256,2,3,6,30,8.0,0.5,0.3,1,1068.723,1,89.929,0,40.189,2.12,1055.1,13.6,,,,,,,,,,,c24608316198,0.5773,0.0371,0
1901,cofly,turbulence_sweep,512,512,3,0,6,30,8.0,0.12,0.3,1,790.023,0,89.253,0,36.033,1.685,779.9,10.1,,,,,,,,,,,7e4752d8ba63,0.6798,0.019,0
1902,cofly,turbulence_sweep,512,512,3,0,6,30,8.0,0.18,0.3,1,874.766,0,88.914,0,38.409,1.769,863.7,11.1,,,,,,,,,,,4fb08d6fcc62,0.639,0.0205,0
1903,cofly,turbulence_sweep,512,512,3,0,6,30,8.0,0.25,0.3,1,939.165,0,88.656,0,40.215,1.832,927.2,12.0,,,,,,,,,,,64e582d3b7ac,0.7745,0.0388,0
1904,cofly,turbulence_sweep,512,512,3,0,6,30,8.0,0.35,0.3,1,1055.274,0,88.192,0,43.47,1.947,1041.9,13.4,,,,,,,,,,,81276bf62540,0.612,0.0143,0
1905,cofly,turbulence_sweep,512,512,3,0,6,30,8.0,0.5,0.3,1,999.321,0,88.416,0,41.901,1.891,986.6,12.7,,,,,,,,,,,5d2a5da8978e,0.6233,0.0188,0
1906,cofly,turbulence_sweep,513,512,3,1,6,30,8.0,0.12,0.3,1,861.425,0,87.508,0,36.436,1.926,850.4,11.0,,,,,,,,,,,f24aba0fe365,0.7055,0.0248,0
1907,cofly,turbulence_sweep,513,512,3,1,6,30,8.0,0.18,0.3,1,972.473,0,87.064,0,39.418,2.046,960.1,12.4,,,,,,,,,,,782934657903,0.7557,0.0279,0
1908,cofly,turbulence_sweep,513,512,3,1,6,30,8.0,0.25,0.3,1,1003.485,0,86.94,0,40.251,2.08,990.7,12.8,,,,,,,,,,,44eb93bec9b2,0.6754,0.0284,0
1909,cofly,turbulence_sweep,513,512,3,1,6,30,8.0,0.35,0.3,1,889.385,0,87.397,0,37.187,1.956,878.1,11.3,,,,,,,,,,,c29828cbd5c6,0.7018,0.0345,0
1910,cofly,turbulence_sweep,513,512,3,1,6,30,8.0,0.5,0.3,1,1166.462,0,86.288,0,44.628,2.256,1151.6,14.9,,,,,,,,,,,cbba41fd2223,0.6408,0.026,0
1911,cofly,turbulence_sweep,514,512,3,2,6,30,8.0,0.12,0.3,1,909.958,0,90.324,0,37.876,2.037,898.4,11.6,,,,,,,,,,,934c90204e9a,0.6751,0.0209,0
1912,cofly,turbulence_sweep,514,512,3,2,6,30,8.0,0.18,0.3,1,920.762,0,90.281,0,38.167,2.049,909.1,11.7,,,,,,,,,,,9e577e26b0ed,0.6669,0.0212,0
1913,cofly,turbulence_sweep,514,512,3,2,6,30,8.0,0.25,0.3,1,1028.35,0,89.851,0,41.067,2.169,1015.3,13.1,,,,,,,,,,,44b1719b4c82,0.5658,0.0363,0
1914,cofly,turbulence_sweep,514,512,3,2,6,30,8.0,0.35,0.3,1,942.202,0,90.195,0,38.745,2.073,930.2,12.0,,,,,,,,,,,4a86fbf8f65b,0.6854,0.0238,0
1915,cofly,turbulence_sweep,514,512,3,2,6,30,8.0,0.5,0.3,1,991.307,0,89.999,0,40.068,2.128,978.7,12.6,,,,,,,,,,,49676bec6c1a,0.6387,0.0199,0
1916,cofly,turbulence_sweep,515,512,3,3,6,30,8.0,0.12,0.3,1,884.677,0,88.604,0,37.644,1.736,873.4,11.3,,,,,,,,,,,b6ac0ac09dff,0.6619,0.0395,0
1917,cofly,turbulence_sweep,515,512,3,3,6,30,8.0,0.18,0.3,1,798.148,0,88.95,0,35.283,1.653,787.9,10.2,,,,,,,,,,,8a422ec5ba4a,0.7181,0.0231,0
1918,cofly,turbulence_sweep,515,512,3,3,6,30,8.0,0.25,0.3,1,938.698,0,88.388,0,39.117,1.788,926.7,12.0,,,,,,,,,,,d36caa392bca,0.6935,0.0236,0
1919,cofly,turbulence_sweep,515,512,3,3,6,30,8.0,0.35,0.3,1,1059.356,0,87.906,0,42.409,1.904,1045.9,13.5,,,,,,,,,,,9fc9d92cb58f,0.6416,0.0266,0
1920,cofly,turbulence_sweep,515,512,3,3,6,30,8.0,0.5,0.3,1,1237.653,0,87.192,0,47.273,2.076,1221.9,15.8,,,,,,,,,,,c3a42108ee73,0.6539,0.0491,0
1921,cofly,turbulence_sweep,1024,1024,4,0,6,30,8.0,0.12,0.3,1,875.185,0,86.894,0,35.654,2.01,864.1,11.1,,,,,,,,,,,0f118151b46b,0.6518,0.0231,0
1922,cofly,turbulence_sweep,1024,1024,4,0,6,30,8.0,0.18,0.3,1,963.405,0,86.541,0,37.949,2.109,951.1,12.3,,,,,,,,,,,7bc38e6648a4,0.718,0.0247,0
1923,cofly,turbulence_sweep,1024,1024,4,0,6,30,8.0,0.25,0.3,1,872.645,0,86.904,0,35.588,2.007,861.5,11.1,,,,,,,,,,,4a31ae277ba5,0.7015,0.0334,0
1924,cofly,turbulence_sweep,1024,1024,4,0,6,30,8.0,0.35,0.3,1,834.79,0,87.056,0,34.603,1.965,824.2,10.6,,,,,,,,,,,7a007d3a3b30,0.6273,0.0176,0
1925,cofly,turbulence_sweep,1024,1024,4,0,6,30,8.0,0.5,0.3,1,1095.055,0,86.015,0,41.374,2.256,1081.1,14.0,,,,,,,,,,,c20c84f1de28,0.6476,0.0177,0
1926,cofly,turbulence_sweep,1025,1024,4,1,6,30,8.0,0.12,0.3,1,894.365,0,89.149,0,33.607,1.412,883.0,11.4,,,,,,,,,,,217cf57c1b04,0.5961,0.0169,0
1927,cofly,turbulence_sweep,1025,1024,4,1,6,30,8.0,0.18,0.3,1,1046.272,0,88.541,0,37.28,1.53,1033.0,13.3,,,,,,,,,,,c1aa75d829cd,0.7084,0.0218,0
1928,cofly,turbulence_sweep,1025,1024,4,1,6,30,8.0,0.25,0.3,1,1135.598,0,88.184,0,39.441,1.6,1121.1,14.5,,,,,,,,,,,9be0324a4424,0.6625,0.0135,0
1929,cofly,turbulence_sweep,1025,1024,4,1,6,30,8.0,0.35,0.3,1,1126.39,0,88.221,0,39.218,1.593,1112.0,14.4,,,,,,,,,,,39d83268cf46,0.7225,0.035,0
1930,cofly,turbulence_sweep,1025,1024,4,1,6,30,8.0,0.5,0.3,1,914.635,0,89.068,0,34.097,1.428,902.9,11.7,,,,,,,,,,,1f343b741ad8,0.6232,0.0351,0
1931,cofly,turbulence_sweep,1026,1024,4,2,6,30,8.0,0.12,0.3,1,785.778,0,90.994,0,34.66,1.878,775.8,10.0,,,,,,,,,,,66f11a12f057,0.7054,0.0236,0
1932,cofly,turbulence_sweep,1026,1024,4,2,6,30,8.0,0.18,0.3,1,877.529,0,90.627,0,37.142,1.979,866.3,11.2,,,,,,,,,,,e138e1f105a9,0.6662,0.0192,0
1933,cofly,turbulence_sweep,1026,1024,4,2,6,30,8.0,0.25,0.3,1,907.79,0,90.506,0,37.961,2.013,896.2,11.6,,,,,,,,,,,05c1d7a0696e,0.7106,0.0234,0
1934,cofly,turbulence_sweep,1026,1024,4,2,6,30,8.0,0.35,0.3,1,1058.323,0,89.904,0,42.034,2.179,1044.8,13.5,,,,,,,,,,,69a33b0b7da9,0.6353,0.0256,0
1935,cofly,turbulence_sweep,1026,1024,4,2,6,30,8.0,0.5,0.3,1,963.331,0,90.284,0,39.464,2.074,951.0,12.3,,,,,,,,,,,efc011c9733d,0.5483,0.0361,0
1936,cofly,turbulence_sweep,1027,1024,4,3,6,30,8.0,0.12,0.3,1,1082.044,1,88.785,0,41.628,2.747,1068.2,13.8,,,,,,,,,,,eeef25ecf241,0.6864,0.0198,0
1937,cofly,turbulence_sweep,1027,1024,4,3,6,30,8.0,0.18,0.3,1,986.585,1,89.167,0,39.108,2.616,974.0,12.6,,,,,,,,,,,017398d87cac,0.5918,0.0395,0
1938,cofly,turbulence_sweep,1027,1024,4,3,6,30,8.0,0.25,0.3,1,1002.134,1,89.105,0,39.519,2.637,989.3,12.8,,,,,,,,,,,d510e56da358,0.6984,0.0224,0
1939,cofly,turbulence_sweep,1027,1024,4,3,6,30,8.0,0.35,0.3,1,910.224,1,89.472,0,37.093,2.511,898.6,11.6,,,,,,,,,,,e26b86dfbaee,0.5814,0.0283,0
1940,cofly,turbulence_sweep,1027,1024,4,3,6,30,8.0,0.5,0.3,1,1174.507,1,88.415,0,44.068,2.874,1159.5,15.0,,,,,,,,,,,130946cd004f,0.6737,0.0337,0
1941,greedy,turbulence_sweep,42,42,0,0,6,30,8.0,0.12,0.3,1,2522.613,0,91.055,0,32.154,21.28,2490.5,32.1,,,,,,,,,,,d993a02da8ec,0.0754,0.0013,0
1942,greedy,turbulence_sweep,42,42,0,0,6,30,8.0,0.18,0.3,1,2548.851,0,90.95,0,32.372,21.391,2516.4,32.5,,,,,,,,,,,a1c456d24a23,0.0782,0.0025,0
1943,greedy,turbulence_sweep,42,42,0,0,6,30,8.0,0.25,0.3,1,2744.565,0,90.168,0,33.998,22.22,2709.6,35.0,,,,,,,,,,,b30d461710fd,0.0826,0.002,0
1944,greedy,turbulence_sweep,42,42,0,0,6,30,8.0,0.35,0.3,1,2539.42,0,90.988,0,32.294,21.351,2507.0,32.4,,,,,,,,,,,2132b109bf21,0.0727,0.0038,0
1945,greedy,turbulence_sweep,42,42,0,0,6,30,8.0,0.5,0.3,1,3232.078,0,88.217,0,38.048,24.284,3190.9,41.2,,,,,,,,,,,72ed03a10fcf,0.0835,0.0027,0
1946,greedy,turbulence_sweep,43,42,0,1,6,30,8.0,0.12,0.3,1,2426.781,0,90.868,0,31.821,19.059,2395.9,30.9,,,,,,,,,,,293a383b9ff5,0.0922,0.0018,0
1947,greedy,turbulence_sweep,43,42,0,1,6,30,8.0,0.18,0.3,1,2475.629,0,90.672,0,32.233,19.247,2444.1,31.5,,,,,,,,,,,68e95be010a3,0.0746,0.0035,0
1948,greedy,turbulence_sweep,43,42,0,1,6,30,8.0,0.25,0.3,1,2764.85,0,89.515,0,34.671,20.366,2729.7,35.2,,,,,,,,,,,5e9e9c05956d,0.0743,0.0026,0
1949,greedy,turbulence_sweep,43,42,0,1,6,30,8.0,0.35,0.3,1,2572.919,0,90.283,0,33.053,19.624,2540.1,32.8,,,,,,,,,,,c4fcf33ff481,0.0916,0.0018,0
1950,greedy,turbulence_sweep,43,42,0,1,6,30,8.0,0.5,0.3,1,3214.791,0,87.716,0,38.464,22.105,3173.8,41.0,,,,,,,,,,,68c7801944aa,0.0785,0.0018,0
1951,greedy,turbulence_sweep,44,42,0,2,6,30,8.0,0.12,0.3,1,2412.358,0,88.252,0,32.37,10.409,2381.7,30.7,,,,,,,,,,,5af4d8ecab66,0.0888,0.0019,0
1952,greedy,turbulence_sweep,44,42,0,2,6,30,8.0,0.18,0.3,1,2543.608,0,87.727,0,33.5,10.687,2511.2,32.4,,,,,,,,,,,4a92705dc2a4,0.0862,0.002,0
1953,greedy,turbulence_sweep,44,42,0,2,6,30,8.0,0.25,0.3,1,2375.113,0,88.401,0,32.049,10.33,2344.8,30.3,,,,,,,,,,,53bb8d171d04,0.0763,0.0027,0
1954,greedy,turbulence_sweep,44,42,0,2,6,30,8.0,0.35,0.3,1,2706.324,0,87.076,0,34.901,11.031,2671.8,34.5,,,,,,,,,,,b0fa696a90d1,0.0831,0.0014,0
1955,greedy,turbulence_sweep,44,42,0,2,6,30,8.0,0.5,0.3,1,2629.827,0,87.382,0,34.242,10.869,2596.3,33.5,,,,,,,,,,,9a5035982002,0.0773,0.0032,0
1956,greedy,turbulence_sweep,45,42,0,3,6,30,8.0,0.12,0.3,1,2239.385,0,90.256,0,27.275,21.277,2210.9,28.5,,,,,,,,,,,581732a82474,0.08,0.0022,0
1957,greedy,turbulence_sweep,45,42,0,3,6,30,8.0,0.18,0.3,1,2545.421,0,89.032,0,29.602,22.65,2513.0,32.4,,,,,,,,,,,5a47aa58387f,0.0823,0.0024,0
1958,greedy,turbulence_sweep,45,42,0,3,6,30,8.0,0.25,0.3,1,2852.061,0,87.806,0,31.934,24.026,2815.8,36.3,,,,,,,,,,,94c5a8370ebb,0.0792,0.0014,0
1959,greedy,turbulence_sweep,45,42,0,3,6,30,8.0,0.35,0.3,1,2833.747,0,87.879,0,31.794,23.944,2797.6,36.1,,,,,,,,,,,d2a13c48e495,0.073,0.0017,0
1960,greedy,turbulence_sweep,45,42,0,3,6,30,8.0,0.5,0.3,1,2988.156,0,87.261,0,32.968,24.637,2950.1,38.1,,,,,,,,,,,bbdfbe810393,0.0691,0.0022,0
1961,greedy,turbulence_sweep,123,123,1,0,6,30,8.0,0.12,0.3,1,2566.311,0,90.955,0,34.148,21.918,2533.6,32.7,,,,,,,,,,,7698dbfb5c07,0.0773,0.0031,0
1962,greedy,turbulence_sweep,123,123,1,0,6,30,8.0,0.18,0.3,1,2707.084,0,90.391,0,35.376,22.527,2672.6,34.5,,,,,,,,,,,583d31ab89e4,0.0968,0.002,0
1963,greedy,turbulence_sweep,123,123,1,0,6,30,8.0,0.25,0.3,1,2756.912,0,90.192,0,35.81,22.742,2721.8,35.1,,,,,,,,,,,e1367dce40c0,0.0735,0.0017,0
1964,greedy,turbulence_sweep,123,123,1,0,6,30,8.0,0.35,0.3,1,2856.574,0,89.793,0,36.68,23.173,2820.2,36.4,,,,,,,,,,,af5331f655be,0.0807,0.0018,0
1965,greedy,turbulence_sweep,123,123,1,0,6,30,8.0,0.5,0.3,1,2857.116,0,89.791,0,36.685,23.175,2820.7,36.4,,,,,,,,,,,2d4e19fc4c08,0.0737,0.0018,0
1966,greedy,turbulence_sweep,124,123,1,1,6,30,8.0,0.12,0.3,1,2631.734,0,91.407,0,33.795,21.109,2598.2,33.5,,,,,,,,,,,9995afdf7ab9,0.0779,0.0018,0
1967,greedy,turbulence_sweep,124,123,1,1,6,30,8.0,0.18,0.3,1,2833.404,0,90.6,0,35.507,21.938,2797.3,36.1,,,,,,,,,,,9b9b3d8a578f,0.0775,0.0018,0
1968,greedy,turbulence_sweep,124,123,1,1,6,30,8.0,0.25,0.3,1,2860.427,0,90.492,0,35.737,22.05,2824.0,36.4,,,,,,,,,,,ccfefffd6e27,0.0786,0.0016,0
1969,greedy,turbulence_sweep,124,123,1,1,6,30,8.0,0.35,0.3,1,2704.632,0,91.115,0,34.414,21.409,2670.1,34.5,,,,,,,,,,,3fd3c2ac1d9d,0.0899,0.0027,0
1970,greedy,turbulence_sweep,124,123,1,1,6,30,8.0,0.5,0.3,1,2889.734,0,90.375,0,35.985,22.17,2852.9,36.8,,,,,,,,,,,c592e7318c81,0.0733,0.0014,0
1971,greedy,turbulence_sweep,125,123,1,2,6,30,8.0,0.12,0.3,1,2662.301,0,85.489,0,32.366,19.608,2628.4,33.9,,,,,,,,,,,18f49a06e2d8,0.0897,0.0026,0
1972,greedy,turbulence_sweep,125,123,1,2,6,30,8.0,0.18,0.3,1,2876.266,0,84.633,0,34.093,20.42,2839.7,36.6,,,,,,,,,,,ec43170671a0,0.0807,0.002,0
1973,greedy,turbulence_sweep,125,123,1,2,6,30,8.0,0.25,0.3,1,2412.335,0,86.488,0,30.349,18.659,2381.6,30.7,,,,,,,,,,,3c2e24044669,0.0633,0.0016,0
1974,greedy,turbulence_sweep,125,123,1,2,6,30,8.0,0.35,0.3,1,2801.393,0,84.932,0,33.489,20.136,2765.7,35.7,,,,,,,,,,,62b6663996c8,0.082,0.0017,0
1975,greedy,turbulence_sweep,125,123,1,2,6,30,8.0,0.5,0.3,1,3106.282,0,83.713,0,35.95,21.293,3066.7,39.6,,,,,,,,,,,b733b27b8a64,0.07,0.0021,0
1976,greedy,turbulence_sweep,126,123,1,3,6,30,8.0,0.12,0.3,1,2408.312,0,94.263,0,33.451,14.346,2377.6,30.7,,,,,,,,,,,69ab80dec4f3,0.0817,0.0013,0
1977,greedy,turbulence_sweep,126,123,1,3,6,30,8.0,0.18,0.3,1,2841.381,0,92.53,0,37.308,15.611,2805.2,36.2,,,,,,,,,,,dfe22761ba17,0.0784,0.0016,0
1978,greedy,turbulence_sweep,126,123,1,3,6,30,8.0,0.25,0.3,1,2525.775,0,93.793,0,34.497,14.689,2493.6,32.2,,,,,,,,,,,4b11dd6d7af2,0.0821,0.0015,0
1979,greedy,turbulence_sweep,126,123,1,3,6,30,8.0,0.35,0.3,1,2727.656,0,92.985,0,36.295,15.279,2692.9,34.8,,,,,,,,,,,0673b21aad74,0.078,0.0019,0
1980,greedy,turbulence_sweep,126,123,1,3,6,30,8.0,0.5,0.3,1,2936.841,0,92.148,0,38.158,15.89,2899.4,37.4,,,,,,,,,,,97ec87395a65,0.0854,0.0027,0
1981,greedy,turbulence_sweep,256,256,2,0,6,30,8.0,0.12,0.3,1,2390.898,0,89.436,0,31.37,25.807,2360.4,30.5,,,,,,,,,,,cc5ee0668b91,0.0689,0.0016,0
1982,greedy,turbulence_sweep,256,256,2,0,6,30,8.0,0.18,0.3,1,2483.818,0,89.065,0,32.149,26.297,2452.2,31.6,,,,,,,,,,,a01dd3b2030e,0.0748,0.0027,0
1983,greedy,turbulence_sweep,256,256,2,0,6,30,8.0,0.25,0.3,1,2776.398,0,87.894,0,34.604,27.84,2741.0,35.4,,,,,,,,,,,624f6de35ff2,0.0858,0.0018,0
1984,greedy,turbulence_sweep,256,256,2,0,6,30,8.0,0.35,0.3,1,3231.27,0,86.075,0,38.421,30.238,3190.1,41.2,,,,,,,,,,,f109138ac5f3,0.0844,0.0024,0
1985,greedy,turbulence_sweep,256,256,2,0,6,30,8.0,0.5,0.3,1,3065.171,0,86.739,0,37.027,29.362,3026.1,39.1,,,,,,,,,,,e0eda18e7cfa,0.0766,0.0019,0
1986,greedy,turbulence_sweep,257,256,2,1,6,30,8.0,0.12,0.3,1,2388.434,0,90.431,0,29.8,18.714,2358.0,30.4,,,,,,,,,,,76d938155b3a,0.0885,0.0021,0
1987,greedy,turbulence_sweep,257,256,2,1,6,30,8.0,0.18,0.3,1,2249.473,0,90.987,0,28.691,18.182,2220.8,28.7,,,,,,,,,,,e8dcb2744eef,0.0766,0.0021,0
1988,greedy,turbulence_sweep,257,256,2,1,6,30,8.0,0.25,0.3,1,2610.566,0,89.543,0,31.571,19.564,2577.3,33.3,,,,,,,,,,,745837d3c426,0.0859,0.0024,0
1989,greedy,turbulence_sweep,257,256,2,1,6,30,8.0,0.35,0.3,1,2841.828,0,88.617,0,33.416,20.449,2805.6,36.2,,,,,,,,,,,0dd39d3d0349,0.0872,0.0018,0
1990,greedy,turbulence_sweep,257,256,2,1,6,30,8.0,0.5,0.3,1,3185.513,0,87.243,0,36.157,21.763,3144.9,40.6,,,,,,,,,,,db0765ed5487,0.0742,0.0017,0
1991,greedy,turbulence_sweep,258,256,2,2,6,30,8.0,0.12,0.3,1,2550.942,0,88.858,0,34.359,21.443,2518.4,32.5,,,,,,,,,,,dc41db9dc58d,0.073,0.0026,0
1992,greedy,turbulence_sweep,258,256,2,2,6,30,8.0,0.18,0.3,1,2459.191,0,89.225,0,33.55,21.053,2427.9,31.3,,,,,,,,,,,cc8bddf96b2b,0.0782,0.0018,0
1993,greedy,turbulence_sweep,258,256,2,2,6,30,8.0,0.25,0.3,1,2889.284,0,87.505,0,37.34,22.878,2852.5,36.8,,,,,,,,,,,17a3850f21c3,0.0798,0.0019,0
1994,greedy,turbulence_sweep,258,256,2,2,6,30,8.0,0.35,0.3,1,2900.048,0,87.462,0,37.435,22.924,2863.1,36.9,,,,,,,,,,,99bffcf4d0a3,0.0755,0.0021,0
1995,greedy,turbulence_sweep,258,256,2,2,6,30,8.0,0.5,0.3,1,3114.069,0,86.606,0,39.321,23.832,3074.4,39.7,,,,,,,,,,,6b4aecb5b029,0.0726,0.0025,0
1996,greedy,turbulence_sweep,259,256,2,3,6,30,8.0,0.12,0.3,1,2313.425,0,90.767,0,32.953,20.14,2283.9,29.5,,,,,,,,,,,25a7ba010797,0.0748,0.0019,0
1997,greedy,turbulence_sweep,259,256,2,3,6,30,8.0,0.18,0.3,1,2615.17,0,89.56,0,35.669,21.401,2581.9,33.3,,,,,,,,,,,62c9057b6e67,0.0766,0.002,0
1998,greedy,turbulence_sweep,259,256,2,3,6,30,8.0,0.25,0.3,1,2481.199,0,90.096,0,34.463,20.841,2449.6,31.6,,,,,,,,,,,d48367f3ead4,0.0794,0.0024,0
1999,greedy,turbulence_sweep,259,256,2,3,6,30,8.0,0.35,0.3,1,2814.637,0,88.762,0,37.464,22.235,2778.7,35.9,,,,,,,,,,,7584f2779815,0.0881,0.0017,0
2000,greedy,turbulence_sweep,259,256,2,3,6,30,8.0,0.5,0.3,1,3279.071,0,86.904,0,41.644,24.177,3237.3,41.8,,,,,,,,,,,0d7de75ecbe8,0.0844,0.0019,0
2001,greedy,turbulence_sweep,512,512,3,0,6,30,8.0,0.12,0.3,1,2859.17,1,83.993,0,39.347,14.292,2822.8,36.4,,,,,,,,,,,c067fe1a8439,0.076,0.0021,0
2002,greedy,turbulence_sweep,512,512,3,0,6,30,8.0,0.18,0.3,1,2637.714,1,84.879,0,37.276,13.702,2604.1,33.6,,,,,,,,,,,96f3feddb6b4,0.0768,0.0014,0
2003,greedy,turbulence_sweep,512,512,3,0,6,30,8.0,0.25,0.3,1,2660.602,1,84.787,0,37.49,13.763,2626.7,33.9,,,,,,,,,,,8bdc8effb900,0.0743,0.0025,0
2004,greedy,turbulence_sweep,512,512,3,0,6,30,8.0,0.35,0.3,1,2743.734,1,84.455,0,38.268,13.984,2708.7,35.0,,,,,,,,,,,9876e8722532,0.0817,0.0015,0
2005,greedy,turbulence_sweep,512,512,3,0,6,30,8.0,0.5,0.3,1,3165.582,1,82.767,0,42.213,15.108,3125.3,40.3,,,,,,,,,,,929c9f0327d2,0.0701,0.0022,0
2006,greedy,turbulence_sweep,513,512,3,1,6,30,8.0,0.12,0.3,1,2658.029,0,89.364,1,32.424,25.196,2624.1,33.9,,,,,,,,,,,874e0cc98168,0.0849,0.0017,0
2007,greedy,turbulence_sweep,513,512,3,1,6,30,8.0,0.18,0.3,1,2742.085,0,89.027,1,33.105,25.606,2707.2,34.9,,,,,,,,,,,7bdb59cc3cc1,0.0824,0.0018,0
2008,greedy,turbulence_sweep,513,512,3,1,6,30,8.0,0.25,0.3,1,2469.323,0,90.118,1,30.897,24.275,2437.8,31.5,,,,,,,,,,,3ee6bfb85d5c,0.08,0.0021,0
2009,greedy,turbulence_sweep,513,512,3,1,6,30,8.0,0.35,0.3,1,2763.711,0,88.941,1,33.28,25.712,2728.5,35.2,,,,,,,,,,,8f4428c80e27,0.0748,0.0021,0
2010,greedy,turbulence_sweep,513,512,3,1,6,30,8.0,0.5,0.3,1,3054.179,0,87.779,1,35.631,27.13,3015.3,38.9,,,,,,,,,,,f72c9963ec12,0.0873,0.0019,0
2011,greedy,turbulence_sweep,514,512,3,2,6,30,8.0,0.12,0.3,1,2457.092,0,85.479,0,29.303,20.764,2425.8,31.3,,,,,,,,,,,ea062e5ea501,0.0997,0.0012,0
2012,greedy,turbulence_sweep,514,512,3,2,6,30,8.0,0.18,0.3,1,2593.859,0,84.932,0,30.356,21.337,2560.9,33.0,,,,,,,,,,,7785bc072ae3,0.0783,0.0017,0
2013,greedy,turbulence_sweep,514,512,3,2,6,30,8.0,0.25,0.3,1,2792.789,0,84.137,0,31.888,22.169,2757.2,35.6,,,,,,,,,,,63f5e8393fdc,0.066,0.0017,0
2014,greedy,turbulence_sweep,514,512,3,2,6,30,8.0,0.35,0.3,1,2481.126,0,85.383,0,29.488,20.865,2449.5,31.6,,,,,,,,,,,0319896691ba,0.0869,0.0014,0
2015,greedy,turbulence_sweep,514,512,3,2,6,30,8.0,0.5,0.3,1,3041.991,0,83.14,0,33.807,23.212,3003.2,38.8,,,,,,,,,,,53828c97b98a,0.08,0.0018,0
2016,greedy,turbulence_sweep,515,512,3,3,6,30,8.0,0.12,0.3,1,2581.833,0,91.142,0,33.776,20.325,2548.9,32.9,,,,,,,,,,,f6b9f1ea0eab,0.0787,0.0018,0
2017,greedy,turbulence_sweep,515,512,3,3,6,30,8.0,0.18,0.3,1,2564.977,0,91.21,0,33.631,20.258,2532.3,32.7,,,,,,,,,,,222eed05192a,0.0843,0.0019,0
2018,greedy,turbulence_sweep,515,512,3,3,6,30,8.0,0.25,0.3,1,2545.554,0,91.288,0,33.464,20.18,2513.2,32.4,,,,,,,,,,,bc7d8b559cf5,0.0822,0.0018,0
2019,greedy,turbulence_sweep,515,512,3,3,6,30,8.0,0.35,0.3,1,2882.715,0,89.939,0,36.362,21.528,2846.0,36.7,,,,,,,,,,,78b7e3e1385d,0.0697,0.002,0
2020,greedy,turbulence_sweep,515,512,3,3,6,30,8.0,0.5,0.3,1,2535.855,0,91.326,0,33.381,20.142,2503.6,32.3,,,,,,,,,,,1d9d2a49e02c,0.0771,0.0027,0
2021,greedy,turbulence_sweep,1024,1024,4,0,6,30,8.0,0.12,0.3,1,2566.226,0,90.168,0,33.464,22.603,2533.5,32.7,,,,,,,,,,,889808a88ebb,0.0786,0.0019,0
2022,greedy,turbulence_sweep,1024,1024,4,0,6,30,8.0,0.18,0.3,1,2673.555,0,89.739,0,34.382,23.082,2639.5,34.1,,,,,,,,,,,a791279a998c,0.0817,0.0024,0
2023,greedy,turbulence_sweep,1024,1024,4,0,6,30,8.0,0.25,0.3,1,2866.24,0,88.968,0,36.029,23.941,2829.7,36.5,,,,,,,,,,,b7c3cd8399c6,0.0734,0.0015,0
2024,greedy,turbulence_sweep,1024,1024,4,0,6,30,8.0,0.35,0.3,1,3078.914,0,88.117,0,37.847,24.889,3039.7,39.2,,,,,,,,,,,343bc4e66584,0.0772,0.0036,0
2025,greedy,turbulence_sweep,1024,1024,4,0,6,30,8.0,0.5,0.3,1,2947.731,0,88.642,0,36.726,24.304,2910.1,37.6,,,,,,,,,,,25814f4cc718,0.0784,0.0011,0
2026,greedy,turbulence_sweep,1025,1024,4,1,6,30,8.0,0.12,0.3,1,2531.325,0,88.436,0,32.559,21.739,2499.1,32.2,,,,,,,,,,,0eab3ae17b4d,0.0725,0.0023,0
2027,greedy,turbulence_sweep,1025,1024,4,1,6,30,8.0,0.18,0.3,1,2377.3,0,89.053,0,31.266,21.074,2347.0,30.3,,,,,,,,,,,142bfadf476d,0.0731,0.0038,0
2028,greedy,turbulence_sweep,1025,1024,4,1,6,30,8.0,0.25,0.3,1,2795.852,0,87.378,0,34.779,22.882,2760.3,35.6,,,,,,,,,,,fe495a145da1,0.0764,0.0012,0
2029,greedy,turbulence_sweep,1025,1024,4,1,6,30,8.0,0.35,0.3,1,3000.006,0,86.562,0,36.493,23.763,2961.8,38.2,,,,,,,,,,,a290bb9a5225,0.0764,0.0018,0
2030,greedy,turbulence_sweep,1025,1024,4,1,6,30,8.0,0.5,0.3,1,2945.79,0,86.779,0,36.038,23.529,2908.3,37.5,,,,,,,,,,,3e4cc3c5dc72,0.0771,0.0021,0
2031,greedy,turbulence_sweep,1026,1024,4,2,6,30,8.0,0.12,0.3,1,2669.029,0,89.99,0,33.69,20.816,2635.0,34.0,,,,,,,,,,,5a9936648899,0.0932,0.0026,0
2032,greedy,turbulence_sweep,1026,1024,4,2,6,30,8.0,0.18,0.3,1,2434.879,0,90.926,0,31.726,19.874,2403.9,31.0,,,,,,,,,,,15df777cf5c7,0.0817,0.0027,0
2033,greedy,turbulence_sweep,1026,1024,4,2,6,30,8.0,0.25,0.3,1,2519.331,0,90.588,0,32.434,20.214,2487.2,32.1,,,,,,,,,,,1329b4e0a2aa,0.0868,0.0014,0
2034,greedy,turbulence_sweep,1026,1024,4,2,6,30,8.0,0.35,0.3,1,2935.012,0,88.926,0,35.921,21.887,2897.6,37.4,,,,,,,,,,,88e3ee36a33d,0.086,0.0015,0
2035,greedy,turbulence_sweep,1026,1024,4,2,6,30,8.0,0.5,0.3,1,3087.61,0,88.315,0,37.2,22.501,3048.3,39.3,,,,,,,,,,,89d9887deb12,0.0953,0.0015,0
2036,greedy,turbulence_sweep,1027,1024,4,3,6,30,8.0,0.12,0.3,1,2227.702,0,95.392,0,28.143,18.869,2199.3,28.4,,,,,,,,,,,dfaf87b6b132,0.075,0.0019,0
2037,greedy,turbulence_sweep,1027,1024,4,3,6,30,8.0,0.18,0.3,1,2460.336,0,94.461,0,29.974,19.797,2429.0,31.3,,,,,,,,,,,25507e86ab8b,0.0844,0.0028,0
2038,greedy,turbulence_sweep,1027,1024,4,3,6,30,8.0,0.25,0.3,1,2830.821,0,92.979,0,32.89,21.275,2794.7,36.1,,,,,,,,,,,0f8201c3ec60,0.0751,0.0016,0
2039,greedy,turbulence_sweep,1027,1024,4,3,6,30,8.0,0.35,0.3,1,2782.336,0,93.173,0,32.508,21.081,2746.9,35.4,,,,,,,,,,,26f3bdac2824,0.0795,0.0025,0
2040,greedy,turbulence_sweep,1027,1024,4,3,6,30,8.0,0.5,0.3,1,2920.614,0,92.62,0,33.596,21.633,2883.4,37.2,,,,,,,,,,,6cc2c1b0cf0d,0.0749,0.0019,0
